employee_id,in_degree_weighted,out_degree_weighted,betweenness,eigenvector,pagerank,clustering_coeff,in_degree_weighted_norm,out_degree_weighted_norm,betweenness_norm,eigenvector_norm,pagerank_norm,influence_score,full_name,department,job_level_name,network_role
EMP00757,21,9,0.00019288577154308615,0.26897489982241113,0.007648270598464063,0.09903918870874587,0.9130434782608695,0.375,0.4583333333333333,0.7516620856769668,0.5349705973555121,0.6418,"Cut Kartika Sitompul, S.IP",Legal,Specialist,Central Connector
EMP00754,23,14,8.76753507014028e-05,0.3037522203422708,0.00471625753789152,0.09863892128866017,1.0,0.5833333333333334,0.20833333333333334,0.8488488242666024,0.32988622458454175,0.5572,Tgk. Rika Sirait,Legal,Specialist,Central Connector
EMP00774,19,10,5.385771543086172e-05,0.35784018503496184,0.005200167025847569,0.054879901914038604,0.8260869565217391,0.4166666666666667,0.12797619047619047,1.0,0.3637340526006995,0.5445,Patricia Siregar,Legal,Senior Staff,Central Connector
EMP00564,12,13,0.0002321309285237141,0.00010566715645658699,0.014296618610950391,0.037511471719610875,0.5217391304347826,0.5416666666666666,0.5515873015873016,0.0002952914761271517,1.0,0.5199,"Liman Habibi, S.Psi",HR,Senior Staff,Central Connector
EMP00766,21,3,2.517598010090533e-06,0.3049045316842912,0.005706491423109305,0.11040187149509896,0.9130434782608695,0.125,0.005982292414453219,0.8520690085561556,0.3991497275263718,0.4972,"Carla Nainggolan, S.Ked",Legal,Senior Staff,Central Connector
EMP00779,16,14,0.00011022044088176352,0.2637138642115394,0.0043688783790223895,0.09647445830701493,0.6956521739130435,0.5833333333333334,0.2619047619047619,0.7369598922652411,0.305588230190045,0.4783,Wardaya Salahudin,Legal,Lead,Central Connector
EMP00775,19,9,0.00010562792251169005,0.24291153248928102,0.003870292726176828,0.08612895600828357,0.8260869565217391,0.375,0.2509920634920635,0.6788268692224938,0.2707138541985309,0.4779,Tgk. Murti Zulaika,Legal,Specialist,Central Connector
EMP00749,12,9,0.00042084168336673346,7.128854926133807e-09,0.0021924622034818933,0.02620577181662402,0.5217391304347826,0.375,1.0,1.9921895930825378e-08,0.15335529772072068,0.4427,Aris Mandala,Data & Analytics,Staff,Central Connector
EMP00756,13,11,8.851035404141614e-05,0.21799595832735053,0.004519720004117611,0.1650740595662589,0.5652173913043478,0.4583333333333333,0.21031746031746026,0.6091992108322094,0.316139090445888,0.4075,"Padmi Salahudin, M.Kom.",Legal,Staff,Central Connector
EMP00753,18,17,1.002004008016032e-05,0.23149906248765695,0.0044653357007490915,0.09336188516880929,0.782608695652174,0.7083333333333334,0.023809523809523808,0.6469342241845726,0.3123350928120094,0.4035,Elisa Wijaya,Legal,Specialist,Central Connector
EMP00770,16,13,7.468874096601915e-05,0.21125556934974357,0.003228897598476435,0.0875267673457587,0.6956521739130435,0.5416666666666666,0.17747467496211217,0.5903628999328384,0.225850439627961,0.3964,Zizi Halim,Legal,Lead,Central Connector
EMP00719,10,14,0.0003607214428857715,1.7230662541286888e-09,0.002297994583048715,0.0,0.43478260869565216,0.5833333333333334,0.8571428571428571,4.815183778088928e-09,0.16073692987015703,0.3843,Galar Simanjuntak,Data & Analytics,Specialist,Central Connector
EMP00587,17,9,0.00016322427098753624,0.00018259253753988774,0.006007320356433437,0.10647391950694247,0.7391304347826086,0.375,0.3878519582037171,0.000510262807744882,0.42019169146976987,0.3694,"Najib Prakasa, M.M.",HR,Senior Staff,Central Connector
EMP00558,21,16,0.0001582331329325317,0.00012136246060337842,0.004133261688887687,0.05455518812573044,0.9130434782608695,0.6666666666666666,0.37599206349206343,0.0003391526879283304,0.2891076415595115,0.3678,"Tgk. Nasab Hutasoit, M.TI.",HR,Senior Staff,Central Connector
EMP00776,9,6,0.00015698062792251168,0.15390398836350505,0.003694603707423292,0.05,0.391304347826087,0.25,0.373015873015873,0.43009140616353153,0.2584250029999008,0.3623,"Rangga Saptono, M.Ak",Legal,Staff,Central Connector
EMP00768,9,12,8.80928523714095e-05,0.19328546671643926,0.004416957538379642,0.09523809523809523,0.391304347826087,0.5,0.20932539682539686,0.5401446645729707,0.3089512043775516,0.3533,Hendri Putra,Legal,Specialist,Central Connector
EMP00586,15,6,0.00013485303941215764,0.00013914164333917687,0.006807812128020747,0.047619047619047616,0.6521739130434783,0.25,0.3204365079365079,0.00038883738930993005,0.4761833768725111,0.3457,Hendra Utama,HR,Staff,Central Connector
EMP00560,12,3,9.268537074148296e-05,0.00011760353885908565,0.009404306178867176,0.05503212081491045,0.5217391304347826,0.125,0.22023809523809523,0.00032864821721349016,0.6577993324704078,0.335,"Maida Farida, M.TI.",HR,Senior Staff,Central Connector
EMP00737,17,6,0.00020040080160320639,2.6770697278772465e-10,0.002272721348877354,0.05241154363324804,0.7391304347826086,0.25,0.4761904761904761,7.481188082930625e-10,0.15896915282726923,0.3304,Diana Saptono,Data & Analytics,Senior Staff,Central Connector
EMP00527,6,10,0.0003256513026052104,3.0986718770789125e-11,0.0025783084568762227,0.0,0.2608695652173913,0.4166666666666667,0.7738095238095238,8.659373672009936e-11,0.18034393495685658,0.3294,Yance Tarihoran,Finance,Specialist,Central Connector
EMP00571,7,10,0.00019539078156312624,6.397827153464801e-05,0.0060110708970863526,0.0,0.30434782608695654,0.4166666666666667,0.46428571428571425,0.0001787900694506884,0.4204540290724561,0.3053,Diah Riyanti,HR,Senior Staff,Central Connector
EMP00772,10,17,8.350033400133598e-05,0.15731171605449704,0.0025270873429750055,0.11921818006041064,0.43478260869565216,0.7083333333333334,0.19841269841269837,0.43961444978329445,0.17676119170160987,0.3006,Tgk. Mujur Kuswandari,Legal,Staff,Central Connector
EMP00752,12,7,3.381763527054108e-05,0.1762883111713434,0.0027518267257648494,0.1838789869648127,0.5217391304347826,0.2916666666666667,0.08035714285714285,0.49264537227455213,0.1924809495622348,0.2997,R.M. Gamanto Suryatmi,Legal,Staff,Central Connector
EMP00215,9,9,0.00026553106212424846,7.505356898892774e-11,0.0017225179677470381,0.06666666666666667,0.391304347826087,0.375,0.6309523809523808,2.097404711033078e-10,0.1204842917490775,0.2977,"drg. Paulin Palastri, M.Ak",Product,Senior Staff,Central Connector
EMP00761,13,13,1.503006012024048e-05,0.16467500968544269,0.002801810595774851,0.19019700543418963,0.5652173913043478,0.5416666666666666,0.03571428571428571,0.4601914948969567,0.19597715180209288,0.2878,"KH. Labuh Permata, S.H.",Legal,Specialist,Central Connector
EMP00780,12,6,5.385771543086172e-05,0.14966149910797297,0.00227577593424069,0.07002141387660696,0.5217391304347826,0.25,0.12797619047619047,0.41823558495351965,0.15918281071704438,0.2871,"T. Niyaga Pranowo, M.Kom.",Legal,Senior Staff,Central Connector
EMP00693,12,3,3.006012024048096e-05,2.4790524757184035e-09,0.008817286003533873,0.08333333333333333,0.5217391304347826,0.125,0.07142857142857142,6.927820237618629e-09,0.6167392614628705,0.28,"Bagya Hartati, M.M.",Data & Analytics,Senior Staff,Central Connector
EMP00240,6,9,0.0002880761523046092,5.0365754482081457e-11,0.0010521594840402048,0.1,0.2608695652173913,0.375,0.6845238095238095,1.407492970001695e-10,0.07359498862439479,0.2759,Wisnu Saragih,Product,Staff,Central Connector
EMP00705,7,9,0.00026183019304941543,1.1181278001837238e-08,0.0012737143499371262,0.110570686427738,0.30434782608695654,0.375,0.6221584111031347,3.124656891384292e-08,0.08909200032527509,0.2698,Lega Prastuti,Data & Analytics,Lead,Central Connector
EMP00760,13,0,0.0,0.16098488411604656,0.0024740700584406435,0.09172020135818408,0.5652173913043478,0.0,0.0,0.4498792780925875,0.17305281240038448,0.2688,Dr. Hani Yolanda,Legal,Senior Staff,Central Connector
EMP00562,14,3,5.01002004008016e-06,0.00017110346250935975,0.008013830687503097,0.1100642416298209,0.6086956521739131,0.125,0.011904761904761904,0.00047815608661347673,0.5605402861740301,0.2656,Intan Wibisono,HR,Staff,Central Connector
EMP00764,8,10,2.517598010090533e-06,0.18739906076478938,0.0031253820098041955,0.1838109041691498,0.34782608695652173,0.4166666666666667,0.005982292414453219,0.5236948464758927,0.21860987516379096,0.2569,"Raina Wibowo, S.E.I",Legal,Specialist,Central Connector
EMP00570,9,13,0.00019622578490313962,5.4896574635703087e-05,0.0021099356231931844,0.05001529562614783,0.391304347826087,0.5416666666666666,0.4662698412698413,0.00015341087147699624,0.14758284323099272,0.2551,Safina Wijayanti,HR,Staff,Central Connector
EMP00750,6,3,0.0002454909819639278,4.438847616778812e-09,0.0012956462414339918,0.0,0.2608695652173913,0.125,0.5833333333333333,1.2404553212337307e-08,0.09062606177670579,0.2498,"Juli Kusmawati, M.TI.",Data & Analytics,Staff,Central Connector
EMP00545,6,9,0.00024048096192384768,3.5289606258680387e-13,0.0014482469023906212,0.0,0.2608695652173913,0.375,0.5714285714285714,9.861834342398551e-13,0.10129996062714766,0.2489,Jarwadi Handayani,Finance,Staff,Central Connector
EMP00762,9,13,1.5865063460253838e-05,0.16059140766805352,0.0026551414991755,0.1,0.391304347826087,0.5416666666666666,0.03769841269841269,0.44877969100190174,0.18571814576782608,0.2482,"Anastasia Padmasari, M.Kom.",Legal,Senior Staff,Central Connector
EMP00777,9,13,1.87875751503006e-05,0.14145647553061771,0.0029477616550682,0.047619047619047616,0.391304347826087,0.5416666666666666,0.044642857142857144,0.39530628880263147,0.20618593356126763,0.242,Febi Prayoga,Legal,Staff,Central Connector
EMP00746,9,3,1.002004008016032e-05,1.5628800037972192e-09,0.008587181156629113,0.0,0.391304347826087,0.125,0.023809523809523808,4.367536316930202e-09,0.6006442075786944,0.2356,"Tgk. Kalim Utama, S.E.I",Data & Analytics,Staff,Central Connector
EMP00765,7,9,3.1889574794480085e-05,0.15812534725308405,0.0022165722767161712,0.27516060407455223,0.30434782608695654,0.375,0.07577570391640744,0.44188817764453936,0.1550417155996876,0.2328,"Hj. Hesti Firmansyah, M.Farm",Legal,Staff,Central Connector
EMP00561,10,9,0.00013595029254488878,9.087639390323485e-05,0.002675349161412754,0.1061877033832229,0.43478260869565216,0.375,0.3230437903804738,0.00025395804524960217,0.1871316032284438,0.2307,Drs. Capa Utama,HR,Staff,Central Connector
EMP00767,10,13,5.385771543086172e-05,0.07902078392252064,0.0026723571647240285,0.07337616108654726,0.43478260869565216,0.5416666666666666,0.12797619047619047,0.2208270262178635,0.18692232320425445,0.2273,Iriana Andriani,Legal,Specialist,Central Connector
EMP00235,4,9,0.0002354709418837675,6.4217814173010694e-21,0.0013275951478205466,0.0,0.17391304347826086,0.375,0.5595238095238094,1.794594817983801e-20,0.0928607794575764,0.2259,Salsabila Latupono,Product,Senior Staff,Central Connector
EMP00743,19,0,0.0,9.849841244888702e-09,0.003453368627247205,0.0,0.8260869565217391,0.0,0.0,2.752581084186045e-08,0.24155142703479007,0.2256,Yunita Oktaviani,Data & Analytics,Senior Staff,Central Connector
EMP00208,3,4,0.0002454909819639278,3.6744760964346125e-22,0.0009435151978793004,0.0,0.13043478260869565,0.16666666666666666,0.5833333333333333,1.0268483669813683e-21,0.06599568915943675,0.2176,Julia Namaga,Product,Senior Staff,Information Broker
EMP00694,10,10,0.0001503006012024048,7.0771135194533094e-09,0.0012412612304884938,0.07706853816176563,0.43478260869565216,0.4166666666666667,0.35714285714285715,1.9777302313774117e-08,0.08682201465021656,0.2158,"Kariman Situmorang, S.E.I",Data & Analytics,Staff,Central Connector
EMP00702,3,3,0.00021651342886778584,2.763744913796619e-09,0.001627230372772991,0.0,0.13043478260869565,0.125,0.5144771476429768,7.723405669283886e-09,0.11381924754757224,0.2089,T. Budi Utami,Data & Analytics,Staff,Information Broker
EMP00715,10,6,0.000125250501002004,1.369854057228264e-08,0.0017710906659859436,0.08333333333333333,0.43478260869565216,0.25,0.2976190476190476,3.8281168927252425e-08,0.12388178730804146,0.2072,Mutia Hidayanto,Data & Analytics,Senior Staff,Central Connector
EMP00726,6,3,0.0001753507014028056,6.693564786521084e-10,0.0013397861033382554,0.0,0.2608695652173913,0.125,0.4166666666666667,1.870545865570438e-09,0.09371349546332977,0.2006,Kiandra Susanti,Data & Analytics,Staff,Central Connector
EMP00559,7,19,0.00013652304609218437,4.4523285937754066e-05,0.002343844732602981,0.017857142857142856,0.30434782608695654,0.7916666666666666,0.3244047619047619,0.00012442226390365865,0.16394399237927004,0.1992,"Cawuk Gunarto, S.H.",HR,Staff,Central Connector
EMP00725,16,0,0.0,1.310174586530792e-08,0.0034238856095087705,0.1100642416298209,0.6956521739130435,0.0,0.0,3.661340009654826e-08,0.23948918990440649,0.199,Bakti Hardiansyah,Data & Analytics,Staff,Central Connector
EMP00227,7,10,0.00014529058116232463,9.01438102826854e-25,0.001798036609037333,0.0,0.30434782608695654,0.4166666666666667,0.3452380952380952,2.5191080837910404e-24,0.1257665646658672,0.1959,Jane Sirait,Product,Staff,Central Connector
EMP00539,6,3,0.0001653306613226453,3.945811200205549e-11,0.0014781731282788953,0.0,0.2608695652173913,0.125,0.39285714285714285,1.1026741448336872e-10,0.10339319866494161,0.1959,R. Vanya Yolanda,Finance,Senior Staff,Central Connector
EMP00747,6,6,0.00016112627264579411,1.0735600676858961e-09,0.001390567539146193,0.0,0.2608695652173913,0.25,0.38286671452500604,3.0001104196305027e-09,0.09726548472665403,0.1914,Luhung Melani,Data & Analytics,Senior Staff,Central Connector
EMP00840,12,13,6.2625250501002e-05,3.6187630843423035e-22,0.002268622890014741,0.037511471719610875,0.5217391304347826,0.5416666666666666,0.1488095238095238,1.0112791228265048e-21,0.15868247952541067,0.1887,Sutan Kemal Nasyiah,Customer Success,Specialist,Central Connector
EMP00515,12,5,2.0140784080724264e-05,5.512250515663606e-11,0.003843348921472002,0.0,0.5217391304347826,0.20833333333333334,0.047858339315625754,1.5404224416900093e-10,0.2688292264107974,0.1859,"T. Elvin Simbolon, S.IP",Finance,Staff,Central Connector
EMP00731,6,6,0.00014028056112224449,4.1790921354477473e-10,0.0018366549291136671,0.0,0.2608695652173913,0.25,0.3333333333333333,1.1678655193629077e-09,0.12846778522208704,0.1843,Bakijan Wijaya,Data & Analytics,Specialist,Central Connector
EMP00577,6,4,3.272877413117693e-05,9.795404493482541e-05,0.006205759551057658,0.16666666666666666,0.2608695652173913,0.16666666666666666,0.07776980138789184,0.000273736849664481,0.43407184033743484,0.1841,Elvina Prabowo,HR,Senior Staff,Central Connector
EMP00500,11,0,0.0,1.110461373400055e-10,0.005057406476290368,0.0,0.4782608695652174,0.0,0.0,3.1032327274578185e-10,0.3537484361803346,0.1841,Ira Simbolon,Finance,Senior Staff,Central Connector
EMP00575,10,3,7.93253173012692e-05,8.102031428201059e-05,0.0019858045342339608,0.08333333333333333,0.43478260869565216,0.125,0.1884920634920635,0.00022641480099305983,0.138900294417377,0.1783,"Mumpuni Anggraini, M.TI.",HR,Lead,Central Connector
EMP00225,3,6,0.0001913374487668805,6.699984335348135e-20,0.0009015043204292181,0.0,0.13043478260869565,0.25,0.45465422349844464,1.8723398364813415e-19,0.06305717071718744,0.1782,Asirwanda Rajata,Product,Senior Staff,Central Connector
EMP00295,12,0,0.0,4.9572858305599975e-22,0.004175538175797808,0.0,0.5217391304347826,0.0,0.0,1.3853351406230853e-21,0.29206473848295744,0.1774,Mila Handayani,Marketing,Staff,Central Connector
EMP00224,6,9,0.00013026052104208417,4.1257587115623375e-11,0.0015961109467418756,0.05,0.2608695652173913,0.375,0.30952380952380953,1.15296126150819e-10,0.11164254920526075,0.1729,Sakti Hariyah,Product,Staff,Central Connector
EMP00769,6,13,0.0,0.11933256140514018,0.0021305966130318694,0.22306029412456452,0.2608695652173913,0.5416666666666666,0.0,0.3334800461090783,0.14902800942035024,0.1728,Olivia Suryatmi,Legal,Senior Staff,Central Connector
EMP00504,12,0,0.0,8.222695820997367e-11,0.003900643989485885,0.0,0.5217391304347826,0.0,0.0,2.2978682006309577e-10,0.2728368221628445,0.1726,Maimunah Wijayanti,Finance,Senior Staff,Central Connector
EMP00553,6,14,0.0001248329993319973,5.0674701045514415e-05,0.0017340894884979646,0.11237540676644583,0.2608695652173913,0.5833333333333334,0.2966269841269841,0.00014161266164269218,0.12129368039305122,0.1715,Ratna Puspasari,HR,Senior Staff,Central Connector
EMP00717,9,9,7.552794030271599e-05,8.681949044765605e-09,0.002147326591995347,0.0,0.391304347826087,0.375,0.17946877243359657,2.4262085164966472e-08,0.1501982147268458,0.1697,Novi Hariyah,Data & Analytics,Senior Staff,Central Connector
EMP00825,12,0,0.0,6.148453414454026e-19,0.003739570100373347,0.08333333333333333,0.5217391304347826,0.0,0.0,1.7182121157950183e-18,0.26157024973087345,0.1697,"Queen Anggriawan, S.T.",Customer Success,Lead,Central Connector
EMP00218,13,0,0.0,4.125758498638407e-11,0.002980123489048915,0.09172020135818408,0.5652173913043478,0.0,0.0,1.1529612020056691e-10,0.2084495341273433,0.1652,Harsaya Sirait,Product,Senior Staff,Central Connector
EMP00579,6,12,0.00010238231907701501,3.57675910310442e-05,0.0021283670580238907,0.039521036716556254,0.2608695652173913,0.5,0.24327989152109758,9.995409271194519e-05,0.1488720596067159,0.1624,Darmanto Mandala,HR,Staff,Central Connector
EMP00958,6,6,0.00011022044088176352,3.423650004019039e-22,0.0018062933190630172,0.0,0.2608695652173913,0.25,0.2619047619047619,9.567539217778295e-22,0.12634409353827902,0.1623,Eja Marpaung,Research,Staff,Central Connector
EMP00204,12,3,3.507014028056112e-05,4.1257579014537176e-11,0.0018484157767954907,0.0,0.5217391304347826,0.125,0.08333333333333333,1.1529610351198039e-10,0.12929041664297528,0.1617,Puput Hutapea,Product,Specialist,Central Connector
EMP00581,12,3,2.5050100200400798e-05,6.29279547691688e-05,0.0020440056758386587,0.05,0.5217391304347826,0.125,0.059523809523809514,0.0001758549134525531,0.14297126694511297,0.158,"Puti Ophelia Namaga, M.TI.",HR,Manager,Central Connector
EMP00773,9,12,0.0,0.06761694301057064,0.0017640651157505335,0.1734827028046404,0.391304347826087,0.5,0.0,0.18895849554729105,0.12339037388878518,0.1563,dr. Galar Natsir,Legal,Lead,Central Connector
EMP00576,3,8,9.519038076152303e-05,4.227972250021533e-05,0.0033189275924769713,0.0,0.13043478260869565,0.3333333333333333,0.22619047619047616,0.00011815252805127098,0.2321477324669529,0.152,Anita Tarihoran,HR,Staff,Central Connector
EMP00549,3,3,0.00015105588060543198,3.528960626062447e-13,0.0009357448772199682,0.0,0.13043478260869565,0.125,0.35893754486719315,9.861834342941833e-13,0.065452181574127,0.1501,Ani Hakim,Finance,Lead,Information Broker
EMP00567,10,11,5.511022044088176e-05,3.555531254334143e-05,0.0013226247236374459,0.05,0.43478260869565216,0.4583333333333333,0.13095238095238096,9.936087122207247e-05,0.09251311513789638,0.1494,Tari Wahyuni,HR,Staff,Central Connector
EMP00534,9,12,6.545754826235386e-05,5.0824001855385605e-11,0.001361335868353627,0.0,0.391304347826087,0.5,0.1555396027757837,1.4202988926584637e-10,0.09522082846295708,0.1487,Karta Melani,Finance,Staff,Central Connector
EMP00771,6,17,3.173012692050768e-05,0.06671355768211369,0.0015578818885262466,0.1026680034488802,0.2608695652173913,0.7083333333333334,0.0753968253968254,0.18643394585657175,0.10896855619642803,0.1486,"Dina Maryati, S.Kom",Legal,Staff,Central Connector
EMP00239,3,18,0.00014602068458525092,6.148178398018864e-11,0.0010134818592721837,0.023809523809523808,0.13043478260869565,0.75,0.3469729600382867,1.718135261253057e-10,0.07088961990606049,0.1479,Cici Prastuti,Product,Senior Staff,Central Connector
EMP00495,3,6,0.00014028056112224449,2.41357863949597e-11,0.001183067775800192,0.0,0.13043478260869565,0.25,0.3333333333333333,6.744850747436756e-11,0.08275157979622047,0.1468,"R. Padmi Wahyuni, S.Sos",Finance,Specialist,Central Connector
EMP01000,6,8,6.012024048096192e-05,3.021831128712144e-18,0.002916772204691921,0.0,0.2608695652173913,0.3333333333333333,0.14285714285714285,8.444638850208799e-18,0.20401832657533722,0.146,Juli Astuti,Research,Senior Staff,Central Connector
EMP00324,12,0,0.0,2.633164639029344e-24,0.002296776783395153,0.0,0.5217391304347826,0.0,0.0,7.358493397749829e-24,0.16065174891326775,0.1445,drg. Siska Lestari,Marketing,Specialist,Central Connector
EMP00556,9,10,2.254509018036072e-05,0.00010259768439749893,0.0027666934069974433,0.05503212081491045,0.391304347826087,0.4166666666666667,0.05357142857142857,0.000286713702619718,0.1935208235098553,0.1428,Dr. Olivia Maryadi,HR,Staff,Central Connector
EMP00755,6,9,2.004008016032064e-05,0.06846022130317518,0.0015972917494842633,0.08333333333333333,0.2608695652173913,0.375,0.047619047619047616,0.1913150735054713,0.11172514235364922,0.1422,Dr. Kasiran Lestari,Legal,Senior Staff,Central Connector
EMP00546,7,6,7.51503006012024e-05,3.218104852661295e-11,0.0015054440421372324,0.0,0.30434782608695654,0.25,0.17857142857142858,8.993134329915682e-11,0.10530070662891912,0.1408,"Gadang Saefullah, M.Farm",Finance,Senior Staff,Central Connector
EMP00552,11,6,1.002004008016032e-05,9.435789129587823e-05,0.0021486334578653204,0.1100642416298209,0.4782608695652174,0.25,0.023809523809523808,0.00026368724151721315,0.15028962556359937,0.1404,Ir. Ophelia Winarno,HR,Senior Staff,Central Connector
EMP00950,11,0,0.0,3.035959507920955e-17,0.0025429254673235476,0.0,0.4782608695652174,0.0,0.0,8.4841212219481e-17,0.1778690148015708,0.1401,"Puti Paris Gunarto, S.H.",Research,Senior Staff,Central Connector
EMP00972,10,3,3.006012024048096e-05,4.409333390126804e-21,0.0017901271965303108,0.0,0.43478260869565216,0.125,0.07142857142857142,1.2322074419048272e-20,0.1252133280773942,0.1397,Wirda Prayoga,Research,Specialist,Central Connector
EMP00300,12,0,0.0,9.406174362251004e-25,0.0019653763313039977,0.0,0.5217391304347826,0.0,0.0,2.62859643931047e-24,0.13747141088303438,0.1387,"Bajragin Manullang, S.H.",Marketing,Senior Staff,Central Connector
EMP00585,11,3,2.171008684034736e-05,2.3817306898501965e-05,0.0015524239313202087,0.0,0.4782608695652174,0.125,0.051587301587301584,6.65585026348423e-05,0.10858679059474531,0.1383,"Ir. Yessi Marbun, M.M.",HR,Staff,Central Connector
EMP00201,3,6,0.00013091509652470772,2.146275227022658e-23,0.0009838856699426472,0.0,0.13043478260869565,0.25,0.3110792055515674,5.997859706038777e-23,0.06881946680658091,0.1366,"Digdaya Saefullah, M.M.",Product,Senior Staff,Central Connector
EMP00871,10,0,0.0,4.705315486291284e-13,0.0028228852732066455,0.0,0.43478260869565216,0.0,0.0,1.3149209292499004e-12,0.1974512540360052,0.1363,Legawa Firmansyah,IT Infrastructure,Staff,Central Connector
EMP00578,9,6,1.1690046760187038e-05,0.00012737618471844183,0.0028004565799052404,0.1100642416298209,0.391304347826087,0.25,0.027777777777777773,0.0003559583021845265,0.19588244298272398,0.1357,Vivi Laksita,HR,Senior Staff,Central Connector
EMP00514,12,0,0.0,3.063382270783697e-11,0.0017001611887585413,0.09172020135818408,0.5217391304347826,0.0,0.0,8.560755328483851e-11,0.118920510858163,0.1341,Pranata Mandala,Finance,Senior Staff,Central Connector
EMP00728,6,7,8.016032064128256e-05,4.438847616778812e-09,0.0013700730693854875,0.0,0.2608695652173913,0.2916666666666667,0.19047619047619047,1.2404553212337307e-08,0.09583196605217474,0.1333,"dr. Ratih Sihotang, S.Kom",Data & Analytics,Lead,Central Connector
EMP00898,10,0,0.0,3.743857652719111e-19,0.002644274223062773,0.0,0.43478260869565216,0.0,0.0,1.0462373454097469e-18,0.18495801664859482,0.1332,"Lukita Suartini, S.Gz",IT Infrastructure,Senior Staff,Central Connector
EMP00893,9,3,1.503006012024048e-05,4.494421185793112e-22,0.0023135899856262434,0.08333333333333333,0.391304347826087,0.125,0.03571428571428571,1.2559855974124305e-21,0.1618277754051693,0.1294,R.M. Harsanto Prasasta,IT Infrastructure,Staff,Central Connector
EMP00720,9,0,0.0,5.56785807723315e-09,0.002886321638700716,0.0,0.391304347826087,0.0,0.0,1.55596221723649e-08,0.20188841272508723,0.1287,"Zelda Situmorang, S.Sos",Data & Analytics,Staff,Central Connector
EMP00955,9,0,0.0,4.555853314883695e-20,0.0028862947614766744,0.0,0.391304347826087,0.0,0.0,1.2731530737495503e-19,0.20188653275439117,0.1287,Wisnu Sihotang,Research,Staff,Central Connector
EMP00841,6,7,3.507014028056112e-05,6.101277140300663e-19,0.002942566851362661,0.0,0.2608695652173913,0.2916666666666667,0.08333333333333333,1.7050285002799654e-18,0.20582257465473852,0.1286,Catur Simbolon,Customer Success,Specialist,Central Connector
EMP00802,7,13,6.012024048096192e-05,6.3100968095160265e-21,0.0013382476784391188,0.03668808054327363,0.30434782608695654,0.5416666666666666,0.14285714285714285,1.7633840673594316e-20,0.09360588785757337,0.1271,Irma Yuliarti,Customer Success,Specialist,Central Connector
EMP00565,9,9,3.230917446282851e-05,3.368916845323534e-05,0.0013907495942613137,0.1033547472099403,0.391304347826087,0.375,0.07677275265214964,9.414585019271613e-05,0.09727821886470966,0.1256,Gambira Kuswoyo,HR,Staff,Central Connector
EMP00709,9,3,2.004008016032064e-05,2.614255813077411e-10,0.0018850851583066405,0.0,0.391304347826087,0.125,0.047619047619047616,7.305651859144864e-10,0.13185531555432087,0.1255,Arsipatra Yuniar,Data & Analytics,Staff,Central Connector
EMP00759,3,9,5.260521042084168e-05,0.059346954234470235,0.0011575425721767167,0.16666666666666666,0.13043478260869565,0.375,0.125,0.16584765131582943,0.08096617834444471,0.1253,"H. Teddy Usamah, S.Ked",Legal,Senior Staff,Central Connector
EMP00512,6,3,7.014028056112224e-05,1.8817028898063916e-11,0.001225768747201285,0.0,0.2608695652173913,0.125,0.16666666666666666,5.258500773529794e-11,0.08573836797062043,0.1236,Rahayu Hakim,Finance,Staff,Central Connector
EMP00582,9,6,2.5050100200400798e-05,4.630842702230897e-05,0.0014233097450178501,0.1,0.391304347826087,0.25,0.059523809523809514,0.00012941091850202492,0.09955569101687278,0.121,Mitra Sirait,HR,Senior Staff,Central Connector
EMP00573,9,13,2.5050100200400798e-05,2.9476503336216782e-05,0.0014083449255610093,0.08333333333333333,0.391304347826087,0.5416666666666666,0.059523809523809514,8.237337383820337e-05,0.09850895263319802,0.1208,Syahrini Sitompul,HR,Senior Staff,Central Connector
EMP00698,10,0,0.0,5.8364955702666365e-09,0.001846956587136727,0.0,0.43478260869565216,0.0,0.0,1.6310341360058252e-08,0.1291883512736406,0.1193,Caraka Sinaga,Data & Analytics,Specialist,Central Connector
EMP00531,9,3,1.002004008016032e-05,9.171098361861524e-25,0.0018314080409913053,0.08333333333333333,0.391304347826087,0.125,0.023809523809523808,2.5629034259988116e-24,0.12810078318719026,0.1174,Ira Sirait,Finance,Lead,Central Connector
EMP00563,3,3,7.765531062124247e-05,2.5598385167642838e-05,0.002052422686347961,0.0,0.13043478260869565,0.125,0.1845238095238095,7.153580351838297e-05,0.14356000829286464,0.1174,Vicky Sirait,HR,Staff,Information Broker
EMP00492,3,6,9.063352836325919e-05,3.528960625859341e-13,0.0015227355157217556,0.0,0.13043478260869565,0.25,0.21536252692031588,9.861834342374245e-13,0.10651018658044269,0.1173,Cemeti Saputra,Finance,Staff,Central Connector
EMP00721,10,0,0.0,5.591477814877865e-10,0.0017016342492007918,0.0,0.43478260869565216,0.0,0.0,1.5625628559105412e-09,0.11902354644177451,0.1167,Prabawa Uwais,Data & Analytics,Staff,Central Connector
EMP00551,7,3,7.51503006012024e-06,3.9858874031577525e-05,0.0028107832045728147,0.0,0.30434782608695654,0.125,0.017857142857142856,0.00011138736144931072,0.1966047553664134,0.1154,Mariadi Iswahyudi,HR,Staff,Central Connector
EMP00887,9,0,0.0,3.5289606699438947e-13,0.002118109076675953,0.0,0.391304347826087,0.0,0.0,9.861834465570452e-13,0.14815454859050395,0.1153,"Lidya Wasita, S.E.I",IT Infrastructure,Senior Staff,Central Connector
EMP00964,9,3,5.01002004008016e-06,2.1227676269837102e-23,0.001859150517395846,0.0,0.391304347826087,0.125,0.011904761904761904,5.932166692727119e-23,0.13004127535246993,0.1143,Gina Hutagalung,Research,Senior Staff,Central Connector
EMP00708,9,3,2.517598010090533e-05,2.3447152359681554e-12,0.000998119671880395,0.0,0.391304347826087,0.125,0.05982292414453219,6.552408963624561e-12,0.0698150869825885,0.1137,Rudi Dabukke,Data & Analytics,Staff,Central Connector
EMP00214,9,0,0.0,1.1992010366535272e-24,0.002021317092891819,0.0,0.391304347826087,0.0,0.0,3.3512195857387075e-24,0.141384277492274,0.1136,Umi Wibisono,Product,Specialist,Central Connector
EMP00814,6,3,5.511022044088176e-05,2.1204168669798145e-23,0.0012186397835427405,0.0,0.2608695652173913,0.125,0.13095238095238096,5.925597391395951e-23,0.08523972113303296,0.1128,"R. Gamblang Marpaung, M.M.",Customer Success,Senior Staff,Central Connector
EMP00205,9,0,0.0,4.838668361371469e-21,0.0019455017528472063,0.0,0.391304347826087,0.0,0.0,1.3521869716501291e-20,0.13608125150355926,0.1123,Cakrawangsa Pradipta,Product,Specialist,Central Connector
EMP00082,9,0,0.0,7.083623478402956e-26,0.001864779472945278,0.0,0.391304347826087,0.0,0.0,1.9795494677912903e-25,0.13043500170851335,0.1109,Nadia Habibi,Engineering,Senior Staff,Central Connector
EMP00813,9,0,0.0,6.8301363256629735e-22,0.0018349056562609791,0.0,0.391304347826087,0.0,0.0,1.9087113776770637e-21,0.1283454295168472,0.1103,"Drs. Nadia Saputra, S.Kom",Customer Success,Staff,Central Connector
EMP00794,8,0,0.0,5.964158403473904e-18,0.002305720843502601,0.0,0.34782608695652173,0.0,0.0,1.666710071394355e-17,0.16127735559347933,0.1099,Makuta Pradipta,Customer Success,Lead,Central Connector
EMP00988,6,3,4.028156816144853e-05,4.239281984743673e-19,0.0016502740035846202,0.16666666666666666,0.2608695652173913,0.125,0.09571667863125151,1.1846858351946932e-18,0.11543107139478455,0.1097,R.M. Mahdi Wibowo,Research,Specialist,Central Connector
EMP00513,9,0,0.0,7.418732721339801e-11,0.0017901128414471899,0.0,0.391304347826087,0.0,0.0,2.0731972069081545e-10,0.12521232398799992,0.1096,Damu Sihombing,Finance,Specialist,Central Connector
EMP00509,9,0,0.0,8.737678871046076e-11,0.0017719348286695542,0.0,0.391304347826087,0.0,0.0,2.4417824594497074e-10,0.1239408336256766,0.1092,Edi Wastuti,Finance,Senior Staff,Central Connector
EMP00944,6,3,1.503006012024048e-05,4.521732033427161e-20,0.002620904978867769,0.0,0.2608695652173913,0.125,0.03571428571428571,1.2636177328673628e-19,0.18332341724918824,0.1087,"Sidiq Yulianti, S.Gz",Research,Specialist,Central Connector
EMP00854,9,3,5.01002004008016e-06,9.171098361861524e-25,0.001513173031186562,0.0,0.391304347826087,0.125,0.011904761904761904,2.5629034259988116e-24,0.10584132320824158,0.1083,Edison Wasita,Customer Success,Senior Staff,Central Connector
EMP00288,9,3,5.035196020181066e-06,2.715159147965197e-23,0.0014656220295581487,0.0,0.391304347826087,0.125,0.011964584828906439,7.587630628180899e-23,0.10251529186317988,0.1075,Belinda Permata,Marketing,Specialist,Central Connector
EMP00596,9,0,0.0,7.083623478402956e-26,0.0016414989890907914,0.0,0.391304347826087,0.0,0.0,1.9795494677912903e-25,0.1148172888821065,0.107,"Jaya Wahyudin, M.Pd",Operations,Staff,Central Connector
EMP00736,3,14,9.519038076152303e-05,2.580662352334523e-12,0.0007323238672188098,0.0,0.13043478260869565,0.5833333333333334,0.22619047619047616,7.21177346832186e-12,0.05122357161139429,0.1067,Dt. Slamet Kurniawan,Data & Analytics,Staff,Central Connector
EMP00745,3,10,8.056313632289706e-05,8.527100801600113e-09,0.0012784600242665399,0.36856895475912665,0.13043478260869565,0.4166666666666667,0.19143335726250302,2.3829354997586408e-08,0.08942394415469072,0.1059,Hartana Wahyudin,Data & Analytics,Senior Staff,Central Connector
EMP00883,6,0,0.0,4.888925043224814e-19,0.003075230097524836,0.0,0.2608695652173913,0.0,0.0,1.366231420528456e-18,0.2151019189369286,0.1059,R. Sari Wastuti,IT Infrastructure,Staff,Central Connector
EMP00260,9,0,0.0,3.379598592384795e-11,0.0015730615017306943,0.0,0.391304347826087,0.0,0.0,9.444435627190949e-11,0.11003031867450246,0.1058,Indah Riyanti,Product,Staff,Central Connector
EMP00588,6,7,2.9642618570474277e-05,3.971026762141706e-05,0.0018461455781413234,0.08333333333333333,0.2608695652173913,0.2916666666666667,0.07043650793650792,0.00011097207435642611,0.12913162394408995,0.1056,Tgk. Umi Hassanah,HR,Senior Staff,Central Connector
EMP00758,7,13,0.0,0.03578531967303541,0.0011051318085606194,0.11375661870503925,0.30434782608695654,0.5416666666666666,0.0,0.1000036361750123,0.0773002231250788,0.1052,Restu Samosir,Legal,Staff,Central Connector
EMP00544,6,3,3.006012024048096e-05,1.4688008743950956e-11,0.0017910245154709994,0.0,0.2608695652173913,0.125,0.07142857142857142,4.104628087679952e-11,0.1252760924949888,0.1049,"Hj. Iriana Maryadi, M.M.",Finance,Staff,Central Connector
EMP00259,9,0,0.0,8.416171561100281e-11,0.0015179581485892163,0.0,0.391304347826087,0.0,0.0,2.351935839815755e-10,0.10617602594690098,0.1048,Wirda Rajata,Product,Staff,Central Connector
EMP00791,9,3,0.0,7.049965484727988e-20,0.001480052087988661,0.1750535346915174,0.391304347826087,0.125,0.0,1.970143594699737e-19,0.10352462552613846,0.1041,Balangga Susanti,Customer Success,Staff,Central Connector
EMP00707,6,7,4.008016032064128e-05,6.693564786521084e-10,0.00126535927538676,0.08333333333333333,0.2608695652173913,0.2916666666666667,0.09523809523809523,1.870545865570438e-09,0.08850759118786083,0.1029,Ir. Jessica Pratiwi,Data & Analytics,Staff,Central Connector
EMP00816,9,0,0.0,4.753335773230086e-21,0.0013691279861722354,0.0,0.391304347826087,0.0,0.0,1.3283404078179967e-20,0.09576586068565623,0.1022,"Jessica Sihombing, M.Farm",Customer Success,Senior Staff,Central Connector
EMP00687,7,0,0.0,2.798219334769479e-23,0.002339404625389993,0.0,0.30434782608695654,0.0,0.0,7.81974594188209e-23,0.16363342193364122,0.1018,dr. Nadia Puspasari,Operations,Senior Staff,Central Connector
EMP00536,6,0,0.0,3.804473124649993e-22,0.0027432377754798972,0.0,0.2608695652173913,0.0,0.0,1.0631766033427148e-21,0.19188018161012801,0.1001,Titi Yuliarti,Finance,Staff,Central Connector
EMP00541,8,3,1.503006012024048e-05,3.730185974180246e-24,0.00112970187452891,0.0,0.34782608695652173,0.125,0.03571428571428571,1.0424167352293868e-23,0.07901881593621188,0.1,Malika Pratiwi,Finance,Specialist,Central Connector
EMP00970,3,6,8.517034068136272e-05,2.3821034706133826e-26,0.0007483770536728456,0.0,0.13043478260869565,0.25,0.20238095238095236,6.656892015581328e-26,0.052346437576479214,0.0999,"Lanang Wijayanti, S.Sos",Research,Senior Staff,Central Connector
EMP00494,6,3,2.004008016032064e-05,3.528960630131848e-13,0.0018839044022294774,0.0,0.2608695652173913,0.125,0.047619047619047616,9.86183435431395e-13,0.13177272567000664,0.0994,Agnes Najmudin,Finance,Specialist,Central Connector
EMP00506,6,3,5.035196020181066e-06,4.211618119606648e-11,0.0024899689916392416,0.0,0.2608695652173913,0.125,0.011964584828906439,1.1769550474592905e-10,0.17416488887323803,0.0993,Lidya Saputra,Finance,Specialist,Central Connector
EMP00953,6,3,2.5050100200400798e-05,1.8215757381459024e-17,0.0016676973820999937,0.0,0.2608695652173913,0.125,0.059523809523809514,5.0904728264879754e-17,0.11664977764900526,0.0992,Mahdi Setiawan,Research,Senior Staff,Central Connector
EMP00294,6,3,1.0070392040362132e-05,2.8820631082417266e-23,0.0022701689485821507,0.0,0.2608695652173913,0.125,0.023929169657812877,8.05405102269367e-23,0.15879062108038128,0.0991,Prayoga Nurdiyanti,Marketing,Senior Staff,Central Connector
EMP00984,3,9,7.014028056112224e-05,4.408432265458645e-21,0.0012932677996419781,0.08333333333333333,0.13043478260869565,0.375,0.16666666666666666,1.2319556186871328e-20,0.09045969783732001,0.0987,Ir. Violet Simbolon,Research,Senior Staff,Central Connector
EMP00926,6,6,2.517598010090533e-05,4.388145206625033e-21,0.0016335281986616498,0.0,0.2608695652173913,0.25,0.05982292414453219,1.2262863116383367e-20,0.11425975911607943,0.0987,Saiful Usamah,IT Infrastructure,Senior Staff,Central Connector
EMP00555,6,3,3.006012024048096e-05,5.5693008155864415e-05,0.0014232438090096499,0.16666666666666666,0.2608695652173913,0.125,0.07142857142857142,0.0001556365396760095,0.09955107901665129,0.0985,"Drs. Martana Nainggolan, S.Psi",HR,Senior Staff,Central Connector
EMP00818,6,10,4.258517034068136e-05,4.732863474508171e-26,0.0008600172956000889,0.0,0.2608695652173913,0.4166666666666667,0.10119047619047618,1.322619334674712e-25,0.06015529398968263,0.0976,Hj. Latika Aryani,Customer Success,Staff,Central Connector
EMP00912,6,6,2.004008016032064e-05,3.4236500040190384e-22,0.0017821232389626134,0.0,0.2608695652173913,0.25,0.047619047619047616,9.567539217778293e-22,0.12465347838247633,0.0976,R.A. Ulya Maulana,IT Infrastructure,Senior Staff,Central Connector
EMP00590,6,0,0.0,3.690593522970899e-05,0.002490224105249241,0.0,0.2608695652173913,0.0,0.0,0.00010313524521038125,0.17418273320530994,0.0957,Yessi Halimah,HR,Senior Staff,Central Connector
EMP00995,3,7,7.51503006012024e-05,8.700946361082565e-25,0.0008433315796231027,0.0,0.13043478260869565,0.2916666666666667,0.17857142857142858,2.4315173993754957e-24,0.05898818472902109,0.0944,"Sari Lailasari, M.Ak",Research,Specialist,Central Connector
EMP00785,6,3,3.006012024048096e-05,6.577429343153083e-20,0.0011503483872565736,0.0,0.2608695652173913,0.125,0.07142857142857142,1.8380913095354154e-19,0.08046296950073722,0.0937,"dr. Vera Maulana, S.Pd",Customer Success,Senior Staff,Central Connector
EMP00910,6,4,1.002004008016032e-05,3.5289643697079793e-13,0.001951253317426065,0.0,0.2608695652173913,0.16666666666666666,0.023809523809523808,9.861844804722508e-13,0.13648355394551245,0.0934,"Tgk. Vinsen Putra, S.I.Kom",IT Infrastructure,Specialist,Central Connector
EMP00493,6,6,3.006012024048096e-05,3.945811200205436e-11,0.0010378537279666785,0.0,0.2608695652173913,0.25,0.07142857142857142,1.1026741448336555e-10,0.07259434948986762,0.0918,"Vanesa Saragih, S.Psi",Finance,Staff,Central Connector
EMP00285,7,3,1.0070392040362132e-05,1.1835293032942281e-24,0.001335354691589896,0.0,0.30434782608695654,0.125,0.023929169657812877,3.307424243530934e-24,0.09340353323597027,0.0914,Maida Siregar,Marketing,Senior Staff,Central Connector
EMP00856,6,3,3.006012024048096e-05,2.1204168669798145e-23,0.000995359299688254,0.0,0.2608695652173913,0.125,0.07142857142857142,5.925597391395951e-23,0.06962200830662614,0.091,"Ir. Omar Yuliarti, S.Farm",Customer Success,Lead,Central Connector
EMP00941,6,0,0.0,9.383101893718661e-17,0.00216703416820069,0.0,0.2608695652173913,0.0,0.0,2.6221487373761304e-16,0.15157669286504333,0.0901,Hardi Waskita,Research,Senior Staff,Central Connector
EMP00699,3,9,5.511022044088176e-05,2.1303812574237246e-12,0.0013740053143291666,0.0,0.13043478260869565,0.375,0.13095238095238096,5.953443314969171e-12,0.09610701325394225,0.0894,"Genta Situmorang, M.TI.",Data & Analytics,Senior Staff,Central Connector
EMP00569,7,0,0.0,2.1186330204586957e-05,0.0016129582807402048,0.0,0.30434782608695654,0.0,0.0,5.9206123545115546e-05,0.11282096309855892,0.0891,Hj. Dinda Tampubolon,HR,Senior Staff,Central Connector
EMP00809,6,0,0.0,2.6949705043573595e-17,0.002107707008270496,0.0,0.2608695652173913,0.0,0.0,7.531212583332569e-17,0.14742695917313714,0.089,Emin Purnawati,Customer Success,Senior Staff,Central Connector
EMP00826,7,3,0.0,1.1835293032942281e-24,0.001608127557136819,0.0,0.30434782608695654,0.125,0.0,3.307424243530934e-24,0.11248307036078345,0.089,"Gatra Prakasa, S.Gz",Customer Success,Specialist,Central Connector
EMP00547,4,3,5.5387156221991727e-05,3.165690138578311e-26,0.0007802742656520579,0.0,0.17391304347826086,0.125,0.13161043311797083,8.846659125969923e-26,0.05457753940882304,0.0879,Garan Mayasari,Finance,Specialist,Central Connector
EMP00874,3,6,5.0100200400801596e-05,2.0334387468357083e-23,0.0014591755830294483,0.0,0.13043478260869565,0.25,0.11904761904761903,5.68253324214282e-23,0.10206438478479124,0.0873,Maida Pradipta,IT Infrastructure,Senior Staff,Central Connector
EMP00637,6,3,5.01002004008016e-06,1.739875837549328e-24,0.0017646651770833605,0.0,0.2608695652173913,0.125,0.011904761904761904,4.862158891906837e-24,0.12343234614454414,0.0866,"R.M. Atma Haryanti, S.Gz",Operations,Staff,Central Connector
EMP00366,6,0,0.0,2.7128083879613016e-23,0.0019595865215889653,0.0,0.2608695652173913,0.0,0.0,7.581061326849732e-23,0.1370664333234737,0.0864,Safina Mangunsong,Sales,Specialist,Central Connector
EMP00685,6,0,0.0,2.0357895068396028e-23,0.001897855950286111,0.0,0.2608695652173913,0.0,0.0,5.689102543473985e-23,0.1327485891546734,0.0854,Paiman Lailasari,Operations,Staff,Central Connector
EMP00763,3,24,1.753507014028056e-05,0.04419278052820567,0.0009036538167539474,0.09665533144912818,0.13043478260869565,1.0,0.041666666666666664,0.12349865212563516,0.06320752069736268,0.0853,Karna Usamah,Legal,Staff,Central Connector
EMP00936,6,0,0.0,2.1204168669798157e-23,0.0018788115653131491,0.0,0.2608695652173913,0.0,0.0,5.925597391395955e-23,0.13141649899467045,0.085,"Hj. Mala Nugroho, S.IP",Research,Senior Staff,Central Connector
EMP00729,7,0,0.0,3.684993218395492e-09,0.0013824437389820922,0.0,0.30434782608695654,0.0,0.0,1.0297874225711847e-08,0.09669725244843697,0.085,"R.M. Jamil Mulyani, M.M.",Data & Analytics,Staff,Central Connector
EMP00967,3,3,6.042235224217279e-05,2.0334387468357083e-23,0.0008324872737692033,0.0,0.13043478260869565,0.125,0.14357501794687727,5.68253324214282e-23,0.05822966230151553,0.0837,Mahesa Saputra,Research,Senior Staff,Information Broker
EMP00308,7,0,0.0,5.516450142473096e-26,0.001226835233361031,0.0,0.30434782608695654,0.0,0.0,1.5415960457135706e-25,0.0858129650616367,0.0823,"Rangga Napitupulu, S.Farm",Marketing,Senior Staff,Central Connector
EMP00852,6,0,0.0,4.709306038357137e-21,0.0016974998622027316,0.0,0.2608695652173913,0.0,0.0,1.3160361064247231e-20,0.11873436008865368,0.0819,"Bella Namaga, S.Gz",Customer Success,Lead,Central Connector
EMP00533,6,6,1.002004008016032e-05,3.945811200198779e-11,0.0012483846849625124,0.0,0.2608695652173913,0.25,0.023809523809523808,1.102674144831795e-10,0.08732027613902502,0.0811,Kajen Usada,Finance,Specialist,Central Connector
EMP00032,6,0,0.0,8.936022361472043e-25,0.0015747561251828466,0.0,0.2608695652173913,0.0,0.0,2.497210412687153e-24,0.11014885183946038,0.0797,Vino Purnawati,Engineering,Staff,Central Connector
EMP00210,3,7,5.0100200400801596e-05,6.148178398018864e-11,0.0010134818592721837,0.0,0.13043478260869565,0.2916666666666667,0.11904761904761903,1.718135261253057e-10,0.07088961990606049,0.0795,Rafi Andriani,Product,Senior Staff,Central Connector
EMP00537,6,3,1.002004008016032e-05,3.5289606292658275e-13,0.0011463499809583723,0.0,0.2608695652173913,0.125,0.023809523809523808,9.86183435189382e-13,0.08018329453653704,0.0794,"R. Gilda Jailani, S.E.I",Finance,Staff,Central Connector
EMP00231,6,3,1.5105588060543198e-05,5.036575391098788e-11,0.0008176244783286259,0.0,0.2608695652173913,0.125,0.03589375448671932,1.407492954042236e-10,0.05719006015187202,0.0772,Martaka Hidayat,Product,Specialist,Central Connector
EMP00206,6,0,0.0,3.379598592384792e-11,0.0014242078458277033,0.0,0.2608695652173913,0.0,0.0,9.444435627190941e-11,0.09961851012356457,0.0771,Talia Mangunsong,Product,Specialist,Central Connector
EMP00410,6,0,0.0,4.732863474508171e-26,0.001418218505236305,0.0,0.2608695652173913,0.0,0.0,1.322619334674712e-25,0.09919957605569969,0.077,Yunita Laksmiwati,Sales,Senior Staff,Central Connector
EMP00716,6,0,0.0,5.406842617887977e-09,0.0014210283409125894,0.0,0.2608695652173913,0.0,0.0,1.5109657450461344e-08,0.09939611453467487,0.077,"Almira Manullang, M.M.",Data & Analytics,Specialist,Central Connector
EMP00701,6,0,0.0,4.732863474508171e-26,0.001418218505236305,0.0,0.2608695652173913,0.0,0.0,1.322619334674712e-25,0.09919957605569969,0.077,Faizah Usada,Data & Analytics,Specialist,Central Connector
EMP00137,6,0,0.0,4.732863474508171e-26,0.001418218505236305,0.0,0.2608695652173913,0.0,0.0,1.322619334674712e-25,0.09919957605569969,0.077,"Eka Palastri, S.Gz",Engineering,Senior Staff,Central Connector
EMP00919,3,3,1.002004008016032e-05,5.75815403233489e-21,0.0024929942405357607,0.0,0.13043478260869565,0.125,0.023809523809523808,1.6091412516378798e-20,0.1743764947766229,0.0768,"drg. Nyoman Yuniar, M.Kom.",IT Infrastructure,Senior Staff,Information Broker
EMP00623,6,3,0.0,8.936022361472043e-25,0.0013848470732823327,0.0,0.2608695652173913,0.125,0.0,2.497210412687153e-24,0.09686535753437664,0.0764,Fitria Widiastuti,Operations,Staff,Central Connector
EMP00928,3,3,5.035196020181066e-06,5.870323084741534e-20,0.0026457902355591116,0.0,0.13043478260869565,0.125,0.011964584828906439,1.640487382424081e-19,0.1850640565827634,0.0759,Darimin Mayasari,IT Infrastructure,Staff,Information Broker
EMP00591,6,3,0.0,2.0357895068396028e-23,0.0013302800254699836,0.0,0.2608695652173913,0.125,0.0,5.689102543473985e-23,0.09304857754623637,0.0754,"R.A. Kartika Wastuti, M.Farm",Operations,Senior Staff,Central Connector
EMP00584,3,10,4.509018036072144e-05,1.4313050950184738e-05,0.0009772928006676737,0.0,0.13043478260869565,0.4166666666666667,0.10714285714285714,3.9998444972820254e-05,0.06835831795352808,0.0753,Carub Najmudin,HR,Staff,Central Connector
EMP00497,6,7,5.01002004008016e-06,6.324100231543447e-11,0.0011012140958290687,0.09172020135818408,0.2608695652173913,0.2916666666666667,0.011904761904761904,1.767297384704171e-10,0.07702619240227908,0.075,Bakijan Nuraini,Finance,Specialist,Central Connector
EMP00822,6,0,0.0,3.6098301963275035e-22,0.0012999842129554056,0.0,0.2608695652173913,0.0,0.0,1.0087827883206617e-21,0.09092948817699398,0.0749,Elon Winarno,Customer Success,Senior Staff,Central Connector
EMP00532,3,6,4.509018036072144e-05,3.528960626062447e-13,0.0009357448772199682,0.0,0.13043478260869565,0.25,0.10714285714285714,9.861834342941833e-13,0.065452181574127,0.0746,Ganda Narpati,Finance,Senior Staff,Central Connector
EMP00954,3,0,0.0,3.7912007524740824e-19,0.002754510468593099,0.0,0.13043478260869565,0.0,0.0,1.0594675810665794e-18,0.19266866827400025,0.0743,Drs. Maryadi Firmansyah,Research,Staff,Information Broker
EMP00994,6,0,0.0,1.739875837549328e-24,0.0012565211153781031,0.0,0.2608695652173913,0.0,0.0,4.862158891906837e-24,0.08788939186051169,0.0741,Hafshah Prayoga,Research,Senior Staff,Central Connector
EMP00692,3,13,5.035196020181066e-05,2.3821034706133826e-26,0.0006739502257213502,0.1100642416298209,0.13043478260869565,0.5416666666666666,0.11964584828906438,6.656892015581328e-26,0.04714053330101028,0.0738,"Ir. Belinda Mahendra, S.Psi",Data & Analytics,Lead,Central Connector
EMP00212,3,3,5.0100200400801596e-05,5.036575391098785e-11,0.0006687708224256349,0.0,0.13043478260869565,0.125,0.11904761904761903,1.4074929540422354e-10,0.046778251600934136,0.0735,"Ayu Permata, S.Sos",Product,Staff,Information Broker
EMP00678,6,0,0.0,2.1204168669798157e-23,0.001201954067565754,0.5,0.2608695652173913,0.0,0.0,5.925597391395955e-23,0.08407261187237142,0.0732,"Puti Mila Natsir, M.M.",Operations,Lead,Central Connector
EMP00568,6,10,6.2625250501001995e-06,1.781519207310618e-05,0.0009418128617170037,0.1,0.2608695652173913,0.4166666666666667,0.014880952380952378,4.9785331044822684e-05,0.06587661651655372,0.0731,R. Juli Hutapea,HR,Staff,Central Connector
EMP00441,6,0,0.0,4.732863474508171e-26,0.0011949380213818184,0.0,0.2608695652173913,0.0,0.0,1.322619334674712e-25,0.08358186322929285,0.0731,"Manah Riyanti, S.Ked",Sales,Senior Staff,Central Connector
EMP00364,6,0,0.0,4.732863474508171e-26,0.0011949380213818184,0.0,0.2608695652173913,0.0,0.0,1.322619334674712e-25,0.08358186322929285,0.0731,"Dr. Cinthia Novitasari, M.M.",Sales,Specialist,Central Connector
EMP00270,6,3,0.0,4.732863474508171e-26,0.0011949380213818184,0.0,0.2608695652173913,0.125,0.0,1.322619334674712e-25,0.08358186322929285,0.0731,Tgk. Irwan Pudjiastuti,Marketing,Specialist,Central Connector
EMP00683,6,0,0.0,4.732863474508171e-26,0.0011949380213818184,0.0,0.2608695652173913,0.0,0.0,1.322619334674712e-25,0.08358186322929285,0.0731,"Tgk. Kacung Prasetyo, S.IP",Operations,Specialist,Central Connector
EMP00831,6,0,0.0,4.732863474508171e-26,0.0011949380213818184,0.0,0.2608695652173913,0.0,0.0,1.322619334674712e-25,0.08358186322929285,0.0731,R.A. Gawati Mansur,Customer Success,Senior Manager,Central Connector
EMP00330,6,0,0.0,4.732863474508171e-26,0.0011949380213818184,0.0,0.2608695652173913,0.0,0.0,1.322619334674712e-25,0.08358186322929285,0.0731,"Drs. Ani Hasanah, S.Pt",Marketing,Specialist,Central Connector
EMP00812,6,12,0.0,8.936022361472043e-25,0.001161566589427846,0.0,0.2608695652173913,0.5,0.0,2.497210412687153e-24,0.0812476447079698,0.0725,drg. Tirtayasa Mansur,Customer Success,Senior Staff,Central Connector
EMP00503,6,3,0.0,1.1756934366145785e-24,0.0011594668963842746,0.0,0.2608695652173913,0.125,0.0,3.285526572427047e-24,0.08110077829845648,0.0724,Mursita Hutapea,Finance,Specialist,Central Connector
EMP00110,6,0,0.0,4.732863474508171e-26,0.0011205111934303232,0.0,0.2608695652173913,0.0,0.0,1.322619334674712e-25,0.07837595895382393,0.0718,Sakura Padmasari,Engineering,Staff,Central Connector
EMP00858,6,0,0.0,4.732863474508171e-26,0.0011205111934303232,0.0,0.2608695652173913,0.0,0.0,1.322619334674712e-25,0.07837595895382393,0.0718,"drg. Keisha Hutapea, M.Pd",Customer Success,Lead,Central Connector
EMP00328,6,6,0.0,4.732863474508171e-26,0.001105625827840024,0.0,0.2608695652173913,0.25,0.0,1.322619334674712e-25,0.07733477809873014,0.0715,Talia Lailasari,Marketing,Specialist,Central Connector
EMP00696,6,3,0.0,3.4408831364468924e-12,0.0011018777098573522,0.18344040271636816,0.2608695652173913,0.125,0.0,9.615697957764888e-12,0.07707260995361358,0.0714,"R.M. Ian Mardhiyah, S.Gz",Data & Analytics,Staff,Central Connector
EMP00784,3,3,2.004008016032064e-05,4.7287468235893456e-21,0.0016917701640118174,0.0,0.13043478260869565,0.125,0.047619047619047616,1.321468918625597e-20,0.11833358712640052,0.07,"Kenari Wibowo, S.Sos",Customer Success,Specialist,Information Broker
EMP00844,6,3,0.0,8.936022361472043e-25,0.0009940200546625525,0.0,0.2608695652173913,0.125,0.0,2.497210412687153e-24,0.06952833265770901,0.0696,drg. Rusman Hakim,Customer Success,Specialist,Central Connector
EMP00952,6,0,0.0,8.936022361472043e-25,0.0009921852355260937,0.0,0.2608695652173913,0.0,0.0,2.497210412687153e-24,0.06939999327995898,0.0695,Humaira Gunawan,Research,Senior Staff,Central Connector
EMP00906,6,0,0.0,1.1756934366145791e-24,0.0009908648022144027,0.0,0.2608695652173913,0.0,0.0,3.2855265724270486e-24,0.06930763344665689,0.0695,"T. Harjasa Hastuti, M.Pd",IT Infrastructure,Lead,Central Connector
EMP00977,6,0,0.0,8.936022361472043e-25,0.0009772998699357947,0.0,0.2608695652173913,0.0,0.0,2.497210412687153e-24,0.0683588124248652,0.0693,Adhiarja Samosir,Research,Specialist,Central Connector
EMP00999,6,0,0.0,4.732863474508171e-26,0.0009716575375273322,0.0,0.2608695652173913,0.0,0.0,1.322619334674712e-25,0.06796415040288604,0.0692,Wani Sitompul,Research,Staff,Central Connector
EMP00968,6,0,0.0,8.936022361472043e-25,0.0009605337268760081,0.0,0.2608695652173913,0.0,0.0,2.497210412687153e-24,0.06718607756244503,0.069,"drg. Joko Pradana, S.I.Kom",Research,Staff,Central Connector
EMP00580,4,3,0.0,2.2555407978782813e-05,0.001930219812278887,0.0,0.17391304347826086,0.125,0.0,6.303207108105843e-05,0.13501233157331685,0.0686,Bahuwarna Sihombing,HR,Specialist,Central Connector
EMP00823,3,3,2.5050100200400798e-05,3.6180578563411348e-22,0.00137165897257502,0.0,0.13043478260869565,0.125,0.059523809523809514,1.0110820437865696e-21,0.095942894603372,0.0679,Ivan Santoso,Customer Success,Senior Staff,Information Broker
EMP00924,3,3,3.006012024048096e-05,3.414952192004627e-22,0.0011456532193531263,0.0,0.13043478260869565,0.125,0.07142857142857142,9.543232802852977e-22,0.08013455842457891,0.0675,Salman Hutagalung,IT Infrastructure,Staff,Information Broker
EMP00516,6,11,0.0,4.732863474508171e-26,0.0008514295846826087,0.0,0.2608695652173913,0.4583333333333333,0.0,1.322619334674712e-25,0.05955461272712852,0.0671,Jamal Astuti,Finance,Senior Staff,Central Connector
EMP00778,4,12,0.0,0.024988668917860363,0.0008362609685514547,0.1,0.17391304347826086,0.5,0.0,0.06983192487288399,0.058493619457046064,0.0669,Puti Salahudin,Legal,Staff,Central Connector
EMP00250,6,0,0.0,5.036575391098788e-11,0.0008176244783286259,0.0,0.2608695652173913,0.0,0.0,1.407492954042236e-10,0.05719006015187202,0.0665,"Tri Haryanti, S.E.I",Product,Senior Staff,Central Connector
EMP00700,6,3,0.0,8.936022361472043e-25,0.0008062195339465768,0.18344040271636816,0.2608695652173913,0.125,0.0,2.497210412687153e-24,0.056392322960133995,0.0663,Zulfa Hutapea,Data & Analytics,Senior Staff,Central Connector
EMP00499,3,3,5.01002004008016e-06,2.202693467116133e-23,0.0020827527095815344,0.0,0.13043478260869565,0.125,0.011904761904761904,6.155522937986757e-23,0.14568149058591134,0.0661,Jasmin Manullang,Finance,Staff,Information Broker
EMP00326,4,6,1.503006012024048e-05,1.1600217032552802e-24,0.001161566589427846,0.0,0.17391304347826086,0.25,0.03571428571428571,3.241731230219276e-24,0.0812476447079698,0.0658,Juli Sinaga,Marketing,Specialist,Central Connector
EMP00797,3,3,1.5105588060543198e-05,4.407371613828535e-18,0.0015978843116412744,0.0,0.13043478260869565,0.125,0.03589375448671932,1.231659214964335e-17,0.11176659006748536,0.0648,Maman Mandala,Customer Success,Staff,Information Broker
EMP00526,3,9,3.006012024048096e-05,5.082400185538275e-11,0.0009760391409723542,0.09172020135818408,0.13043478260869565,0.375,0.07142857142857142,1.4202988926583838e-10,0.06827062870829918,0.0646,Ella Safitri,Finance,Staff,Central Connector
EMP00244,3,0,0.0,3.379593747620481e-11,0.0020972426368322246,0.0,0.13043478260869565,0.0,0.0,9.444422088285827e-11,0.1466950118698597,0.0628,Mursinin Sihombing,Product,Senior Staff,Information Broker
EMP00566,4,12,1.2525050100200399e-05,2.9290503945295e-05,0.0010765964635838182,0.05503212081491045,0.17391304347826086,0.5,0.029761904761904757,8.185359043013364e-05,0.0753042724913433,0.0626,Ir. Harsana Suryono,HR,Senior Staff,Central Connector
EMP00927,3,3,2.004008016032064e-05,4.485523277087171e-20,0.0012198436954183047,0.0,0.13043478260869565,0.125,0.047619047619047616,1.2534990380269686e-19,0.085323930686937,0.0617,Bagas Maryadi,IT Infrastructure,Senior Staff,Information Broker
EMP00615,3,0,0.0,4.064495390200804e-23,0.002026034430883771,0.0,0.13043478260869565,0.0,0.0,1.135840959227006e-22,0.14171423929095683,0.0615,Gada Maheswara,Operations,Senior Staff,Information Broker
EMP00787,3,0,0.0,2.795084988097619e-23,0.0018928436576810203,0.0,0.13043478260869565,0.0,0.0,7.810986873440535e-23,0.13239799628082757,0.0592,Maimunah Yolanda,Customer Success,Senior Staff,Information Broker
EMP00323,3,0,0.0,3.979868030060591e-23,0.0018361253789832565,0.0,0.13043478260869565,0.0,0.0,1.1121914744348092e-22,0.12843074498587306,0.0582,Indah Najmudin,Marketing,Staff,Information Broker
EMP00243,3,3,2.2658382090814797e-05,5.710936027489938e-19,0.0009084852314329289,0.0,0.13043478260869565,0.125,0.05384063173007897,1.595945974299104e-18,0.06354546177353303,0.0581,"Yance Utami, S.H.",Product,Staff,Information Broker
EMP00554,3,3,1.503006012024048e-05,4.85648161946265e-05,0.0011832787328955225,0.5,0.13043478260869565,0.125,0.03571428571428571,0.00013571649642949294,0.08276633552980135,0.0575,"H. Umar Gunarto, M.M.",HR,Senior Staff,Information Broker
EMP00307,3,0,0.0,4.567294745913853e-22,0.001771660407622708,0.0,0.13043478260869565,0.0,0.0,1.2763504315390452e-21,0.12392163880385797,0.0571,"Daruna Saptono, M.Farm",Marketing,Specialist,Information Broker
EMP00960,3,9,2.5050100200400798e-05,2.3821034706133826e-26,0.0007483770536728456,0.0,0.13043478260869565,0.375,0.059523809523809514,6.656892015581328e-26,0.052346437576479214,0.057,"Usman Namaga, S.Psi",Research,Staff,Central Connector
EMP00734,5,3,0.0,3.907858726612103e-12,0.0007475408756565105,0.0,0.21739130434782608,0.125,0.0,1.0920681606036773e-11,0.052287949759248456,0.0566,Nilam Riyanti,Data & Analytics,Senior Staff,Central Connector
EMP00610,3,0,0.0,2.11806610697592e-23,0.0017029346057805064,0.0,0.13043478260869565,0.0,0.0,5.919028090064786e-23,0.11911450197574383,0.0559,Raisa Ardianto,Operations,Specialist,Information Broker
EMP00322,4,0,0.0,2.711241214625371e-23,0.0012036724016784722,0.0,0.17391304347826086,0.0,0.0,7.576681792628953e-23,0.08419280351764634,0.0558,Padma Yulianti,Marketing,Senior Staff,Central Connector
EMP00617,3,0,0.0,2.0334387468357083e-23,0.0016745754664316246,0.0,0.13043478260869565,0.0,0.0,5.68253324214282e-23,0.11713087632826658,0.0554,"Putu Oktaviani, M.M.",Operations,Staff,Information Broker
EMP00665,3,0,0.0,2.0334387468357083e-23,0.0016745754664316246,0.0,0.13043478260869565,0.0,0.0,5.68253324214282e-23,0.11713087632826658,0.0554,"Ir. Ghani Tarihoran, S.Sos",Operations,Staff,Information Broker
EMP00289,4,3,5.01002004008016e-06,3.165690138578311e-26,0.0009716575375273322,0.0,0.17391304347826086,0.125,0.011904761904761904,8.846659125969923e-26,0.06796415040288604,0.0553,"Mahfud Habibi, S.E.I",Marketing,Senior Staff,Central Connector
EMP00419,4,3,0.0,1.1600217032552802e-24,0.001161566589427846,0.0,0.17391304347826086,0.125,0.0,3.241731230219276e-24,0.0812476447079698,0.0551,Cici Wulandari,Sales,Senior Staff,Central Connector
EMP00645,3,0,0.0,3.423414928018648e-22,0.001656522550425791,0.0,0.13043478260869565,0.0,0.0,9.566882287645173e-22,0.11586813606099763,0.0551,Lalita Farida,Operations,Staff,Information Broker
EMP00973,4,3,5.035196020181066e-06,2.711241214625371e-23,0.000934950841752818,0.0,0.17391304347826086,0.125,0.011964584828906439,7.576681792628953e-23,0.0653966414853299,0.0547,"Belinda Hutasoit, S.T.",Research,Senior Staff,Central Connector
EMP00908,3,3,1.0070392040362132e-05,4.485523277087171e-20,0.0012198436954183047,0.0,0.13043478260869565,0.125,0.023929169657812877,1.2534990380269686e-19,0.085323930686937,0.0546,Oliva Mandasari,IT Infrastructure,Staff,Information Broker
EMP00939,3,6,2.004008016032064e-05,2.3821034706133826e-26,0.0007483770536728456,0.0,0.13043478260869565,0.25,0.047619047619047616,6.656892015581328e-26,0.052346437576479214,0.0535,T. Rahman Thamrin,Research,Senior Staff,Central Connector
EMP00751,3,6,1.25250501002004e-06,0.01667203802388746,0.0008528131207906256,0.16666666666666666,0.13043478260869565,0.25,0.002976190476190476,0.04659073720928957,0.05965138638708733,0.0535,Eka Sudiati,Legal,Staff,Central Connector
EMP00675,3,3,5.01002004008016e-06,8.700946361082565e-25,0.00135147564132836,0.0,0.13043478260869565,0.125,0.011904761904761904,2.4315173993754957e-24,0.09453113901305354,0.0533,"Melinda Prabowo, M.Ak",Operations,Staff,Information Broker
EMP00496,4,6,0.0,6.546394046575229e-11,0.0010603290650510486,0.18344040271636816,0.17391304347826086,0.25,0.0,1.829418360583407e-10,0.07416642311762428,0.0533,Caket Usada,Finance,Senior Staff,Central Connector
EMP00318,3,3,0.0,1.7163682375103805e-24,0.001541384693228874,0.0,0.13043478260869565,0.125,0.0,4.7964658785951814e-24,0.10781463331813732,0.053,Tgk. Aisyah Iswahyudi,Marketing,Lead,Information Broker
EMP00229,4,0,0.0,6.71543385479838e-11,0.0010176940073290193,0.0,0.17391304347826086,0.0,0.0,1.876657272056314e-10,0.07118424538159841,0.0526,"Puti Nadine Budiyanto, M.Pd",Product,Specialist,Central Connector
EMP00217,3,7,1.503006012024048e-05,6.699984335348135e-20,0.0009015043204292181,0.18344040271636816,0.13043478260869565,0.2916666666666667,0.03571428571428571,1.8723398364813415e-19,0.06305717071718744,0.0526,Maya Laksita,Product,Specialist,Central Connector
EMP00442,4,0,0.0,3.165690138578311e-26,0.0009716575375273322,0.0,0.17391304347826086,0.0,0.0,8.846659125969923e-26,0.06796415040288604,0.0518,Panji Sitorus,Sales,Lead,Central Connector
EMP00431,4,0,0.0,3.165690138578311e-26,0.0009716575375273322,0.0,0.17391304347826086,0.0,0.0,8.846659125969923e-26,0.06796415040288604,0.0518,Safina Januar,Sales,Staff,Central Connector
EMP00226,4,3,0.0,3.165690138578311e-26,0.0009716575375273322,0.0,0.17391304347826086,0.125,0.0,8.846659125969923e-26,0.06796415040288604,0.0518,Jane Prabowo,Product,Staff,Central Connector
EMP00669,4,3,0.0,3.165690138578311e-26,0.0009716575375273322,0.0,0.17391304347826086,0.125,0.0,8.846659125969923e-26,0.06796415040288604,0.0518,R. Paris Utama,Operations,Specialist,Central Connector
EMP00744,3,13,0.0,3.126286981309703e-12,0.0014623065469473071,0.1100642416298209,0.13043478260869565,0.5416666666666666,0.0,8.736545284885366e-12,0.10228338509549832,0.0517,"Lurhur Lazuardi, S.E.I",Data & Analytics,Staff,Central Connector
EMP00249,4,3,0.0,7.614581368941803e-19,0.0009632550402350103,0.5503212081491045,0.17391304347826086,0.125,0.0,2.12792796544017e-18,0.06737642420545598,0.0516,"Dr. Cici Astuti, S.I.Kom",Product,Staff,Central Connector
EMP00257,3,3,1.503006012024048e-05,4.12575830650798e-11,0.0008234066917376941,0.0,0.13043478260869565,0.125,0.03571428571428571,1.1529611483139837e-10,0.05759450637558532,0.0512,Ana Lailasari,Product,Staff,Information Broker
EMP00727,3,3,1.002004008016032e-05,2.763744913796619e-09,0.0010245694927847034,0.0,0.13043478260869565,0.125,0.023809523809523808,7.723405669283886e-09,0.07166516227829857,0.0511,Hilda Manullang,Data & Analytics,Staff,Information Broker
EMP00724,4,6,0.0,3.7873444580496944e-12,0.0009078155882980697,0.18344040271636816,0.17391304347826086,0.25,0.0,1.0583899227750684e-11,0.06349862250663489,0.0507,Mila Prayoga,Data & Analytics,Specialist,Central Connector
EMP00589,4,8,0.0,1.573563081671092e-05,0.000893439603095001,0.0,0.17391304347826086,0.3333333333333333,0.0,4.3973906438634086e-05,0.06249307108260393,0.0504,Kasusra Permadi,HR,Specialist,Central Connector
EMP00620,3,3,1.002004008016032e-05,2.3821034706133826e-26,0.0009716575375273322,0.0,0.13043478260869565,0.125,0.023809523809523808,6.656892015581328e-26,0.06796415040288604,0.0502,Drs. Dimas Megantara,Operations,Senior Staff,Information Broker
EMP00806,3,0,0.0,2.11806610697592e-23,0.0013705028946430387,0.0,0.13043478260869565,0.0,0.0,5.919028090064786e-23,0.09586203087164345,0.0501,Zalindra Nugroho,Customer Success,Staff,Information Broker
EMP00624,3,4,5.01002004008016e-06,8.700946361082565e-25,0.001161566589427846,0.0,0.13043478260869565,0.16666666666666666,0.011904761904761904,2.4315173993754957e-24,0.0812476447079698,0.05,"Bakiadi Novitasari, S.I.Kom",Operations,Staff,Information Broker
EMP00271,3,0,0.0,1.1521858365756308e-24,0.00135147564132836,0.0,0.13043478260869565,0.0,0.0,3.2198335591153897e-24,0.09453113901305354,0.0497,Kamila Hasanah,Marketing,Specialist,Information Broker
EMP00671,3,3,0.0,8.700946361082565e-25,0.00135147564132836,0.0,0.13043478260869565,0.125,0.0,2.4315173993754957e-24,0.09453113901305354,0.0497,Hilda Latupono,Operations,Staff,Information Broker
EMP00621,3,0,0.0,8.700946361082565e-25,0.00135147564132836,0.0,0.13043478260869565,0.0,0.0,2.4315173993754957e-24,0.09453113901305354,0.0497,Maria Adriansyah,Operations,Specialist,Information Broker
EMP00362,3,0,0.0,8.700946361082565e-25,0.00135147564132836,0.0,0.13043478260869565,0.0,0.0,2.4315173993754957e-24,0.09453113901305354,0.0497,Ani Mahendra,Sales,Specialist,Information Broker
EMP00598,3,0,0.0,1.1521858365756308e-24,0.00135147564132836,0.0,0.13043478260869565,0.0,0.0,3.2198335591153897e-24,0.09453113901305354,0.0497,"Puti Intan Hutasoit, S.E.",Operations,Staff,Information Broker
EMP00089,3,0,0.0,8.700946361082565e-25,0.00135147564132836,0.0,0.13043478260869565,0.0,0.0,2.4315173993754957e-24,0.09453113901305354,0.0497,Yani Pudjiastuti,Engineering,Staff,Information Broker
EMP00626,3,3,0.0,8.700946361082565e-25,0.00135147564132836,0.0,0.13043478260869565,0.125,0.0,2.4315173993754957e-24,0.09453113901305354,0.0497,Dr. Panji Mayasari,Operations,Senior Staff,Information Broker
EMP00792,4,6,0.0,1.1600217032552802e-24,0.0008526205711379682,0.0,0.17391304347826086,0.25,0.0,3.241731230219276e-24,0.0596379181917121,0.0497,"Rini Permadi, S.H.",Customer Success,Staff,Central Connector
EMP00262,3,0,0.0,8.700946361082565e-25,0.00135147564132836,0.0,0.13043478260869565,0.0,0.0,2.4315173993754957e-24,0.09453113901305354,0.0497,Sutan Bakiadi Permadi,Marketing,Senior Staff,Information Broker
EMP00981,3,0,0.0,4.553190185890483e-22,0.0013202825764958245,0.0,0.13043478260869565,0.0,0.0,1.2724088507403452e-21,0.0923492898862507,0.0492,Dr. Kambali Wasita,Research,Staff,Information Broker
EMP00634,3,0,0.0,2.0334387468357083e-23,0.0013231165019794784,0.0,0.13043478260869565,0.0,0.0,5.68253324214282e-23,0.09254751336557632,0.0492,Tgk. Rahmat Yuniar,Operations,Senior Staff,Information Broker
EMP00790,4,0,0.0,2.2883865051247777e-24,0.0008176663880422568,0.0,0.17391304347826086,0.0,0.0,6.394995869178854e-24,0.05719299159424811,0.0491,Putri Saputra,Customer Success,Specialist,Central Connector
EMP00899,3,0,0.0,4.408432265458645e-21,0.0012830122472599888,0.0,0.13043478260869565,0.0,0.0,1.2319556186871328e-20,0.08974235671904088,0.0485,"Puti Fitriani Rahmawati, M.Pd",IT Infrastructure,Senior Staff,Information Broker
EMP00618,4,0,0.0,3.165690138578311e-26,0.0007802742656520579,0.0,0.17391304347826086,0.0,0.0,8.846659125969923e-26,0.05457753940882304,0.0484,Balapati Mandasari,Operations,Specialist,Central Connector
EMP00922,4,6,0.0,3.165690138578311e-26,0.0007802742656520579,0.0,0.17391304347826086,0.25,0.0,8.846659125969923e-26,0.05457753940882304,0.0484,Fitria Namaga,IT Infrastructure,Specialist,Central Connector
EMP00872,3,3,0.0,2.6822485079106696e-23,0.001253880825171636,0.0,0.13043478260869565,0.125,0.0,7.495660409544578e-23,0.08770471251231639,0.048,Rahayu Wulandari,IT Infrastructure,Staff,Information Broker
EMP00519,3,3,1.002004008016032e-05,3.9458112002054336e-11,0.0008145732441121919,0.0,0.13043478260869565,0.125,0.023809523809523808,1.1026741448336549e-10,0.05697663666346079,0.0475,Ir. Reksa Thamrin,Finance,Staff,Information Broker
EMP00287,4,0,0.0,3.165690138578311e-26,0.0007037209569019484,0.0,0.17391304347826086,0.0,0.0,8.846659125969923e-26,0.04922289501119786,0.0471,"Dr. Calista Haryanto, S.Sos",Marketing,Senior Staff,Central Connector
EMP00916,4,6,0.0,3.165690138578311e-26,0.0007037209569019484,0.0,0.17391304347826086,0.25,0.0,8.846659125969923e-26,0.04922289501119786,0.0471,Ghaliyati Wibowo,IT Infrastructure,Staff,Central Connector
EMP00505,3,3,0.0,3.528960625859341e-13,0.0011727872118872875,0.0,0.13043478260869565,0.125,0.0,9.861834342374245e-13,0.08203248920615394,0.0466,Nova Sudiati,Finance,Specialist,Information Broker
EMP00339,3,3,5.01002004008016e-06,2.3821034706133826e-26,0.0009716575375273322,0.0,0.13043478260869565,0.125,0.011904761904761904,6.656892015581328e-26,0.06796415040288604,0.0466,Tami Laksita,Marketing,Senior Staff,Information Broker
EMP00540,3,0,0.0,2.5089371864083773e-11,0.0011654079861681862,0.0,0.13043478260869565,0.0,0.0,7.011334364705988e-11,0.08151633738592917,0.0465,Cecep Utami,Finance,Senior Staff,Information Broker
EMP00690,3,0,0.0,8.700946361082565e-25,0.001161566589427846,0.0,0.13043478260869565,0.0,0.0,2.4315173993754957e-24,0.0812476447079698,0.0464,"Tantri Kuswandari, M.TI.",Operations,Staff,Information Broker
EMP00951,3,0,0.0,8.700946361082565e-25,0.001161566589427846,0.0,0.13043478260869565,0.0,0.0,2.4315173993754957e-24,0.0812476447079698,0.0464,Umay Purnawati,Research,Senior Staff,Information Broker
EMP00501,4,9,0.0,3.165690138578311e-26,0.0006624999444980431,0.09172020135818408,0.17391304347826086,0.375,0.0,8.846659125969923e-26,0.04633962495093812,0.0464,"Drs. Lembah Hutasoit, S.Gz",Finance,Staff,Central Connector
EMP00957,3,3,0.0,8.700946361082565e-25,0.001161566589427846,0.0,0.13043478260869565,0.125,0.0,2.4315173993754957e-24,0.0812476447079698,0.0464,R. Umi Widodo,Research,Staff,Information Broker
EMP00413,3,0,0.0,8.700946361082565e-25,0.001161566589427846,0.0,0.13043478260869565,0.0,0.0,2.4315173993754957e-24,0.0812476447079698,0.0464,"Sutan Satya Wastuti, S.Sos",Sales,Specialist,Information Broker
EMP00959,3,3,0.0,8.700946361082565e-25,0.001161566589427846,0.0,0.13043478260869565,0.125,0.0,2.4315173993754957e-24,0.0812476447079698,0.0464,R.A. Qori Wibisono,Research,Specialist,Information Broker
EMP00993,3,0,0.0,8.700946361082565e-25,0.001161566589427846,0.0,0.13043478260869565,0.0,0.0,2.4315173993754957e-24,0.0812476447079698,0.0464,Novi Hutagalung,Research,Senior Staff,Information Broker
EMP00974,3,6,1.002004008016032e-05,2.3821034706133826e-26,0.0007483770536728456,0.0,0.13043478260869565,0.25,0.023809523809523808,6.656892015581328e-26,0.052346437576479214,0.0463,Harjasa Usada,Research,Senior Staff,Central Connector
EMP00223,3,3,5.035196020181066e-06,3.6744760964346125e-22,0.0009435151978793004,0.0,0.13043478260869565,0.125,0.011964584828906439,1.0268483669813683e-21,0.06599568915943675,0.0462,Margana Aryani,Product,Specialist,Information Broker
EMP00917,3,3,0.0,8.700946361082565e-25,0.0010982635721276748,0.0,0.13043478260869565,0.125,0.0,2.4315173993754957e-24,0.07681981327294188,0.0453,R.A. Najwa Pudjiastuti,IT Infrastructure,Specialist,Information Broker
EMP00529,3,9,0.0,3.063382270672715e-11,0.0010559914855587554,0.0,0.13043478260869565,0.375,0.0,8.560755328173708e-11,0.07386302413844392,0.0446,Ibrani Rahmawati,Finance,Staff,Central Connector
EMP00845,3,3,5.01002004008016e-06,3.6095951203271144e-22,0.0008534232452464326,0.0,0.13043478260869565,0.125,0.011904761904761904,1.0087170953073501e-21,0.059694062524180316,0.0446,Diah Mulyani,Customer Success,Senior Staff,Information Broker
EMP00273,3,0,0.0,2.710457627957406e-23,0.0010190610618491757,0.0,0.13043478260869565,0.0,0.0,7.574492025518565e-23,0.07127986621036622,0.0439,Banawa Nababan,Marketing,Staff,Information Broker
EMP00237,3,0,0.0,6.148178398018864e-11,0.0010134818592721837,0.0,0.13043478260869565,0.0,0.0,1.718135261253057e-10,0.07088961990606049,0.0438,"Tgk. Caturangga Sudiati, M.Ak",Product,Senior Staff,Information Broker
EMP00314,3,4,5.01002004008016e-06,8.700946361082565e-25,0.0007978694353652821,0.0,0.13043478260869565,0.16666666666666666,0.011904761904761904,2.4315173993754957e-24,0.055808261874885565,0.0436,"Ilsa Waskita, S.T.",Marketing,Staff,Information Broker
EMP00274,3,0,0.0,1.7163682375103805e-24,0.0009952588211435138,0.0,0.13043478260869565,0.0,0.0,4.7964658785951814e-24,0.06961498017308809,0.0435,Devi Nasyiah,Marketing,Lead,Information Broker
EMP00329,3,0,0.0,1.7163682375103805e-24,0.0009952588211435138,0.0,0.13043478260869565,0.0,0.0,4.7964658785951814e-24,0.06961498017308809,0.0435,Salimah Wacana,Marketing,Specialist,Information Broker
EMP00815,3,0,0.0,2.3821034706133826e-26,0.0009716575375273322,0.0,0.13043478260869565,0.0,0.0,6.656892015581328e-26,0.06796415040288604,0.0431,"Edi Nashiruddin, S.Ked",Customer Success,Staff,Information Broker
EMP00133,3,0,0.0,2.3821034706133826e-26,0.0009716575375273322,0.0,0.13043478260869565,0.0,0.0,6.656892015581328e-26,0.06796415040288604,0.0431,"Tgk. Aurora Adriansyah, S.Psi",Engineering,Senior Staff,Information Broker
EMP00333,3,6,0.0,2.3821034706133826e-26,0.0009716575375273322,0.0,0.13043478260869565,0.25,0.0,6.656892015581328e-26,0.06796415040288604,0.0431,"Drs. Yunita Adriansyah, M.Pd",Marketing,Staff,Central Connector
EMP00334,3,0,0.0,2.3821034706133826e-26,0.0009716575375273322,0.0,0.13043478260869565,0.0,0.0,6.656892015581328e-26,0.06796415040288604,0.0431,Laras Habibi,Marketing,Staff,Information Broker
EMP00327,3,0,0.0,2.3821034706133826e-26,0.0009716575375273322,0.0,0.13043478260869565,0.0,0.0,6.656892015581328e-26,0.06796415040288604,0.0431,"Bala Marpaung, S.Psi",Marketing,Senior Staff,Information Broker
EMP00654,3,0,0.0,2.3821034706133826e-26,0.0009716575375273322,0.0,0.13043478260869565,0.0,0.0,6.656892015581328e-26,0.06796415040288604,0.0431,Melinda Suartini,Operations,Specialist,Information Broker
EMP00156,3,0,0.0,2.3821034706133826e-26,0.0009716575375273322,0.0,0.13043478260869565,0.0,0.0,6.656892015581328e-26,0.06796415040288604,0.0431,Shania Nasyiah,Engineering,Senior Staff,Information Broker
EMP00152,3,0,0.0,2.3821034706133826e-26,0.0009716575375273322,0.0,0.13043478260869565,0.0,0.0,6.656892015581328e-26,0.06796415040288604,0.0431,Ajiono Wahyuni,Engineering,Staff,Information Broker
EMP00283,3,0,0.0,2.3821034706133826e-26,0.0009716575375273322,0.0,0.13043478260869565,0.0,0.0,6.656892015581328e-26,0.06796415040288604,0.0431,"Taswir Lestari, S.IP",Marketing,Senior Staff,Information Broker
EMP00704,3,13,0.0,2.3821034706133826e-26,0.0009716575375273322,0.05503212081491045,0.13043478260869565,0.5416666666666666,0.0,6.656892015581328e-26,0.06796415040288604,0.0431,Jefri Yuniar,Data & Analytics,Specialist,Central Connector
EMP00305,3,9,0.0,2.3821034706133826e-26,0.0009716575375273322,0.0,0.13043478260869565,0.375,0.0,6.656892015581328e-26,0.06796415040288604,0.0431,Edward Suryono,Marketing,Staff,Central Connector
EMP00679,3,0,0.0,2.3821034706133826e-26,0.0009716575375273322,0.0,0.13043478260869565,0.0,0.0,6.656892015581328e-26,0.06796415040288604,0.0431,Rusman Zulaika,Operations,Specialist,Information Broker
EMP00686,3,3,0.0,2.3821034706133826e-26,0.0009716575375273322,0.0,0.13043478260869565,0.125,0.0,6.656892015581328e-26,0.06796415040288604,0.0431,Gatra Puspasari,Operations,Staff,Information Broker
EMP00222,3,3,0.0,2.3821034706133826e-26,0.0009716575375273322,0.0,0.13043478260869565,0.125,0.0,6.656892015581328e-26,0.06796415040288604,0.0431,Ir. Salimah Dongoran,Product,Staff,Information Broker
EMP00196,3,0,0.0,2.3821034706133826e-26,0.0009716575375273322,0.0,0.13043478260869565,0.0,0.0,6.656892015581328e-26,0.06796415040288604,0.0431,Usyi Handayani,Engineering,Specialist,Information Broker
EMP00491,3,9,0.0,2.3821034706133826e-26,0.0009716575375273322,0.0,0.13043478260869565,0.375,0.0,6.656892015581328e-26,0.06796415040288604,0.0431,Hj. Yance Santoso,Finance,Lead,Central Connector
EMP00663,3,0,0.0,2.3821034706133826e-26,0.0009716575375273322,0.0,0.13043478260869565,0.0,0.0,6.656892015581328e-26,0.06796415040288604,0.0431,"Purwa Farida, S.Gz",Operations,Staff,Information Broker
EMP00820,3,0,0.0,2.3821034706133826e-26,0.0009716575375273322,0.0,0.13043478260869565,0.0,0.0,6.656892015581328e-26,0.06796415040288604,0.0431,"Bakiono Nashiruddin, S.E.I",Customer Success,Staff,Information Broker
EMP00646,3,3,0.0,2.3821034706133826e-26,0.0009716575375273322,0.0,0.13043478260869565,0.125,0.0,6.656892015581328e-26,0.06796415040288604,0.0431,Jessica Nashiruddin,Operations,Staff,Information Broker
EMP00309,3,0,0.0,2.3821034706133826e-26,0.0009716575375273322,0.0,0.13043478260869565,0.0,0.0,6.656892015581328e-26,0.06796415040288604,0.0431,Kenari Prasetyo,Marketing,Senior Staff,Information Broker
EMP00298,3,3,0.0,2.3821034706133826e-26,0.0009716575375273322,0.0,0.13043478260869565,0.125,0.0,6.656892015581328e-26,0.06796415040288604,0.0431,Cut Rahmi Januar,Marketing,Specialist,Information Broker
EMP00688,3,0,0.0,2.3821034706133826e-26,0.0009716575375273322,0.0,0.13043478260869565,0.0,0.0,6.656892015581328e-26,0.06796415040288604,0.0431,Luwar Irawan,Operations,Senior Staff,Information Broker
EMP00684,3,3,0.0,2.3821034706133826e-26,0.0009716575375273322,0.0,0.13043478260869565,0.125,0.0,6.656892015581328e-26,0.06796415040288604,0.0431,Prima Mandala,Operations,Senior Staff,Information Broker
EMP00472,3,0,0.0,2.3821034706133826e-26,0.0009716575375273322,0.0,0.13043478260869565,0.0,0.0,6.656892015581328e-26,0.06796415040288604,0.0431,Lidya Kuswoyo,Sales,Senior Staff,Information Broker
EMP00961,3,0,0.0,2.3821034706133826e-26,0.0009716575375273322,0.0,0.13043478260869565,0.0,0.0,6.656892015581328e-26,0.06796415040288604,0.0431,Usyi Mandala,Research,Senior Staff,Information Broker
EMP00180,3,0,0.0,2.3821034706133826e-26,0.0009716575375273322,0.0,0.13043478260869565,0.0,0.0,6.656892015581328e-26,0.06796415040288604,0.0431,"KH. Oman Narpati, S.Pt",Engineering,Specialist,Information Broker
EMP00019,3,0,0.0,2.3821034706133826e-26,0.0009716575375273322,0.0,0.13043478260869565,0.0,0.0,6.656892015581328e-26,0.06796415040288604,0.0431,dr. Ratih Nababan,Engineering,Senior Staff,Information Broker
EMP00020,3,0,0.0,2.3821034706133826e-26,0.0009716575375273322,0.0,0.13043478260869565,0.0,0.0,6.656892015581328e-26,0.06796415040288604,0.0431,"Betania Gunawan, S.H.",Engineering,Specialist,Information Broker
EMP00438,3,0,0.0,2.3821034706133826e-26,0.0009716575375273322,0.0,0.13043478260869565,0.0,0.0,6.656892015581328e-26,0.06796415040288604,0.0431,Ika Nainggolan,Sales,Staff,Information Broker
EMP00945,3,6,0.0,2.3821034706133826e-26,0.0009716575375273322,0.0,0.13043478260869565,0.25,0.0,6.656892015581328e-26,0.06796415040288604,0.0431,Halim Wibowo,Research,Senior Staff,Central Connector
EMP00051,3,3,0.0,2.3821034706133826e-26,0.0009716575375273322,0.0,0.13043478260869565,0.125,0.0,6.656892015581328e-26,0.06796415040288604,0.0431,Tedi Utami,Engineering,Staff,Information Broker
EMP00439,3,3,0.0,2.3821034706133826e-26,0.0009716575375273322,0.0,0.13043478260869565,0.125,0.0,6.656892015581328e-26,0.06796415040288604,0.0431,Warta Hasanah,Sales,Staff,Information Broker
EMP00040,3,0,0.0,2.3821034706133826e-26,0.0009716575375273322,0.0,0.13043478260869565,0.0,0.0,6.656892015581328e-26,0.06796415040288604,0.0431,drg. Bakijan Hardiansyah,Engineering,Senior Staff,Information Broker
EMP00422,3,0,0.0,2.3821034706133826e-26,0.0009716575375273322,0.0,0.13043478260869565,0.0,0.0,6.656892015581328e-26,0.06796415040288604,0.0431,Marsudi Haryanto,Sales,Senior Staff,Information Broker
EMP00423,3,0,0.0,2.3821034706133826e-26,0.0009716575375273322,0.0,0.13043478260869565,0.0,0.0,6.656892015581328e-26,0.06796415040288604,0.0431,"Ridwan Hariyah, S.Pd",Sales,Senior Staff,Information Broker
EMP00060,3,0,0.0,2.3821034706133826e-26,0.0009716575375273322,0.0,0.13043478260869565,0.0,0.0,6.656892015581328e-26,0.06796415040288604,0.0431,Puti Chelsea Laksita,Engineering,Senior Staff,Information Broker
EMP00405,3,0,0.0,2.3821034706133826e-26,0.0009716575375273322,0.0,0.13043478260869565,0.0,0.0,6.656892015581328e-26,0.06796415040288604,0.0431,"Diah Iswahyudi, S.Pd",Sales,Senior Staff,Information Broker
EMP00914,3,0,0.0,2.3821034706133826e-26,0.0009716575375273322,0.0,0.13043478260869565,0.0,0.0,6.656892015581328e-26,0.06796415040288604,0.0431,Ir. Tantri Agustina,IT Infrastructure,Staff,Information Broker
EMP00426,3,0,0.0,2.3821034706133826e-26,0.0009716575375273322,0.0,0.13043478260869565,0.0,0.0,6.656892015581328e-26,0.06796415040288604,0.0431,Nilam Latupono,Sales,Specialist,Information Broker
EMP00418,3,0,0.0,2.3821034706133826e-26,0.0009716575375273322,0.0,0.13043478260869565,0.0,0.0,6.656892015581328e-26,0.06796415040288604,0.0431,drg. Yuni Uyainah,Sales,Staff,Information Broker
EMP00073,3,0,0.0,2.3821034706133826e-26,0.0009716575375273322,0.0,0.13043478260869565,0.0,0.0,6.656892015581328e-26,0.06796415040288604,0.0431,Dartono Hidayat,Engineering,Specialist,Information Broker
EMP00900,3,0,0.0,2.3821034706133826e-26,0.0009716575375273322,0.0,0.13043478260869565,0.0,0.0,6.656892015581328e-26,0.06796415040288604,0.0431,Jatmiko Pranowo,IT Infrastructure,Senior Staff,Information Broker
EMP00923,3,0,0.0,2.3821034706133826e-26,0.0009716575375273322,0.0,0.13043478260869565,0.0,0.0,6.656892015581328e-26,0.06796415040288604,0.0431,"Yusuf Halim, M.TI.",IT Infrastructure,Lead,Information Broker
EMP00054,3,0,0.0,2.3821034706133826e-26,0.0009716575375273322,0.0,0.13043478260869565,0.0,0.0,6.656892015581328e-26,0.06796415040288604,0.0431,Vanesa Marpaung,Engineering,Senior Staff,Information Broker
EMP00055,3,0,0.0,2.3821034706133826e-26,0.0009716575375273322,0.0,0.13043478260869565,0.0,0.0,6.656892015581328e-26,0.06796415040288604,0.0431,KH. Virman Nuraini,Engineering,Senior Staff,Information Broker
EMP00062,3,3,0.0,2.3821034706133826e-26,0.0009716575375273322,0.0,0.13043478260869565,0.125,0.0,6.656892015581328e-26,0.06796415040288604,0.0431,Maryanto Kusmawati,Engineering,Senior Staff,Information Broker
EMP00353,3,0,0.0,2.3821034706133826e-26,0.0009716575375273322,0.0,0.13043478260869565,0.0,0.0,6.656892015581328e-26,0.06796415040288604,0.0431,"Jindra Maryadi, M.M.",Sales,Specialist,Information Broker
EMP00342,3,0,0.0,2.3821034706133826e-26,0.0009716575375273322,0.0,0.13043478260869565,0.0,0.0,6.656892015581328e-26,0.06796415040288604,0.0431,Puspa Budiman,Sales,Senior Staff,Information Broker
EMP00603,3,0,0.0,2.3821034706133826e-26,0.0009716575375273322,0.0,0.13043478260869565,0.0,0.0,6.656892015581328e-26,0.06796415040288604,0.0431,Harto Mardhiyah,Operations,Staff,Information Broker
EMP00609,3,3,0.0,2.3821034706133826e-26,0.0009716575375273322,0.0,0.13043478260869565,0.125,0.0,6.656892015581328e-26,0.06796415040288604,0.0431,"Yance Mandala, M.Kom.",Operations,Staff,Information Broker
EMP00128,3,0,0.0,2.3821034706133826e-26,0.0009716575375273322,0.0,0.13043478260869565,0.0,0.0,6.656892015581328e-26,0.06796415040288604,0.0431,Empluk Suryono,Engineering,Staff,Information Broker
EMP00834,3,0,0.0,2.3821034706133826e-26,0.0009716575375273322,0.0,0.13043478260869565,0.0,0.0,6.656892015581328e-26,0.06796415040288604,0.0431,"Pia Halimah, M.Pd",Customer Success,Specialist,Information Broker
EMP00868,3,3,0.0,2.3821034706133826e-26,0.0009716575375273322,0.0,0.13043478260869565,0.125,0.0,6.656892015581328e-26,0.06796415040288604,0.0431,"Vanesa Kusumo, S.Gz",IT Infrastructure,Staff,Information Broker
EMP00828,3,6,0.0,2.3821034706133826e-26,0.0009716575375273322,0.0,0.13043478260869565,0.25,0.0,6.656892015581328e-26,0.06796415040288604,0.0431,Halim Mardhiyah,Customer Success,Specialist,Central Connector
EMP00132,3,0,0.0,2.3821034706133826e-26,0.0009716575375273322,0.0,0.13043478260869565,0.0,0.0,6.656892015581328e-26,0.06796415040288604,0.0431,"Cut Cornelia Usada, S.Farm",Engineering,Senior Staff,Information Broker
EMP00628,3,3,0.0,2.3821034706133826e-26,0.0009716575375273322,0.0,0.13043478260869565,0.125,0.0,6.656892015581328e-26,0.06796415040288604,0.0431,Makara Wibisono,Operations,Staff,Information Broker
EMP00325,3,0,0.0,2.3821034706133826e-26,0.0009716575375273322,0.0,0.13043478260869565,0.0,0.0,6.656892015581328e-26,0.06796415040288604,0.0431,Jarwadi Tampubolon,Marketing,Senior Staff,Information Broker
EMP00642,3,0,0.0,2.3821034706133826e-26,0.0009716575375273322,0.0,0.13043478260869565,0.0,0.0,6.656892015581328e-26,0.06796415040288604,0.0431,"Ir. Dadap Suwarno, S.I.Kom",Operations,Staff,Information Broker
EMP00594,3,6,0.0,2.3821034706133826e-26,0.0009716575375273322,0.0,0.13043478260869565,0.25,0.0,6.656892015581328e-26,0.06796415040288604,0.0431,Rendy Pangestu,Operations,Staff,Central Connector
EMP00365,3,0,0.0,2.3821034706133826e-26,0.0009716575375273322,0.0,0.13043478260869565,0.0,0.0,6.656892015581328e-26,0.06796415040288604,0.0431,Najam Megantara,Sales,Lead,Information Broker
EMP00359,3,0,0.0,2.3821034706133826e-26,0.0009716575375273322,0.0,0.13043478260869565,0.0,0.0,6.656892015581328e-26,0.06796415040288604,0.0431,Galiono Kusmawati,Sales,Staff,Information Broker
EMP00619,3,0,0.0,2.3821034706133826e-26,0.0009716575375273322,0.0,0.13043478260869565,0.0,0.0,6.656892015581328e-26,0.06796415040288604,0.0431,Drs. Anita Usamah,Operations,Staff,Information Broker
EMP00105,3,0,0.0,2.3821034706133826e-26,0.0009716575375273322,0.0,0.13043478260869565,0.0,0.0,6.656892015581328e-26,0.06796415040288604,0.0431,Legawa Hidayat,Engineering,Specialist,Information Broker
EMP00374,3,0,0.0,2.3821034706133826e-26,0.0009716575375273322,0.0,0.13043478260869565,0.0,0.0,6.656892015581328e-26,0.06796415040288604,0.0431,Pangeran Iswahyudi,Sales,Specialist,Information Broker
EMP00870,3,0,0.0,2.3821034706133826e-26,0.0009716575375273322,0.0,0.13043478260869565,0.0,0.0,6.656892015581328e-26,0.06796415040288604,0.0431,Danang Hidayat,IT Infrastructure,Senior Staff,Information Broker
EMP00085,3,0,0.0,2.3821034706133826e-26,0.0009716575375273322,0.0,0.13043478260869565,0.0,0.0,6.656892015581328e-26,0.06796415040288604,0.0431,"R. Drajat Nababan, S.Kom",Engineering,Staff,Information Broker
EMP00657,3,0,0.0,2.3821034706133826e-26,0.0009716575375273322,0.0,0.13043478260869565,0.0,0.0,6.656892015581328e-26,0.06796415040288604,0.0431,"Kamila Susanti, S.Farm",Operations,Senior Staff,Information Broker
EMP00384,3,0,0.0,2.3821034706133826e-26,0.0009716575375273322,0.0,0.13043478260869565,0.0,0.0,6.656892015581328e-26,0.06796415040288604,0.0431,Jamal Padmasari,Sales,Senior Staff,Information Broker
EMP00880,3,0,0.0,2.3821034706133826e-26,0.0009716575375273322,0.0,0.13043478260869565,0.0,0.0,6.656892015581328e-26,0.06796415040288604,0.0431,Dinda Wijayanti,IT Infrastructure,Senior Staff,Information Broker
EMP00891,3,0,0.0,2.3821034706133826e-26,0.0009716575375273322,0.0,0.13043478260869565,0.0,0.0,6.656892015581328e-26,0.06796415040288604,0.0431,"drg. Vinsen Hakim, M.Pd",IT Infrastructure,Senior Staff,Information Broker
EMP00938,3,3,5.035196020181066e-06,2.3821034706133826e-26,0.0007483770536728456,0.0,0.13043478260869565,0.125,0.011964584828906439,6.656892015581328e-26,0.052346437576479214,0.0428,Dadi Safitri,Research,Staff,Information Broker
EMP00363,3,3,5.01002004008016e-06,2.3821034706133826e-26,0.0007483770536728456,0.0,0.13043478260869565,0.125,0.011904761904761904,6.656892015581328e-26,0.052346437576479214,0.0427,Drs. Gamblang Januar,Sales,Staff,Information Broker
EMP00666,3,3,5.01002004008016e-06,2.3821034706133826e-26,0.0007483770536728456,0.0,0.13043478260869565,0.125,0.011904761904761904,6.656892015581328e-26,0.052346437576479214,0.0427,Cut Rahmi Mangunsong,Operations,Specialist,Information Broker
EMP00965,3,3,5.01002004008016e-06,2.3821034706133826e-26,0.0007483770536728456,0.0,0.13043478260869565,0.125,0.011904761904761904,6.656892015581328e-26,0.052346437576479214,0.0427,Rahmi Susanti,Research,Staff,Information Broker
EMP00804,3,0,0.0,8.700946361082565e-25,0.0009382861055733595,0.0,0.13043478260869565,0.0,0.0,2.4315173993754957e-24,0.06562993188156296,0.0425,"Kemal Pradipta, M.Pd",Customer Success,Staff,Information Broker
EMP00268,3,0,0.0,8.700946361082565e-25,0.0009382861055733595,0.0,0.13043478260869565,0.0,0.0,2.4315173993754957e-24,0.06562993188156296,0.0425,Salimah Prastuti,Marketing,Staff,Information Broker
EMP00507,3,0,0.0,3.528960626062447e-13,0.0009357448772199682,0.0,0.13043478260869565,0.0,0.0,9.861834342941833e-13,0.065452181574127,0.0425,Perkasa Mulyani,Finance,Senior Staff,Information Broker
EMP00632,3,3,0.0,8.700946361082565e-25,0.0009382861055733595,0.0,0.13043478260869565,0.125,0.0,2.4315173993754957e-24,0.06562993188156296,0.0425,"Bala Prastuti, S.Psi",Operations,Staff,Information Broker
EMP00894,3,0,0.0,3.528960625859341e-13,0.0009136324315253508,0.0,0.13043478260869565,0.0,0.0,9.861834342374245e-13,0.06390549096872183,0.0421,Farhunnisa Sitompul,IT Infrastructure,Senior Staff,Information Broker
EMP00866,3,6,0.0,3.528960625859341e-13,0.0009136324315253508,0.0,0.13043478260869565,0.25,0.0,9.861834342374245e-13,0.06390549096872183,0.0421,Jagaraga Situmorang,IT Infrastructure,Specialist,Central Connector
EMP00867,3,6,0.0,3.528960625859341e-13,0.0009136324315253508,0.0,0.13043478260869565,0.25,0.0,9.861834342374245e-13,0.06390549096872183,0.0421,Enteng Nainggolan,IT Infrastructure,Senior Staff,Central Connector
EMP00875,3,6,0.0,3.528960625859341e-13,0.0009136324315253508,0.0,0.13043478260869565,0.25,0.0,9.861834342374245e-13,0.06390549096872183,0.0421,Sutan Perkasa Hakim,IT Infrastructure,Staff,Central Connector
EMP00865,3,0,0.0,3.528960625859341e-13,0.0009136324315253508,0.0,0.13043478260869565,0.0,0.0,9.861834342374245e-13,0.06390549096872183,0.0421,Yuni Pradana,IT Infrastructure,Staff,Information Broker
EMP00896,3,6,0.0,3.528960625859341e-13,0.0009136324315253508,0.0,0.13043478260869565,0.25,0.0,9.861834342374245e-13,0.06390549096872183,0.0421,Kawaca Nainggolan,IT Infrastructure,Staff,Central Connector
EMP00245,3,0,0.0,6.699984335348135e-20,0.0009015043204292181,0.0,0.13043478260869565,0.0,0.0,1.8723398364813415e-19,0.06305717071718744,0.0419,"Hj. Rahayu Lazuardi, M.Farm",Product,Senior Staff,Information Broker
EMP00203,3,0,0.0,5.036575391098785e-11,0.0008945446479513544,0.0,0.13043478260869565,0.0,0.0,1.4074929540422354e-10,0.06257036522371691,0.0417,Empluk Sitorus,Product,Specialist,Information Broker
EMP00996,3,3,0.0,4.5195011621834665e-20,0.0008917732888328101,0.5,0.13043478260869565,0.125,0.0,1.2629943061710356e-19,0.06237651804950318,0.0417,R.A. Michelle Kurniawan,Research,Lead,Information Broker
EMP00859,3,0,0.0,2.710457627957406e-23,0.0008876679238163075,0.0,0.13043478260869565,0.0,0.0,7.574492025518565e-23,0.062089361685594986,0.0416,Martani Tampubolon,Customer Success,Senior Staff,Information Broker
EMP00921,3,3,0.0,1.1521858365756308e-24,0.0008568965119017107,0.0,0.13043478260869565,0.125,0.0,3.2198335591153897e-24,0.05993700575081278,0.0411,Cahyono Palastri,IT Infrastructure,Lead,Information Broker
EMP00680,3,6,0.0,8.700946361082565e-25,0.0008433315796231027,0.16666666666666666,0.13043478260869565,0.25,0.0,2.4315173993754957e-24,0.05898818472902109,0.0408,"dr. Salwa Situmorang, S.Pt",Operations,Staff,Central Connector
EMP00978,3,0,0.0,8.700946361082565e-25,0.0008433315796231027,0.0,0.13043478260869565,0.0,0.0,2.4315173993754957e-24,0.05898818472902109,0.0408,Karen Saputra,Research,Staff,Information Broker
EMP00836,3,12,0.0,8.700946361082565e-25,0.0008433315796231027,0.0,0.13043478260869565,0.5,0.0,2.4315173993754957e-24,0.05898818472902109,0.0408,"Perkasa Riyanti, S.Pt",Customer Success,Senior Staff,Central Connector
EMP00979,3,3,0.0,8.700946361082565e-25,0.0008433315796231027,0.0,0.13043478260869565,0.125,0.0,2.4315173993754957e-24,0.05898818472902109,0.0408,Cahyadi Irawan,Research,Staff,Information Broker
EMP00881,3,0,0.0,1.1521858365756308e-24,0.0008243406744330513,0.0,0.13043478260869565,0.0,0.0,3.2198335591153897e-24,0.05765983529851272,0.0405,Sutan Hendri Salahudin,IT Infrastructure,Staff,Information Broker
EMP00742,3,10,0.0,2.840508343537271e-12,0.000812135833678142,0.09172020135818408,0.13043478260869565,0.4166666666666667,0.0,7.937924420813012e-12,0.056806148067494254,0.0403,drg. Prakosa Pudjiastuti,Data & Analytics,Senior Staff,Central Connector
EMP00508,3,0,0.0,8.700946361082565e-25,0.0008005562603216928,0.0,0.13043478260869565,0.0,0.0,2.4315173993754957e-24,0.05599619617106611,0.0401,Gangsar Astuti,Finance,Specialist,Information Broker
EMP00269,3,0,0.0,8.700946361082565e-25,0.0008005562603216928,0.0,0.13043478260869565,0.0,0.0,2.4315173993754957e-24,0.05599619617106611,0.0401,Nabila Puspasari,Marketing,Senior Staff,Information Broker
EMP00312,3,0,0.0,8.700946361082565e-25,0.0008005562603216928,0.0,0.13043478260869565,0.0,0.0,2.4315173993754957e-24,0.05599619617106611,0.0401,"T. Legawa Purnawati, S.Pd",Marketing,Staff,Information Broker
EMP00810,3,0,0.0,6.574718916868589e-20,0.0007877770332586254,0.0,0.13043478260869565,0.0,0.0,1.837333869091931e-19,0.055102332565214636,0.0399,Puti Juli Suryono,Customer Success,Senior Staff,Information Broker
EMP00851,3,6,0.0,2.11806610697592e-23,0.0007720788158337676,0.0,0.13043478260869565,0.25,0.0,5.919028090064786e-23,0.054004295480219316,0.0396,Indra Situmorang,Customer Success,Staff,Central Connector
EMP00847,3,0,0.0,2.3821034706133826e-26,0.0007483770536728456,0.0,0.13043478260869565,0.0,0.0,6.656892015581328e-26,0.052346437576479214,0.0392,Kurnia Hariyah,Customer Success,Senior Staff,Information Broker
EMP00639,3,6,0.0,2.3821034706133826e-26,0.0007483770536728456,0.16666666666666666,0.13043478260869565,0.25,0.0,6.656892015581328e-26,0.052346437576479214,0.0392,"Sutan Timbul Gunarto, S.Psi",Operations,Staff,Central Connector
EMP00782,3,0,0.0,2.3821034706133826e-26,0.0007483770536728456,0.0,0.13043478260869565,0.0,0.0,6.656892015581328e-26,0.052346437576479214,0.0392,KH. Najam Saefullah,Customer Success,Staff,Information Broker
EMP00611,3,3,0.0,2.3821034706133826e-26,0.0007483770536728456,0.0,0.13043478260869565,0.125,0.0,6.656892015581328e-26,0.052346437576479214,0.0392,Ajiman Rajasa,Operations,Senior Staff,Information Broker
EMP00643,3,3,0.0,2.3821034706133826e-26,0.0007483770536728456,0.0,0.13043478260869565,0.125,0.0,6.656892015581328e-26,0.052346437576479214,0.0392,"Cut Zelaya Yolanda, S.Psi",Operations,Senior Staff,Information Broker
EMP00097,3,0,0.0,2.3821034706133826e-26,0.0007483770536728456,0.0,0.13043478260869565,0.0,0.0,6.656892015581328e-26,0.052346437576479214,0.0392,"Uchita Puspita, M.Kom.",Engineering,Staff,Information Broker
EMP00242,3,12,0.0,2.3821034706133826e-26,0.0007483770536728456,0.0,0.13043478260869565,0.5,0.0,6.656892015581328e-26,0.052346437576479214,0.0392,"Faizah Hutagalung, M.Farm",Product,Specialist,Central Connector
EMP00276,3,0,0.0,2.3821034706133826e-26,0.0007483770536728456,0.0,0.13043478260869565,0.0,0.0,6.656892015581328e-26,0.052346437576479214,0.0392,"Novi Saefullah, M.Farm",Marketing,Staff,Information Broker
EMP00498,3,3,0.0,2.3821034706133826e-26,0.0007483770536728456,0.5,0.13043478260869565,0.125,0.0,6.656892015581328e-26,0.052346437576479214,0.0392,Harimurti Andriani,Finance,Specialist,Information Broker
EMP00483,3,0,0.0,2.3821034706133826e-26,0.0007483770536728456,0.0,0.13043478260869565,0.0,0.0,6.656892015581328e-26,0.052346437576479214,0.0392,Tgk. Kamila Jailani,Sales,Specialist,Information Broker
EMP00971,3,0,0.0,2.3821034706133826e-26,0.0007483770536728456,0.0,0.13043478260869565,0.0,0.0,6.656892015581328e-26,0.052346437576479214,0.0392,Prasetyo Safitri,Research,Senior Staff,Information Broker
EMP00962,3,3,0.0,2.3821034706133826e-26,0.0007483770536728456,0.0,0.13043478260869565,0.125,0.0,6.656892015581328e-26,0.052346437576479214,0.0392,"H. Nyoman Hutapea, M.TI.",Research,Manager,Information Broker
EMP00975,3,3,0.0,2.3821034706133826e-26,0.0007483770536728456,0.0,0.13043478260869565,0.125,0.0,6.656892015581328e-26,0.052346437576479214,0.0392,Okta Wibisono,Research,Senior Staff,Information Broker
EMP00478,3,0,0.0,2.3821034706133826e-26,0.0007483770536728456,0.0,0.13043478260869565,0.0,0.0,6.656892015581328e-26,0.052346437576479214,0.0392,"Ulya Wahyudin, S.E.I",Sales,Senior Staff,Information Broker
EMP00263,3,3,0.0,2.3821034706133826e-26,0.0007483770536728456,0.0,0.13043478260869565,0.125,0.0,6.656892015581328e-26,0.052346437576479214,0.0392,"Laila Lestari, M.Pd",Marketing,Senior Staff,Information Broker
EMP00279,3,3,0.0,2.3821034706133826e-26,0.0007483770536728456,0.0,0.13043478260869565,0.125,0.0,6.656892015581328e-26,0.052346437576479214,0.0392,Gada Budiman,Marketing,Staff,Information Broker
EMP00282,3,0,0.0,2.3821034706133826e-26,0.0007483770536728456,0.0,0.13043478260869565,0.0,0.0,6.656892015581328e-26,0.052346437576479214,0.0392,Tami Mahendra,Marketing,Staff,Information Broker
EMP00278,3,0,0.0,2.3821034706133826e-26,0.0007483770536728456,0.0,0.13043478260869565,0.0,0.0,6.656892015581328e-26,0.052346437576479214,0.0392,"R.A. Ida Pradana, S.I.Kom",Marketing,Specialist,Information Broker
EMP00265,3,4,0.0,2.3821034706133826e-26,0.0007483770536728456,0.0,0.13043478260869565,0.16666666666666666,0.0,6.656892015581328e-26,0.052346437576479214,0.0392,Widya Budiyanto,Marketing,Specialist,Information Broker
EMP00811,3,0,0.0,2.3821034706133826e-26,0.0007483770536728456,0.0,0.13043478260869565,0.0,0.0,6.656892015581328e-26,0.052346437576479214,0.0392,Syahrini Palastri,Customer Success,Staff,Information Broker
EMP00819,3,0,0.0,2.3821034706133826e-26,0.0007483770536728456,0.0,0.13043478260869565,0.0,0.0,6.656892015581328e-26,0.052346437576479214,0.0392,Tgk. Bakianto Wacana,Customer Success,Specialist,Information Broker
EMP00319,3,7,0.0,2.3821034706133826e-26,0.0007483770536728456,0.0,0.13043478260869565,0.2916666666666667,0.0,6.656892015581328e-26,0.052346437576479214,0.0392,Yono Wulandari,Marketing,Staff,Central Connector
EMP00998,3,3,0.0,2.3821034706133826e-26,0.0007483770536728456,0.0,0.13043478260869565,0.125,0.0,6.656892015581328e-26,0.052346437576479214,0.0392,Juli Safitri,Research,Senior Staff,Information Broker
EMP00436,3,0,0.0,2.3821034706133826e-26,0.0007483770536728456,0.0,0.13043478260869565,0.0,0.0,6.656892015581328e-26,0.052346437576479214,0.0392,Mahfud Uwais,Sales,Specialist,Information Broker
EMP00937,3,6,0.0,2.3821034706133826e-26,0.0007483770536728456,0.0,0.13043478260869565,0.25,0.0,6.656892015581328e-26,0.052346437576479214,0.0392,Karna Maryadi,Research,Staff,Central Connector
EMP00943,3,0,0.0,2.3821034706133826e-26,0.0007483770536728456,0.0,0.13043478260869565,0.0,0.0,6.656892015581328e-26,0.052346437576479214,0.0392,"Genta Salahudin, S.Pt",Research,Specialist,Information Broker
EMP00443,3,4,0.0,2.3821034706133826e-26,0.0007483770536728456,0.0,0.13043478260869565,0.16666666666666666,0.0,6.656892015581328e-26,0.052346437576479214,0.0392,Budi Pratiwi,Sales,Specialist,Information Broker
EMP00842,3,4,0.0,2.3821034706133826e-26,0.0007483770536728456,0.0,0.13043478260869565,0.16666666666666666,0.0,6.656892015581328e-26,0.052346437576479214,0.0392,"Drs. Maimunah Latupono, S.Kom",Customer Success,Senior Staff,Information Broker
EMP00415,3,0,0.0,2.3821034706133826e-26,0.0007483770536728456,0.0,0.13043478260869565,0.0,0.0,6.656892015581328e-26,0.052346437576479214,0.0392,Eman Nasyiah,Sales,Senior Staff,Information Broker
EMP00930,3,3,0.0,2.3821034706133826e-26,0.0007483770536728456,0.0,0.13043478260869565,0.125,0.0,6.656892015581328e-26,0.052346437576479214,0.0392,Hj. Salwa Susanti,IT Infrastructure,Staff,Information Broker
EMP00601,3,0,0.0,2.3821034706133826e-26,0.0007483770536728456,0.0,0.13043478260869565,0.0,0.0,6.656892015581328e-26,0.052346437576479214,0.0392,Warsita Prasetya,Operations,Senior Manager,Information Broker
EMP00850,3,6,0.0,2.3821034706133826e-26,0.0007483770536728456,0.0,0.13043478260869565,0.25,0.0,6.656892015581328e-26,0.052346437576479214,0.0392,"Gasti Prastuti, S.Pt",Customer Success,Senior Staff,Central Connector
EMP00597,3,0,0.0,2.3821034706133826e-26,0.0007483770536728456,0.0,0.13043478260869565,0.0,0.0,6.656892015581328e-26,0.052346437576479214,0.0392,Narji Maryati,Operations,Specialist,Information Broker
EMP00878,3,0,0.0,2.3821034706133826e-26,0.0007483770536728456,0.0,0.13043478260869565,0.0,0.0,6.656892015581328e-26,0.052346437576479214,0.0392,Ratih Rahimah,IT Infrastructure,Specialist,Information Broker
EMP00884,3,0,0.0,2.3821034706133826e-26,0.0007164798416936333,0.0,0.13043478260869565,0.0,0.0,6.656892015581328e-26,0.05011533574413538,0.0386,Puti Lailasari,IT Infrastructure,Senior Staff,Information Broker
EMP00653,3,0,0.0,2.3821034706133826e-26,0.0007164798416936333,0.0,0.13043478260869565,0.0,0.0,6.656892015581328e-26,0.05011533574413538,0.0386,Salimah Sihombing,Operations,Staff,Information Broker
EMP00281,3,3,0.0,2.3821034706133826e-26,0.0007164798416936333,0.0,0.13043478260869565,0.125,0.0,6.656892015581328e-26,0.05011533574413538,0.0386,Asmadi Puspasari,Marketing,Staff,Information Broker
EMP00795,3,3,0.0,2.0334387468357083e-23,0.0007044078137896849,0.0,0.13043478260869565,0.125,0.0,5.68253324214282e-23,0.04927093832174755,0.0384,Baktianto Zulkarnain,Customer Success,Senior Staff,Information Broker
EMP00798,3,3,0.0,2.0334387468357083e-23,0.0007044078137896849,0.0,0.13043478260869565,0.125,0.0,5.68253324214282e-23,0.04927093832174755,0.0384,Yoga Pudjiastuti,Customer Success,Senior Staff,Information Broker
EMP00801,3,0,0.0,2.0334387468357083e-23,0.0007044078137896849,0.0,0.13043478260869565,0.0,0.0,5.68253324214282e-23,0.04927093832174755,0.0384,Praba Suwarno,Customer Success,Senior Staff,Information Broker
EMP00228,3,0,0.0,8.700946361082565e-25,0.000684214074720731,0.0,0.13043478260869565,0.0,0.0,2.4315173993754957e-24,0.047858454739546745,0.0381,"dr. Estiawan Andriani, S.T.",Product,Senior Staff,Information Broker
EMP00248,3,0,0.0,8.700946361082565e-25,0.000684214074720731,0.0,0.13043478260869565,0.0,0.0,2.4315173993754957e-24,0.047858454739546745,0.0381,"Ganep Budiman, S.Farm",Product,Senior Staff,Information Broker
EMP00178,3,0,0.0,2.3821034706133826e-26,0.0006739502257213502,0.0,0.13043478260869565,0.0,0.0,6.656892015581328e-26,0.04714053330101028,0.0379,Maimunah Wulandari,Engineering,Staff,Information Broker
EMP00739,3,0,0.0,2.3821034706133826e-26,0.0006739502257213502,0.0,0.13043478260869565,0.0,0.0,6.656892015581328e-26,0.04714053330101028,0.0379,Himawan Habibi,Data & Analytics,Lead,Information Broker
EMP00748,3,10,0.0,2.3821034706133826e-26,0.0006739502257213502,0.0,0.13043478260869565,0.4166666666666667,0.0,6.656892015581328e-26,0.04714053330101028,0.0379,Olivia Gunarto,Data & Analytics,Senior Staff,Central Connector
EMP00976,3,0,0.0,2.3821034706133826e-26,0.0006739502257213502,0.0,0.13043478260869565,0.0,0.0,6.656892015581328e-26,0.04714053330101028,0.0379,Karen Kurniawan,Research,Senior Staff,Information Broker
EMP00253,3,0,0.0,2.3821034706133826e-26,0.0006739502257213502,0.0,0.13043478260869565,0.0,0.0,6.656892015581328e-26,0.04714053330101028,0.0379,"drg. Jaka Fujiati, M.Farm",Product,Staff,Information Broker
EMP00860,3,7,0.0,2.3821034706133826e-26,0.0006739502257213502,0.0,0.13043478260869565,0.2916666666666667,0.0,6.656892015581328e-26,0.04714053330101028,0.0379,Cemani Nasyiah,Customer Success,Staff,Central Connector
EMP00869,3,3,0.0,2.3821034706133826e-26,0.0006739502257213502,0.0,0.13043478260869565,0.125,0.0,6.656892015581328e-26,0.04714053330101028,0.0379,"Ir. Hari Susanti, S.Ked",IT Infrastructure,Specialist,Information Broker
EMP00862,3,3,0.0,2.3821034706133826e-26,0.0006739502257213502,0.5,0.13043478260869565,0.125,0.0,6.656892015581328e-26,0.04714053330101028,0.0379,"Genta Adriansyah, S.Ked",IT Infrastructure,Specialist,Information Broker
EMP00086,3,0,0.0,2.3821034706133826e-26,0.0006739502257213502,0.0,0.13043478260869565,0.0,0.0,6.656892015581328e-26,0.04714053330101028,0.0379,drg. Cahyono Anggraini,Engineering,Staff,Information Broker
EMP00940,3,3,0.0,2.3821034706133826e-26,0.0006739502257213502,0.0,0.13043478260869565,0.125,0.0,6.656892015581328e-26,0.04714053330101028,0.0379,Wulan Widodo,Research,Lead,Information Broker
EMP00949,3,3,0.0,2.3821034706133826e-26,0.0006739502257213502,0.0,0.13043478260869565,0.125,0.0,6.656892015581328e-26,0.04714053330101028,0.0379,"drg. Septi Sitompul, M.Farm",Research,Specialist,Information Broker
EMP00989,3,0,0.0,2.3821034706133826e-26,0.0006739502257213502,0.0,0.13043478260869565,0.0,0.0,6.656892015581328e-26,0.04714053330101028,0.0379,Cahyono Santoso,Research,Specialist,Information Broker
EMP00213,3,0,0.0,5.036575391098785e-11,0.0006687708224256349,0.0,0.13043478260869565,0.0,0.0,1.4074929540422354e-10,0.046778251600934136,0.0378,Agnes Thamrin,Product,Manager,Information Broker
EMP00718,3,0,0.0,2.344715235967262e-12,0.0006585631533212498,0.0,0.13043478260869565,0.0,0.0,6.552408963622064e-12,0.04606425975557802,0.0376,Ganep Sudiati,Data & Analytics,Staff,Information Broker
EMP00788,3,0,0.0,2.3821034706133826e-26,0.0006367368117456024,0.0,0.13043478260869565,0.0,0.0,6.656892015581328e-26,0.0445375811632758,0.0372,Ulva Kuswandari,Customer Success,Staff,Information Broker
EMP00006,0,3,0.0,3.134346671859714e-28,0.0005250965698183592,0.0,0.0,0.125,0.0,8.75906844155438e-28,0.03672872475007239,0.0092,Daruna Mayasari,Engineering,Senior Staff,Information Broker
EMP00007,0,3,0.0,3.134346671859714e-28,0.0005250965698183592,0.0,0.0,0.125,0.0,8.75906844155438e-28,0.03672872475007239,0.0092,Cut Putri Napitupulu,Engineering,Specialist,Information Broker
EMP00008,0,0,0.0,3.134346671859714e-28,0.0005250965698183592,0.0,0.0,0.0,0.0,8.75906844155438e-28,0.03672872475007239,0.0092,"Sadina Palastri, S.Farm",Engineering,Specialist,Information Broker
EMP00009,0,0,0.0,3.134346671859714e-28,0.0005250965698183592,0.0,0.0,0.0,0.0,8.75906844155438e-28,0.03672872475007239,0.0092,Ikin Rahmawati,Engineering,Staff,Information Broker
EMP00010,0,0,0.0,3.134346671859714e-28,0.0005250965698183592,0.0,0.0,0.0,0.0,8.75906844155438e-28,0.03672872475007239,0.0092,Yessi Ardianto,Engineering,Senior Staff,Information Broker
EMP00011,0,0,0.0,3.134346671859714e-28,0.0005250965698183592,0.0,0.0,0.0,0.0,8.75906844155438e-28,0.03672872475007239,0.0092,"KH. Capa Anggraini, S.Psi",Engineering,Senior Staff,Information Broker
EMP00027,0,0,0.0,3.134346671859714e-28,0.0005250965698183592,0.0,0.0,0.0,0.0,8.75906844155438e-28,0.03672872475007239,0.0092,"Hesti Marpaung, M.M.",Engineering,Senior Staff,Information Broker
EMP00002,0,0,0.0,3.134346671859714e-28,0.0005250965698183592,0.0,0.0,0.0,0.0,8.75906844155438e-28,0.03672872475007239,0.0092,Darmana Mandala,Engineering,Senior Staff,Information Broker
EMP00003,0,0,0.0,3.134346671859714e-28,0.0005250965698183592,0.0,0.0,0.0,0.0,8.75906844155438e-28,0.03672872475007239,0.0092,"Ciaobella Wastuti, M.Pd",Engineering,Staff,Information Broker
EMP00997,0,10,0.0,3.134346671859714e-28,0.0005250965698183592,0.0,0.0,0.4166666666666667,0.0,8.75906844155438e-28,0.03672872475007239,0.0092,Gadang Ardianto,Research,Senior Staff,Central Connector
EMP00980,0,6,0.0,3.134346671859714e-28,0.0005250965698183592,0.0,0.0,0.25,0.0,8.75906844155438e-28,0.03672872475007239,0.0092,Irfan Hassanah,Research,Senior Staff,Central Connector
EMP00969,0,3,0.0,3.134346671859714e-28,0.0005250965698183592,0.0,0.0,0.125,0.0,8.75906844155438e-28,0.03672872475007239,0.0092,dr. Ian Nashiruddin,Research,Specialist,Information Broker
EMP00966,0,0,0.0,3.134346671859714e-28,0.0005250965698183592,0.0,0.0,0.0,0.0,8.75906844155438e-28,0.03672872475007239,0.0092,drg. Vicky Simbolon,Research,Specialist,Information Broker
EMP00036,0,0,0.0,3.134346671859714e-28,0.0005250965698183592,0.0,0.0,0.0,0.0,8.75906844155438e-28,0.03672872475007239,0.0092,Panca Purwanti,Engineering,Staff,Information Broker
EMP00035,0,0,0.0,3.134346671859714e-28,0.0005250965698183592,0.0,0.0,0.0,0.0,8.75906844155438e-28,0.03672872475007239,0.0092,Eman Mandala,Engineering,Staff,Information Broker
EMP00034,0,0,0.0,3.134346671859714e-28,0.0005250965698183592,0.0,0.0,0.0,0.0,8.75906844155438e-28,0.03672872475007239,0.0092,Syahrini Haryanti,Engineering,Lead,Information Broker
EMP00033,0,0,0.0,3.134346671859714e-28,0.0005250965698183592,0.0,0.0,0.0,0.0,8.75906844155438e-28,0.03672872475007239,0.0092,"Iriana Prabowo, M.Kom.",Engineering,Senior Staff,Information Broker
EMP00031,0,0,0.0,3.134346671859714e-28,0.0005250965698183592,0.0,0.0,0.0,0.0,8.75906844155438e-28,0.03672872475007239,0.0092,Hasna Haryanto,Engineering,Staff,Information Broker
EMP00030,0,3,0.0,3.134346671859714e-28,0.0005250965698183592,0.0,0.0,0.125,0.0,8.75906844155438e-28,0.03672872475007239,0.0092,"Cut Ghaliyati Firmansyah, S.Psi",Engineering,Lead,Information Broker
EMP00029,0,0,0.0,3.134346671859714e-28,0.0005250965698183592,0.0,0.0,0.0,0.0,8.75906844155438e-28,0.03672872475007239,0.0092,"Puti Prasetya, S.Psi",Engineering,Lead,Information Broker
EMP00028,0,0,0.0,3.134346671859714e-28,0.0005250965698183592,0.0,0.0,0.0,0.0,8.75906844155438e-28,0.03672872475007239,0.0092,Humaira Uyainah,Engineering,Staff,Information Broker
EMP00013,0,0,0.0,3.134346671859714e-28,0.0005250965698183592,0.0,0.0,0.0,0.0,8.75906844155438e-28,0.03672872475007239,0.0092,"Tgk. Baktiono Iswahyudi, S.Sos",Engineering,Senior Staff,Information Broker
EMP00489,0,3,0.0,3.134346671859714e-28,0.0005250965698183592,0.0,0.0,0.125,0.0,8.75906844155438e-28,0.03672872475007239,0.0092,"Drs. Vivi Oktaviani, M.Ak",Sales,Senior Staff,Information Broker
EMP00488,0,0,0.0,3.134346671859714e-28,0.0005250965698183592,0.0,0.0,0.0,0.0,8.75906844155438e-28,0.03672872475007239,0.0092,R.A. Yani Aryani,Sales,Staff,Information Broker
EMP00487,0,0,0.0,3.134346671859714e-28,0.0005250965698183592,0.0,0.0,0.0,0.0,8.75906844155438e-28,0.03672872475007239,0.0092,Calista Setiawan,Sales,Senior Staff,Information Broker
EMP00486,0,0,0.0,3.134346671859714e-28,0.0005250965698183592,0.0,0.0,0.0,0.0,8.75906844155438e-28,0.03672872475007239,0.0092,Zulfa Puspita,Sales,Senior Staff,Information Broker
EMP00485,0,0,0.0,3.134346671859714e-28,0.0005250965698183592,0.0,0.0,0.0,0.0,8.75906844155438e-28,0.03672872475007239,0.0092,"Jaya Prasetyo, S.IP",Sales,Senior Staff,Information Broker
EMP00484,0,0,0.0,3.134346671859714e-28,0.0005250965698183592,0.0,0.0,0.0,0.0,8.75906844155438e-28,0.03672872475007239,0.0092,Drs. Gabriella Mangunsong,Sales,Senior Staff,Information Broker
EMP00482,0,0,0.0,3.134346671859714e-28,0.0005250965698183592,0.0,0.0,0.0,0.0,8.75906844155438e-28,0.03672872475007239,0.0092,"dr. Taswir Habibi, S.Pd",Sales,Specialist,Information Broker
EMP00481,0,6,0.0,3.134346671859714e-28,0.0005250965698183592,0.0,0.0,0.25,0.0,8.75906844155438e-28,0.03672872475007239,0.0092,Kamila Widiastuti,Sales,Senior Staff,Central Connector
EMP00480,0,3,0.0,3.134346671859714e-28,0.0005250965698183592,0.0,0.0,0.125,0.0,8.75906844155438e-28,0.03672872475007239,0.0092,Tgk. Mumpuni Maheswara,Sales,Specialist,Information Broker
EMP00479,0,6,0.0,3.134346671859714e-28,0.0005250965698183592,0.0,0.0,0.25,0.0,8.75906844155438e-28,0.03672872475007239,0.0092,Dt. Langgeng Purwanti,Sales,Staff,Central Connector
EMP00477,0,0,0.0,3.134346671859714e-28,0.0005250965698183592,0.0,0.0,0.0,0.0,8.75906844155438e-28,0.03672872475007239,0.0092,Ian Kuswoyo,Sales,Staff,Information Broker
EMP00476,0,0,0.0,3.134346671859714e-28,0.0005250965698183592,0.0,0.0,0.0,0.0,8.75906844155438e-28,0.03672872475007239,0.0092,Radika Hutasoit,Sales,Staff,Information Broker
EMP00475,0,0,0.0,3.134346671859714e-28,0.0005250965698183592,0.0,0.0,0.0,0.0,8.75906844155438e-28,0.03672872475007239,0.0092,"Virman Kusmawati, S.Pt",Sales,Specialist,Information Broker
EMP00474,0,6,0.0,3.134346671859714e-28,0.0005250965698183592,0.0,0.0,0.25,0.0,8.75906844155438e-28,0.03672872475007239,0.0092,"Dodo Wahyudin, S.E.I",Sales,Lead,Central Connector
EMP00473,0,0,0.0,3.134346671859714e-28,0.0005250965698183592,0.0,0.0,0.0,0.0,8.75906844155438e-28,0.03672872475007239,0.0092,Maria Sihotang,Sales,Staff,Information Broker
EMP00471,0,0,0.0,3.134346671859714e-28,0.0005250965698183592,0.0,0.0,0.0,0.0,8.75906844155438e-28,0.03672872475007239,0.0092,Jessica Hasanah,Sales,Senior Staff,Information Broker
EMP00467,0,0,0.0,3.134346671859714e-28,0.0005250965698183592,0.0,0.0,0.0,0.0,8.75906844155438e-28,0.03672872475007239,0.0092,T. Jaeman Mayasari,Sales,Specialist,Information Broker
EMP00466,0,0,0.0,3.134346671859714e-28,0.0005250965698183592,0.0,0.0,0.0,0.0,8.75906844155438e-28,0.03672872475007239,0.0092,"Jane Wibowo, M.Ak",Sales,Senior Staff,Information Broker
EMP00465,0,0,0.0,3.134346671859714e-28,0.0005250965698183592,0.0,0.0,0.0,0.0,8.75906844155438e-28,0.03672872475007239,0.0092,Hj. Restu Pudjiastuti,Sales,Staff,Information Broker
EMP00464,0,0,0.0,3.134346671859714e-28,0.0005250965698183592,0.0,0.0,0.0,0.0,8.75906844155438e-28,0.03672872475007239,0.0092,Budi Saefullah,Sales,Staff,Information Broker
EMP00463,0,0,0.0,3.134346671859714e-28,0.0005250965698183592,0.0,0.0,0.0,0.0,8.75906844155438e-28,0.03672872475007239,0.0092,Rachel Maulana,Sales,Staff,Information Broker
EMP00462,0,0,0.0,3.134346671859714e-28,0.0005250965698183592,0.0,0.0,0.0,0.0,8.75906844155438e-28,0.03672872475007239,0.0092,"Maimunah Hidayanto, S.Pt",Sales,Senior Staff,Information Broker
EMP00461,0,0,0.0,3.134346671859714e-28,0.0005250965698183592,0.0,0.0,0.0,0.0,8.75906844155438e-28,0.03672872475007239,0.0092,"drg. Maria Kurniawan, M.Kom.",Sales,Specialist,Information Broker
EMP00460,0,3,0.0,3.134346671859714e-28,0.0005250965698183592,0.0,0.0,0.125,0.0,8.75906844155438e-28,0.03672872475007239,0.0092,Aswani Kuswandari,Sales,Senior Staff,Information Broker
EMP00459,0,0,0.0,3.134346671859714e-28,0.0005250965698183592,0.0,0.0,0.0,0.0,8.75906844155438e-28,0.03672872475007239,0.0092,T. Jagapati Yuniar,Sales,Staff,Information Broker
EMP00458,0,0,0.0,3.134346671859714e-28,0.0005250965698183592,0.0,0.0,0.0,0.0,8.75906844155438e-28,0.03672872475007239,0.0092,Ozy Wahyuni,Sales,Staff,Information Broker
EMP00457,0,0,0.0,3.134346671859714e-28,0.0005250965698183592,0.0,0.0,0.0,0.0,8.75906844155438e-28,0.03672872475007239,0.0092,Sutan Warsita Susanti,Sales,Senior Staff,Information Broker
EMP00456,0,0,0.0,3.134346671859714e-28,0.0005250965698183592,0.0,0.0,0.0,0.0,8.75906844155438e-28,0.03672872475007239,0.0092,Drs. Balangga Hartati,Sales,Specialist,Information Broker
EMP00455,0,0,0.0,3.134346671859714e-28,0.0005250965698183592,0.0,0.0,0.0,0.0,8.75906844155438e-28,0.03672872475007239,0.0092,Melinda Tarihoran,Sales,Staff,Information Broker
EMP00454,0,3,0.0,3.134346671859714e-28,0.0005250965698183592,0.0,0.0,0.125,0.0,8.75906844155438e-28,0.03672872475007239,0.0092,R. Panca Haryanto,Sales,Senior Staff,Information Broker
EMP00453,0,0,0.0,3.134346671859714e-28,0.0005250965698183592,0.0,0.0,0.0,0.0,8.75906844155438e-28,0.03672872475007239,0.0092,Budi Andriani,Sales,Senior Staff,Information Broker
EMP00490,0,3,0.0,3.134346671859714e-28,0.0005250965698183592,0.0,0.0,0.125,0.0,8.75906844155438e-28,0.03672872475007239,0.0092,"Margana Puspita, S.Ked",Sales,Staff,Information Broker
EMP00517,0,6,0.0,3.134346671859714e-28,0.0005250965698183592,0.0,0.0,0.25,0.0,8.75906844155438e-28,0.03672872475007239,0.0092,Cager Wibowo,Finance,Staff,Central Connector
EMP00452,0,0,0.0,3.134346671859714e-28,0.0005250965698183592,0.0,0.0,0.0,0.0,8.75906844155438e-28,0.03672872475007239,0.0092,Cayadi Saptono,Sales,Senior Staff,Information Broker
EMP00451,0,0,0.0,3.134346671859714e-28,0.0005250965698183592,0.0,0.0,0.0,0.0,8.75906844155438e-28,0.03672872475007239,0.0092,"KH. Dasa Rahmawati, S.Psi",Sales,Specialist,Information Broker
EMP00450,0,0,0.0,3.134346671859714e-28,0.0005250965698183592,0.0,0.0,0.0,0.0,8.75906844155438e-28,0.03672872475007239,0.0092,Aditya Tamba,Sales,Lead,Information Broker
EMP00449,0,0,0.0,3.134346671859714e-28,0.0005250965698183592,0.0,0.0,0.0,0.0,8.75906844155438e-28,0.03672872475007239,0.0092,"R.M. Balapati Wijayanti, S.Ked",Sales,Specialist,Information Broker
EMP00448,0,0,0.0,3.134346671859714e-28,0.0005250965698183592,0.0,0.0,0.0,0.0,8.75906844155438e-28,0.03672872475007239,0.0092,Kayun Ramadan,Sales,Senior Staff,Information Broker
EMP00447,0,3,0.0,3.134346671859714e-28,0.0005250965698183592,0.0,0.0,0.125,0.0,8.75906844155438e-28,0.03672872475007239,0.0092,Enteng Maulana,Sales,Staff,Information Broker
EMP00446,0,0,0.0,3.134346671859714e-28,0.0005250965698183592,0.0,0.0,0.0,0.0,8.75906844155438e-28,0.03672872475007239,0.0092,"R.A. Julia Maulana, M.Ak",Sales,Lead,Information Broker
EMP00445,0,0,0.0,3.134346671859714e-28,0.0005250965698183592,0.0,0.0,0.0,0.0,8.75906844155438e-28,0.03672872475007239,0.0092,Langgeng Pratama,Sales,Senior Staff,Information Broker
EMP00444,0,0,0.0,3.134346671859714e-28,0.0005250965698183592,0.0,0.0,0.0,0.0,8.75906844155438e-28,0.03672872475007239,0.0092,Bagiya Puspasari,Sales,Staff,Information Broker
EMP00440,0,0,0.0,3.134346671859714e-28,0.0005250965698183592,0.0,0.0,0.0,0.0,8.75906844155438e-28,0.03672872475007239,0.0092,Mujur Prabowo,Sales,Specialist,Information Broker
EMP00437,0,0,0.0,3.134346671859714e-28,0.0005250965698183592,0.0,0.0,0.0,0.0,8.75906844155438e-28,0.03672872475007239,0.0092,Ir. Gatot Halim,Sales,Senior Staff,Information Broker
EMP00511,0,6,0.0,3.134346671859714e-28,0.0005250965698183592,0.0,0.0,0.25,0.0,8.75906844155438e-28,0.03672872475007239,0.0092,"Gaiman Gunawan, S.H.",Finance,Staff,Central Connector
EMP00510,0,7,0.0,3.134346671859714e-28,0.0005250965698183592,0.0,0.0,0.2916666666666667,0.0,8.75906844155438e-28,0.03672872475007239,0.0092,"Lega Laksita, M.TI.",Finance,Specialist,Central Connector
EMP00502,0,0,0.0,3.134346671859714e-28,0.0005250965698183592,0.0,0.0,0.0,0.0,8.75906844155438e-28,0.03672872475007239,0.0092,Candrakanta Safitri,Finance,Staff,Information Broker
EMP00468,0,0,0.0,3.134346671859714e-28,0.0005250965698183592,0.0,0.0,0.0,0.0,8.75906844155438e-28,0.03672872475007239,0.0092,drg. Cinthia Latupono,Sales,Senior Staff,Information Broker
EMP00430,0,0,0.0,3.134346671859714e-28,0.0005250965698183592,0.0,0.0,0.0,0.0,8.75906844155438e-28,0.03672872475007239,0.0092,Rini Mangunsong,Sales,Staff,Information Broker
EMP00429,0,0,0.0,3.134346671859714e-28,0.0005250965698183592,0.0,0.0,0.0,0.0,8.75906844155438e-28,0.03672872475007239,0.0092,Salsabila Namaga,Sales,Staff,Information Broker
EMP00428,0,0,0.0,3.134346671859714e-28,0.0005250965698183592,0.0,0.0,0.0,0.0,8.75906844155438e-28,0.03672872475007239,0.0092,Harsanto Hasanah,Sales,Specialist,Information Broker
EMP00427,0,0,0.0,3.134346671859714e-28,0.0005250965698183592,0.0,0.0,0.0,0.0,8.75906844155438e-28,0.03672872475007239,0.0092,Daryani Nasyiah,Sales,Lead,Information Broker
EMP00425,0,0,0.0,3.134346671859714e-28,0.0005250965698183592,0.0,0.0,0.0,0.0,8.75906844155438e-28,0.03672872475007239,0.0092,Warsita Firgantoro,Sales,Specialist,Information Broker
EMP00424,0,0,0.0,3.134346671859714e-28,0.0005250965698183592,0.0,0.0,0.0,0.0,8.75906844155438e-28,0.03672872475007239,0.0092,"Hasan Latupono, S.E.I",Sales,Specialist,Information Broker
EMP00421,0,3,0.0,3.134346671859714e-28,0.0005250965698183592,0.0,0.0,0.125,0.0,8.75906844155438e-28,0.03672872475007239,0.0092,Drs. Jane Suryatmi,Sales,Staff,Information Broker
EMP00530,0,0,0.0,3.134346671859714e-28,0.0005250965698183592,0.0,0.0,0.0,0.0,8.75906844155438e-28,0.03672872475007239,0.0092,Paramita Hutapea,Finance,Lead,Information Broker
EMP00528,0,13,0.0,3.134346671859714e-28,0.0005250965698183592,0.09172020135818408,0.0,0.5416666666666666,0.0,8.75906844155438e-28,0.03672872475007239,0.0092,Ibrani Kurniawan,Finance,Senior Staff,Central Connector
EMP00525,0,0,0.0,3.134346671859714e-28,0.0005250965698183592,0.0,0.0,0.0,0.0,8.75906844155438e-28,0.03672872475007239,0.0092,Halim Damanik,Finance,Specialist,Information Broker
EMP00524,0,3,0.0,3.134346671859714e-28,0.0005250965698183592,0.0,0.0,0.125,0.0,8.75906844155438e-28,0.03672872475007239,0.0092,"Suci Agustina, S.Pd",Finance,Specialist,Information Broker
EMP00523,0,3,0.0,3.134346671859714e-28,0.0005250965698183592,0.0,0.0,0.125,0.0,8.75906844155438e-28,0.03672872475007239,0.0092,drg. Queen Waskita,Finance,Lead,Information Broker
EMP00522,0,6,0.0,3.134346671859714e-28,0.0005250965698183592,0.5,0.0,0.25,0.0,8.75906844155438e-28,0.03672872475007239,0.0092,Setya Sihotang,Finance,Staff,Central Connector
EMP00521,0,3,0.0,3.134346671859714e-28,0.0005250965698183592,0.0,0.0,0.125,0.0,8.75906844155438e-28,0.03672872475007239,0.0092,Anita Haryanti,Finance,Staff,Information Broker
EMP00520,0,3,0.0,3.134346671859714e-28,0.0005250965698183592,0.0,0.0,0.125,0.0,8.75906844155438e-28,0.03672872475007239,0.0092,Hasta Gunarto,Finance,Senior Staff,Information Broker
EMP00518,0,0,0.0,3.134346671859714e-28,0.0005250965698183592,0.0,0.0,0.0,0.0,8.75906844155438e-28,0.03672872475007239,0.0092,H. Dartono Mardhiyah,Finance,Specialist,Information Broker
EMP00414,0,0,0.0,3.134346671859714e-28,0.0005250965698183592,0.0,0.0,0.0,0.0,8.75906844155438e-28,0.03672872475007239,0.0092,"Drs. Karimah Iswahyudi, S.Sos",Sales,Specialist,Information Broker
EMP00412,0,4,0.0,3.134346671859714e-28,0.0005250965698183592,0.0,0.0,0.16666666666666666,0.0,8.75906844155438e-28,0.03672872475007239,0.0092,Citra Megantara,Sales,Senior Staff,Information Broker
EMP00411,0,0,0.0,3.134346671859714e-28,0.0005250965698183592,0.0,0.0,0.0,0.0,8.75906844155438e-28,0.03672872475007239,0.0092,"T. Pangeran Sirait, S.IP",Sales,Staff,Information Broker
EMP00409,0,0,0.0,3.134346671859714e-28,0.0005250965698183592,0.0,0.0,0.0,0.0,8.75906844155438e-28,0.03672872475007239,0.0092,T. Radika Marbun,Sales,Senior Staff,Information Broker
EMP00408,0,3,0.0,3.134346671859714e-28,0.0005250965698183592,0.0,0.0,0.125,0.0,8.75906844155438e-28,0.03672872475007239,0.0092,"Dr. Taufik Utama, M.TI.",Sales,Staff,Information Broker
EMP00407,0,0,0.0,3.134346671859714e-28,0.0005250965698183592,0.0,0.0,0.0,0.0,8.75906844155438e-28,0.03672872475007239,0.0092,Daliono Mustofa,Sales,Senior Staff,Information Broker
EMP00406,0,0,0.0,3.134346671859714e-28,0.0005250965698183592,0.0,0.0,0.0,0.0,8.75906844155438e-28,0.03672872475007239,0.0092,Ulva Agustina,Sales,Staff,Information Broker
EMP00548,0,6,0.0,3.134346671859714e-28,0.0005250965698183592,0.0,0.0,0.25,0.0,8.75906844155438e-28,0.03672872475007239,0.0092,Galak Hariyah,Finance,Staff,Central Connector
EMP00543,0,0,0.0,3.134346671859714e-28,0.0005250965698183592,0.0,0.0,0.0,0.0,8.75906844155438e-28,0.03672872475007239,0.0092,"Makara Oktaviani, S.Psi",Finance,Staff,Information Broker
EMP00542,0,0,0.0,3.134346671859714e-28,0.0005250965698183592,0.0,0.0,0.0,0.0,8.75906844155438e-28,0.03672872475007239,0.0092,"Drs. Ikin Zulaika, M.Farm",Finance,Senior Staff,Information Broker
EMP00538,0,3,0.0,3.134346671859714e-28,0.0005250965698183592,0.0,0.0,0.125,0.0,8.75906844155438e-28,0.03672872475007239,0.0092,Faizah Natsir,Finance,Senior Staff,Information Broker
EMP00535,0,0,0.0,3.134346671859714e-28,0.0005250965698183592,0.0,0.0,0.0,0.0,8.75906844155438e-28,0.03672872475007239,0.0092,Utama Tampubolon,Finance,Senior Staff,Information Broker
EMP00435,0,3,0.0,3.134346671859714e-28,0.0005250965698183592,0.0,0.0,0.125,0.0,8.75906844155438e-28,0.03672872475007239,0.0092,Sabar Tarihoran,Sales,Staff,Information Broker
EMP00434,0,0,0.0,3.134346671859714e-28,0.0005250965698183592,0.0,0.0,0.0,0.0,8.75906844155438e-28,0.03672872475007239,0.0092,Ibun Handayani,Sales,Lead,Information Broker
EMP00433,0,0,0.0,3.134346671859714e-28,0.0005250965698183592,0.0,0.0,0.0,0.0,8.75906844155438e-28,0.03672872475007239,0.0092,Muhammad Uwais,Sales,Lead,Information Broker
EMP00432,0,3,0.0,3.134346671859714e-28,0.0005250965698183592,0.0,0.0,0.125,0.0,8.75906844155438e-28,0.03672872475007239,0.0092,"Dr. Raisa Wasita, S.T.",Sales,Senior Staff,Information Broker
EMP00399,0,0,0.0,3.134346671859714e-28,0.0005250965698183592,0.0,0.0,0.0,0.0,8.75906844155438e-28,0.03672872475007239,0.0092,dr. Gawati Usada,Sales,Specialist,Information Broker
EMP00398,0,3,0.0,3.134346671859714e-28,0.0005250965698183592,0.0,0.0,0.125,0.0,8.75906844155438e-28,0.03672872475007239,0.0092,"Najwa Suwarno, S.H.",Sales,Manager,Information Broker
EMP00397,0,0,0.0,3.134346671859714e-28,0.0005250965698183592,0.0,0.0,0.0,0.0,8.75906844155438e-28,0.03672872475007239,0.0092,"Hj. Victoria Hardiansyah, M.Ak",Sales,Staff,Information Broker
EMP00396,0,0,0.0,3.134346671859714e-28,0.0005250965698183592,0.0,0.0,0.0,0.0,8.75906844155438e-28,0.03672872475007239,0.0092,Ajeng Pratiwi,Sales,Staff,Information Broker
EMP00395,0,0,0.0,3.134346671859714e-28,0.0005250965698183592,0.0,0.0,0.0,0.0,8.75906844155438e-28,0.03672872475007239,0.0092,"Ida Damanik, S.Sos",Sales,Senior Staff,Information Broker
EMP00394,0,3,0.0,3.134346671859714e-28,0.0005250965698183592,0.0,0.0,0.125,0.0,8.75906844155438e-28,0.03672872475007239,0.0092,dr. Ratih Sihombing,Sales,Senior Staff,Information Broker
EMP00393,0,3,0.0,3.134346671859714e-28,0.0005250965698183592,0.0,0.0,0.125,0.0,8.75906844155438e-28,0.03672872475007239,0.0092,Dasa Wibowo,Sales,Specialist,Information Broker
EMP00392,0,0,0.0,3.134346671859714e-28,0.0005250965698183592,0.0,0.0,0.0,0.0,8.75906844155438e-28,0.03672872475007239,0.0092,Harjo Laksmiwati,Sales,Specialist,Information Broker
EMP00391,0,0,0.0,3.134346671859714e-28,0.0005250965698183592,0.0,0.0,0.0,0.0,8.75906844155438e-28,0.03672872475007239,0.0092,"Hafshah Hasanah, S.Pd",Sales,Staff,Information Broker
EMP00390,0,0,0.0,3.134346671859714e-28,0.0005250965698183592,0.0,0.0,0.0,0.0,8.75906844155438e-28,0.03672872475007239,0.0092,Suci Anggraini,Sales,Specialist,Information Broker
EMP00389,0,3,0.0,3.134346671859714e-28,0.0005250965698183592,0.0,0.0,0.125,0.0,8.75906844155438e-28,0.03672872475007239,0.0092,Jelita Rahmawati,Sales,Senior Staff,Information Broker
EMP00557,0,7,0.0,3.134346671859714e-28,0.0005250965698183592,0.0,0.0,0.2916666666666667,0.0,8.75906844155438e-28,0.03672872475007239,0.0092,Ihsan Jailani,HR,Senior Staff,Central Connector
EMP00550,0,0,0.0,3.134346671859714e-28,0.0005250965698183592,0.0,0.0,0.0,0.0,8.75906844155438e-28,0.03672872475007239,0.0092,Yance Suwarno,Finance,Staff,Information Broker
EMP00420,0,0,0.0,3.134346671859714e-28,0.0005250965698183592,0.0,0.0,0.0,0.0,8.75906844155438e-28,0.03672872475007239,0.0092,Jarwi Dongoran,Sales,Specialist,Information Broker
EMP00417,0,3,0.0,3.134346671859714e-28,0.0005250965698183592,0.0,0.0,0.125,0.0,8.75906844155438e-28,0.03672872475007239,0.0092,"Pangestu Wulandari, S.T.",Sales,Staff,Information Broker
EMP00416,0,0,0.0,3.134346671859714e-28,0.0005250965698183592,0.0,0.0,0.0,0.0,8.75906844155438e-28,0.03672872475007239,0.0092,Jaeman Uwais,Sales,Senior Manager,Information Broker
EMP00382,0,0,0.0,3.134346671859714e-28,0.0005250965698183592,0.0,0.0,0.0,0.0,8.75906844155438e-28,0.03672872475007239,0.0092,"R.M. Cawisono Natsir, S.Pt",Sales,Lead,Information Broker
EMP00381,0,0,0.0,3.134346671859714e-28,0.0005250965698183592,0.0,0.0,0.0,0.0,8.75906844155438e-28,0.03672872475007239,0.0092,dr. Karya Zulaika,Sales,Staff,Information Broker
EMP00380,0,3,0.0,3.134346671859714e-28,0.0005250965698183592,0.0,0.0,0.125,0.0,8.75906844155438e-28,0.03672872475007239,0.0092,Dalima Prasasta,Sales,Senior Staff,Information Broker
EMP00379,0,0,0.0,3.134346671859714e-28,0.0005250965698183592,0.0,0.0,0.0,0.0,8.75906844155438e-28,0.03672872475007239,0.0092,Kani Wahyudin,Sales,Staff,Information Broker
EMP00378,0,0,0.0,3.134346671859714e-28,0.0005250965698183592,0.0,0.0,0.0,0.0,8.75906844155438e-28,0.03672872475007239,0.0092,Wulan Hakim,Sales,Specialist,Information Broker
EMP00377,0,0,0.0,3.134346671859714e-28,0.0005250965698183592,0.0,0.0,0.0,0.0,8.75906844155438e-28,0.03672872475007239,0.0092,"Ifa Dabukke, S.Gz",Sales,Specialist,Information Broker
EMP00376,0,0,0.0,3.134346671859714e-28,0.0005250965698183592,0.0,0.0,0.0,0.0,8.75906844155438e-28,0.03672872475007239,0.0092,"Cinthia Handayani, S.E.",Sales,Specialist,Information Broker
EMP00375,0,0,0.0,3.134346671859714e-28,0.0005250965698183592,0.0,0.0,0.0,0.0,8.75906844155438e-28,0.03672872475007239,0.0092,Cinthia Usada,Sales,Lead,Information Broker
EMP00373,0,0,0.0,3.134346671859714e-28,0.0005250965698183592,0.0,0.0,0.0,0.0,8.75906844155438e-28,0.03672872475007239,0.0092,Laswi Suwarno,Sales,Specialist,Information Broker
EMP00574,0,6,0.0,3.134346671859714e-28,0.0005250965698183592,0.0,0.0,0.25,0.0,8.75906844155438e-28,0.03672872475007239,0.0092,"R. Salsabila Novitasari, S.Pt",HR,Specialist,Central Connector
EMP00572,0,6,0.0,3.134346671859714e-28,0.0005250965698183592,0.5,0.0,0.25,0.0,8.75906844155438e-28,0.03672872475007239,0.0092,"Chelsea Saragih, M.Pd",HR,Senior Staff,Central Connector
EMP00404,0,0,0.0,3.134346671859714e-28,0.0005250965698183592,0.0,0.0,0.0,0.0,8.75906844155438e-28,0.03672872475007239,0.0092,Labuh Utama,Sales,Staff,Information Broker
EMP00403,0,4,0.0,3.134346671859714e-28,0.0005250965698183592,0.0,0.0,0.16666666666666666,0.0,8.75906844155438e-28,0.03672872475007239,0.0092,Winda Farida,Sales,Senior Staff,Information Broker
EMP00402,0,0,0.0,3.134346671859714e-28,0.0005250965698183592,0.0,0.0,0.0,0.0,8.75906844155438e-28,0.03672872475007239,0.0092,"Bakti Utami, S.Gz",Sales,Staff,Information Broker
EMP00401,0,0,0.0,3.134346671859714e-28,0.0005250965698183592,0.0,0.0,0.0,0.0,8.75906844155438e-28,0.03672872475007239,0.0092,"Perkasa Wahyuni, S.E.I",Sales,Specialist,Information Broker
EMP00400,0,3,0.0,3.134346671859714e-28,0.0005250965698183592,0.0,0.0,0.125,0.0,8.75906844155438e-28,0.03672872475007239,0.0092,Lukman Ramadan,Sales,Senior Staff,Information Broker
EMP00369,0,0,0.0,3.134346671859714e-28,0.0005250965698183592,0.0,0.0,0.0,0.0,8.75906844155438e-28,0.03672872475007239,0.0092,"Bajragin Sitompul, M.Pd",Sales,Staff,Information Broker
EMP00368,0,0,0.0,3.134346671859714e-28,0.0005250965698183592,0.0,0.0,0.0,0.0,8.75906844155438e-28,0.03672872475007239,0.0092,Sarah Widodo,Sales,Specialist,Information Broker
EMP00367,0,0,0.0,3.134346671859714e-28,0.0005250965698183592,0.0,0.0,0.0,0.0,8.75906844155438e-28,0.03672872475007239,0.0092,Jarwadi Saptono,Sales,Staff,Information Broker
EMP00361,0,0,0.0,3.134346671859714e-28,0.0005250965698183592,0.0,0.0,0.0,0.0,8.75906844155438e-28,0.03672872475007239,0.0092,"Prima Yulianti, S.E.I",Sales,Senior Staff,Information Broker
EMP00360,0,0,0.0,3.134346671859714e-28,0.0005250965698183592,0.0,0.0,0.0,0.0,8.75906844155438e-28,0.03672872475007239,0.0092,"Yessi Wibowo, S.Sos",Sales,Specialist,Information Broker
EMP00358,0,0,0.0,3.134346671859714e-28,0.0005250965698183592,0.0,0.0,0.0,0.0,8.75906844155438e-28,0.03672872475007239,0.0092,Sabri Zulkarnain,Sales,Staff,Information Broker
EMP00357,0,0,0.0,3.134346671859714e-28,0.0005250965698183592,0.0,0.0,0.0,0.0,8.75906844155438e-28,0.03672872475007239,0.0092,"Halima Pertiwi, S.Sos",Sales,Staff,Information Broker
EMP00595,0,0,0.0,3.134346671859714e-28,0.0005250965698183592,0.0,0.0,0.0,0.0,8.75906844155438e-28,0.03672872475007239,0.0092,"Drs. Cahyo Ramadan, S.Gz",Operations,Senior Staff,Information Broker
EMP00593,0,3,0.0,3.134346671859714e-28,0.0005250965698183592,0.0,0.0,0.125,0.0,8.75906844155438e-28,0.03672872475007239,0.0092,"dr. Jefri Nuraini, S.Farm",Operations,Senior Staff,Information Broker
EMP00592,0,6,0.0,3.134346671859714e-28,0.0005250965698183592,0.0,0.0,0.25,0.0,8.75906844155438e-28,0.03672872475007239,0.0092,Malika Suryono,Operations,Senior Staff,Central Connector
EMP00583,0,13,0.0,3.134346671859714e-28,0.0005250965698183592,0.08333333333333333,0.0,0.5416666666666666,0.0,8.75906844155438e-28,0.03672872475007239,0.0092,"Drs. Cahyadi Riyanti, S.Sos",HR,Specialist,Central Connector
EMP00388,0,0,0.0,3.134346671859714e-28,0.0005250965698183592,0.0,0.0,0.0,0.0,8.75906844155438e-28,0.03672872475007239,0.0092,"Kenes Manullang, S.Pt",Sales,Senior Staff,Information Broker
EMP00387,0,0,0.0,3.134346671859714e-28,0.0005250965698183592,0.0,0.0,0.0,0.0,8.75906844155438e-28,0.03672872475007239,0.0092,"Adika Hastuti, S.Pd",Sales,Staff,Information Broker
EMP00386,0,0,0.0,3.134346671859714e-28,0.0005250965698183592,0.0,0.0,0.0,0.0,8.75906844155438e-28,0.03672872475007239,0.0092,"Dodo Haryanti, S.T.",Sales,Senior Staff,Information Broker
EMP00385,0,0,0.0,3.134346671859714e-28,0.0005250965698183592,0.0,0.0,0.0,0.0,8.75906844155438e-28,0.03672872475007239,0.0092,Daru Hariyah,Sales,Senior Staff,Information Broker
EMP00383,0,0,0.0,3.134346671859714e-28,0.0005250965698183592,0.0,0.0,0.0,0.0,8.75906844155438e-28,0.03672872475007239,0.0092,drg. Raina Zulaika,Sales,Specialist,Information Broker
EMP00622,0,0,0.0,3.134346671859714e-28,0.0005250965698183592,0.0,0.0,0.0,0.0,8.75906844155438e-28,0.03672872475007239,0.0092,dr. Halima Pertiwi,Operations,Staff,Information Broker
EMP00616,0,3,0.0,3.134346671859714e-28,0.0005250965698183592,0.0,0.0,0.125,0.0,8.75906844155438e-28,0.03672872475007239,0.0092,Digdaya Andriani,Operations,Staff,Information Broker
EMP00614,0,0,0.0,3.134346671859714e-28,0.0005250965698183592,0.0,0.0,0.0,0.0,8.75906844155438e-28,0.03672872475007239,0.0092,Carla Suwarno,Operations,Specialist,Information Broker
EMP00613,0,0,0.0,3.134346671859714e-28,0.0005250965698183592,0.0,0.0,0.0,0.0,8.75906844155438e-28,0.03672872475007239,0.0092,H. Lulut Nuraini,Operations,Senior Manager,Information Broker
EMP00612,0,7,0.0,3.134346671859714e-28,0.0005250965698183592,0.0,0.0,0.2916666666666667,0.0,8.75906844155438e-28,0.03672872475007239,0.0092,Rafid Maryadi,Operations,Lead,Central Connector
EMP00608,0,3,0.0,3.134346671859714e-28,0.0005250965698183592,0.0,0.0,0.125,0.0,8.75906844155438e-28,0.03672872475007239,0.0092,Edison Halimah,Operations,Staff,Information Broker
EMP00607,0,0,0.0,3.134346671859714e-28,0.0005250965698183592,0.0,0.0,0.0,0.0,8.75906844155438e-28,0.03672872475007239,0.0092,"Hj. Juli Maulana, S.E.I",Operations,Senior Staff,Information Broker
EMP00606,0,3,0.0,3.134346671859714e-28,0.0005250965698183592,0.0,0.0,0.125,0.0,8.75906844155438e-28,0.03672872475007239,0.0092,Galuh Januar,Operations,Staff,Information Broker
EMP00605,0,0,0.0,3.134346671859714e-28,0.0005250965698183592,0.0,0.0,0.0,0.0,8.75906844155438e-28,0.03672872475007239,0.0092,Hardi Prasetyo,Operations,Specialist,Information Broker
EMP00604,0,6,0.0,3.134346671859714e-28,0.0005250965698183592,0.0,0.0,0.25,0.0,8.75906844155438e-28,0.03672872475007239,0.0092,Gilda Winarno,Operations,Specialist,Central Connector
EMP00602,0,0,0.0,3.134346671859714e-28,0.0005250965698183592,0.0,0.0,0.0,0.0,8.75906844155438e-28,0.03672872475007239,0.0092,"Dr. Kamaria Dongoran, S.Farm",Operations,Senior Staff,Information Broker
EMP00600,0,3,0.0,3.134346671859714e-28,0.0005250965698183592,0.0,0.0,0.125,0.0,8.75906844155438e-28,0.03672872475007239,0.0092,Radika Fujiati,Operations,Staff,Information Broker
EMP00599,0,3,0.0,3.134346671859714e-28,0.0005250965698183592,0.0,0.0,0.125,0.0,8.75906844155438e-28,0.03672872475007239,0.0092,Mila Mulyani,Operations,Senior Staff,Information Broker
EMP00372,0,0,0.0,3.134346671859714e-28,0.0005250965698183592,0.0,0.0,0.0,0.0,8.75906844155438e-28,0.03672872475007239,0.0092,Lasmanto Hidayat,Sales,Specialist,Information Broker
EMP00371,0,0,0.0,3.134346671859714e-28,0.0005250965698183592,0.0,0.0,0.0,0.0,8.75906844155438e-28,0.03672872475007239,0.0092,"Vanya Laksita, M.Pd",Sales,Staff,Information Broker
EMP00370,0,3,0.0,3.134346671859714e-28,0.0005250965698183592,0.0,0.0,0.125,0.0,8.75906844155438e-28,0.03672872475007239,0.0092,Jamalia Utami,Sales,Specialist,Information Broker
EMP00356,0,0,0.0,3.134346671859714e-28,0.0005250965698183592,0.0,0.0,0.0,0.0,8.75906844155438e-28,0.03672872475007239,0.0092,Janet Nainggolan,Sales,Staff,Information Broker
EMP00355,0,0,0.0,3.134346671859714e-28,0.0005250965698183592,0.0,0.0,0.0,0.0,8.75906844155438e-28,0.03672872475007239,0.0092,KH. Kenari Waluyo,Sales,Specialist,Information Broker
EMP00354,0,0,0.0,3.134346671859714e-28,0.0005250965698183592,0.0,0.0,0.0,0.0,8.75906844155438e-28,0.03672872475007239,0.0092,drg. Gangsar Sitorus,Sales,Staff,Information Broker
EMP00352,0,0,0.0,3.134346671859714e-28,0.0005250965698183592,0.0,0.0,0.0,0.0,8.75906844155438e-28,0.03672872475007239,0.0092,"Ifa Rahmawati, M.Farm",Sales,Senior Staff,Information Broker
EMP00351,0,0,0.0,3.134346671859714e-28,0.0005250965698183592,0.0,0.0,0.0,0.0,8.75906844155438e-28,0.03672872475007239,0.0092,"Dr. Emas Adriansyah, S.Pd",Sales,Staff,Information Broker
EMP00350,0,0,0.0,3.134346671859714e-28,0.0005250965698183592,0.0,0.0,0.0,0.0,8.75906844155438e-28,0.03672872475007239,0.0092,"Puti Ika Agustina, S.Psi",Sales,Staff,Information Broker
EMP00349,0,0,0.0,3.134346671859714e-28,0.0005250965698183592,0.0,0.0,0.0,0.0,8.75906844155438e-28,0.03672872475007239,0.0092,Drs. Ulva Mansur,Sales,Specialist,Information Broker
EMP00348,0,3,0.0,3.134346671859714e-28,0.0005250965698183592,0.0,0.0,0.125,0.0,8.75906844155438e-28,0.03672872475007239,0.0092,R.M. Harjo Nainggolan,Sales,Staff,Information Broker
EMP00347,0,0,0.0,3.134346671859714e-28,0.0005250965698183592,0.0,0.0,0.0,0.0,8.75906844155438e-28,0.03672872475007239,0.0092,"Dr. Nadine Prasasta, M.M.",Sales,Specialist,Information Broker
EMP00346,0,0,0.0,3.134346671859714e-28,0.0005250965698183592,0.0,0.0,0.0,0.0,8.75906844155438e-28,0.03672872475007239,0.0092,H. Empluk Agustina,Sales,Specialist,Information Broker
EMP00345,0,0,0.0,3.134346671859714e-28,0.0005250965698183592,0.0,0.0,0.0,0.0,8.75906844155438e-28,0.03672872475007239,0.0092,Tina Siregar,Sales,Staff,Information Broker
EMP00344,0,6,0.0,3.134346671859714e-28,0.0005250965698183592,0.0,0.0,0.25,0.0,8.75906844155438e-28,0.03672872475007239,0.0092,"Puti Malika Lazuardi, S.E.I",Sales,Staff,Central Connector
EMP00343,0,0,0.0,3.134346671859714e-28,0.0005250965698183592,0.0,0.0,0.0,0.0,8.75906844155438e-28,0.03672872475007239,0.0092,dr. Bakiman Prasetyo,Sales,Specialist,Information Broker
EMP00341,0,0,0.0,3.134346671859714e-28,0.0005250965698183592,0.0,0.0,0.0,0.0,8.75906844155438e-28,0.03672872475007239,0.0092,R.A. Titin Manullang,Sales,Specialist,Information Broker
EMP00627,0,3,0.0,3.134346671859714e-28,0.0005250965698183592,0.0,0.0,0.125,0.0,8.75906844155438e-28,0.03672872475007239,0.0092,Dt. Harsaya Halimah,Operations,Staff,Information Broker
EMP00625,0,0,0.0,3.134346671859714e-28,0.0005250965698183592,0.0,0.0,0.0,0.0,8.75906844155438e-28,0.03672872475007239,0.0092,Xanana Novitasari,Operations,Senior Staff,Information Broker
EMP00338,0,0,0.0,3.134346671859714e-28,0.0005250965698183592,0.0,0.0,0.0,0.0,8.75906844155438e-28,0.03672872475007239,0.0092,Wira Suwarno,Marketing,Senior Staff,Information Broker
EMP00337,0,4,0.0,3.134346671859714e-28,0.0005250965698183592,0.0,0.0,0.16666666666666666,0.0,8.75906844155438e-28,0.03672872475007239,0.0092,"Dt. Damu Santoso, M.Pd",Marketing,Lead,Information Broker
EMP00336,0,3,0.0,3.134346671859714e-28,0.0005250965698183592,0.0,0.0,0.125,0.0,8.75906844155438e-28,0.03672872475007239,0.0092,Dr. Sari Handayani,Marketing,Specialist,Information Broker
EMP00335,0,3,0.0,3.134346671859714e-28,0.0005250965698183592,0.0,0.0,0.125,0.0,8.75906844155438e-28,0.03672872475007239,0.0092,Karja Tarihoran,Marketing,Senior Staff,Information Broker
EMP00332,0,3,0.0,3.134346671859714e-28,0.0005250965698183592,0.0,0.0,0.125,0.0,8.75906844155438e-28,0.03672872475007239,0.0092,Prasetyo Waskita,Marketing,Specialist,Information Broker
EMP00331,0,0,0.0,3.134346671859714e-28,0.0005250965698183592,0.0,0.0,0.0,0.0,8.75906844155438e-28,0.03672872475007239,0.0092,Hafshah Sinaga,Marketing,Staff,Information Broker
EMP00644,0,6,0.0,3.134346671859714e-28,0.0005250965698183592,0.0,0.0,0.25,0.0,8.75906844155438e-28,0.03672872475007239,0.0092,Dewi Uwais,Operations,Staff,Central Connector
EMP00641,0,6,0.0,3.134346671859714e-28,0.0005250965698183592,0.0,0.0,0.25,0.0,8.75906844155438e-28,0.03672872475007239,0.0092,"Drs. Nabila Ramadan, S.Gz",Operations,Specialist,Central Connector
EMP00640,0,0,0.0,3.134346671859714e-28,0.0005250965698183592,0.0,0.0,0.0,0.0,8.75906844155438e-28,0.03672872475007239,0.0092,Oliva Widodo,Operations,Staff,Information Broker
EMP00638,0,3,0.0,3.134346671859714e-28,0.0005250965698183592,0.0,0.0,0.125,0.0,8.75906844155438e-28,0.03672872475007239,0.0092,Farah Gunawan,Operations,Senior Staff,Information Broker
EMP00636,0,0,0.0,3.134346671859714e-28,0.0005250965698183592,0.0,0.0,0.0,0.0,8.75906844155438e-28,0.03672872475007239,0.0092,"Natalia Usamah, S.E.",Operations,Senior Staff,Information Broker
EMP00635,0,3,0.0,3.134346671859714e-28,0.0005250965698183592,0.0,0.0,0.125,0.0,8.75906844155438e-28,0.03672872475007239,0.0092,Radika Hariyah,Operations,Specialist,Information Broker
EMP00633,0,0,0.0,3.134346671859714e-28,0.0005250965698183592,0.0,0.0,0.0,0.0,8.75906844155438e-28,0.03672872475007239,0.0092,Artawan Thamrin,Operations,Senior Staff,Information Broker
EMP00631,0,0,0.0,3.134346671859714e-28,0.0005250965698183592,0.0,0.0,0.0,0.0,8.75906844155438e-28,0.03672872475007239,0.0092,Halima Wahyuni,Operations,Staff,Information Broker
EMP00630,0,3,0.0,3.134346671859714e-28,0.0005250965698183592,0.0,0.0,0.125,0.0,8.75906844155438e-28,0.03672872475007239,0.0092,Winda Hidayat,Operations,Senior Staff,Information Broker
EMP00629,0,0,0.0,3.134346671859714e-28,0.0005250965698183592,0.0,0.0,0.0,0.0,8.75906844155438e-28,0.03672872475007239,0.0092,Hafshah Budiyanto,Operations,Lead,Information Broker
EMP00667,0,0,0.0,3.134346671859714e-28,0.0005250965698183592,0.0,0.0,0.0,0.0,8.75906844155438e-28,0.03672872475007239,0.0092,"Ihsan Uwais, S.I.Kom",Operations,Lead,Information Broker
EMP00664,0,0,0.0,3.134346671859714e-28,0.0005250965698183592,0.0,0.0,0.0,0.0,8.75906844155438e-28,0.03672872475007239,0.0092,Bagas Prakasa,Operations,Lead,Information Broker
EMP00662,0,3,0.0,3.134346671859714e-28,0.0005250965698183592,0.0,0.0,0.125,0.0,8.75906844155438e-28,0.03672872475007239,0.0092,Samsul Sudiati,Operations,Senior Staff,Information Broker
EMP00661,0,0,0.0,3.134346671859714e-28,0.0005250965698183592,0.0,0.0,0.0,0.0,8.75906844155438e-28,0.03672872475007239,0.0092,"H. Mustika Manullang, S.Ked",Operations,Lead,Information Broker
EMP00660,0,3,0.0,3.134346671859714e-28,0.0005250965698183592,0.0,0.0,0.125,0.0,8.75906844155438e-28,0.03672872475007239,0.0092,Karimah Mulyani,Operations,Specialist,Information Broker
EMP00659,0,0,0.0,3.134346671859714e-28,0.0005250965698183592,0.0,0.0,0.0,0.0,8.75906844155438e-28,0.03672872475007239,0.0092,Mumpuni Uyainah,Operations,Senior Staff,Information Broker
EMP00658,0,4,0.0,3.134346671859714e-28,0.0005250965698183592,0.0,0.0,0.16666666666666666,0.0,8.75906844155438e-28,0.03672872475007239,0.0092,Suci Hakim,Operations,Senior Staff,Information Broker
EMP00656,0,0,0.0,3.134346671859714e-28,0.0005250965698183592,0.0,0.0,0.0,0.0,8.75906844155438e-28,0.03672872475007239,0.0092,Melinda Gunarto,Operations,Staff,Information Broker
EMP00655,0,3,0.0,3.134346671859714e-28,0.0005250965698183592,0.0,0.0,0.125,0.0,8.75906844155438e-28,0.03672872475007239,0.0092,"Maria Marbun, M.M.",Operations,Staff,Information Broker
EMP00652,0,0,0.0,3.134346671859714e-28,0.0005250965698183592,0.0,0.0,0.0,0.0,8.75906844155438e-28,0.03672872475007239,0.0092,Ciaobella Hutapea,Operations,Staff,Information Broker
EMP00651,0,0,0.0,3.134346671859714e-28,0.0005250965698183592,0.0,0.0,0.0,0.0,8.75906844155438e-28,0.03672872475007239,0.0092,R. Puji Sihombing,Operations,Staff,Information Broker
EMP00650,0,6,0.0,3.134346671859714e-28,0.0005250965698183592,0.0,0.0,0.25,0.0,8.75906844155438e-28,0.03672872475007239,0.0092,"Lintang Hutapea, S.Farm",Operations,Specialist,Central Connector
EMP00649,0,0,0.0,3.134346671859714e-28,0.0005250965698183592,0.0,0.0,0.0,0.0,8.75906844155438e-28,0.03672872475007239,0.0092,Wani Hutasoit,Operations,Staff,Information Broker
EMP00648,0,3,0.0,3.134346671859714e-28,0.0005250965698183592,0.0,0.0,0.125,0.0,8.75906844155438e-28,0.03672872475007239,0.0092,Wirda Maryati,Operations,Specialist,Information Broker
EMP00647,0,3,0.0,3.134346671859714e-28,0.0005250965698183592,0.0,0.0,0.125,0.0,8.75906844155438e-28,0.03672872475007239,0.0092,Talia Mandasari,Operations,Senior Staff,Information Broker
EMP00340,0,10,0.0,3.134346671859714e-28,0.0005250965698183592,0.0,0.0,0.4166666666666667,0.0,8.75906844155438e-28,0.03672872475007239,0.0092,Alambana Usamah,Marketing,Staff,Central Connector
EMP00296,0,3,0.0,3.134346671859714e-28,0.0005250965698183592,0.0,0.0,0.125,0.0,8.75906844155438e-28,0.03672872475007239,0.0092,Zelda Rahmawati,Marketing,Staff,Information Broker
EMP00293,0,0,0.0,3.134346671859714e-28,0.0005250965698183592,0.0,0.0,0.0,0.0,8.75906844155438e-28,0.03672872475007239,0.0092,Ir. Widya Safitri,Marketing,Senior Staff,Information Broker
EMP00321,0,6,0.0,3.134346671859714e-28,0.0005250965698183592,0.0,0.0,0.25,0.0,8.75906844155438e-28,0.03672872475007239,0.0092,Cut Vanesa Natsir,Marketing,Staff,Central Connector
EMP00320,0,3,0.0,3.134346671859714e-28,0.0005250965698183592,0.0,0.0,0.125,0.0,8.75906844155438e-28,0.03672872475007239,0.0092,"Ir. Rini Damanik, S.T.",Marketing,Senior Staff,Information Broker
EMP00317,0,3,0.0,3.134346671859714e-28,0.0005250965698183592,0.0,0.0,0.125,0.0,8.75906844155438e-28,0.03672872475007239,0.0092,Unjani Sinaga,Marketing,Senior Staff,Information Broker
EMP00316,0,3,0.0,3.134346671859714e-28,0.0005250965698183592,0.0,0.0,0.125,0.0,8.75906844155438e-28,0.03672872475007239,0.0092,Liman Gunarto,Marketing,Senior Staff,Information Broker
EMP00315,0,6,0.0,3.134346671859714e-28,0.0005250965698183592,0.0,0.0,0.25,0.0,8.75906844155438e-28,0.03672872475007239,0.0092,Dr. Jumadi Farida,Marketing,Staff,Central Connector
EMP00313,0,7,0.0,3.134346671859714e-28,0.0005250965698183592,0.0,0.0,0.2916666666666667,0.0,8.75906844155438e-28,0.03672872475007239,0.0092,Dewi Hastuti,Marketing,Staff,Central Connector
EMP00311,0,3,0.0,3.134346671859714e-28,0.0005250965698183592,0.0,0.0,0.125,0.0,8.75906844155438e-28,0.03672872475007239,0.0092,Asmuni Marbun,Marketing,Lead,Information Broker
EMP00310,0,6,0.0,3.134346671859714e-28,0.0005250965698183592,0.0,0.0,0.25,0.0,8.75906844155438e-28,0.03672872475007239,0.0092,"Cakrawala Santoso, S.E.I",Marketing,Senior Staff,Central Connector
EMP00676,0,0,0.0,3.134346671859714e-28,0.0005250965698183592,0.0,0.0,0.0,0.0,8.75906844155438e-28,0.03672872475007239,0.0092,Talia Lestari,Operations,Specialist,Information Broker
EMP00674,0,3,0.0,3.134346671859714e-28,0.0005250965698183592,0.0,0.0,0.125,0.0,8.75906844155438e-28,0.03672872475007239,0.0092,R. Eluh Rajata,Operations,Staff,Information Broker
EMP00673,0,0,0.0,3.134346671859714e-28,0.0005250965698183592,0.0,0.0,0.0,0.0,8.75906844155438e-28,0.03672872475007239,0.0092,Padma Wibisono,Operations,Staff,Information Broker
EMP00672,0,3,0.0,3.134346671859714e-28,0.0005250965698183592,0.0,0.0,0.125,0.0,8.75906844155438e-28,0.03672872475007239,0.0092,Oman Nashiruddin,Operations,Lead,Information Broker
EMP00670,0,0,0.0,3.134346671859714e-28,0.0005250965698183592,0.0,0.0,0.0,0.0,8.75906844155438e-28,0.03672872475007239,0.0092,Iriana Yulianti,Operations,Senior Staff,Information Broker
EMP00668,0,0,0.0,3.134346671859714e-28,0.0005250965698183592,0.0,0.0,0.0,0.0,8.75906844155438e-28,0.03672872475007239,0.0092,Vanesa Hutagalung,Operations,Senior Staff,Information Broker
EMP00286,0,6,0.0,3.134346671859714e-28,0.0005250965698183592,0.0,0.0,0.25,0.0,8.75906844155438e-28,0.03672872475007239,0.0092,Aslijan Ramadan,Marketing,Specialist,Central Connector
EMP00284,0,3,0.0,3.134346671859714e-28,0.0005250965698183592,0.0,0.0,0.125,0.0,8.75906844155438e-28,0.03672872475007239,0.0092,"Cut Queen Suryono, M.Kom.",Marketing,Senior Staff,Information Broker
EMP00280,0,0,0.0,3.134346671859714e-28,0.0005250965698183592,0.0,0.0,0.0,0.0,8.75906844155438e-28,0.03672872475007239,0.0092,"Patricia Mahendra, S.T.",Marketing,Specialist,Information Broker
EMP00277,0,0,0.0,3.134346671859714e-28,0.0005250965698183592,0.0,0.0,0.0,0.0,8.75906844155438e-28,0.03672872475007239,0.0092,"Dr. Lembah Suryono, S.IP",Marketing,Specialist,Information Broker
EMP00691,0,9,0.0,3.134346671859714e-28,0.0005250965698183592,0.0,0.0,0.375,0.0,8.75906844155438e-28,0.03672872475007239,0.0092,Vivi Wasita,Data & Analytics,Senior Staff,Central Connector
EMP00689,0,0,0.0,3.134346671859714e-28,0.0005250965698183592,0.0,0.0,0.0,0.0,8.75906844155438e-28,0.03672872475007239,0.0092,Galak Widodo,Operations,Senior Staff,Information Broker
EMP00682,0,3,0.0,3.134346671859714e-28,0.0005250965698183592,0.0,0.0,0.125,0.0,8.75906844155438e-28,0.03672872475007239,0.0092,"R. Tania Uyainah, S.E.",Operations,Staff,Information Broker
EMP00681,0,0,0.0,3.134346671859714e-28,0.0005250965698183592,0.0,0.0,0.0,0.0,8.75906844155438e-28,0.03672872475007239,0.0092,Dr. Elvin Salahudin,Operations,Staff,Information Broker
EMP00677,0,3,0.0,3.134346671859714e-28,0.0005250965698183592,0.0,0.0,0.125,0.0,8.75906844155438e-28,0.03672872475007239,0.0092,Banawi Mansur,Operations,Staff,Information Broker
EMP00306,0,6,0.0,3.134346671859714e-28,0.0005250965698183592,0.0,0.0,0.25,0.0,8.75906844155438e-28,0.03672872475007239,0.0092,"Zelda Hasanah, S.Pt",Marketing,Senior Staff,Central Connector
EMP00304,0,0,0.0,3.134346671859714e-28,0.0005250965698183592,0.0,0.0,0.0,0.0,8.75906844155438e-28,0.03672872475007239,0.0092,Icha Firmansyah,Marketing,Senior Staff,Information Broker
EMP00303,0,3,0.0,3.134346671859714e-28,0.0005250965698183592,0.0,0.0,0.125,0.0,8.75906844155438e-28,0.03672872475007239,0.0092,Shakila Riyanti,Marketing,Senior Staff,Information Broker
EMP00302,0,3,0.0,3.134346671859714e-28,0.0005250965698183592,0.0,0.0,0.125,0.0,8.75906844155438e-28,0.03672872475007239,0.0092,Ade Wasita,Marketing,Senior Staff,Information Broker
EMP00301,0,0,0.0,3.134346671859714e-28,0.0005250965698183592,0.0,0.0,0.0,0.0,8.75906844155438e-28,0.03672872475007239,0.0092,Kusuma Hutagalung,Marketing,Senior Staff,Information Broker
EMP00299,0,0,0.0,3.134346671859714e-28,0.0005250965698183592,0.0,0.0,0.0,0.0,8.75906844155438e-28,0.03672872475007239,0.0092,"Sutan Luis Prabowo, S.T.",Marketing,Staff,Information Broker
EMP00297,0,6,0.0,3.134346671859714e-28,0.0005250965698183592,0.0,0.0,0.25,0.0,8.75906844155438e-28,0.03672872475007239,0.0092,Ina Purnawati,Marketing,Staff,Central Connector
EMP00712,0,9,0.0,3.134346671859714e-28,0.0005250965698183592,0.0,0.0,0.375,0.0,8.75906844155438e-28,0.03672872475007239,0.0092,Sari Palastri,Data & Analytics,Senior Staff,Central Connector
EMP00711,0,3,0.0,3.134346671859714e-28,0.0005250965698183592,0.0,0.0,0.125,0.0,8.75906844155438e-28,0.03672872475007239,0.0092,"Drs. Hamzah Safitri, S.Ked",Data & Analytics,Staff,Information Broker
EMP00710,0,6,0.0,3.134346671859714e-28,0.0005250965698183592,0.0,0.0,0.25,0.0,8.75906844155438e-28,0.03672872475007239,0.0092,"Drs. Eman Yulianti, S.Kom",Data & Analytics,Lead,Central Connector
EMP00275,0,3,0.0,3.134346671859714e-28,0.0005250965698183592,0.0,0.0,0.125,0.0,8.75906844155438e-28,0.03672872475007239,0.0092,"H. Cengkal Nababan, S.Kom",Marketing,Staff,Information Broker
EMP00272,0,3,0.0,3.134346671859714e-28,0.0005250965698183592,0.0,0.0,0.125,0.0,8.75906844155438e-28,0.03672872475007239,0.0092,Ina Ramadan,Marketing,Specialist,Information Broker
EMP00267,0,3,0.0,3.134346671859714e-28,0.0005250965698183592,0.0,0.0,0.125,0.0,8.75906844155438e-28,0.03672872475007239,0.0092,Talia Prasasta,Marketing,Staff,Information Broker
EMP00266,0,3,0.0,3.134346671859714e-28,0.0005250965698183592,0.0,0.0,0.125,0.0,8.75906844155438e-28,0.03672872475007239,0.0092,Emil Prasetya,Marketing,Specialist,Information Broker
EMP00264,0,3,0.0,3.134346671859714e-28,0.0005250965698183592,0.0,0.0,0.125,0.0,8.75906844155438e-28,0.03672872475007239,0.0092,"Sutan Muhammad Kusmawati, M.Kom.",Marketing,Staff,Information Broker
EMP00261,0,3,0.0,3.134346671859714e-28,0.0005250965698183592,0.0,0.0,0.125,0.0,8.75906844155438e-28,0.03672872475007239,0.0092,"Ika Puspita, S.Ked",Marketing,Staff,Information Broker
EMP00706,0,9,0.0,3.134346671859714e-28,0.0005250965698183592,0.0,0.0,0.375,0.0,8.75906844155438e-28,0.03672872475007239,0.0092,Cawisono Wahyuni,Data & Analytics,Senior Staff,Central Connector
EMP00703,0,3,0.0,3.134346671859714e-28,0.0005250965698183592,0.0,0.0,0.125,0.0,8.75906844155438e-28,0.03672872475007239,0.0092,Raisa Nasyidah,Data & Analytics,Specialist,Information Broker
EMP00697,0,7,0.0,3.134346671859714e-28,0.0005250965698183592,0.0,0.0,0.2916666666666667,0.0,8.75906844155438e-28,0.03672872475007239,0.0092,"Puti Padma Mangunsong, S.Pd",Data & Analytics,Specialist,Central Connector
EMP00695,0,0,0.0,3.134346671859714e-28,0.0005250965698183592,0.0,0.0,0.0,0.0,8.75906844155438e-28,0.03672872475007239,0.0092,"Drs. Suci Rahmawati, S.E.",Data & Analytics,Senior Staff,Information Broker
EMP00292,0,0,0.0,3.134346671859714e-28,0.0005250965698183592,0.0,0.0,0.0,0.0,8.75906844155438e-28,0.03672872475007239,0.0092,Kalim Agustina,Marketing,Staff,Information Broker
EMP00291,0,0,0.0,3.134346671859714e-28,0.0005250965698183592,0.0,0.0,0.0,0.0,8.75906844155438e-28,0.03672872475007239,0.0092,Chelsea Prayoga,Marketing,Staff,Information Broker
EMP00290,0,3,0.0,3.134346671859714e-28,0.0005250965698183592,0.0,0.0,0.125,0.0,8.75906844155438e-28,0.03672872475007239,0.0092,Rosman Pratiwi,Marketing,Specialist,Information Broker
EMP00233,0,0,0.0,3.134346671859714e-28,0.0005250965698183592,0.0,0.0,0.0,0.0,8.75906844155438e-28,0.03672872475007239,0.0092,Salman Damanik,Product,Senior Staff,Information Broker
EMP00232,0,0,0.0,3.134346671859714e-28,0.0005250965698183592,0.0,0.0,0.0,0.0,8.75906844155438e-28,0.03672872475007239,0.0092,"Ir. Arta Dabukke, S.H.",Product,Staff,Information Broker
EMP00230,0,9,0.0,3.134346671859714e-28,0.0005250965698183592,0.0,0.0,0.375,0.0,8.75906844155438e-28,0.03672872475007239,0.0092,Wawan Tampubolon,Product,Staff,Central Connector
EMP00258,0,0,0.0,3.134346671859714e-28,0.0005250965698183592,0.0,0.0,0.0,0.0,8.75906844155438e-28,0.03672872475007239,0.0092,"dr. Elvina Laksita, S.Kom",Product,Manager,Information Broker
EMP00256,0,0,0.0,3.134346671859714e-28,0.0005250965698183592,0.0,0.0,0.0,0.0,8.75906844155438e-28,0.03672872475007239,0.0092,"drg. Kairav Suryatmi, S.Sos",Product,Specialist,Information Broker
EMP00255,0,3,0.0,3.134346671859714e-28,0.0005250965698183592,0.0,0.0,0.125,0.0,8.75906844155438e-28,0.03672872475007239,0.0092,"Puti Indah Hartati, S.H.",Product,Staff,Information Broker
EMP00254,0,0,0.0,3.134346671859714e-28,0.0005250965698183592,0.0,0.0,0.0,0.0,8.75906844155438e-28,0.03672872475007239,0.0092,Janet Prasasta,Product,Lead,Information Broker
EMP00252,0,3,0.0,3.134346671859714e-28,0.0005250965698183592,0.0,0.0,0.125,0.0,8.75906844155438e-28,0.03672872475007239,0.0092,"Emong Susanti, M.Pd",Product,Staff,Information Broker
EMP00251,0,0,0.0,3.134346671859714e-28,0.0005250965698183592,0.0,0.0,0.0,0.0,8.75906844155438e-28,0.03672872475007239,0.0092,Elma Nurdiyanti,Product,Specialist,Information Broker
EMP00247,0,3,0.0,3.134346671859714e-28,0.0005250965698183592,0.0,0.0,0.125,0.0,8.75906844155438e-28,0.03672872475007239,0.0092,"Hairyanto Hidayat, M.TI.",Product,Staff,Information Broker
EMP00246,0,0,0.0,3.134346671859714e-28,0.0005250965698183592,0.0,0.0,0.0,0.0,8.75906844155438e-28,0.03672872475007239,0.0092,"Dt. Ganjaran Nasyidah, S.Farm",Product,Staff,Information Broker
EMP00723,0,0,0.0,3.134346671859714e-28,0.0005250965698183592,0.0,0.0,0.0,0.0,8.75906844155438e-28,0.03672872475007239,0.0092,Jaka Maheswara,Data & Analytics,Specialist,Information Broker
EMP00722,0,3,0.0,3.134346671859714e-28,0.0005250965698183592,0.0,0.0,0.125,0.0,8.75906844155438e-28,0.03672872475007239,0.0092,Dr. Balamantri Simanjuntak,Data & Analytics,Staff,Information Broker
EMP00014,0,0,0.0,3.134346671859714e-28,0.0005250965698183592,0.0,0.0,0.0,0.0,8.75906844155438e-28,0.03672872475007239,0.0092,Gatot Situmorang,Engineering,Specialist,Information Broker
EMP00714,0,0,0.0,3.134346671859714e-28,0.0005250965698183592,0.0,0.0,0.0,0.0,8.75906844155438e-28,0.03672872475007239,0.0092,Hesti Waskita,Data & Analytics,Senior Staff,Information Broker
EMP00713,0,3,0.0,3.134346671859714e-28,0.0005250965698183592,0.0,0.0,0.125,0.0,8.75906844155438e-28,0.03672872475007239,0.0092,Syahrini Sihombing,Data & Analytics,Staff,Information Broker
EMP00197,0,0,0.0,3.134346671859714e-28,0.0005250965698183592,0.0,0.0,0.0,0.0,8.75906844155438e-28,0.03672872475007239,0.0092,Drs. Maria Pudjiastuti,Engineering,Staff,Information Broker
EMP00221,0,4,0.0,3.134346671859714e-28,0.0005250965698183592,0.0,0.0,0.16666666666666666,0.0,8.75906844155438e-28,0.03672872475007239,0.0092,Umaya Wijaya,Product,Specialist,Information Broker
EMP00220,0,0,0.0,3.134346671859714e-28,0.0005250965698183592,0.0,0.0,0.0,0.0,8.75906844155438e-28,0.03672872475007239,0.0092,"Dr. Dian Oktaviani, M.Pd",Product,Specialist,Information Broker
EMP00219,0,4,0.0,3.134346671859714e-28,0.0005250965698183592,0.0,0.0,0.16666666666666666,0.0,8.75906844155438e-28,0.03672872475007239,0.0092,"Mustika Waskita, S.E.",Product,Specialist,Information Broker
EMP00216,0,3,0.0,3.134346671859714e-28,0.0005250965698183592,0.0,0.0,0.125,0.0,8.75906844155438e-28,0.03672872475007239,0.0092,Jinawi Prasetya,Product,Staff,Information Broker
EMP00001,0,0,0.0,3.134346671859714e-28,0.0005250965698183592,0.0,0.0,0.0,0.0,8.75906844155438e-28,0.03672872475007239,0.0092,"Balidin Dongoran, S.T.",Engineering,Staff,Information Broker
EMP00740,0,3,0.0,3.134346671859714e-28,0.0005250965698183592,0.0,0.0,0.125,0.0,8.75906844155438e-28,0.03672872475007239,0.0092,Drs. Febi Tarihoran,Data & Analytics,Specialist,Information Broker
EMP00738,0,3,0.0,3.134346671859714e-28,0.0005250965698183592,0.0,0.0,0.125,0.0,8.75906844155438e-28,0.03672872475007239,0.0092,"Karimah Waskita, S.I.Kom",Data & Analytics,Senior Staff,Information Broker
EMP00735,0,9,0.0,3.134346671859714e-28,0.0005250965698183592,0.16666666666666666,0.0,0.375,0.0,8.75906844155438e-28,0.03672872475007239,0.0092,"Hj. Samiah Halimah, S.Pd",Data & Analytics,Specialist,Central Connector
EMP00733,0,0,0.0,3.134346671859714e-28,0.0005250965698183592,0.0,0.0,0.0,0.0,8.75906844155438e-28,0.03672872475007239,0.0092,dr. Alika Hardiansyah,Data & Analytics,Staff,Information Broker
EMP00732,0,0,0.0,3.134346671859714e-28,0.0005250965698183592,0.0,0.0,0.0,0.0,8.75906844155438e-28,0.03672872475007239,0.0092,drg. Dimas Pratama,Data & Analytics,Staff,Information Broker
EMP00730,0,3,0.0,3.134346671859714e-28,0.0005250965698183592,0.0,0.0,0.125,0.0,8.75906844155438e-28,0.03672872475007239,0.0092,Ina Mandasari,Data & Analytics,Senior Staff,Information Broker
EMP00241,0,0,0.0,3.134346671859714e-28,0.0005250965698183592,0.0,0.0,0.0,0.0,8.75906844155438e-28,0.03672872475007239,0.0092,Hj. Keisha Widodo,Product,Lead,Information Broker
EMP00238,0,3,0.0,3.134346671859714e-28,0.0005250965698183592,0.0,0.0,0.125,0.0,8.75906844155438e-28,0.03672872475007239,0.0092,"Tina Latupono, S.E.",Product,Staff,Information Broker
EMP00236,0,0,0.0,3.134346671859714e-28,0.0005250965698183592,0.0,0.0,0.0,0.0,8.75906844155438e-28,0.03672872475007239,0.0092,R.A. Nadia Rajasa,Product,Staff,Information Broker
EMP00234,0,9,0.0,3.134346671859714e-28,0.0005250965698183592,0.0,0.0,0.375,0.0,8.75906844155438e-28,0.03672872475007239,0.0092,R. Halima Mahendra,Product,Staff,Central Connector
EMP00188,0,0,0.0,3.134346671859714e-28,0.0005250965698183592,0.0,0.0,0.0,0.0,8.75906844155438e-28,0.03672872475007239,0.0092,Lalita Prasasta,Engineering,Staff,Information Broker
EMP00187,0,0,0.0,3.134346671859714e-28,0.0005250965698183592,0.0,0.0,0.0,0.0,8.75906844155438e-28,0.03672872475007239,0.0092,Nasim Winarno,Engineering,Senior Staff,Information Broker
EMP00186,0,3,0.0,3.134346671859714e-28,0.0005250965698183592,0.0,0.0,0.125,0.0,8.75906844155438e-28,0.03672872475007239,0.0092,"Puti Mutia Agustina, M.Farm",Engineering,Specialist,Information Broker
EMP00185,0,0,0.0,3.134346671859714e-28,0.0005250965698183592,0.0,0.0,0.0,0.0,8.75906844155438e-28,0.03672872475007239,0.0092,Jaswadi Suryatmi,Engineering,Senior Staff,Information Broker
EMP00184,0,0,0.0,3.134346671859714e-28,0.0005250965698183592,0.0,0.0,0.0,0.0,8.75906844155438e-28,0.03672872475007239,0.0092,"Sutan Cakrajiya Dongoran, S.Gz",Engineering,Staff,Information Broker
EMP00183,0,0,0.0,3.134346671859714e-28,0.0005250965698183592,0.0,0.0,0.0,0.0,8.75906844155438e-28,0.03672872475007239,0.0092,"R.A. Samiah Saragih, S.H.",Engineering,Staff,Information Broker
EMP00182,0,0,0.0,3.134346671859714e-28,0.0005250965698183592,0.0,0.0,0.0,0.0,8.75906844155438e-28,0.03672872475007239,0.0092,"Lukman Sitorus, S.Pt",Engineering,Lead,Information Broker
EMP00181,0,0,0.0,3.134346671859714e-28,0.0005250965698183592,0.0,0.0,0.0,0.0,8.75906844155438e-28,0.03672872475007239,0.0092,Oliva Wijayanti,Engineering,Senior Staff,Information Broker
EMP00741,0,0,0.0,3.134346671859714e-28,0.0005250965698183592,0.0,0.0,0.0,0.0,8.75906844155438e-28,0.03672872475007239,0.0092,T. Bagya Winarno,Data & Analytics,Senior Staff,Information Broker
EMP00211,0,0,0.0,3.134346671859714e-28,0.0005250965698183592,0.0,0.0,0.0,0.0,8.75906844155438e-28,0.03672872475007239,0.0092,Vera Padmasari,Product,Staff,Information Broker
EMP00209,0,6,0.0,3.134346671859714e-28,0.0005250965698183592,0.0,0.0,0.25,0.0,8.75906844155438e-28,0.03672872475007239,0.0092,Lidya Halim,Product,Specialist,Central Connector
EMP00207,0,0,0.0,3.134346671859714e-28,0.0005250965698183592,0.0,0.0,0.0,0.0,8.75906844155438e-28,0.03672872475007239,0.0092,"Gabriella Haryanto, S.Farm",Product,Lead,Information Broker
EMP00202,0,3,0.0,3.134346671859714e-28,0.0005250965698183592,0.0,0.0,0.125,0.0,8.75906844155438e-28,0.03672872475007239,0.0092,Nasab Suwarno,Product,Lead,Information Broker
EMP00200,0,0,0.0,3.134346671859714e-28,0.0005250965698183592,0.0,0.0,0.0,0.0,8.75906844155438e-28,0.03672872475007239,0.0092,"Hj. Ika Nurdiyanti, M.Kom.",Engineering,Senior Staff,Information Broker
EMP00199,0,3,0.0,3.134346671859714e-28,0.0005250965698183592,0.0,0.0,0.125,0.0,8.75906844155438e-28,0.03672872475007239,0.0092,Hana Prayoga,Engineering,Senior Staff,Information Broker
EMP00198,0,0,0.0,3.134346671859714e-28,0.0005250965698183592,0.0,0.0,0.0,0.0,8.75906844155438e-28,0.03672872475007239,0.0092,Endah Kusmawati,Engineering,Specialist,Information Broker
EMP00173,0,3,0.0,3.134346671859714e-28,0.0005250965698183592,0.0,0.0,0.125,0.0,8.75906844155438e-28,0.03672872475007239,0.0092,Shania Natsir,Engineering,Specialist,Information Broker
EMP00172,0,0,0.0,3.134346671859714e-28,0.0005250965698183592,0.0,0.0,0.0,0.0,8.75906844155438e-28,0.03672872475007239,0.0092,Imam Widiastuti,Engineering,Senior Staff,Information Broker
EMP00171,0,0,0.0,3.134346671859714e-28,0.0005250965698183592,0.0,0.0,0.0,0.0,8.75906844155438e-28,0.03672872475007239,0.0092,"Ida Puspasari, S.E.I",Engineering,Staff,Information Broker
EMP00170,0,0,0.0,3.134346671859714e-28,0.0005250965698183592,0.0,0.0,0.0,0.0,8.75906844155438e-28,0.03672872475007239,0.0092,"Hasan Simbolon, S.Sos",Engineering,Staff,Information Broker
EMP00169,0,0,0.0,3.134346671859714e-28,0.0005250965698183592,0.0,0.0,0.0,0.0,8.75906844155438e-28,0.03672872475007239,0.0092,"Ifa Mayasari, S.Pd",Engineering,Specialist,Information Broker
EMP00168,0,0,0.0,3.134346671859714e-28,0.0005250965698183592,0.0,0.0,0.0,0.0,8.75906844155438e-28,0.03672872475007239,0.0092,Salimah Maheswara,Engineering,Senior Staff,Information Broker
EMP00167,0,0,0.0,3.134346671859714e-28,0.0005250965698183592,0.0,0.0,0.0,0.0,8.75906844155438e-28,0.03672872475007239,0.0092,"Viman Sitompul, M.Ak",Engineering,Senior Staff,Information Broker
EMP00166,0,3,0.0,3.134346671859714e-28,0.0005250965698183592,0.0,0.0,0.125,0.0,8.75906844155438e-28,0.03672872475007239,0.0092,Mala Hidayat,Engineering,Staff,Information Broker
EMP00165,0,0,0.0,3.134346671859714e-28,0.0005250965698183592,0.0,0.0,0.0,0.0,8.75906844155438e-28,0.03672872475007239,0.0092,"Dr. Mahfud Winarsih, S.Kom",Engineering,Senior Staff,Information Broker
EMP00195,0,0,0.0,3.134346671859714e-28,0.0005250965698183592,0.0,0.0,0.0,0.0,8.75906844155438e-28,0.03672872475007239,0.0092,"Karta Purwanti, M.Ak",Engineering,Staff,Information Broker
EMP00194,0,0,0.0,3.134346671859714e-28,0.0005250965698183592,0.0,0.0,0.0,0.0,8.75906844155438e-28,0.03672872475007239,0.0092,Diana Hariyah,Engineering,Staff,Information Broker
EMP00193,0,0,0.0,3.134346671859714e-28,0.0005250965698183592,0.0,0.0,0.0,0.0,8.75906844155438e-28,0.03672872475007239,0.0092,Vero Maheswara,Engineering,Senior Staff,Information Broker
EMP00192,0,0,0.0,3.134346671859714e-28,0.0005250965698183592,0.0,0.0,0.0,0.0,8.75906844155438e-28,0.03672872475007239,0.0092,Alika Puspita,Engineering,Senior Staff,Information Broker
EMP00191,0,0,0.0,3.134346671859714e-28,0.0005250965698183592,0.0,0.0,0.0,0.0,8.75906844155438e-28,0.03672872475007239,0.0092,Cecep Maryati,Engineering,Specialist,Information Broker
EMP00190,0,3,0.0,3.134346671859714e-28,0.0005250965698183592,0.0,0.0,0.125,0.0,8.75906844155438e-28,0.03672872475007239,0.0092,"KH. Timbul Kurniawan, S.Farm",Engineering,Staff,Information Broker
EMP00189,0,0,0.0,3.134346671859714e-28,0.0005250965698183592,0.0,0.0,0.0,0.0,8.75906844155438e-28,0.03672872475007239,0.0092,Marwata Ardianto,Engineering,Specialist,Information Broker
EMP00149,0,0,0.0,3.134346671859714e-28,0.0005250965698183592,0.0,0.0,0.0,0.0,8.75906844155438e-28,0.03672872475007239,0.0092,Ani Halimah,Engineering,Lead,Information Broker
EMP00803,0,0,0.0,3.134346671859714e-28,0.0005250965698183592,0.0,0.0,0.0,0.0,8.75906844155438e-28,0.03672872475007239,0.0092,Umaya Irawan,Customer Success,Senior Staff,Information Broker
EMP00800,0,0,0.0,3.134346671859714e-28,0.0005250965698183592,0.0,0.0,0.0,0.0,8.75906844155438e-28,0.03672872475007239,0.0092,Natalia Yulianti,Customer Success,Specialist,Information Broker
EMP00799,0,3,0.0,3.134346671859714e-28,0.0005250965698183592,0.0,0.0,0.125,0.0,8.75906844155438e-28,0.03672872475007239,0.0092,Hasim Yolanda,Customer Success,Staff,Information Broker
EMP00796,0,3,0.0,3.134346671859714e-28,0.0005250965698183592,0.0,0.0,0.125,0.0,8.75906844155438e-28,0.03672872475007239,0.0092,Tina Halimah,Customer Success,Staff,Information Broker
EMP00793,0,6,0.0,3.134346671859714e-28,0.0005250965698183592,0.0,0.0,0.25,0.0,8.75906844155438e-28,0.03672872475007239,0.0092,Mulyono Nuraini,Customer Success,Specialist,Central Connector
EMP00789,0,0,0.0,3.134346671859714e-28,0.0005250965698183592,0.0,0.0,0.0,0.0,8.75906844155438e-28,0.03672872475007239,0.0092,Damar Nasyiah,Customer Success,Staff,Information Broker
EMP00005,0,3,0.0,3.134346671859714e-28,0.0005250965698183592,0.0,0.0,0.125,0.0,8.75906844155438e-28,0.03672872475007239,0.0092,Among Iswahyudi,Engineering,Specialist,Information Broker
EMP00786,0,3,0.0,3.134346671859714e-28,0.0005250965698183592,0.0,0.0,0.125,0.0,8.75906844155438e-28,0.03672872475007239,0.0092,Edward Hutapea,Customer Success,Lead,Information Broker
EMP00783,0,0,0.0,3.134346671859714e-28,0.0005250965698183592,0.0,0.0,0.0,0.0,8.75906844155438e-28,0.03672872475007239,0.0092,Dewi Pertiwi,Customer Success,Staff,Information Broker
EMP00781,0,0,0.0,3.134346671859714e-28,0.0005250965698183592,0.0,0.0,0.0,0.0,8.75906844155438e-28,0.03672872475007239,0.0092,Natalia Tampubolon,Customer Success,Specialist,Information Broker
EMP00179,0,0,0.0,3.134346671859714e-28,0.0005250965698183592,0.0,0.0,0.0,0.0,8.75906844155438e-28,0.03672872475007239,0.0092,Kajen Kusmawati,Engineering,Lead,Information Broker
EMP00177,0,0,0.0,3.134346671859714e-28,0.0005250965698183592,0.0,0.0,0.0,0.0,8.75906844155438e-28,0.03672872475007239,0.0092,Hj. Janet Hastuti,Engineering,Staff,Information Broker
EMP00176,0,0,0.0,3.134346671859714e-28,0.0005250965698183592,0.0,0.0,0.0,0.0,8.75906844155438e-28,0.03672872475007239,0.0092,Irfan Prastuti,Engineering,Staff,Information Broker
EMP00175,0,0,0.0,3.134346671859714e-28,0.0005250965698183592,0.0,0.0,0.0,0.0,8.75906844155438e-28,0.03672872475007239,0.0092,Dt. Gadang Suwarno,Engineering,Specialist,Information Broker
EMP00174,0,0,0.0,3.134346671859714e-28,0.0005250965698183592,0.0,0.0,0.0,0.0,8.75906844155438e-28,0.03672872475007239,0.0092,Ir. Ilsa Waskita,Engineering,Senior Staff,Information Broker
EMP00808,0,6,0.0,3.134346671859714e-28,0.0005250965698183592,0.0,0.0,0.25,0.0,8.75906844155438e-28,0.03672872475007239,0.0092,"drg. Cengkir Siregar, S.Gz",Customer Success,Specialist,Central Connector
EMP00807,0,0,0.0,3.134346671859714e-28,0.0005250965698183592,0.0,0.0,0.0,0.0,8.75906844155438e-28,0.03672872475007239,0.0092,Raihan Widodo,Customer Success,Senior Staff,Information Broker
EMP00805,0,6,0.0,3.134346671859714e-28,0.0005250965698183592,0.0,0.0,0.25,0.0,8.75906844155438e-28,0.03672872475007239,0.0092,"Tari Firgantoro, S.E.",Customer Success,Specialist,Central Connector
EMP00164,0,3,0.0,3.134346671859714e-28,0.0005250965698183592,0.0,0.0,0.125,0.0,8.75906844155438e-28,0.03672872475007239,0.0092,"Maya Adriansyah, M.TI.",Engineering,Specialist,Information Broker
EMP00163,0,0,0.0,3.134346671859714e-28,0.0005250965698183592,0.0,0.0,0.0,0.0,8.75906844155438e-28,0.03672872475007239,0.0092,Dodo Gunawan,Engineering,Specialist,Information Broker
EMP00162,0,3,0.0,3.134346671859714e-28,0.0005250965698183592,0.0,0.0,0.125,0.0,8.75906844155438e-28,0.03672872475007239,0.0092,Harsana Permata,Engineering,Specialist,Information Broker
EMP00161,0,0,0.0,3.134346671859714e-28,0.0005250965698183592,0.0,0.0,0.0,0.0,8.75906844155438e-28,0.03672872475007239,0.0092,Rachel Melani,Engineering,Specialist,Information Broker
EMP00160,0,3,0.0,3.134346671859714e-28,0.0005250965698183592,0.0,0.0,0.125,0.0,8.75906844155438e-28,0.03672872475007239,0.0092,drg. Jelita Sihotang,Engineering,Specialist,Information Broker
EMP00159,0,0,0.0,3.134346671859714e-28,0.0005250965698183592,0.0,0.0,0.0,0.0,8.75906844155438e-28,0.03672872475007239,0.0092,Ani Kurniawan,Engineering,Senior Staff,Information Broker
EMP00158,0,0,0.0,3.134346671859714e-28,0.0005250965698183592,0.0,0.0,0.0,0.0,8.75906844155438e-28,0.03672872475007239,0.0092,Elma Prastuti,Engineering,Staff,Information Broker
EMP00157,0,0,0.0,3.134346671859714e-28,0.0005250965698183592,0.0,0.0,0.0,0.0,8.75906844155438e-28,0.03672872475007239,0.0092,Ana Latupono,Engineering,Specialist,Information Broker
EMP00155,0,0,0.0,3.134346671859714e-28,0.0005250965698183592,0.0,0.0,0.0,0.0,8.75906844155438e-28,0.03672872475007239,0.0092,"T. Gara Yuniar, M.TI.",Engineering,Manager,Information Broker
EMP00154,0,0,0.0,3.134346671859714e-28,0.0005250965698183592,0.0,0.0,0.0,0.0,8.75906844155438e-28,0.03672872475007239,0.0092,Zelaya Hidayat,Engineering,Staff,Information Broker
EMP00153,0,0,0.0,3.134346671859714e-28,0.0005250965698183592,0.0,0.0,0.0,0.0,8.75906844155438e-28,0.03672872475007239,0.0092,Heru Sitompul,Engineering,Specialist,Information Broker
EMP00151,0,0,0.0,3.134346671859714e-28,0.0005250965698183592,0.0,0.0,0.0,0.0,8.75906844155438e-28,0.03672872475007239,0.0092,Ina Pradana,Engineering,Senior Staff,Information Broker
EMP00150,0,3,0.0,3.134346671859714e-28,0.0005250965698183592,0.0,0.0,0.125,0.0,8.75906844155438e-28,0.03672872475007239,0.0092,Daliono Haryanti,Engineering,Senior Staff,Information Broker
EMP00821,0,0,0.0,3.134346671859714e-28,0.0005250965698183592,0.0,0.0,0.0,0.0,8.75906844155438e-28,0.03672872475007239,0.0092,Janet Prayoga,Customer Success,Specialist,Information Broker
EMP00148,0,0,0.0,3.134346671859714e-28,0.0005250965698183592,0.0,0.0,0.0,0.0,8.75906844155438e-28,0.03672872475007239,0.0092,Endah Kurniawan,Engineering,Senior Staff,Information Broker
EMP00147,0,0,0.0,3.134346671859714e-28,0.0005250965698183592,0.0,0.0,0.0,0.0,8.75906844155438e-28,0.03672872475007239,0.0092,"dr. Rama Winarsih, S.H.",Engineering,Senior Staff,Information Broker
EMP00146,0,0,0.0,3.134346671859714e-28,0.0005250965698183592,0.0,0.0,0.0,0.0,8.75906844155438e-28,0.03672872475007239,0.0092,Cemani Sitorus,Engineering,Specialist,Information Broker
EMP00145,0,0,0.0,3.134346671859714e-28,0.0005250965698183592,0.0,0.0,0.0,0.0,8.75906844155438e-28,0.03672872475007239,0.0092,"R. Wirda Nugroho, S.Farm",Engineering,Specialist,Information Broker
EMP00144,0,0,0.0,3.134346671859714e-28,0.0005250965698183592,0.0,0.0,0.0,0.0,8.75906844155438e-28,0.03672872475007239,0.0092,"drg. Raina Mangunsong, S.H.",Engineering,Staff,Information Broker
EMP00143,0,0,0.0,3.134346671859714e-28,0.0005250965698183592,0.0,0.0,0.0,0.0,8.75906844155438e-28,0.03672872475007239,0.0092,Victoria Purwanti,Engineering,Senior Staff,Information Broker
EMP00142,0,3,0.0,3.134346671859714e-28,0.0005250965698183592,0.0,0.0,0.125,0.0,8.75906844155438e-28,0.03672872475007239,0.0092,Mulyanto Jailani,Engineering,Senior Staff,Information Broker
EMP00141,0,0,0.0,3.134346671859714e-28,0.0005250965698183592,0.0,0.0,0.0,0.0,8.75906844155438e-28,0.03672872475007239,0.0092,Fathonah Zulaika,Engineering,Manager,Information Broker
EMP00140,0,0,0.0,3.134346671859714e-28,0.0005250965698183592,0.0,0.0,0.0,0.0,8.75906844155438e-28,0.03672872475007239,0.0092,Karimah Gunarto,Engineering,Staff,Information Broker
EMP00139,0,0,0.0,3.134346671859714e-28,0.0005250965698183592,0.0,0.0,0.0,0.0,8.75906844155438e-28,0.03672872475007239,0.0092,Dian Gunarto,Engineering,Specialist,Information Broker
EMP00138,0,0,0.0,3.134346671859714e-28,0.0005250965698183592,0.0,0.0,0.0,0.0,8.75906844155438e-28,0.03672872475007239,0.0092,"dr. Restu Puspasari, S.E.I",Engineering,Staff,Information Broker
EMP00136,0,3,0.0,3.134346671859714e-28,0.0005250965698183592,0.0,0.0,0.125,0.0,8.75906844155438e-28,0.03672872475007239,0.0092,Dt. Balidin Hutagalung,Engineering,Senior Staff,Information Broker
EMP00135,0,0,0.0,3.134346671859714e-28,0.0005250965698183592,0.0,0.0,0.0,0.0,8.75906844155438e-28,0.03672872475007239,0.0092,"Maimunah Puspasari, S.Farm",Engineering,Specialist,Information Broker
EMP00134,0,0,0.0,3.134346671859714e-28,0.0005250965698183592,0.0,0.0,0.0,0.0,8.75906844155438e-28,0.03672872475007239,0.0092,"R.M. Makuta Saptono, S.E.",Engineering,Senior Staff,Information Broker
EMP00817,0,12,0.0,3.134346671859714e-28,0.0005250965698183592,0.0,0.0,0.5,0.0,8.75906844155438e-28,0.03672872475007239,0.0092,"Praba Nababan, S.E.",Customer Success,Specialist,Central Connector
EMP00125,0,0,0.0,3.134346671859714e-28,0.0005250965698183592,0.0,0.0,0.0,0.0,8.75906844155438e-28,0.03672872475007239,0.0092,Salimah Jailani,Engineering,Senior Staff,Information Broker
EMP00124,0,0,0.0,3.134346671859714e-28,0.0005250965698183592,0.0,0.0,0.0,0.0,8.75906844155438e-28,0.03672872475007239,0.0092,Mulyanto Puspasari,Engineering,Lead,Information Broker
EMP00123,0,3,0.0,3.134346671859714e-28,0.0005250965698183592,0.0,0.0,0.125,0.0,8.75906844155438e-28,0.03672872475007239,0.0092,"Ilsa Suryatmi, M.TI.",Engineering,Lead,Information Broker
EMP00122,0,0,0.0,3.134346671859714e-28,0.0005250965698183592,0.0,0.0,0.0,0.0,8.75906844155438e-28,0.03672872475007239,0.0092,Zahra Palastri,Engineering,Staff,Information Broker
EMP00121,0,0,0.0,3.134346671859714e-28,0.0005250965698183592,0.0,0.0,0.0,0.0,8.75906844155438e-28,0.03672872475007239,0.0092,Intan Manullang,Engineering,Staff,Information Broker
EMP00120,0,0,0.0,3.134346671859714e-28,0.0005250965698183592,0.0,0.0,0.0,0.0,8.75906844155438e-28,0.03672872475007239,0.0092,Tasnim Prasasta,Engineering,Senior Staff,Information Broker
EMP00119,0,9,0.0,3.134346671859714e-28,0.0005250965698183592,0.0,0.0,0.375,0.0,8.75906844155438e-28,0.03672872475007239,0.0092,Wardi Tampubolon,Engineering,Specialist,Central Connector
EMP00118,0,0,0.0,3.134346671859714e-28,0.0005250965698183592,0.0,0.0,0.0,0.0,8.75906844155438e-28,0.03672872475007239,0.0092,Jono Saptono,Engineering,Specialist,Information Broker
EMP00117,0,0,0.0,3.134346671859714e-28,0.0005250965698183592,0.0,0.0,0.0,0.0,8.75906844155438e-28,0.03672872475007239,0.0092,Puti Belinda Nasyiah,Engineering,Staff,Information Broker
EMP00835,0,3,0.0,3.134346671859714e-28,0.0005250965698183592,0.0,0.0,0.125,0.0,8.75906844155438e-28,0.03672872475007239,0.0092,"Ir. Rudi Pratama, S.H.",Customer Success,Senior Staff,Information Broker
EMP00833,0,0,0.0,3.134346671859714e-28,0.0005250965698183592,0.0,0.0,0.0,0.0,8.75906844155438e-28,0.03672872475007239,0.0092,"Rachel Wahyudin, S.Farm",Customer Success,Specialist,Information Broker
EMP00832,0,6,0.0,3.134346671859714e-28,0.0005250965698183592,0.0,0.0,0.25,0.0,8.75906844155438e-28,0.03672872475007239,0.0092,Eva Hasanah,Customer Success,Staff,Central Connector
EMP00830,0,9,0.0,3.134346671859714e-28,0.0005250965698183592,0.0,0.0,0.375,0.0,8.75906844155438e-28,0.03672872475007239,0.0092,"Vero Sihombing, S.I.Kom",Customer Success,Senior Staff,Central Connector
EMP00829,0,0,0.0,3.134346671859714e-28,0.0005250965698183592,0.0,0.0,0.0,0.0,8.75906844155438e-28,0.03672872475007239,0.0092,"Vera Saragih, S.IP",Customer Success,Staff,Information Broker
EMP00827,0,3,0.0,3.134346671859714e-28,0.0005250965698183592,0.0,0.0,0.125,0.0,8.75906844155438e-28,0.03672872475007239,0.0092,"Banara Hastuti, S.Pd",Customer Success,Manager,Information Broker
EMP00824,0,3,0.0,3.134346671859714e-28,0.0005250965698183592,0.0,0.0,0.125,0.0,8.75906844155438e-28,0.03672872475007239,0.0092,Ilsa Padmasari,Customer Success,Senior Staff,Information Broker
EMP00861,0,3,0.0,3.134346671859714e-28,0.0005250965698183592,0.0,0.0,0.125,0.0,8.75906844155438e-28,0.03672872475007239,0.0092,Paris Mahendra,IT Infrastructure,Specialist,Information Broker
EMP00857,0,3,0.0,3.134346671859714e-28,0.0005250965698183592,0.0,0.0,0.125,0.0,8.75906844155438e-28,0.03672872475007239,0.0092,Kezia Hassanah,Customer Success,Senior Staff,Information Broker
EMP00855,0,3,0.0,3.134346671859714e-28,0.0005250965698183592,0.0,0.0,0.125,0.0,8.75906844155438e-28,0.03672872475007239,0.0092,Pranawa Mansur,Customer Success,Specialist,Information Broker
EMP00853,0,3,0.0,3.134346671859714e-28,0.0005250965698183592,0.0,0.0,0.125,0.0,8.75906844155438e-28,0.03672872475007239,0.0092,Warji Halimah,Customer Success,Staff,Information Broker
EMP00849,0,3,0.0,3.134346671859714e-28,0.0005250965698183592,0.0,0.0,0.125,0.0,8.75906844155438e-28,0.03672872475007239,0.0092,Hamima Adriansyah,Customer Success,Specialist,Information Broker
EMP00848,0,6,0.0,3.134346671859714e-28,0.0005250965698183592,0.0,0.0,0.25,0.0,8.75906844155438e-28,0.03672872475007239,0.0092,"Respati Samosir, S.Ked",Customer Success,Senior Staff,Central Connector
EMP00846,0,6,0.0,3.134346671859714e-28,0.0005250965698183592,0.0,0.0,0.25,0.0,8.75906844155438e-28,0.03672872475007239,0.0092,Mutia Pratiwi,Customer Success,Manager,Central Connector
EMP00843,0,3,0.0,3.134346671859714e-28,0.0005250965698183592,0.0,0.0,0.125,0.0,8.75906844155438e-28,0.03672872475007239,0.0092,"Restu Lestari, S.Pt",Customer Success,Staff,Information Broker
EMP00839,0,3,0.0,3.134346671859714e-28,0.0005250965698183592,0.0,0.0,0.125,0.0,8.75906844155438e-28,0.03672872475007239,0.0092,Aswani Pudjiastuti,Customer Success,Staff,Information Broker
EMP00838,0,0,0.0,3.134346671859714e-28,0.0005250965698183592,0.0,0.0,0.0,0.0,8.75906844155438e-28,0.03672872475007239,0.0092,Vero Pratiwi,Customer Success,Senior Staff,Information Broker
EMP00837,0,6,0.0,3.134346671859714e-28,0.0005250965698183592,0.0,0.0,0.25,0.0,8.75906844155438e-28,0.03672872475007239,0.0092,drg. Karsana Tarihoran,Customer Success,Senior Staff,Central Connector
EMP00131,0,0,0.0,3.134346671859714e-28,0.0005250965698183592,0.0,0.0,0.0,0.0,8.75906844155438e-28,0.03672872475007239,0.0092,"Tgk. Ophelia Lestari, S.T.",Engineering,Staff,Information Broker
EMP00130,0,0,0.0,3.134346671859714e-28,0.0005250965698183592,0.0,0.0,0.0,0.0,8.75906844155438e-28,0.03672872475007239,0.0092,Mahfud Usada,Engineering,Senior Staff,Information Broker
EMP00129,0,0,0.0,3.134346671859714e-28,0.0005250965698183592,0.0,0.0,0.0,0.0,8.75906844155438e-28,0.03672872475007239,0.0092,R.A. Tina Siregar,Engineering,Senior Staff,Information Broker
EMP00127,0,0,0.0,3.134346671859714e-28,0.0005250965698183592,0.0,0.0,0.0,0.0,8.75906844155438e-28,0.03672872475007239,0.0092,Paiman Puspasari,Engineering,Specialist,Information Broker
EMP00126,0,3,0.0,3.134346671859714e-28,0.0005250965698183592,0.0,0.0,0.125,0.0,8.75906844155438e-28,0.03672872475007239,0.0092,Eman Latupono,Engineering,Specialist,Information Broker
EMP00116,0,0,0.0,3.134346671859714e-28,0.0005250965698183592,0.0,0.0,0.0,0.0,8.75906844155438e-28,0.03672872475007239,0.0092,"R. Adika Haryanti, M.Ak",Engineering,Senior Staff,Information Broker
EMP00115,0,0,0.0,3.134346671859714e-28,0.0005250965698183592,0.0,0.0,0.0,0.0,8.75906844155438e-28,0.03672872475007239,0.0092,Michelle Sihotang,Engineering,Senior Staff,Information Broker
EMP00114,0,0,0.0,3.134346671859714e-28,0.0005250965698183592,0.0,0.0,0.0,0.0,8.75906844155438e-28,0.03672872475007239,0.0092,Mumpuni Yuliarti,Engineering,Lead,Information Broker
EMP00113,0,0,0.0,3.134346671859714e-28,0.0005250965698183592,0.0,0.0,0.0,0.0,8.75906844155438e-28,0.03672872475007239,0.0092,Eman Widodo,Engineering,Specialist,Information Broker
EMP00112,0,0,0.0,3.134346671859714e-28,0.0005250965698183592,0.0,0.0,0.0,0.0,8.75906844155438e-28,0.03672872475007239,0.0092,Mulyono Sihotang,Engineering,Staff,Information Broker
EMP00111,0,0,0.0,3.134346671859714e-28,0.0005250965698183592,0.0,0.0,0.0,0.0,8.75906844155438e-28,0.03672872475007239,0.0092,Drs. Iriana Rajata,Engineering,Staff,Information Broker
EMP00109,0,3,0.0,3.134346671859714e-28,0.0005250965698183592,0.0,0.0,0.125,0.0,8.75906844155438e-28,0.03672872475007239,0.0092,Lukman Hutapea,Engineering,Senior Staff,Information Broker
EMP00108,0,3,0.0,3.134346671859714e-28,0.0005250965698183592,0.0,0.0,0.125,0.0,8.75906844155438e-28,0.03672872475007239,0.0092,Labuh Riyanti,Engineering,Staff,Information Broker
EMP00107,0,0,0.0,3.134346671859714e-28,0.0005250965698183592,0.0,0.0,0.0,0.0,8.75906844155438e-28,0.03672872475007239,0.0092,Wardaya Purnawati,Engineering,Specialist,Information Broker
EMP00106,0,0,0.0,3.134346671859714e-28,0.0005250965698183592,0.0,0.0,0.0,0.0,8.75906844155438e-28,0.03672872475007239,0.0092,"Setya Prakasa, S.Sos",Engineering,Senior Staff,Information Broker
EMP00104,0,0,0.0,3.134346671859714e-28,0.0005250965698183592,0.0,0.0,0.0,0.0,8.75906844155438e-28,0.03672872475007239,0.0092,Soleh Nashiruddin,Engineering,Specialist,Information Broker
EMP00103,0,0,0.0,3.134346671859714e-28,0.0005250965698183592,0.0,0.0,0.0,0.0,8.75906844155438e-28,0.03672872475007239,0.0092,Asmianto Melani,Engineering,Staff,Information Broker
EMP00102,0,0,0.0,3.134346671859714e-28,0.0005250965698183592,0.0,0.0,0.0,0.0,8.75906844155438e-28,0.03672872475007239,0.0092,Olivia Nuraini,Engineering,Specialist,Information Broker
EMP00101,0,0,0.0,3.134346671859714e-28,0.0005250965698183592,0.0,0.0,0.0,0.0,8.75906844155438e-28,0.03672872475007239,0.0092,Asirwanda Padmasari,Engineering,Specialist,Information Broker
EMP00864,0,3,0.0,3.134346671859714e-28,0.0005250965698183592,0.0,0.0,0.125,0.0,8.75906844155438e-28,0.03672872475007239,0.0092,"Puji Anggraini, M.Pd",IT Infrastructure,Specialist,Information Broker
EMP00863,0,0,0.0,3.134346671859714e-28,0.0005250965698183592,0.0,0.0,0.0,0.0,8.75906844155438e-28,0.03672872475007239,0.0092,Malika Wulandari,IT Infrastructure,Specialist,Information Broker
EMP00099,0,0,0.0,3.134346671859714e-28,0.0005250965698183592,0.0,0.0,0.0,0.0,8.75906844155438e-28,0.03672872475007239,0.0092,Asmianto Prastuti,Engineering,Specialist,Information Broker
EMP00098,0,0,0.0,3.134346671859714e-28,0.0005250965698183592,0.0,0.0,0.0,0.0,8.75906844155438e-28,0.03672872475007239,0.0092,Dadap Sihombing,Engineering,Staff,Information Broker
EMP00096,0,0,0.0,3.134346671859714e-28,0.0005250965698183592,0.0,0.0,0.0,0.0,8.75906844155438e-28,0.03672872475007239,0.0092,"KH. Jaeman Suwarno, S.Farm",Engineering,Staff,Information Broker
EMP00095,0,0,0.0,3.134346671859714e-28,0.0005250965698183592,0.0,0.0,0.0,0.0,8.75906844155438e-28,0.03672872475007239,0.0092,Harsaya Saptono,Engineering,Specialist,Information Broker
EMP00094,0,6,0.0,3.134346671859714e-28,0.0005250965698183592,0.0,0.0,0.25,0.0,8.75906844155438e-28,0.03672872475007239,0.0092,Catur Wibowo,Engineering,Senior Staff,Central Connector
EMP00093,0,0,0.0,3.134346671859714e-28,0.0005250965698183592,0.0,0.0,0.0,0.0,8.75906844155438e-28,0.03672872475007239,0.0092,Gabriella Wacana,Engineering,Lead,Information Broker
EMP00092,0,0,0.0,3.134346671859714e-28,0.0005250965698183592,0.0,0.0,0.0,0.0,8.75906844155438e-28,0.03672872475007239,0.0092,Hasim Laksita,Engineering,Staff,Information Broker
EMP00091,0,0,0.0,3.134346671859714e-28,0.0005250965698183592,0.0,0.0,0.0,0.0,8.75906844155438e-28,0.03672872475007239,0.0092,Dt. Bakiman Prakasa,Engineering,Specialist,Information Broker
EMP00090,0,0,0.0,3.134346671859714e-28,0.0005250965698183592,0.0,0.0,0.0,0.0,8.75906844155438e-28,0.03672872475007239,0.0092,Asirwanda Yulianti,Engineering,Specialist,Information Broker
EMP00088,0,0,0.0,3.134346671859714e-28,0.0005250965698183592,0.0,0.0,0.0,0.0,8.75906844155438e-28,0.03672872475007239,0.0092,Taufan Hutagalung,Engineering,Staff,Information Broker
EMP00087,0,0,0.0,3.134346671859714e-28,0.0005250965698183592,0.0,0.0,0.0,0.0,8.75906844155438e-28,0.03672872475007239,0.0092,Estiawan Hariyah,Engineering,Staff,Information Broker
EMP00882,0,0,0.0,3.134346671859714e-28,0.0005250965698183592,0.0,0.0,0.0,0.0,8.75906844155438e-28,0.03672872475007239,0.0092,Almira Puspita,IT Infrastructure,Lead,Information Broker
EMP00879,0,0,0.0,3.134346671859714e-28,0.0005250965698183592,0.0,0.0,0.0,0.0,8.75906844155438e-28,0.03672872475007239,0.0092,"Ir. Reza Sinaga, S.H.",IT Infrastructure,Specialist,Information Broker
EMP00877,0,0,0.0,3.134346671859714e-28,0.0005250965698183592,0.0,0.0,0.0,0.0,8.75906844155438e-28,0.03672872475007239,0.0092,Rahman Permata,IT Infrastructure,Senior Staff,Information Broker
EMP00876,0,7,0.0,3.134346671859714e-28,0.0005250965698183592,0.0,0.0,0.2916666666666667,0.0,8.75906844155438e-28,0.03672872475007239,0.0092,Jefri Siregar,IT Infrastructure,Senior Staff,Central Connector
EMP00873,0,3,0.0,3.134346671859714e-28,0.0005250965698183592,0.0,0.0,0.125,0.0,8.75906844155438e-28,0.03672872475007239,0.0092,"Alika Prasasta, S.Gz",IT Infrastructure,Senior Staff,Information Broker
EMP00909,0,3,0.0,3.134346671859714e-28,0.0005250965698183592,0.0,0.0,0.125,0.0,8.75906844155438e-28,0.03672872475007239,0.0092,Cinthia Halimah,IT Infrastructure,Senior Staff,Information Broker
EMP00907,0,0,0.0,3.134346671859714e-28,0.0005250965698183592,0.0,0.0,0.0,0.0,8.75906844155438e-28,0.03672872475007239,0.0092,"Gatot Samosir, S.T.",IT Infrastructure,Specialist,Information Broker
EMP00905,0,3,0.0,3.134346671859714e-28,0.0005250965698183592,0.0,0.0,0.125,0.0,8.75906844155438e-28,0.03672872475007239,0.0092,Kusuma Sinaga,IT Infrastructure,Senior Staff,Information Broker
EMP00904,0,7,0.0,3.134346671859714e-28,0.0005250965698183592,0.0,0.0,0.2916666666666667,0.0,8.75906844155438e-28,0.03672872475007239,0.0092,"Rahmi Putra, S.Sos",IT Infrastructure,Staff,Central Connector
EMP00903,0,0,0.0,3.134346671859714e-28,0.0005250965698183592,0.0,0.0,0.0,0.0,8.75906844155438e-28,0.03672872475007239,0.0092,"Usyi Kuswandari, S.H.",IT Infrastructure,Specialist,Information Broker
EMP00902,0,0,0.0,3.134346671859714e-28,0.0005250965698183592,0.0,0.0,0.0,0.0,8.75906844155438e-28,0.03672872475007239,0.0092,Yono Lazuardi,IT Infrastructure,Staff,Information Broker
EMP00901,0,6,0.0,3.134346671859714e-28,0.0005250965698183592,0.0,0.0,0.25,0.0,8.75906844155438e-28,0.03672872475007239,0.0092,"dr. Ilsa Budiman, S.Kom",IT Infrastructure,Lead,Central Connector
EMP00897,0,0,0.0,3.134346671859714e-28,0.0005250965698183592,0.0,0.0,0.0,0.0,8.75906844155438e-28,0.03672872475007239,0.0092,Embuh Waluyo,IT Infrastructure,Staff,Information Broker
EMP00895,0,3,0.0,3.134346671859714e-28,0.0005250965698183592,0.0,0.0,0.125,0.0,8.75906844155438e-28,0.03672872475007239,0.0092,"Bahuwirya Hartati, S.I.Kom",IT Infrastructure,Lead,Information Broker
EMP00892,0,0,0.0,3.134346671859714e-28,0.0005250965698183592,0.0,0.0,0.0,0.0,8.75906844155438e-28,0.03672872475007239,0.0092,Lidya Puspita,IT Infrastructure,Staff,Information Broker
EMP00890,0,0,0.0,3.134346671859714e-28,0.0005250965698183592,0.0,0.0,0.0,0.0,8.75906844155438e-28,0.03672872475007239,0.0092,Zamira Megantara,IT Infrastructure,Senior Staff,Information Broker
EMP00889,0,0,0.0,3.134346671859714e-28,0.0005250965698183592,0.0,0.0,0.0,0.0,8.75906844155438e-28,0.03672872475007239,0.0092,"Dr. Jasmani Permadi, S.H.",IT Infrastructure,Staff,Information Broker
EMP00888,0,0,0.0,3.134346671859714e-28,0.0005250965698183592,0.0,0.0,0.0,0.0,8.75906844155438e-28,0.03672872475007239,0.0092,Keisha Nashiruddin,IT Infrastructure,Staff,Information Broker
EMP00886,0,3,0.0,3.134346671859714e-28,0.0005250965698183592,0.0,0.0,0.125,0.0,8.75906844155438e-28,0.03672872475007239,0.0092,"Harjaya Novitasari, S.Psi",IT Infrastructure,Senior Staff,Information Broker
EMP00885,0,10,0.0,3.134346671859714e-28,0.0005250965698183592,0.0,0.0,0.4166666666666667,0.0,8.75906844155438e-28,0.03672872475007239,0.0092,Gangsar Yuniar,IT Infrastructure,Staff,Central Connector
EMP00100,0,0,0.0,3.134346671859714e-28,0.0005250965698183592,0.0,0.0,0.0,0.0,8.75906844155438e-28,0.03672872475007239,0.0092,"Puput Halim, S.Psi",Engineering,Specialist,Information Broker
EMP00083,0,3,0.0,3.134346671859714e-28,0.0005250965698183592,0.0,0.0,0.125,0.0,8.75906844155438e-28,0.03672872475007239,0.0092,"Martani Yuliarti, S.IP",Engineering,Staff,Information Broker
EMP00081,0,0,0.0,3.134346671859714e-28,0.0005250965698183592,0.0,0.0,0.0,0.0,8.75906844155438e-28,0.03672872475007239,0.0092,"Irfan Thamrin, S.Farm",Engineering,Senior Staff,Information Broker
EMP00080,0,0,0.0,3.134346671859714e-28,0.0005250965698183592,0.0,0.0,0.0,0.0,8.75906844155438e-28,0.03672872475007239,0.0092,"dr. Dadap Kuswoyo, S.IP",Engineering,Staff,Information Broker
EMP00079,0,0,0.0,3.134346671859714e-28,0.0005250965698183592,0.0,0.0,0.0,0.0,8.75906844155438e-28,0.03672872475007239,0.0092,Purwanto Kusmawati,Engineering,Staff,Information Broker
EMP00078,0,0,0.0,3.134346671859714e-28,0.0005250965698183592,0.0,0.0,0.0,0.0,8.75906844155438e-28,0.03672872475007239,0.0092,"Queen Permata, M.Kom.",Engineering,Lead,Information Broker
EMP00077,0,0,0.0,3.134346671859714e-28,0.0005250965698183592,0.0,0.0,0.0,0.0,8.75906844155438e-28,0.03672872475007239,0.0092,Kayun Mustofa,Engineering,Staff,Information Broker
EMP00076,0,0,0.0,3.134346671859714e-28,0.0005250965698183592,0.0,0.0,0.0,0.0,8.75906844155438e-28,0.03672872475007239,0.0092,Salsabila Laksita,Engineering,Staff,Information Broker
EMP00075,0,3,0.0,3.134346671859714e-28,0.0005250965698183592,0.0,0.0,0.125,0.0,8.75906844155438e-28,0.03672872475007239,0.0092,Kamidin Prakasa,Engineering,Staff,Information Broker
EMP00074,0,0,0.0,3.134346671859714e-28,0.0005250965698183592,0.0,0.0,0.0,0.0,8.75906844155438e-28,0.03672872475007239,0.0092,Satya Sitompul,Engineering,Staff,Information Broker
EMP00072,0,0,0.0,3.134346671859714e-28,0.0005250965698183592,0.0,0.0,0.0,0.0,8.75906844155438e-28,0.03672872475007239,0.0092,Bagus Usamah,Engineering,Senior Staff,Information Broker
EMP00071,0,0,0.0,3.134346671859714e-28,0.0005250965698183592,0.0,0.0,0.0,0.0,8.75906844155438e-28,0.03672872475007239,0.0092,Lanjar Prasetya,Engineering,Senior Staff,Information Broker
EMP00070,0,3,0.0,3.134346671859714e-28,0.0005250965698183592,0.0,0.0,0.125,0.0,8.75906844155438e-28,0.03672872475007239,0.0092,Lanjar Puspasari,Engineering,Specialist,Information Broker
EMP00069,0,0,0.0,3.134346671859714e-28,0.0005250965698183592,0.0,0.0,0.0,0.0,8.75906844155438e-28,0.03672872475007239,0.0092,Atma Sirait,Engineering,Staff,Information Broker
EMP00915,0,0,0.0,3.134346671859714e-28,0.0005250965698183592,0.0,0.0,0.0,0.0,8.75906844155438e-28,0.03672872475007239,0.0092,Eva Napitupulu,IT Infrastructure,Staff,Information Broker
EMP00913,0,0,0.0,3.134346671859714e-28,0.0005250965698183592,0.0,0.0,0.0,0.0,8.75906844155438e-28,0.03672872475007239,0.0092,Elon Puspasari,IT Infrastructure,Specialist,Information Broker
EMP00911,0,0,0.0,3.134346671859714e-28,0.0005250965698183592,0.0,0.0,0.0,0.0,8.75906844155438e-28,0.03672872475007239,0.0092,Laras Gunawan,IT Infrastructure,Senior Staff,Information Broker
EMP00065,0,0,0.0,3.134346671859714e-28,0.0005250965698183592,0.0,0.0,0.0,0.0,8.75906844155438e-28,0.03672872475007239,0.0092,"H. Muhammad Pangestu, S.Pd",Engineering,Staff,Information Broker
EMP00064,0,0,0.0,3.134346671859714e-28,0.0005250965698183592,0.0,0.0,0.0,0.0,8.75906844155438e-28,0.03672872475007239,0.0092,"Ir. Lintang Prabowo, M.Pd",Engineering,Specialist,Information Broker
EMP00063,0,0,0.0,3.134346671859714e-28,0.0005250965698183592,0.0,0.0,0.0,0.0,8.75906844155438e-28,0.03672872475007239,0.0092,R.M. Eman Nuraini,Engineering,Lead,Information Broker
EMP00061,0,0,0.0,3.134346671859714e-28,0.0005250965698183592,0.0,0.0,0.0,0.0,8.75906844155438e-28,0.03672872475007239,0.0092,"Puti Vanya Nasyidah, S.E.I",Engineering,Staff,Information Broker
EMP00059,0,0,0.0,3.134346671859714e-28,0.0005250965698183592,0.0,0.0,0.0,0.0,8.75906844155438e-28,0.03672872475007239,0.0092,Asmianto Permadi,Engineering,Staff,Information Broker
EMP00058,0,0,0.0,3.134346671859714e-28,0.0005250965698183592,0.0,0.0,0.0,0.0,8.75906844155438e-28,0.03672872475007239,0.0092,Yance Samosir,Engineering,Staff,Information Broker
EMP00057,0,0,0.0,3.134346671859714e-28,0.0005250965698183592,0.0,0.0,0.0,0.0,8.75906844155438e-28,0.03672872475007239,0.0092,Anita Kusumo,Engineering,Staff,Information Broker
EMP00056,0,0,0.0,3.134346671859714e-28,0.0005250965698183592,0.0,0.0,0.0,0.0,8.75906844155438e-28,0.03672872475007239,0.0092,Liman Sinaga,Engineering,Manager,Information Broker
EMP00053,0,0,0.0,3.134346671859714e-28,0.0005250965698183592,0.0,0.0,0.0,0.0,8.75906844155438e-28,0.03672872475007239,0.0092,Drs. Dalimin Mangunsong,Engineering,Specialist,Information Broker
EMP00932,0,3,0.0,3.134346671859714e-28,0.0005250965698183592,0.0,0.0,0.125,0.0,8.75906844155438e-28,0.03672872475007239,0.0092,Adiarja Nasyidah,Research,Staff,Information Broker
EMP00931,0,6,0.0,3.134346671859714e-28,0.0005250965698183592,0.0,0.0,0.25,0.0,8.75906844155438e-28,0.03672872475007239,0.0092,Sakura Laksita,Research,Staff,Central Connector
EMP00929,0,9,0.0,3.134346671859714e-28,0.0005250965698183592,0.16666666666666666,0.0,0.375,0.0,8.75906844155438e-28,0.03672872475007239,0.0092,Kasiyah Halim,IT Infrastructure,Lead,Central Connector
EMP00925,0,0,0.0,3.134346671859714e-28,0.0005250965698183592,0.0,0.0,0.0,0.0,8.75906844155438e-28,0.03672872475007239,0.0092,"Hj. Alika Ardianto, S.Farm",IT Infrastructure,Lead,Information Broker
EMP00920,0,3,0.0,3.134346671859714e-28,0.0005250965698183592,0.0,0.0,0.125,0.0,8.75906844155438e-28,0.03672872475007239,0.0092,Ella Thamrin,IT Infrastructure,Senior Staff,Information Broker
EMP00918,0,3,0.0,3.134346671859714e-28,0.0005250965698183592,0.0,0.0,0.125,0.0,8.75906844155438e-28,0.03672872475007239,0.0092,"Warsa Sirait, S.T.",IT Infrastructure,Staff,Information Broker
EMP00084,0,0,0.0,3.134346671859714e-28,0.0005250965698183592,0.0,0.0,0.0,0.0,8.75906844155438e-28,0.03672872475007239,0.0092,Hadi Sirait,Engineering,Senior Staff,Information Broker
EMP00043,0,0,0.0,3.134346671859714e-28,0.0005250965698183592,0.0,0.0,0.0,0.0,8.75906844155438e-28,0.03672872475007239,0.0092,Kezia Riyanti,Engineering,Staff,Information Broker
EMP00042,0,0,0.0,3.134346671859714e-28,0.0005250965698183592,0.0,0.0,0.0,0.0,8.75906844155438e-28,0.03672872475007239,0.0092,"Ir. Indra Riyanti, S.Pt",Engineering,Specialist,Information Broker
EMP00041,0,3,0.0,3.134346671859714e-28,0.0005250965698183592,0.0,0.0,0.125,0.0,8.75906844155438e-28,0.03672872475007239,0.0092,"Puti Eva Utami, S.E.",Engineering,Manager,Information Broker
EMP00039,0,0,0.0,3.134346671859714e-28,0.0005250965698183592,0.0,0.0,0.0,0.0,8.75906844155438e-28,0.03672872475007239,0.0092,Gawati Mandala,Engineering,Senior Staff,Information Broker
EMP00038,0,0,0.0,3.134346671859714e-28,0.0005250965698183592,0.0,0.0,0.0,0.0,8.75906844155438e-28,0.03672872475007239,0.0092,Restu Wacana,Engineering,Staff,Information Broker
EMP00037,0,0,0.0,3.134346671859714e-28,0.0005250965698183592,0.0,0.0,0.0,0.0,8.75906844155438e-28,0.03672872475007239,0.0092,T. Pangeran Padmasari,Engineering,Staff,Information Broker
EMP00948,0,0,0.0,3.134346671859714e-28,0.0005250965698183592,0.0,0.0,0.0,0.0,8.75906844155438e-28,0.03672872475007239,0.0092,"Ella Hutasoit, M.Kom.",Research,Specialist,Information Broker
EMP00947,0,6,0.0,3.134346671859714e-28,0.0005250965698183592,0.0,0.0,0.25,0.0,8.75906844155438e-28,0.03672872475007239,0.0092,Makuta Anggriawan,Research,Senior Staff,Central Connector
EMP00946,0,0,0.0,3.134346671859714e-28,0.0005250965698183592,0.0,0.0,0.0,0.0,8.75906844155438e-28,0.03672872475007239,0.0092,Puspa Kusmawati,Research,Staff,Information Broker
EMP00942,0,0,0.0,3.134346671859714e-28,0.0005250965698183592,0.0,0.0,0.0,0.0,8.75906844155438e-28,0.03672872475007239,0.0092,Padmi Prasasta,Research,Lead,Information Broker
EMP00935,0,6,0.0,3.134346671859714e-28,0.0005250965698183592,0.0,0.0,0.25,0.0,8.75906844155438e-28,0.03672872475007239,0.0092,Anita Mardhiyah,Research,Senior Staff,Central Connector
EMP00934,0,0,0.0,3.134346671859714e-28,0.0005250965698183592,0.0,0.0,0.0,0.0,8.75906844155438e-28,0.03672872475007239,0.0092,H. Endra Nasyiah,Research,Staff,Information Broker
EMP00933,0,6,0.0,3.134346671859714e-28,0.0005250965698183592,0.0,0.0,0.25,0.0,8.75906844155438e-28,0.03672872475007239,0.0092,dr. Adinata Budiyanto,Research,Staff,Central Connector
EMP00068,0,0,0.0,3.134346671859714e-28,0.0005250965698183592,0.0,0.0,0.0,0.0,8.75906844155438e-28,0.03672872475007239,0.0092,Devi Prayoga,Engineering,Senior Staff,Information Broker
EMP00067,0,0,0.0,3.134346671859714e-28,0.0005250965698183592,0.0,0.0,0.0,0.0,8.75906844155438e-28,0.03672872475007239,0.0092,Maida Maryati,Engineering,Senior Staff,Information Broker
EMP00066,0,0,0.0,3.134346671859714e-28,0.0005250965698183592,0.0,0.0,0.0,0.0,8.75906844155438e-28,0.03672872475007239,0.0092,Salsabila Yulianti,Engineering,Senior Staff,Information Broker
EMP00012,0,0,0.0,3.134346671859714e-28,0.0005250965698183592,0.0,0.0,0.0,0.0,8.75906844155438e-28,0.03672872475007239,0.0092,Eva Pratama,Engineering,Staff,Information Broker
EMP00469,0,0,0.0,3.134346671859714e-28,0.0005250965698183592,0.0,0.0,0.0,0.0,8.75906844155438e-28,0.03672872475007239,0.0092,"Hj. Sadina Puspasari, S.Kom",Sales,Specialist,Information Broker
EMP00004,0,0,0.0,3.134346671859714e-28,0.0005250965698183592,0.0,0.0,0.0,0.0,8.75906844155438e-28,0.03672872475007239,0.0092,Lantar Anggraini,Engineering,Specialist,Information Broker
EMP00992,0,6,0.0,3.134346671859714e-28,0.0005250965698183592,0.0,0.0,0.25,0.0,8.75906844155438e-28,0.03672872475007239,0.0092,Ika Andriani,Research,Staff,Central Connector
EMP00991,0,6,0.0,3.134346671859714e-28,0.0005250965698183592,0.0,0.0,0.25,0.0,8.75906844155438e-28,0.03672872475007239,0.0092,Atma Marbun,Research,Manager,Central Connector
EMP00990,0,9,0.0,3.134346671859714e-28,0.0005250965698183592,0.0,0.0,0.375,0.0,8.75906844155438e-28,0.03672872475007239,0.0092,Hasna Lailasari,Research,Senior Staff,Central Connector
EMP00987,0,9,0.0,3.134346671859714e-28,0.0005250965698183592,0.0,0.0,0.375,0.0,8.75906844155438e-28,0.03672872475007239,0.0092,"Putri Prasasta, M.Farm",Research,Senior Staff,Central Connector
EMP00986,0,0,0.0,3.134346671859714e-28,0.0005250965698183592,0.0,0.0,0.0,0.0,8.75906844155438e-28,0.03672872475007239,0.0092,Victoria Hutasoit,Research,Staff,Information Broker
EMP00985,0,0,0.0,3.134346671859714e-28,0.0005250965698183592,0.0,0.0,0.0,0.0,8.75906844155438e-28,0.03672872475007239,0.0092,"drg. Amalia Siregar, S.Farm",Research,Specialist,Information Broker
EMP00983,0,0,0.0,3.134346671859714e-28,0.0005250965698183592,0.0,0.0,0.0,0.0,8.75906844155438e-28,0.03672872475007239,0.0092,Puspa Iswahyudi,Research,Lead,Information Broker
EMP00982,0,6,0.0,3.134346671859714e-28,0.0005250965698183592,0.0,0.0,0.25,0.0,8.75906844155438e-28,0.03672872475007239,0.0092,Akarsana Irawan,Research,Lead,Central Connector
EMP00018,0,0,0.0,3.134346671859714e-28,0.0005250965698183592,0.0,0.0,0.0,0.0,8.75906844155438e-28,0.03672872475007239,0.0092,Yance Utami,Engineering,Lead,Information Broker
EMP00017,0,0,0.0,3.134346671859714e-28,0.0005250965698183592,0.0,0.0,0.0,0.0,8.75906844155438e-28,0.03672872475007239,0.0092,Cindy Puspasari,Engineering,Senior Staff,Information Broker
EMP00016,0,0,0.0,3.134346671859714e-28,0.0005250965698183592,0.0,0.0,0.0,0.0,8.75906844155438e-28,0.03672872475007239,0.0092,"Michelle Nasyiah, S.IP",Engineering,Staff,Information Broker
EMP00015,0,0,0.0,3.134346671859714e-28,0.0005250965698183592,0.0,0.0,0.0,0.0,8.75906844155438e-28,0.03672872475007239,0.0092,Tgk. Yani Gunawan,Engineering,Staff,Information Broker
EMP00470,0,0,0.0,3.134346671859714e-28,0.0005250965698183592,0.0,0.0,0.0,0.0,8.75906844155438e-28,0.03672872475007239,0.0092,Mila Pradana,Sales,Specialist,Information Broker
EMP00044,0,0,0.0,3.134346671859714e-28,0.0005250965698183592,0.0,0.0,0.0,0.0,8.75906844155438e-28,0.03672872475007239,0.0092,Paris Ramadan,Engineering,Lead,Information Broker
EMP00025,0,0,0.0,3.134346671859714e-28,0.0005250965698183592,0.0,0.0,0.0,0.0,8.75906844155438e-28,0.03672872475007239,0.0092,"Emas Zulaika, S.Pt",Engineering,Senior Staff,Information Broker
EMP00024,0,0,0.0,3.134346671859714e-28,0.0005250965698183592,0.0,0.0,0.0,0.0,8.75906844155438e-28,0.03672872475007239,0.0092,Kamila Pranowo,Engineering,Staff,Information Broker
EMP00023,0,0,0.0,3.134346671859714e-28,0.0005250965698183592,0.0,0.0,0.0,0.0,8.75906844155438e-28,0.03672872475007239,0.0092,"Rafid Utama, S.E.",Engineering,Staff,Information Broker
EMP00022,0,0,0.0,3.134346671859714e-28,0.0005250965698183592,0.0,0.0,0.0,0.0,8.75906844155438e-28,0.03672872475007239,0.0092,Indah Hasanah,Engineering,Staff,Information Broker
EMP00021,0,0,0.0,3.134346671859714e-28,0.0005250965698183592,0.0,0.0,0.0,0.0,8.75906844155438e-28,0.03672872475007239,0.0092,"T. Bahuwirya Pradipta, S.IP",Engineering,Manager,Information Broker
EMP00963,0,0,0.0,3.134346671859714e-28,0.0005250965698183592,0.0,0.0,0.0,0.0,8.75906844155438e-28,0.03672872475007239,0.0092,"Jelita Habibi, S.IP",Research,Staff,Information Broker
EMP00956,0,0,0.0,3.134346671859714e-28,0.0005250965698183592,0.0,0.0,0.0,0.0,8.75906844155438e-28,0.03672872475007239,0.0092,Yono Pranowo,Research,Staff,Information Broker
EMP00052,0,3,0.0,3.134346671859714e-28,0.0005250965698183592,0.0,0.0,0.125,0.0,8.75906844155438e-28,0.03672872475007239,0.0092,Zaenab Uyainah,Engineering,Specialist,Information Broker
EMP00050,0,0,0.0,3.134346671859714e-28,0.0005250965698183592,0.0,0.0,0.0,0.0,8.75906844155438e-28,0.03672872475007239,0.0092,KH. Cemani Mayasari,Engineering,Senior Staff,Information Broker
EMP00049,0,0,0.0,3.134346671859714e-28,0.0005250965698183592,0.0,0.0,0.0,0.0,8.75906844155438e-28,0.03672872475007239,0.0092,Xanana Saptono,Engineering,Senior Staff,Information Broker
EMP00048,0,0,0.0,3.134346671859714e-28,0.0005250965698183592,0.0,0.0,0.0,0.0,8.75906844155438e-28,0.03672872475007239,0.0092,Endah Hasanah,Engineering,Specialist,Information Broker
EMP00047,0,0,0.0,3.134346671859714e-28,0.0005250965698183592,0.0,0.0,0.0,0.0,8.75906844155438e-28,0.03672872475007239,0.0092,"Ir. Ganep Kusumo, S.Pd",Engineering,Specialist,Information Broker
EMP00046,0,0,0.0,3.134346671859714e-28,0.0005250965698183592,0.0,0.0,0.0,0.0,8.75906844155438e-28,0.03672872475007239,0.0092,"Timbul Nasyiah, S.T.",Engineering,Senior Staff,Information Broker
EMP00045,0,0,0.0,3.134346671859714e-28,0.0005250965698183592,0.0,0.0,0.0,0.0,8.75906844155438e-28,0.03672872475007239,0.0092,Dt. Maman Latupono,Engineering,Senior Staff,Information Broker
EMP00026,0,0,0.0,3.134346671859714e-28,0.0005250965698183592,0.0,0.0,0.0,0.0,8.75906844155438e-28,0.03672872475007239,0.0092,Hj. Ella Nasyidah,Engineering,Staff,Information Broker
