employee_id,department,job_level,tenure_years,monthly_salary,engagement_score,age,gender,education,salary_vs_dept_avg,latest_rating,avg_rating,rating_trend,avg_sentiment,pct_negative_review,absent_rate,avg_hours_worked,no_show_count,absence_worsening,influence_score,in_degree_weighted_norm,betweenness_norm,network_role,is_isolated,avg_completion_rate,n_trainings_completed,avg_assessment_score
EMP00001,Engineering,1,1.56,16787219,4.2,45,P,S2,0.8647552824997662,5,5.0,-1.0721261933235726e-15,0.1909,0.0,0.022900763358778626,7.483206106870228,2,0.014918414918414918,0.0092,0.0,0.0,Information Broker,1,0.84,1,57.3
EMP00002,Engineering,2,4.95,16497967,3.9,45,P,S2,0.849855125721349,3,3.5,-0.9999999999999998,-0.10115,0.5,0.03435114503816794,7.696183206106871,1,-0.046153846153846156,0.0092,0.0,0.0,Information Broker,1,0.8,1,85.6
EMP00003,Engineering,1,4.02,15853064,2.7,35,P,S2,0.8166344191856241,3,3.5,-0.9999999999999998,0.0,0.0,0.019083969465648856,7.827099236641221,0,-0.00023310023310023353,0.0092,0.0,0.0,Information Broker,1,0.8333333333333334,2,87.76666666666667
EMP00004,Engineering,3,4.86,21984461,3.0,32,L,D3,1.1324793453078852,3,3.5,-0.9999999999999998,0.03484999999999999,0.5,0.019083969465648856,7.474045801526718,1,0.03006993006993007,0.0092,0.0,0.0,Information Broker,1,0.88,1,92.7
EMP00005,Engineering,3,4.03,31024041,3.1,26,L,S1,1.598132682920222,4,3.5,0.9999999999999996,-0.10115,0.5,0.022900763358778626,7.767175572519084,0,0.045454545454545456,0.0092,0.0,0.0,Information Broker,1,0.8566666666666668,3,85.10000000000001
EMP00006,Engineering,2,5.37,16529890,2.7,27,L,S2,0.851499566225952,4,3.5,0.9999999999999996,-0.11315,0.5,0.022900763358778626,7.743511450381679,0,0.030303030303030304,0.0092,0.0,0.0,Information Broker,1,0.89,1,48.7
EMP00007,Engineering,3,4.48,20362375,3.5,43,L,S1,1.048921286217281,4,3.5,0.9999999999999996,-0.4496,1.0,0.030534351145038167,7.794274809160305,0,0.014918414918414918,0.0092,0.0,0.0,Information Broker,1,0.8200000000000001,1,75.7
EMP00008,Engineering,3,4.51,22729239,3.6,26,P,S2,1.1708448845785417,4,3.5,0.9999999999999996,-0.2263,1.0,0.003816793893129771,7.987786259541985,0,-0.015384615384615385,0.0092,0.0,0.0,Information Broker,1,0.8025,3,83.89999999999999
EMP00009,Engineering,1,4.08,14393530,4.4,35,L,S1,0.7414498554715262,5,4.5,0.9999999999999991,0.0,0.0,0.030534351145038167,7.749236641221374,0,-0.00023310023310023353,0.0092,0.0,0.0,Information Broker,1,0.76,1,83.75
EMP00010,Engineering,2,1.51,20473412,4.0,44,L,S1,1.0546411039132868,4,4.0,-3.14018491736755e-16,0.1909,0.0,0.003816793893129771,8.024045801526718,0,0.0,0.0092,0.0,0.0,Information Broker,1,0.86,3,78.9
EMP00011,Engineering,2,6.38,15484519,2.4,28,L,S1,0.7976496644392378,2,2.0,-1.570092458683775e-16,0.10600000000000001,0.5,0.03435114503816794,7.4721374045801525,0,0.03006993006993007,0.0092,0.0,0.0,Information Broker,1,0.7666666666666666,1,68.3
EMP00012,Engineering,1,3.42,15360989,3.9,41,P,S1,0.7912862983541705,3,3.0,-3.14018491736755e-16,-0.11315,0.5,0.015267175572519083,7.841221374045801,0,-0.00023310023310023353,0.0092,0.0,0.0,Information Broker,1,0.7766666666666667,1,67.60000000000001
EMP00013,Engineering,2,2.88,15671093,3.8,22,L,S1,0.8072605983334766,4,4.0,-3.14018491736755e-16,0.03484999999999999,0.5,0.03816793893129771,7.377862595419847,0,-0.031002331002331004,0.0092,0.0,0.0,Information Broker,1,0.6675,1,73.625
EMP00014,Engineering,3,3.76,22170054,3.1,42,L,D3,1.1420397452255238,4,3.5,0.9999999999999996,-0.2143,1.0,0.015267175572519083,7.864503816793893,0,0.014918414918414918,0.0092,0.0,0.0,Information Broker,1,0.77,1,90.75
EMP00015,Engineering,1,2.93,15927008,2.9,25,P,S2,0.8204434756236895,3,3.0,-3.14018491736755e-16,-0.2023,1.0,0.011450381679389313,7.864885496183206,0,-0.015617715617715619,0.0092,0.0,0.0,Information Broker,1,0.77,2,74.3
EMP00016,Engineering,1,2.49,14544814,2.8,43,L,S1,0.7492429055388241,3,3.0,-3.14018491736755e-16,-0.11315,0.5,0.019083969465648856,7.827480916030535,1,-0.015384615384615385,0.0092,0.0,0.0,Information Broker,1,0.96,1,62.0
EMP00017,Engineering,2,4.97,17151253,2.3,31,P,S1,0.8835076633741397,3,2.0,1.9999999999999996,-0.08530000000000001,0.5,0.0,8.033206106870228,0,0.0,0.0092,0.0,0.0,Information Broker,1,0.8333333333333334,1,66.93333333333334
EMP00018,Engineering,4,2.75,25324255,2.8,40,L,S1,1.3045212126333203,3,3.0,-3.14018491736755e-16,-0.10115,0.5,0.015267175572519083,7.902290076335878,1,-0.015617715617715619,0.0092,0.0,0.0,Information Broker,1,0.844,3,79.4
EMP00019,Engineering,2,2.09,23352153,2.7,31,P,S1,1.2029328779527306,4,3.5,0.9999999999999996,-0.10115,0.5,0.06870229007633588,7.032824427480915,0,-0.06200466200466201,0.0431,0.1304347826086956,0.0,Information Broker,1,0.7859999999999999,3,66.97999999999999
EMP00020,Engineering,3,3.49,21762360,2.4,32,P,D3,1.1210383190724809,2,2.5,-1.0000000000000007,-0.14245,0.5,0.011450381679389313,7.961832061068702,0,-0.015384615384615385,0.0431,0.1304347826086956,0.0,Information Broker,1,0.95,1,69.1
EMP00021,Engineering,5,2.57,31924022,2.8,36,L,S1,1.644493150600987,3,3.5,-0.9999999999999998,0.0,0.0,0.030534351145038167,7.73969465648855,0,-0.0006993006993007006,0.0092,0.0,0.0,Information Broker,1,0.85,1,66.9
EMP00022,Engineering,1,4.02,14686542,4.1,37,L,S1,0.7565437000705525,5,5.0,-1.0721261933235726e-15,0.33525,0.0,0.0,8.01679389312977,0,0.0,0.0092,0.0,0.0,Information Broker,1,0.7350000000000001,1,88.5
EMP00023,Engineering,1,2.78,14879476,4.7,25,L,S2,0.7664822548528432,4,4.5,-1.0000000000000007,0.1909,0.0,0.011450381679389313,7.925190839694657,1,0.0,0.0092,0.0,0.0,Information Broker,1,0.8333333333333334,2,79.3
EMP00024,Engineering,1,6.34,13453863,4.7,28,P,S1,0.693045054054406,5,5.0,-1.0721261933235726e-15,0.6705,0.0,0.022900763358778626,7.760687022900763,0,0.014918414918414918,0.0092,0.0,0.0,Information Broker,1,0.8539999999999999,3,82.06
EMP00025,Engineering,2,2.17,18314591,3.5,50,L,D3,0.9434343659943124,4,3.5,0.9999999999999996,-0.11315,0.5,0.026717557251908396,7.734351145038168,0,0.015151515151515152,0.0092,0.0,0.0,Information Broker,1,0.7533333333333333,1,83.86666666666666
EMP00026,Engineering,1,2.69,15393392,4.6,35,P,S1,0.7929554649635321,5,4.5,0.9999999999999991,0.33525,0.0,0.030534351145038167,7.7793893129770995,0,-0.0006993006993007006,0.0092,0.0,0.0,Information Broker,1,0.8560000000000001,3,81.92
EMP00027,Engineering,2,3.61,17629165,4.2,31,P,S1,0.9081262095770593,4,4.5,-1.0000000000000007,0.318,0.0,0.03435114503816794,7.397709923664122,0,-0.00023310023310023353,0.0092,0.0,0.0,Information Broker,1,0.64,0,97.9
EMP00028,Engineering,1,1.11,19214964,4.7,50,L,S1,0.9898150266606301,5,4.5,0.9999999999999991,-0.064,0.5,0.022900763358778626,7.422137404580153,1,-0.00046620046620046707,0.0092,0.0,0.0,Information Broker,1,0.784,2,83.26
EMP00029,Engineering,4,4.96,22953190,3.8,48,L,S1,1.1823812093427033,4,3.5,0.9999999999999996,-0.11315,0.5,0.007633587786259542,7.881297709923665,0,-0.015384615384615385,0.0092,0.0,0.0,Information Broker,1,0.835,1,61.3
EMP00030,Engineering,4,6.12,26609112,3.6,22,L,S1,1.3707076892621652,3,3.5,-0.9999999999999998,-0.4496,1.0,0.022900763358778626,7.396564885496184,0,-0.046153846153846156,0.0092,0.0,0.0,Information Broker,1,0.76,0,61.1
EMP00031,Engineering,1,5.21,14266750,3.9,39,L,S1,0.7349190730521559,4,3.5,0.9999999999999996,-0.2023,1.0,0.003816793893129771,7.943893129770993,0,0.0,0.0092,0.0,0.0,Information Broker,1,0.7625,2,73.3
EMP00032,Engineering,1,4.14,14280560,4.1,49,P,S1,0.7356304636911486,5,5.0,-1.0721261933235726e-15,0.0,0.0,0.026717557251908396,7.78587786259542,1,0.029836829836829837,0.0797,0.2608695652173913,0.0,Central Connector,1,0.8560000000000001,3,70.76
EMP00033,Engineering,2,6.26,19444578,3.3,49,L,S1,1.0016430679482253,3,3.5,-0.9999999999999998,-0.128,1.0,0.05725190839694656,7.2687022900763365,0,-0.016083916083916086,0.0092,0.0,0.0,Information Broker,1,0.7875,2,89.7
EMP00034,Engineering,4,1.11,23096462,3.3,50,P,D3,1.1897615395114054,3,3.0,-3.14018491736755e-16,-0.10115,0.5,0.015267175572519083,7.847709923664122,0,0.045454545454545456,0.0092,0.0,0.0,Information Broker,1,0.754,3,75.68
EMP00035,Engineering,1,4.66,13598074,1.8,25,P,S2,0.700473754665542,3,2.5,0.9999999999999994,0.318,0.0,0.019083969465648856,7.822900763358779,0,0.014918414918414918,0.0092,0.0,0.0,Information Broker,1,0.8075,2,80.85
EMP00036,Engineering,1,5.14,13151306,3.2,40,L,S1,0.6774595205597109,4,4.0,-3.14018491736755e-16,-0.11315,0.5,0.019083969465648856,7.811068702290076,0,0.030303030303030304,0.0092,0.0,0.0,Information Broker,1,0.8,1,84.44999999999999
EMP00037,Engineering,1,2.53,19758568,5.0,29,P,S1,1.0178175463506398,5,5.0,-1.0721261933235726e-15,0.50525,0.0,0.04961832061068702,7.252671755725191,2,0.029603729603729603,0.0092,0.0,0.0,Information Broker,1,0.8300000000000001,4,72.62
EMP00038,Engineering,1,2.12,14458153,4.0,46,L,S1,0.7447787618628101,4,4.5,-1.0000000000000007,0.33525,0.0,0.03435114503816794,7.748091603053435,0,-0.031002331002331004,0.0092,0.0,0.0,Information Broker,1,0.7925,1,74.05
EMP00039,Engineering,2,3.54,18015556,3.6,25,P,S1,0.9280302602932837,3,3.5,-0.9999999999999998,-0.064,0.5,0.03816793893129771,7.266793893129772,1,-0.015617715617715619,0.0092,0.0,0.0,Information Broker,1,0.88,1,76.3
EMP00040,Engineering,2,5.41,18900097,3.3,33,L,S1,0.973595371604313,4,3.5,0.9999999999999996,0.0,0.0,0.03435114503816794,7.685496183206107,1,-0.046153846153846156,0.0431,0.1304347826086956,0.0,Information Broker,1,0.7975,1,74.175
EMP00041,Engineering,5,5.88,37985352,3.5,29,L,S1,1.956728735093827,3,3.5,-0.9999999999999998,-0.2143,1.0,0.03816793893129771,7.462213740458015,0,0.029836829836829837,0.0092,0.0,0.0,Information Broker,1,0.67,0,84.5
EMP00042,Engineering,3,5.9,23404485,3.5,25,P,S2,1.2056286415240391,3,3.0,-3.14018491736755e-16,-0.10115,0.5,0.04198473282442748,7.295419847328245,0,0.029836829836829837,0.0092,0.0,0.0,Information Broker,1,0.7939999999999999,2,85.88
EMP00043,Engineering,1,2.37,15605256,3.5,51,L,S1,0.8038691555022408,4,3.5,0.9999999999999996,-0.2143,1.0,0.0,8.059923664122136,0,0.0,0.0092,0.0,0.0,Information Broker,1,0.78,0,87.4
EMP00044,Engineering,4,2.82,17861851,3.3,37,L,S1,0.9201124979351095,3,3.5,-0.9999999999999998,-0.10115,0.5,0.026717557251908396,7.77175572519084,0,0.03006993006993007,0.0092,0.0,0.0,Information Broker,1,0.8566666666666666,2,89.46666666666665
EMP00045,Engineering,2,3.42,24295624,2.4,36,L,S1,1.251533633750063,2,2.5,-1.0000000000000007,0.04915,0.5,0.019083969465648856,7.860305343511451,0,-0.015850815850815853,0.0092,0.0,0.0,Information Broker,1,0.82,3,77.16
EMP00046,Engineering,2,2.07,22787233,3.9,42,L,S1,1.1738323131605655,3,3.0,-3.14018491736755e-16,0.0,0.0,0.019083969465648856,7.837022900763359,0,-0.015384615384615385,0.0092,0.0,0.0,Information Broker,1,0.8,3,71.92
EMP00047,Engineering,3,6.26,25475406,3.0,47,L,S1,1.3123074115090914,3,3.5,-0.9999999999999998,-0.2263,1.0,0.026717557251908396,7.793893129770993,0,0.030303030303030304,0.0092,0.0,0.0,Information Broker,1,0.87,1,75.3
EMP00048,Engineering,3,1.27,21865666,4.3,28,P,D3,1.126359891943718,5,4.5,0.9999999999999991,0.296,0.0,0.07251908396946564,7.0293893129770995,1,-0.04685314685314686,0.0092,0.0,0.0,Information Broker,1,0.6859999999999999,1,69.1
EMP00049,Engineering,2,3.9,15727215,3.0,50,P,S2,0.8101515951069418,3,3.5,-0.9999999999999998,-0.2143,1.0,0.022900763358778626,7.846946564885497,0,0.014918414918414918,0.0092,0.0,0.0,Information Broker,1,0.818,3,78.14
EMP00050,Engineering,2,6.1,15622461,2.7,50,L,S1,0.8047554318196826,3,3.0,-3.14018491736755e-16,-0.2143,1.0,0.026717557251908396,7.788167938931298,0,0.014685314685314685,0.0092,0.0,0.0,Information Broker,1,0.7525,2,75.825
EMP00051,Engineering,1,1.12,15700698,3.6,39,L,S1,0.8087856323571828,3,3.0,-3.14018491736755e-16,-0.10115,0.5,0.019083969465648856,7.92175572519084,0,-0.015384615384615385,0.0431,0.1304347826086956,0.0,Information Broker,1,0.86,3,78.25
EMP00052,Engineering,3,1.83,17748058,4.5,49,L,S2,0.9142507111876145,5,5.0,-1.0721261933235726e-15,0.0,0.0,0.007633587786259542,7.9797709923664115,0,0.0,0.0092,0.0,0.0,Information Broker,1,0.81,1,49.2
EMP00053,Engineering,3,2.2,23299852,3.7,42,L,S1,1.2002387112756878,3,3.5,-0.9999999999999998,-0.10115,0.5,0.011450381679389313,7.939694656488549,1,-0.015384615384615385,0.0092,0.0,0.0,Information Broker,1,0.86,1,79.8
EMP00054,Engineering,2,2.77,21783817,2.8,26,P,S1,1.1221436274679093,3,3.0,-3.14018491736755e-16,-0.11315,0.5,0.003816793893129771,7.972900763358779,0,-0.015384615384615385,0.0431,0.1304347826086956,0.0,Information Broker,1,0.8140000000000001,2,77.3
EMP00055,Engineering,2,6.2,21281784,3.2,50,P,S2,1.0962825429881509,3,3.5,-0.9999999999999998,-0.11315,0.5,0.026717557251908396,7.869465648854963,0,-0.0006993006993007006,0.0431,0.1304347826086956,0.0,Information Broker,1,0.8,1,53.3
EMP00056,Engineering,5,3.36,29090833,2.1,25,P,D3,1.498547883903136,1,1.5,-1.0,0.26115,0.0,0.015267175572519083,7.827862595419847,0,-0.015384615384615385,0.0092,0.0,0.0,Information Broker,1,0.865,2,59.9
EMP00057,Engineering,1,1.6,12432364,2.4,35,L,S2,0.6404248638776872,1,2.0,-2.0,0.10600000000000001,0.5,0.026717557251908396,7.766793893129772,1,-0.015384615384615385,0.0092,0.0,0.0,Information Broker,1,0.89,3,73.6
EMP00058,Engineering,1,5.06,10607217,3.3,45,P,S1,0.5464065807071036,3,3.5,-0.9999999999999998,0.05685000000000001,0.5,0.04580152671755725,7.394656488549619,1,-0.016083916083916086,0.0092,0.0,0.0,Information Broker,1,0.79,0,82.7
EMP00059,Engineering,1,4.67,15314290,3.9,51,L,S1,0.7888807059247481,4,3.5,0.9999999999999996,-0.2143,1.0,0.026717557251908396,7.837022900763359,0,-0.00046620046620046707,0.0092,0.0,0.0,Information Broker,1,0.82,1,78.3
EMP00060,Engineering,2,3.52,21205763,3.2,26,L,D3,1.0923664946342864,4,3.5,0.9999999999999996,-0.11315,0.5,0.0,8.040458015267175,0,0.0,0.0431,0.1304347826086956,0.0,Information Broker,1,0.8379999999999999,4,69.06
EMP00061,Engineering,1,1.92,12349052,2.5,23,L,S2,0.6361332362950828,3,3.0,-3.14018491736755e-16,-0.2143,1.0,0.019083969465648856,7.951908396946565,0,0.03006993006993007,0.0092,0.0,0.0,Information Broker,1,0.798,2,67.84
EMP00062,Engineering,2,6.3,22077883,4.1,49,L,S1,1.137291766471968,5,4.5,0.9999999999999991,-0.064,0.5,0.0648854961832061,7.155725190839695,2,0.014219114219114218,0.0431,0.1304347826086956,0.0,Information Broker,1,0.8,4,78.02000000000001
EMP00063,Engineering,4,4.84,26615266,2.7,37,P,S1,1.371024698530258,4,4.0,-3.14018491736755e-16,0.0,0.0,0.019083969465648856,7.4328244274809165,1,0.0,0.0092,0.0,0.0,Information Broker,1,0.71,0,64.1
EMP00064,Engineering,3,1.17,29125986,2.5,30,P,D3,1.5003587104876772,3,3.5,-0.9999999999999998,-0.11315,0.5,0.019083969465648856,7.455343511450382,0,-0.046153846153846156,0.0092,0.0,0.0,Information Broker,1,0.788,2,63.48
EMP00065,Engineering,1,2.26,17241077,3.1,48,P,S1,0.8881347417779694,3,3.0,-3.14018491736755e-16,0.0,0.0,0.03435114503816794,7.383969465648855,0,0.03006993006993007,0.0092,0.0,0.0,Information Broker,1,0.8099999999999999,3,76.35
EMP00066,Engineering,2,4.01,19697526,3.7,45,L,S1,1.0146731070033987,3,3.5,-0.9999999999999998,-0.2143,1.0,0.003816793893129771,7.962213740458015,0,-0.015384615384615385,0.0092,0.0,0.0,Information Broker,1,0.7875,2,72.4
EMP00067,Engineering,2,3.98,22162077,3.7,42,L,S1,1.1416288282720664,4,4.0,-3.14018491736755e-16,-0.10115,0.5,0.03435114503816794,7.7538167938931295,0,-0.031235431235431238,0.0092,0.0,0.0,Information Broker,1,0.755,1,63.550000000000004
EMP00068,Engineering,2,1.78,19205992,4.3,25,P,S1,0.989352854552517,4,4.5,-1.0000000000000007,0.1909,0.0,0.019083969465648856,7.846183206106869,0,-0.015384615384615385,0.0092,0.0,0.0,Information Broker,1,0.7775,2,81.22500000000001
EMP00069,Engineering,1,6.32,11817896,1.7,34,L,S1,0.6087719469218134,2,2.0,-1.570092458683775e-16,-0.128,1.0,0.05725190839694656,7.11412213740458,2,-0.06223776223776224,0.0092,0.0,0.0,Information Broker,1,0.91,1,67.9
EMP00070,Engineering,3,3.66,19476364,3.7,36,P,S1,1.0032804512104283,3,3.0,-3.14018491736755e-16,-0.11315,0.5,0.026717557251908396,7.806106870229008,1,0.015151515151515152,0.0092,0.0,0.0,Information Broker,1,0.835,1,86.19999999999999
EMP00071,Engineering,2,4.41,21994039,2.6,31,L,S1,1.1329727341232563,3,3.0,-3.14018491736755e-16,-0.2023,1.0,0.022900763358778626,7.868702290076335,2,0.014918414918414918,0.0092,0.0,0.0,Information Broker,1,0.79,2,78.13333333333334
EMP00072,Engineering,2,5.44,20456697,3.2,44,P,S1,1.053780068827786,3,3.5,-0.9999999999999998,0.0,0.0,0.0,7.9587786259541975,0,0.0,0.0092,0.0,0.0,Information Broker,1,0.95,1,86.6
EMP00073,Engineering,3,3.88,26477845,3.7,47,L,S1,1.3639457692760202,3,3.5,-0.9999999999999998,-0.2023,1.0,0.015267175572519083,7.919847328244275,0,-0.00023310023310023353,0.0431,0.1304347826086956,0.0,Information Broker,1,0.866,4,80.08
EMP00074,Engineering,1,5.02,14263575,1.9,31,L,S1,0.7347555201717213,2,2.5,-1.0000000000000007,-0.08530000000000001,0.5,0.03435114503816794,7.7687022900763365,1,-0.031002331002331004,0.0092,0.0,0.0,Information Broker,1,0.7625,2,69.175
EMP00075,Engineering,1,2.37,9615447,3.1,40,P,S1,0.4953178121311534,3,3.0,-3.14018491736755e-16,-0.10115,0.5,0.003816793893129771,7.977862595419847,1,0.0,0.0092,0.0,0.0,Information Broker,1,0.615,0,87.1
EMP00076,Engineering,1,5.24,14345720,3.3,42,L,S1,0.7389870324121313,3,3.0,-3.14018491736755e-16,0.08399999999999999,0.5,0.05725190839694656,7.198091603053435,2,-0.04708624708624709,0.0092,0.0,0.0,Information Broker,1,0.852,5,71.84
EMP00077,Engineering,1,3.6,17162426,4.6,26,P,S3,0.8840832149751148,4,4.5,-1.0000000000000007,0.0,0.0,0.019083969465648856,7.893511450381679,0,-0.015384615384615385,0.0092,0.0,0.0,Information Broker,1,0.835,1,74.1
EMP00078,Engineering,4,4.59,24564090,4.4,26,L,S1,1.2653630471669954,5,5.0,-1.0721261933235726e-15,0.52615,0.0,0.007633587786259542,7.922900763358779,0,0.015151515151515152,0.0092,0.0,0.0,Information Broker,1,0.8039999999999999,2,76.82000000000001
EMP00079,Engineering,1,6.04,14023935,3.5,26,L,S1,0.7224110123709805,3,3.0,-3.14018491736755e-16,0.0,0.0,0.015267175572519083,7.9118320610687025,0,0.014918414918414918,0.0092,0.0,0.0,Information Broker,1,0.778,3,84.52000000000001
EMP00080,Engineering,1,6.45,13330642,2.0,39,P,S1,0.6866976053992772,1,1.0,-7.850462293418875e-17,-0.128,1.0,0.015267175572519083,7.927099236641221,0,-0.00046620046620046707,0.0092,0.0,0.0,Information Broker,1,0.7966666666666667,1,62.9
EMP00081,Engineering,2,3.27,19330844,2.8,42,L,S2,0.9957843204511069,3,3.0,-3.14018491736755e-16,-0.11315,0.5,0.019083969465648856,7.8381679389312975,0,-0.015384615384615385,0.0092,0.0,0.0,Information Broker,1,0.722,3,71.94
EMP00082,Engineering,2,2.87,25443358,3.4,36,P,S2,1.3106565319147077,4,4.0,-3.14018491736755e-16,-0.2263,1.0,0.030534351145038167,7.81030534351145,1,-0.015617715617715619,0.1109,0.391304347826087,0.0,Central Connector,0,0.69,1,73.60000000000001
EMP00083,Engineering,1,3.15,14841809,3.7,32,L,S1,0.7645419252946287,3,3.0,-3.14018491736755e-16,-0.2143,1.0,0.022900763358778626,7.827099236641221,0,0.030303030303030304,0.0092,0.0,0.0,Information Broker,1,0.764,2,81.26
EMP00084,Engineering,2,2.79,17000730,3.9,27,P,D3,0.8757538144854279,3,3.5,-0.9999999999999998,-0.2143,1.0,0.030534351145038167,7.761832061068702,0,0.030303030303030304,0.0092,0.0,0.0,Information Broker,1,0.8325,3,76.8
EMP00085,Engineering,1,3.32,15433287,2.4,30,L,S2,0.7950105648580011,1,2.0,-2.0,0.296,0.0,0.022900763358778626,7.816412213740459,0,0.014918414918414918,0.0431,0.1304347826086956,0.0,Information Broker,1,0.8480000000000001,4,74.67999999999999
EMP00086,Engineering,1,4.59,12611360,3.1,49,L,S1,0.6496454343930493,4,4.0,-3.14018491736755e-16,-0.2023,1.0,0.03435114503816794,7.661450381679389,0,0.03006993006993007,0.0379,0.1304347826086956,0.0,Information Broker,1,0.874,5,74.06
EMP00087,Engineering,1,5.45,15539224,4.4,35,L,S1,0.8004676676909467,5,4.5,0.9999999999999991,0.1909,0.0,0.026717557251908396,7.787404580152671,1,0.014918414918414918,0.0092,0.0,0.0,Information Broker,1,0.7233333333333333,1,82.03333333333333
EMP00088,Engineering,1,6.31,11708163,2.3,44,L,S3,0.6031193018104017,2,2.5,-1.0000000000000007,0.2263,0.0,0.022900763358778626,7.808778625954199,0,-0.04638694638694639,0.0092,0.0,0.0,Information Broker,1,0.8933333333333332,3,77.53333333333333
EMP00089,Engineering,1,5.72,16205679,2.8,35,L,S2,0.8347985763303337,4,3.5,0.9999999999999996,-0.2143,1.0,0.05725190839694656,7.1919847328244275,1,-0.031002331002331004,0.0497,0.1304347826086956,0.0,Information Broker,1,0.625,0,51.9
EMP00090,Engineering,3,2.52,24064319,2.3,49,L,S1,1.239618484455912,1,1.5,-1.0,0.318,0.0,0.030534351145038167,7.401908396946565,0,-0.031002331002331004,0.0092,0.0,0.0,Information Broker,1,0.752,2,69.76
EMP00091,Engineering,3,5.19,19935966,2.4,43,L,S1,1.026955799542243,3,3.0,-3.14018491736755e-16,-0.14245,0.5,0.022900763358778626,7.764122137404581,0,-0.03076923076923077,0.0092,0.0,0.0,Information Broker,1,0.9275,4,86.625
EMP00092,Engineering,1,1.63,15072416,3.7,40,L,S1,0.7764211187114433,3,3.0,-3.14018491736755e-16,-0.2263,1.0,0.007633587786259542,8.003053435114504,0,0.0,0.0092,0.0,0.0,Information Broker,1,0.8466666666666667,2,81.06666666666666
EMP00093,Engineering,4,4.85,22456454,1.6,48,P,S1,1.1567929877315,3,2.5,0.9999999999999994,-0.6249,1.0,0.0,8.033206106870228,0,0.0,0.0092,0.0,0.0,Information Broker,1,0.7866666666666666,2,84.73333333333333
EMP00094,Engineering,2,4.91,17962034,3.2,39,L,S1,0.9252731965872611,4,3.5,0.9999999999999996,-0.2143,1.0,0.04580152671755725,7.37557251908397,1,-0.03146853146853147,0.0092,0.0,0.0,Central Connector,1,0.65,0,79.36
EMP00095,Engineering,3,3.51,30612794,3.6,43,L,S1,1.5769482320792472,4,3.5,0.9999999999999996,-0.10115,0.5,0.019083969465648856,7.847709923664122,0,0.015151515151515152,0.0092,0.0,0.0,Information Broker,1,0.8300000000000001,2,81.13333333333334
EMP00096,Engineering,1,2.09,11570392,3.6,51,L,S1,0.5960223431047772,3,3.0,-3.14018491736755e-16,-0.2143,1.0,0.015267175572519083,7.882061068702289,0,0.014918414918414918,0.0092,0.0,0.0,Information Broker,1,0.77,0,66.6
EMP00097,Engineering,1,1.63,16381277,3.7,32,P,S1,0.8438441066290921,3,3.5,-0.9999999999999998,-0.2263,1.0,0.0,7.941603053435114,0,0.0,0.0392,0.1304347826086956,0.0,Information Broker,1,0.95,1,70.0
EMP00098,Engineering,1,3.5,14960535,2.8,34,P,S1,0.7706578242812367,4,4.0,-3.14018491736755e-16,-0.2143,1.0,0.003816793893129771,7.970229007633587,0,-0.015384615384615385,0.0092,0.0,0.0,Information Broker,1,0.93,1,74.1
EMP00099,Engineering,3,4.1,20803214,1.6,31,P,S1,1.0716301014166247,2,2.5,-1.0000000000000007,-0.16445,0.5,0.011450381679389313,7.897328244274809,0,-0.03076923076923077,0.0092,0.0,0.0,Information Broker,1,0.79,1,76.76666666666667
EMP00100,Engineering,3,5.69,23710497,4.9,29,P,S2,1.2213921514602781,5,5.0,-1.0721261933235726e-15,0.33525,0.0,0.030534351145038167,7.771374045801527,0,-0.07692307692307693,0.0092,0.0,0.0,Information Broker,1,0.7799999999999999,1,85.33333333333333
EMP00101,Engineering,3,4.5,27147204,3.0,35,P,S2,1.3984262708491968,3,3.5,-0.9999999999999998,-0.2143,1.0,0.03435114503816794,7.75763358778626,0,-0.031235431235431238,0.0092,0.0,0.0,Information Broker,1,0.6699999999999999,0,86.55
EMP00102,Engineering,3,3.62,28170391,3.1,27,L,S1,1.4511334144943169,3,3.5,-0.9999999999999998,-0.2143,1.0,0.007633587786259542,7.949618320610687,0,0.015151515151515152,0.0092,0.0,0.0,Information Broker,1,0.8859999999999999,4,72.02000000000001
EMP00103,Engineering,1,1.83,13250621,3.0,23,L,S1,0.682575506172424,3,3.5,-0.9999999999999998,-0.2263,1.0,0.019083969465648856,7.8381679389312975,0,-0.03076923076923077,0.0092,0.0,0.0,Information Broker,1,0.8533333333333334,2,72.89999999999999
EMP00104,Engineering,3,2.5,21687937,2.8,37,L,S1,1.117204588042375,4,4.0,-3.14018491736755e-16,-0.2263,1.0,0.0,7.972900763358779,0,0.0,0.0092,0.0,0.0,Information Broker,1,0.8466666666666667,2,88.3
EMP00105,Engineering,3,3.5,21764602,3.9,28,L,S2,1.1211538105867909,4,3.5,0.9999999999999996,0.148,0.0,0.019083969465648856,7.382824427480916,0,0.0,0.0431,0.1304347826086956,0.0,Information Broker,1,0.8240000000000001,3,74.8
EMP00106,Engineering,2,1.96,15624030,2.4,22,P,S2,0.8048362552746123,3,2.5,0.9999999999999994,0.26115,0.0,0.019083969465648856,7.879770992366412,0,0.03006993006993007,0.0092,0.0,0.0,Information Broker,1,0.8,1,84.8
EMP00107,Engineering,3,3.94,15981065,2.4,29,L,S1,0.8232280986339742,2,2.5,-1.0000000000000007,0.28315,0.0,0.003816793893129771,7.9526717557251905,0,0.0,0.0092,0.0,0.0,Information Broker,1,0.845,1,81.7
EMP00108,Engineering,1,2.41,12681190,3.8,49,L,S1,0.6532425675082459,3,3.5,-0.9999999999999998,-0.11315,0.5,0.05725190839694656,7.162213740458015,1,-0.031235431235431238,0.0092,0.0,0.0,Information Broker,1,0.96,1,68.4
EMP00109,Engineering,2,1.19,21070181,4.1,49,P,S1,1.0853822972689047,5,5.0,-1.0721261933235726e-15,0.50525,0.0,0.019083969465648856,7.511068702290077,0,0.015151515151515152,0.0092,0.0,0.0,Information Broker,1,0.73,1,85.1
EMP00110,Engineering,1,1.56,11348378,3.6,39,P,S1,0.5845857984758602,3,3.0,-3.14018491736755e-16,-0.2023,1.0,0.03435114503816794,7.738167938931298,0,-0.00046620046620046707,0.0718,0.2608695652173913,0.0,Central Connector,1,0.9033333333333333,3,58.43333333333334
EMP00111,Engineering,1,5.92,15025787,3.0,45,P,S3,0.7740191321722981,4,3.5,0.9999999999999996,-0.2143,1.0,0.003816793893129771,8.037404580152673,0,0.0,0.0092,0.0,0.0,Information Broker,1,0.7766666666666667,1,82.66666666666667
EMP00112,Engineering,1,1.51,17052607,3.9,32,L,S1,0.8784261397699339,3,3.5,-0.9999999999999998,-0.2143,1.0,0.003816793893129771,7.984351145038168,0,0.015151515151515152,0.0092,0.0,0.0,Information Broker,1,0.8674999999999999,3,76.725
EMP00113,Engineering,3,4.51,23680076,2.1,31,L,S1,1.2198250830584823,3,3.0,-3.14018491736755e-16,0.10600000000000001,0.5,0.022900763358778626,7.369465648854962,0,0.014918414918414918,0.0092,0.0,0.0,Information Broker,1,0.73,0,82.0
EMP00114,Engineering,4,5.64,32186563,3.4,43,L,S1,1.658017351162305,4,3.5,0.9999999999999996,-0.2023,1.0,0.030534351145038167,7.714885496183206,1,-0.061771561771561775,0.0092,0.0,0.0,Information Broker,1,0.9,2,58.55
EMP00115,Engineering,2,4.7,18920606,2.4,42,L,S3,0.9746518459428433,3,3.0,-3.14018491736755e-16,-0.10730000000000003,0.5,0.04198473282442748,7.243511450381679,0,-0.00046620046620046707,0.0092,0.0,0.0,Information Broker,1,0.78,1,59.95
EMP00116,Engineering,2,4.2,19462934,3.4,39,P,S1,1.0025886354043694,3,3.5,-0.9999999999999998,-0.10115,0.5,0.011450381679389313,7.897328244274809,0,-0.015384615384615385,0.0092,0.0,0.0,Information Broker,1,0.8275,2,80.82499999999999
EMP00117,Engineering,1,4.97,16195500,3.6,23,L,S1,0.8342742283712962,4,4.0,-3.14018491736755e-16,-0.2263,1.0,0.030534351145038167,7.7538167938931295,1,0.060372960372960374,0.0092,0.0,0.0,Information Broker,1,0.8119999999999999,3,67.16
EMP00118,Engineering,3,1.92,22631716,2.9,28,L,S1,1.1658212097569274,3,3.0,-3.14018491736755e-16,-0.2023,1.0,0.019083969465648856,7.808778625954199,0,0.03006993006993007,0.0092,0.0,0.0,Information Broker,1,0.7025,0,74.1
EMP00119,Engineering,3,3.95,22058124,2.5,43,L,D3,1.1362739266721231,3,3.0,-3.14018491736755e-16,-0.2143,1.0,0.03435114503816794,7.748473282442748,2,0.029836829836829837,0.0092,0.0,0.0,Central Connector,1,0.8833333333333333,2,71.13333333333334
EMP00120,Engineering,2,1.27,17384866,3.1,45,L,S1,0.8955417040220051,3,3.5,-0.9999999999999998,-0.2023,1.0,0.007633587786259542,7.876335877862595,0,-0.03076923076923077,0.0092,0.0,0.0,Information Broker,1,0.7849999999999999,1,70.55
EMP00121,Engineering,1,3.61,13955365,4.4,26,P,S1,0.7188787852807752,4,4.5,-1.0000000000000007,0.3818,0.0,0.011450381679389313,7.922137404580153,0,0.015151515151515152,0.0092,0.0,0.0,Information Broker,1,0.742,2,73.92
EMP00122,Engineering,1,2.93,15065640,3.5,36,P,S1,0.7760720685326007,3,3.0,-3.14018491736755e-16,-0.11315,0.5,0.015267175572519083,7.817557251908396,0,-0.03076923076923077,0.0092,0.0,0.0,Information Broker,1,0.73,3,64.1
EMP00123,Engineering,4,3.96,22164654,3.1,45,P,D3,1.1417615765469893,3,3.0,-3.14018491736755e-16,-0.10115,0.5,0.0,7.941221374045801,0,0.0,0.0092,0.0,0.0,Information Broker,1,0.8300000000000001,2,49.275
EMP00124,Engineering,4,1.1,24960014,4.8,28,P,S2,1.2857581686262698,5,5.0,-1.0721261933235726e-15,0.33525,0.0,0.015267175572519083,7.909541984732825,0,0.015151515151515152,0.0092,0.0,0.0,Information Broker,1,0.8666666666666667,2,81.0
EMP00125,Engineering,2,4.47,30205432,3.9,33,P,S2,1.5559639081486623,4,4.0,-3.14018491736755e-16,-0.2143,1.0,0.022900763358778626,7.802671755725191,0,-0.015617715617715619,0.0092,0.0,0.0,Information Broker,1,0.71,1,67.22
EMP00126,Engineering,3,3.8,22605158,3.6,36,L,S1,1.1644531349857203,3,3.5,-0.9999999999999998,0.04684999999999999,0.5,0.022900763358778626,7.486259541984733,2,0.03006993006993007,0.0092,0.0,0.0,Information Broker,1,0.8400000000000001,4,84.03999999999999
EMP00127,Engineering,3,1.33,19418231,2.5,32,P,S1,1.0002858623605684,3,3.0,-3.14018491736755e-16,-0.10115,0.5,0.019083969465648856,7.852671755725191,0,0.0,0.0092,0.0,0.0,Information Broker,1,0.91,2,68.0
EMP00128,Engineering,1,3.66,14111762,3.0,28,L,S1,0.7269352198764706,4,4.0,-3.14018491736755e-16,-0.11315,0.5,0.015267175572519083,7.801908396946565,0,0.045454545454545456,0.0431,0.1304347826086956,0.0,Information Broker,1,0.8160000000000001,3,74.24
EMP00129,Engineering,2,1.56,14117311,2.1,50,L,S2,0.727221063950024,1,1.5,-1.0,-0.128,1.0,0.022900763358778626,7.424809160305343,1,0.014918414918414918,0.0092,0.0,0.0,Information Broker,1,0.7875,2,74.2
EMP00130,Engineering,2,2.71,21613998,2.7,48,L,S1,1.113395789167901,4,3.5,0.9999999999999996,-0.11315,0.5,0.022900763358778626,7.780152671755726,0,-0.00046620046620046707,0.0092,0.0,0.0,Information Broker,1,0.88,1,90.4
EMP00131,Engineering,1,6.16,10306710,2.0,31,L,S1,0.5309266482848151,3,2.0,1.9999999999999996,-0.10730000000000003,0.5,0.0,7.986641221374046,0,0.0,0.0092,0.0,0.0,Information Broker,1,0.865,2,65.7
EMP00132,Engineering,2,1.52,21946215,3.0,29,L,S1,1.1305091898858057,3,3.5,-0.9999999999999998,-0.46715,1.0,0.03435114503816794,7.732824427480916,1,0.014685314685314685,0.0431,0.1304347826086956,0.0,Information Broker,1,0.8375,3,76.4
EMP00133,Engineering,2,5.59,18339870,4.4,34,L,S2,0.9447365559988814,4,4.5,-1.0000000000000007,0.52615,0.0,0.015267175572519083,7.849236641221374,0,-0.046153846153846156,0.0431,0.1304347826086956,0.0,Information Broker,1,0.646,2,76.3
EMP00134,Engineering,2,5.0,15954756,2.8,25,L,S1,0.8218728505296106,3,3.0,-3.14018491736755e-16,-0.11315,0.5,0.026717557251908396,7.780152671755726,1,-0.0006993006993007006,0.0092,0.0,0.0,Information Broker,1,0.935,2,74.9
EMP00135,Engineering,3,5.82,27909316,3.6,43,L,S1,1.4376847315779488,3,3.0,-3.14018491736755e-16,-0.2143,1.0,0.022900763358778626,7.860305343511451,0,-0.00046620046620046707,0.0092,0.0,0.0,Information Broker,1,0.84,2,90.46666666666665
EMP00136,Engineering,2,1.28,17209754,3.4,50,L,S1,0.8865212089043147,4,3.5,0.9999999999999996,-0.10115,0.5,0.007633587786259542,7.925572519083969,0,-0.03076923076923077,0.0092,0.0,0.0,Information Broker,1,0.61,0,48.4
EMP00137,Engineering,2,5.53,18766929,3.6,35,P,S1,0.9667355259407799,3,3.0,-3.14018491736755e-16,-0.2263,1.0,0.030534351145038167,7.770610687022901,0,-0.015617715617715619,0.077,0.2608695652173913,0.0,Central Connector,1,0.75,1,78.23333333333333
EMP00138,Engineering,1,3.09,14803574,4.1,38,P,S1,0.7625723365124499,5,4.5,0.9999999999999991,0.27125,0.5,0.05343511450381679,7.302671755725191,1,-0.046153846153846156,0.0092,0.0,0.0,Information Broker,1,0.8266666666666667,2,81.03333333333335
EMP00139,Engineering,3,6.02,23498090,2.9,40,P,S2,1.2104504895155612,4,3.5,0.9999999999999996,0.148,0.0,0.019083969465648856,7.632061068702289,0,0.030303030303030304,0.0092,0.0,0.0,Information Broker,1,0.9066666666666666,3,64.89999999999999
EMP00140,Engineering,1,5.49,16051711,3.6,44,L,S1,0.8268672661272605,4,3.5,0.9999999999999996,-0.2143,1.0,0.022900763358778626,7.836259541984733,0,-0.00023310023310023353,0.0092,0.0,0.0,Information Broker,1,0.7250000000000001,0,75.3
EMP00141,Engineering,5,1.39,29991361,3.8,45,P,S1,1.5449365290407822,4,3.5,0.9999999999999996,0.10600000000000001,0.5,0.05343511450381679,7.240839694656488,0,-0.0011655011655011677,0.0092,0.0,0.0,Information Broker,1,0.8525,3,83.0
EMP00142,Engineering,2,2.63,15279048,3.3,41,L,S1,0.787065294708283,3,3.0,-3.14018491736755e-16,0.04684999999999999,0.5,0.04580152671755725,7.25763358778626,0,0.04498834498834499,0.0092,0.0,0.0,Information Broker,1,0.97,1,72.2
EMP00143,Engineering,2,3.42,19388150,3.9,26,P,S1,0.9987363082829765,3,3.0,-3.14018491736755e-16,-0.11315,0.5,0.003816793893129771,7.95381679389313,0,0.015151515151515152,0.0092,0.0,0.0,Information Broker,1,0.7533333333333333,1,87.36666666666667
EMP00144,Engineering,1,2.71,16032567,3.8,41,L,S1,0.8258811066491376,4,3.5,0.9999999999999996,-0.10115,0.5,0.011450381679389313,7.894274809160306,0,0.045454545454545456,0.0092,0.0,0.0,Information Broker,1,0.78,0,86.9
EMP00145,Engineering,3,6.4,18226470,3.4,47,P,S1,0.9388950137496576,3,3.5,-0.9999999999999998,-0.2143,1.0,0.0,8.01526717557252,0,0.0,0.0092,0.0,0.0,Information Broker,1,0.8566666666666668,2,82.13333333333334
EMP00146,Engineering,3,5.13,28089799,4.5,41,L,S1,1.4469819015053447,5,5.0,-1.0721261933235726e-15,0.52615,0.0,0.030534351145038167,7.7145038167938935,1,0.045454545454545456,0.0092,0.0,0.0,Information Broker,1,0.845,2,87.25
EMP00147,Engineering,2,1.89,19121404,4.1,43,L,S1,0.9849954967414293,5,5.0,-1.0721261933235726e-15,0.52615,0.0,0.019083969465648856,7.841221374045801,0,0.014918414918414918,0.0092,0.0,0.0,Information Broker,1,0.8733333333333334,2,79.3
EMP00148,Engineering,2,3.58,19731675,3.9,35,P,D3,1.0164322148188198,4,4.0,-3.14018491736755e-16,-0.10115,0.5,0.015267175572519083,7.830534351145038,0,-0.015384615384615385,0.0092,0.0,0.0,Information Broker,1,0.635,0,73.75
EMP00149,Engineering,4,5.87,24350546,2.1,31,P,S1,1.2543628152616315,2,2.0,-1.570092458683775e-16,0.318,0.0,0.030534351145038167,7.442748091603053,0,-0.04638694638694639,0.0092,0.0,0.0,Information Broker,1,0.75,1,76.3
EMP00150,Engineering,2,5.78,20576487,3.5,30,L,S1,1.059950777346609,3,3.0,-3.14018491736755e-16,-0.2143,1.0,0.030534351145038167,7.764503816793893,1,0.014685314685314685,0.0092,0.0,0.0,Information Broker,1,0.815,3,69.55
EMP00151,Engineering,2,4.02,13519894,3.4,43,L,S2,0.6964464903529819,4,3.5,0.9999999999999996,-0.2143,1.0,0.0,7.946183206106871,0,0.0,0.0092,0.0,0.0,Information Broker,1,0.95,1,57.4
EMP00152,Engineering,1,3.88,16132314,3.0,33,P,S1,0.8310193457561335,3,3.0,-3.14018491736755e-16,-0.10115,0.5,0.011450381679389313,7.867175572519083,0,0.014918414918414918,0.0431,0.1304347826086956,0.0,Information Broker,1,0.9025,4,83.45
EMP00153,Engineering,3,2.03,19497700,4.2,50,P,S1,1.004379526566949,5,5.0,-1.0721261933235726e-15,0.6705,0.0,0.0,8.003435114503818,0,0.0,0.0092,0.0,0.0,Information Broker,1,0.8220000000000001,4,70.76
EMP00154,Engineering,1,5.45,16271894,2.6,29,P,S2,0.838209490969067,4,3.5,0.9999999999999996,-0.2263,1.0,0.007633587786259542,7.906488549618321,0,-0.03076923076923077,0.0092,0.0,0.0,Information Broker,1,0.8166666666666668,2,64.23333333333333
EMP00155,Engineering,5,2.34,24400412,4.5,44,L,S1,1.2569315484697425,5,4.5,0.9999999999999991,0.52615,0.0,0.03435114503816794,7.713358778625954,0,0.07552447552447553,0.0092,0.0,0.0,Information Broker,1,0.825,3,78.3
EMP00156,Engineering,2,3.57,23319764,3.1,39,L,D3,1.2012644325214246,4,3.5,0.9999999999999996,-0.11315,0.5,0.015267175572519083,7.912977099236641,0,0.015151515151515152,0.0431,0.1304347826086956,0.0,Information Broker,1,0.66,1,83.86666666666666
EMP00157,Engineering,3,1.29,27946282,3.4,32,L,S1,1.439588950720672,4,4.0,-3.14018491736755e-16,-0.11315,0.5,0.030534351145038167,7.741984732824428,0,-0.0006993006993007006,0.0092,0.0,0.0,Information Broker,1,0.75,2,76.625
EMP00158,Engineering,1,3.51,15519046,4.4,51,P,S3,0.7994282440621562,5,4.5,0.9999999999999991,0.0,0.0,0.003816793893129771,7.951526717557253,0,-0.015384615384615385,0.0092,0.0,0.0,Information Broker,1,0.7866666666666666,2,78.33333333333333
EMP00159,Engineering,2,4.49,20007014,3.4,24,P,S1,1.0306156751482647,4,4.0,-3.14018491736755e-16,-0.11315,0.5,0.007633587786259542,7.972137404580152,0,-0.015384615384615385,0.0092,0.0,0.0,Information Broker,1,0.9366666666666666,3,78.53333333333335
EMP00160,Engineering,3,4.91,21585251,2.9,46,P,S1,1.111914953056451,3,3.0,-3.14018491736755e-16,-0.10115,0.5,0.026717557251908396,7.799618320610687,0,-0.031235431235431238,0.0092,0.0,0.0,Information Broker,1,0.93,1,61.4
EMP00161,Engineering,3,1.09,28513941,3.8,51,L,S1,1.4688306088481162,4,3.5,0.9999999999999996,-0.2143,1.0,0.022900763358778626,7.786641221374046,0,0.030303030303030304,0.0092,0.0,0.0,Information Broker,1,0.69,0,52.7
EMP00162,Engineering,3,2.04,24324021,2.7,34,P,S2,1.2529964404101266,3,3.0,-3.14018491736755e-16,-0.2143,1.0,0.007633587786259542,7.954961832061068,0,-0.03076923076923077,0.0092,0.0,0.0,Information Broker,1,0.845,2,77.05
EMP00163,Engineering,3,6.13,28124049,3.0,34,P,S1,1.4487462121053085,4,3.5,0.9999999999999996,-0.11315,0.5,0.03435114503816794,7.729770992366412,1,-0.0006993006993007006,0.0092,0.0,0.0,Information Broker,1,0.8200000000000001,3,69.025
EMP00164,Engineering,3,4.15,21313160,3.6,48,L,D3,1.0978988060358728,3,3.5,-0.9999999999999998,-0.2143,1.0,0.0648854961832061,7.139694656488549,2,0.13613053613053613,0.0092,0.0,0.0,Information Broker,1,0.7525,1,75.07499999999999
EMP00165,Engineering,2,1.55,18239095,3.3,35,L,S1,0.9395453618175276,4,4.0,-3.14018491736755e-16,0.0,0.0,0.003816793893129771,7.940839694656488,0,0.0,0.0092,0.0,0.0,Information Broker,1,0.7825,2,74.525
EMP00166,Engineering,1,1.43,14419611,3.0,47,L,S1,0.7427933586761295,3,3.0,-3.14018491736755e-16,0.318,0.0,0.05343511450381679,7.350381679389312,2,0.04498834498834499,0.0092,0.0,0.0,Information Broker,1,0.785,2,83.0
EMP00167,Engineering,2,4.25,18501915,3.4,29,L,S1,0.9530839344272366,4,3.5,0.9999999999999996,-0.2023,1.0,0.003816793893129771,7.943893129770993,0,0.0,0.0092,0.0,0.0,Information Broker,1,0.855,2,74.0
EMP00168,Engineering,2,4.45,20794934,3.7,28,L,S2,1.0712035761095386,3,3.5,-0.9999999999999998,-0.2143,1.0,0.07251908396946564,7.097328244274809,0,0.013986013986013984,0.0092,0.0,0.0,Information Broker,1,0.86,4,72.45
EMP00169,Engineering,3,1.41,23439253,3.1,33,L,S2,1.2074196357120552,4,3.5,0.9999999999999996,-0.11315,0.5,0.015267175572519083,7.83587786259542,0,-0.015617715617715619,0.0092,0.0,0.0,Information Broker,1,0.8066666666666666,1,83.89999999999999
EMP00170,Engineering,1,6.22,12126553,2.3,51,L,S1,0.6246717079978159,1,1.0,-7.850462293418875e-17,-0.14245,0.5,0.003816793893129771,7.96145038167939,0,0.015151515151515152,0.0092,0.0,0.0,Information Broker,1,0.53,0,70.85
EMP00171,Engineering,1,1.11,21685933,4.8,38,L,S1,1.1171013565550079,4,4.5,-1.0000000000000007,0.52615,0.0,0.04580152671755725,7.253435114503817,0,-0.031002331002331004,0.0092,0.0,0.0,Information Broker,1,0.81,3,65.67500000000001
EMP00172,Engineering,2,3.09,16143475,3.4,36,L,S1,0.8315942792044896,4,3.5,0.9999999999999996,-0.10115,0.5,0.007633587786259542,7.9767175572519085,0,0.0,0.0092,0.0,0.0,Information Broker,1,0.82,1,68.9
EMP00173,Engineering,3,5.15,18456967,3.9,30,L,D3,0.9507685407674649,4,3.5,0.9999999999999996,-0.2023,1.0,0.019083969465648856,7.7973282442748095,0,-0.015617715617715619,0.0092,0.0,0.0,Information Broker,1,0.8175,2,58.175
EMP00174,Engineering,2,1.13,19806265,3.9,28,L,S1,1.0202745484728728,4,4.0,-3.14018491736755e-16,-0.11315,0.5,0.015267175572519083,7.83587786259542,1,0.030303030303030304,0.0092,0.0,0.0,Information Broker,1,0.82,2,84.7
EMP00175,Engineering,3,5.61,30071694,4.6,50,P,S1,1.5490747002357284,5,5.0,-1.0721261933235726e-15,0.52615,0.0,0.030534351145038167,7.725954198473283,0,0.029836829836829837,0.0092,0.0,0.0,Information Broker,1,0.88,1,66.9
EMP00176,Engineering,1,5.89,13945000,3.5,24,P,S1,0.7183448559561437,3,3.0,-3.14018491736755e-16,-0.2023,1.0,0.03435114503816794,7.42175572519084,0,0.06060606060606061,0.0092,0.0,0.0,Information Broker,1,0.69,0,65.69999999999999
EMP00177,Engineering,1,2.93,21121577,3.7,32,L,S2,1.088029844935934,3,3.5,-0.9999999999999998,0.0,0.0,0.003816793893129771,8.0,0,0.0,0.0092,0.0,0.0,Information Broker,1,0.7966666666666667,2,84.3
EMP00178,Engineering,1,1.25,12198936,2.2,49,L,S2,0.6284003530826975,3,3.0,-3.14018491736755e-16,0.26115,0.0,0.011450381679389313,7.895801526717556,0,-0.015384615384615385,0.0379,0.1304347826086956,0.0,Information Broker,1,0.8699999999999999,4,67.76
EMP00179,Engineering,4,6.27,27919165,3.7,44,L,S1,1.4381920803399648,4,3.5,0.9999999999999996,-0.17715,1.0,0.019083969465648856,7.491603053435115,1,0.0,0.0092,0.0,0.0,Information Broker,1,0.7625,2,64.15
EMP00180,Engineering,3,3.61,24494374,3.1,50,L,S1,1.2617717865016789,3,3.0,-3.14018491736755e-16,-0.2263,1.0,0.015267175572519083,7.905343511450381,0,-0.00023310023310023353,0.0431,0.1304347826086956,0.0,Information Broker,1,0.714,1,81.03999999999999
EMP00181,Engineering,2,2.64,19692645,2.9,51,L,S1,1.0144216734256346,4,3.5,0.9999999999999996,0.0,0.0,0.022900763358778626,7.490839694656488,0,0.03006993006993007,0.0092,0.0,0.0,Information Broker,1,0.61,1,55.55
EMP00182,Engineering,4,6.38,22589208,4.3,25,L,S1,1.1636315071296788,5,4.5,0.9999999999999991,0.3818,0.0,0.03435114503816794,7.730152671755725,0,0.029836829836829837,0.0092,0.0,0.0,Information Broker,1,0.79,1,77.8
EMP00183,Engineering,1,3.12,14618904,2.4,49,L,S1,0.7530594828337536,2,2.0,-1.570092458683775e-16,-0.5106,1.0,0.026717557251908396,7.815267175572519,1,0.03006993006993007,0.0092,0.0,0.0,Information Broker,1,0.78,0,80.5
EMP00184,Engineering,1,2.65,13650518,4.0,41,L,S1,0.7031752876612942,4,4.5,-1.0000000000000007,0.52615,0.0,0.026717557251908396,7.761832061068702,0,-0.00023310023310023353,0.0092,0.0,0.0,Information Broker,1,0.87,2,87.6
EMP00185,Engineering,2,3.78,21127181,3.1,43,L,S2,1.0883185222089908,4,3.5,0.9999999999999996,-0.2263,1.0,0.03435114503816794,7.722519083969465,0,0.014685314685314685,0.0092,0.0,0.0,Information Broker,1,0.7033333333333335,2,70.83333333333333
EMP00186,Engineering,3,6.32,24595131,4.2,49,L,S2,1.2669620534541044,4,4.5,-1.0000000000000007,0.3818,0.0,0.007633587786259542,7.9133587786259545,0,-0.015384615384615385,0.0092,0.0,0.0,Information Broker,1,0.91,1,98.4
EMP00187,Engineering,2,6.05,17136853,4.3,39,L,S1,0.8827658802313811,5,5.0,-1.0721261933235726e-15,0.3818,0.0,0.0,7.969847328244274,0,0.0,0.0092,0.0,0.0,Information Broker,1,0.855,1,71.35
EMP00188,Engineering,1,1.89,16901899,3.5,47,L,S2,0.8706627610283464,4,3.5,0.9999999999999996,-0.11315,0.5,0.03435114503816794,7.727862595419848,1,-0.015850815850815853,0.0092,0.0,0.0,Information Broker,1,0.87,1,56.0
EMP00189,Engineering,3,6.41,23080111,2.9,33,L,S1,1.1889192550553467,3,3.5,-0.9999999999999998,-0.2263,1.0,0.011450381679389313,7.897328244274809,0,-0.046153846153846156,0.0092,0.0,0.0,Information Broker,1,0.8075,3,60.525
EMP00190,Engineering,1,2.38,13583253,2.7,50,P,S1,0.6997102846684013,3,3.0,-3.14018491736755e-16,-0.11315,0.5,0.022900763358778626,7.783969465648855,0,-0.015617715617715619,0.0092,0.0,0.0,Information Broker,1,0.85,3,73.35
EMP00191,Engineering,3,1.71,25193690,3.3,25,P,S1,1.2977954545753847,3,3.0,-3.14018491736755e-16,-0.2263,1.0,0.022900763358778626,7.798091603053435,0,-0.00046620046620046707,0.0092,0.0,0.0,Information Broker,1,0.7375,2,81.675
EMP00192,Engineering,2,6.12,15708369,3.8,33,L,S1,0.8091807864188565,3,3.5,-0.9999999999999998,-0.2143,1.0,0.0,8.091603053435115,0,0.0,0.0092,0.0,0.0,Information Broker,1,0.764,3,79.67999999999999
EMP00193,Engineering,2,5.02,19838022,2.3,48,L,S1,1.0219104378662467,2,2.0,-1.570092458683775e-16,-0.31930000000000003,1.0,0.0,7.948091603053435,0,0.0,0.0092,0.0,0.0,Information Broker,1,0.97,1,83.9
EMP00194,Engineering,1,1.69,15523666,4.2,33,L,S1,0.7996662328204579,5,4.5,0.9999999999999991,0.52615,0.0,0.011450381679389313,7.891603053435114,0,-0.03076923076923077,0.0092,0.0,0.0,Information Broker,1,0.766,3,72.24000000000001
EMP00195,Engineering,1,4.18,12766637,4.0,27,P,S2,0.657644174744308,5,4.5,0.9999999999999991,0.0,0.0,0.015267175572519083,7.832824427480915,0,0.030303030303030304,0.0092,0.0,0.0,Information Broker,1,0.7949999999999999,1,71.3
EMP00196,Engineering,3,2.4,33788724,3.4,24,L,D3,1.7405490193418356,4,3.5,0.9999999999999996,0.0,0.0,0.026717557251908396,7.880534351145037,0,0.014685314685314685,0.0431,0.1304347826086956,0.0,Information Broker,1,0.8300000000000001,2,81.725
EMP00197,Engineering,1,2.18,21211147,3.7,38,L,S2,1.0926438391093287,3,3.0,-3.14018491736755e-16,-0.2263,1.0,0.003816793893129771,7.959541984732825,0,0.0,0.0092,0.0,0.0,Information Broker,1,0.7,0,92.7
EMP00198,Engineering,3,3.18,18536337,3.7,23,L,S1,0.9548571052147391,4,3.5,0.9999999999999996,-0.2143,1.0,0.030534351145038167,7.801526717557252,0,0.045454545454545456,0.0092,0.0,0.0,Information Broker,1,0.69,0,67.0
EMP00199,Engineering,2,1.45,18049163,3.2,49,P,S1,0.9297614482154147,3,3.0,-3.14018491736755e-16,-0.11315,0.5,0.04580152671755725,7.276717557251908,1,0.014219114219114218,0.0092,0.0,0.0,Information Broker,1,0.8066666666666666,1,84.53333333333335
EMP00200,Engineering,2,5.35,15833778,4.2,27,P,S2,0.8156409449015101,4,4.5,-1.0000000000000007,0.33525,0.0,0.015267175572519083,7.819083969465648,0,0.0,0.0092,0.0,0.0,Information Broker,1,0.865,3,79.075
EMP00201,Product,2,1.77,17685137,3.5,51,L,S1,0.7827243171596493,3,3.0,-3.14018491736755e-16,0.0,0.0,0.003816793893129771,8.027480916030534,0,-0.015384615384615385,0.1366,0.1304347826086956,0.3110792055515674,Central Connector,0,0.826,4,86.84
EMP00202,Product,4,6.29,37859904,1.2,48,L,S1,1.6756368642284127,2,1.5,0.9999999999999998,-0.31930000000000003,1.0,0.0,7.986641221374046,0,0.0,0.0092,0.0,0.0,Information Broker,1,0.7424999999999999,1,87.75
EMP00203,Product,3,2.13,22939302,3.7,33,P,S1,1.0152677637763834,3,3.5,-0.9999999999999998,-0.2023,1.0,0.0,7.959923664122138,0,0.0,0.0417,0.1304347826086956,0.0,Information Broker,1,0.79,0,92.8
EMP00204,Product,3,1.55,20392234,4.8,23,L,S2,0.9025373924448413,4,4.0,-3.14018491736755e-16,0.52615,0.0,0.007633587786259542,7.919465648854962,0,-0.015384615384615385,0.1617,0.5217391304347826,0.0833333333333333,Central Connector,0,0.75,0,91.6
EMP00205,Product,3,5.78,25719234,3.1,51,L,S1,1.1383044344253164,4,4.0,-3.14018491736755e-16,-0.2023,1.0,0.030534351145038167,7.409923664122138,0,0.06060606060606061,0.1123,0.391304347826087,0.0,Central Connector,0,0.7925,1,59.525
EMP00206,Product,3,3.04,26964404,3.9,49,P,S2,1.1934142612814884,3,3.0,-3.14018491736755e-16,-0.11315,0.5,0.019083969465648856,7.875190839694657,0,0.03006993006993007,0.0771,0.2608695652173913,0.0,Central Connector,1,0.8375,3,89.6
EMP00207,Product,4,4.45,27720264,4.9,50,P,S1,1.2268677766468652,5,5.0,-1.0721261933235726e-15,0.33525,0.0,0.022900763358778626,7.798091603053435,0,-0.04638694638694639,0.0092,0.0,0.0,Information Broker,1,0.87,3,77.76666666666667
EMP00208,Product,2,2.84,23857410,4.5,45,P,S1,1.0559021935452233,4,4.5,-1.0000000000000007,0.52615,0.0,0.03435114503816794,7.754580152671756,1,-0.03146853146853147,0.2176,0.1304347826086956,0.5833333333333333,Information Broker,0,0.9,2,71.80000000000001
EMP00209,Product,3,5.44,30194557,3.1,28,L,S1,1.3363772081473335,4,3.5,0.9999999999999996,-0.11315,0.5,0.0,8.05763358778626,0,0.0,0.0092,0.0,0.0,Central Connector,1,0.61,0,53.1
EMP00210,Product,2,3.95,21062983,1.3,37,L,S1,0.932223990462743,3,3.0,-3.14018491736755e-16,-0.16445,0.5,0.019083969465648856,7.832824427480915,0,0.06060606060606061,0.0795,0.1304347826086956,0.119047619047619,Central Connector,1,0.85,2,73.8
EMP00211,Product,1,6.33,22335505,3.1,24,P,S1,0.9885443861441918,3,3.5,-0.9999999999999998,0.296,0.0,0.07251908396946564,7.111068702290076,0,0.029137529137529136,0.0092,0.0,0.0,Information Broker,1,0.7466666666666667,1,63.06666666666666
EMP00212,Product,1,3.75,17142144,3.8,48,P,S1,0.7586920563325226,3,3.5,-0.9999999999999998,-0.11315,0.5,0.015267175572519083,7.967938931297709,0,0.030303030303030304,0.0735,0.1304347826086956,0.119047619047619,Information Broker,1,0.806,3,65.2
EMP00213,Product,5,3.54,36493359,4.7,41,P,S2,1.6151551160806357,4,4.5,-1.0000000000000007,0.33525,0.0,0.026717557251908396,7.790458015267175,0,0.03006993006993007,0.0378,0.1304347826086956,0.0,Information Broker,1,0.8099999999999999,2,74.24
EMP00214,Product,3,4.88,31315708,3.3,33,L,S1,1.385998093239027,4,4.0,-3.14018491736755e-16,-0.2143,1.0,0.026717557251908396,7.756488549618321,0,0.014918414918414918,0.1136,0.391304347826087,0.0,Central Connector,0,0.8160000000000001,3,74.03999999999999
EMP00215,Product,2,4.3,26636218,3.4,44,P,S1,1.1788891172155218,3,3.0,-3.14018491736755e-16,-0.2143,1.0,0.026717557251908396,7.804580152671756,0,0.03006993006993007,0.2977,0.391304347826087,0.6309523809523808,Central Connector,0,0.87,1,87.3
EMP00216,Product,1,4.12,16975482,4.6,25,L,S2,0.7513157832425001,4,4.5,-1.0000000000000007,0.52615,0.0,0.003816793893129771,7.984732824427481,0,0.0,0.0092,0.0,0.0,Information Broker,1,0.865,2,77.65
EMP00217,Product,3,5.0,23912800,3.9,44,L,S1,1.05835369278594,4,4.0,-3.14018491736755e-16,-0.11315,0.5,0.015267175572519083,7.82824427480916,2,-0.00023310023310023353,0.0526,0.1304347826086956,0.0357142857142857,Central Connector,1,0.87,2,77.0
EMP00218,Product,2,2.42,20494043,2.7,31,L,S2,0.9070433445336324,3,3.0,-3.14018491736755e-16,-0.064,0.5,0.07251908396946564,7.064503816793893,0,0.014219114219114218,0.1652,0.5652173913043478,0.0,Central Connector,0,0.88,1,24.6
EMP00219,Product,3,4.22,22615036,3.0,44,L,S1,1.0009161145113485,3,3.0,-3.14018491736755e-16,-0.2263,1.0,0.007633587786259542,7.924809160305344,0,0.0,0.0092,0.0,0.0,Information Broker,1,0.7,0,90.4
EMP00220,Product,3,2.33,19683053,3.5,36,L,S1,0.871149837235764,3,3.5,-0.9999999999999998,-0.2143,1.0,0.026717557251908396,7.7854961832061065,0,-0.0006993006993007006,0.0092,0.0,0.0,Information Broker,1,0.732,2,78.34
EMP00221,Product,3,1.16,20009694,2.3,35,P,S1,0.885606601335547,1,1.5,-1.0,-0.08530000000000001,0.5,0.0,7.959160305343512,0,0.0,0.0092,0.0,0.0,Information Broker,1,0.96,1,65.7
EMP00222,Product,1,4.47,14882256,1.4,41,P,S2,0.6586719495243432,2,1.5,0.9999999999999998,-0.31930000000000003,1.0,0.011450381679389313,7.893129770992366,0,0.015151515151515152,0.0431,0.1304347826086956,0.0,Information Broker,1,0.7799999999999999,2,71.2
EMP00223,Product,3,3.01,26318670,2.0,35,L,S1,1.1648347990914714,1,1.5,-1.0,-0.6249,1.0,0.015267175572519083,7.872519083969466,0,-0.015384615384615385,0.0462,0.1304347826086956,0.0119645848289064,Information Broker,1,0.6675,1,74.775
EMP00224,Product,1,5.2,24329389,2.6,38,P,S3,1.0767914544250623,4,4.0,-3.14018491736755e-16,-0.10115,0.5,0.015267175572519083,7.8683206106870225,0,0.0,0.1729,0.2608695652173913,0.3095238095238095,Central Connector,0,0.8533333333333334,3,79.8
EMP00225,Product,2,4.68,25521052,3.5,48,P,S2,1.1295331215073936,4,4.0,-3.14018491736755e-16,-0.10115,0.5,0.011450381679389313,7.889694656488549,0,0.014918414918414918,0.1782,0.1304347826086956,0.4546542234984446,Central Connector,0,0.49333333333333335,0,75.83333333333333
EMP00226,Product,1,3.41,19551470,3.7,32,L,S2,0.8653261213196918,3,3.0,-3.14018491736755e-16,0.0,0.0,0.015267175572519083,7.922519083969465,0,-0.00023310023310023353,0.0518,0.1739130434782608,0.0,Central Connector,1,0.835,3,73.6
EMP00227,Product,1,5.21,16380901,2.8,34,P,S1,0.7250002954280093,4,3.5,0.9999999999999996,0.06885000000000001,0.5,0.019083969465648856,7.470992366412214,0,0.014918414918414918,0.1959,0.3043478260869565,0.3452380952380952,Central Connector,0,0.73,1,86.0
EMP00228,Product,2,6.05,19906156,2.4,49,L,S2,0.8810241256470592,2,2.0,-1.570092458683775e-16,0.04915,0.5,0.019083969465648856,7.4225190839694655,0,0.030303030303030304,0.0381,0.1304347826086956,0.0,Information Broker,1,0.79,1,64.3
EMP00229,Product,3,4.11,21280094,3.4,29,P,S1,0.9418330796783283,3,3.0,-3.14018491736755e-16,-0.11315,0.5,0.011450381679389313,7.866412213740458,0,-0.00023310023310023353,0.0526,0.1739130434782608,0.0,Central Connector,1,0.82,2,74.33333333333333
EMP00230,Product,1,5.06,18079619,4.0,47,L,S1,0.8001836477874965,5,5.0,-1.0721261933235726e-15,0.6705,0.0,0.0,8.02175572519084,0,0.0,0.0092,0.0,0.0,Central Connector,1,0.84,3,80.725
EMP00231,Product,3,5.92,24297573,3.1,37,L,S1,1.0753833139693367,4,4.0,-3.14018491736755e-16,-0.2143,1.0,0.007633587786259542,7.92442748091603,0,-0.015384615384615385,0.0772,0.2608695652173913,0.0358937544867193,Central Connector,1,0.7725,2,77.1
EMP00232,Product,1,2.01,14620218,2.5,27,P,S3,0.6470744417063444,3,3.5,-0.9999999999999998,0.0,0.0,0.03435114503816794,7.729389312977099,0,0.04498834498834499,0.0092,0.0,0.0,Information Broker,1,0.835,2,87.3
EMP00233,Product,2,1.97,23319861,4.6,34,P,D3,1.0321108780487784,5,5.0,-1.0721261933235726e-15,0.6705,0.0,0.03435114503816794,7.739312977099237,0,0.014685314685314685,0.0092,0.0,0.0,Information Broker,1,0.8160000000000001,3,76.82000000000001
EMP00234,Product,1,3.31,17176092,4.4,36,P,S2,0.7601945567156938,5,4.5,0.9999999999999991,0.6705,0.0,0.003816793893129771,7.963740458015267,0,0.0,0.0092,0.0,0.0,Central Connector,1,0.7766666666666667,1,78.06666666666666
EMP00235,Product,2,3.99,21664158,3.4,46,P,S1,0.9588313213173726,3,3.0,-3.14018491736755e-16,0.318,0.0,0.0648854961832061,7.127480916030534,3,-0.01631701631701632,0.2259,0.1739130434782608,0.5595238095238094,Central Connector,0,0.6775,0,70.625
EMP00236,Product,1,6.1,18896441,2.7,28,P,S2,0.8363352728606287,4,3.5,0.9999999999999996,0.05685000000000001,0.5,0.019083969465648856,7.605725190839695,0,0.014918414918414918,0.0092,0.0,0.0,Information Broker,1,0.91,1,76.1
EMP00237,Product,2,1.95,26664234,1.9,28,L,S2,1.1801290739356503,3,2.5,0.9999999999999994,-0.16445,0.5,0.03435114503816794,7.278625954198473,0,-0.031002331002331004,0.0438,0.1304347826086956,0.0,Information Broker,1,0.806,3,73.14
EMP00238,Product,1,4.0,18398377,3.4,31,P,S1,0.8142915191536712,3,3.5,-0.9999999999999998,-0.2143,1.0,0.015267175572519083,7.888167938931297,0,0.014918414918414918,0.0092,0.0,0.0,Information Broker,1,0.885,2,66.9
EMP00239,Product,2,6.34,21822641,2.1,35,P,S1,0.9658456010459612,3,2.0,1.9999999999999996,-0.31930000000000003,1.0,0.0,8.004961832061069,0,0.0,0.1479,0.1304347826086956,0.3469729600382867,Central Connector,0,0.7866666666666667,1,70.96666666666667
EMP00240,Product,1,3.36,18144916,3.4,25,L,S2,0.8030736197304661,3,3.5,-0.9999999999999998,-0.2023,1.0,0.022900763358778626,7.782442748091603,1,-0.015617715617715619,0.2759,0.2608695652173913,0.6845238095238095,Central Connector,0,0.87,1,79.8
EMP00241,Product,4,6.26,34138715,2.9,49,L,S2,1.510941215048709,3,3.5,-0.9999999999999998,-0.11315,0.5,0.019083969465648856,7.898091603053436,1,0.04522144522144522,0.0092,0.0,0.0,Information Broker,1,0.745,0,78.30000000000001
EMP00242,Product,3,3.53,27525975,5.0,50,P,S1,1.2182687635401739,4,4.5,-1.0000000000000007,0.0,0.0,0.007633587786259542,7.969465648854962,0,0.0,0.0392,0.1304347826086956,0.0,Central Connector,1,0.9199999999999999,3,71.76666666666667
EMP00243,Product,1,1.46,18614984,3.5,51,P,S1,0.8238783018948509,3,3.5,-0.9999999999999998,-0.10115,0.5,0.015267175572519083,7.8683206106870225,0,0.015151515151515152,0.0581,0.1304347826086956,0.0538406317300789,Information Broker,1,0.9,3,77.23333333333333
EMP00244,Product,2,4.37,24071255,3.2,51,P,S1,1.0653667332659507,3,3.0,-3.14018491736755e-16,-0.2143,1.0,0.026717557251908396,7.745801526717558,1,-0.031002331002331004,0.0628,0.1304347826086956,0.0,Information Broker,1,0.76,2,67.22500000000001
EMP00245,Product,2,6.12,17964810,2.5,46,L,D3,0.7951023302874521,3,3.5,-0.9999999999999998,-0.2023,1.0,0.019083969465648856,7.816412213740459,0,0.030303030303030304,0.0419,0.1304347826086956,0.0,Information Broker,1,0.7933333333333333,1,87.73333333333333
EMP00246,Product,1,3.52,18682063,3.3,32,L,S1,0.82684714315804,3,3.5,-0.9999999999999998,-0.2023,1.0,0.026717557251908396,7.74236641221374,0,-0.015617715617715619,0.0092,0.0,0.0,Information Broker,1,0.835,3,77.5
EMP00247,Product,1,3.99,16619723,2.5,29,P,S1,0.7355702891392653,4,3.5,0.9999999999999996,-0.11315,0.5,0.026717557251908396,7.747328244274809,0,-0.00046620046620046707,0.0092,0.0,0.0,Information Broker,1,0.8099999999999999,3,75.8
EMP00248,Product,2,5.37,18997784,2.9,28,P,S1,0.8408206003123703,3,3.0,-3.14018491736755e-16,-0.2023,1.0,0.022900763358778626,7.787022900763359,2,-0.00046620046620046707,0.0381,0.1304347826086956,0.0,Information Broker,1,0.6859999999999999,1,80.67999999999999
EMP00249,Product,1,1.63,18715329,4.2,36,P,S1,0.8283194589865593,5,5.0,-1.0721261933235726e-15,0.52615,0.0,0.030534351145038167,7.740458015267175,0,-0.00046620046620046707,0.0516,0.1739130434782608,0.0,Central Connector,1,0.71,0,79.5
EMP00250,Product,2,6.32,19329119,3.3,39,L,S1,0.8554851155844936,4,4.0,-3.14018491736755e-16,-0.2023,1.0,0.026717557251908396,7.764503816793893,1,0.030303030303030304,0.0665,0.2608695652173913,0.0,Central Connector,1,0.68,0,74.0
EMP00251,Product,3,2.65,21893371,3.0,28,L,S1,0.9689760314719569,3,3.0,-3.14018491736755e-16,-0.10115,0.5,0.015267175572519083,7.922900763358779,2,-0.06153846153846154,0.0092,0.0,0.0,Information Broker,1,0.7925,2,75.3
EMP00252,Product,1,3.93,18198934,3.4,46,P,S1,0.8054643957908568,4,3.5,0.9999999999999996,-0.11315,0.5,0.0,8.0087786259542,0,0.0,0.0092,0.0,0.0,Information Broker,1,0.87,1,86.0
EMP00253,Product,1,6.14,20646903,2.2,43,P,S1,0.9138087565924151,2,2.0,-1.570092458683775e-16,0.08399999999999999,0.5,0.019083969465648856,7.5278625954198475,0,0.030303030303030304,0.0379,0.1304347826086956,0.0,Information Broker,1,0.81,1,70.3
EMP00254,Product,4,3.36,33986895,2.5,26,P,D3,1.5042218322228265,4,4.0,-3.14018491736755e-16,-0.10115,0.5,0.022900763358778626,7.825190839694656,0,0.014918414918414918,0.0092,0.0,0.0,Information Broker,1,0.855,2,84.30000000000001
EMP00255,Product,1,5.83,20579596,2.7,44,L,S1,0.9108298243050903,3,3.5,-0.9999999999999998,-0.2143,1.0,0.022900763358778626,7.841221374045801,0,0.045454545454545456,0.0092,0.0,0.0,Information Broker,1,0.762,1,67.76
EMP00256,Product,3,2.42,34894473,5.0,30,L,S1,1.5443902160085512,4,4.5,-1.0000000000000007,0.33525,0.0,0.030534351145038167,7.717557251908397,1,-0.015617715617715619,0.0092,0.0,0.0,Information Broker,1,0.89,4,73.625
EMP00257,Product,1,4.41,15360488,2.6,42,L,S1,0.679837961166995,4,3.5,0.9999999999999996,-0.2263,1.0,0.015267175572519083,7.919847328244275,0,-0.00046620046620046707,0.0512,0.1304347826086956,0.0357142857142857,Information Broker,1,0.836,4,71.9
EMP00258,Product,5,2.86,33643210,3.6,35,L,S1,1.4890107198100127,4,3.5,0.9999999999999996,-0.2143,1.0,0.019083969465648856,7.865648854961833,0,-0.015617715617715619,0.0092,0.0,0.0,Information Broker,1,0.865,2,71.25
EMP00259,Product,1,4.97,18577883,2.5,49,L,S1,0.8222362532700118,3,3.0,-3.14018491736755e-16,-0.2143,1.0,0.03435114503816794,7.744274809160306,1,-0.031002331002331004,0.1048,0.391304347826087,0.0,Central Connector,0,0.97,1,64.1
EMP00260,Product,1,4.69,19956121,4.2,36,L,S1,0.8832355204757724,5,5.0,-1.0721261933235726e-15,0.6705,0.0,0.019083969465648856,7.841221374045801,1,-0.015617715617715619,0.1058,0.391304347826087,0.0,Central Connector,0,0.815,2,72.05
EMP00261,Marketing,1,3.38,10986965,3.7,28,P,D3,0.7905450624460996,4,3.5,0.9999999999999996,-0.10115,0.5,0.03435114503816794,7.679389312977099,0,-0.015850815850815853,0.0092,0.0,0.0,Information Broker,1,0.8233333333333333,2,78.39999999999999
EMP00262,Marketing,2,2.24,12635598,3.2,39,L,S1,0.9091691481636477,3,3.0,-3.14018491736755e-16,-0.2143,1.0,0.011450381679389313,7.8606870229007635,0,-0.00023310023310023353,0.0497,0.1304347826086956,0.0,Information Broker,1,0.8233333333333333,2,80.96666666666667
EMP00263,Marketing,2,2.74,10307805,3.8,34,P,S2,0.7416774648328467,3,3.0,-3.14018491736755e-16,-0.2143,1.0,0.011450381679389313,7.960687022900762,0,-0.015617715617715619,0.0392,0.1304347826086956,0.0,Information Broker,1,0.6625,1,79.15
EMP00264,Marketing,1,3.02,11461182,3.5,51,P,S3,0.8246663969436612,3,3.5,-0.9999999999999998,-0.10115,0.5,0.007633587786259542,7.95,0,-0.03076923076923077,0.0092,0.0,0.0,Information Broker,1,0.755,1,80.75
EMP00265,Marketing,3,1.13,15866914,2.0,51,L,S1,1.1416720194300147,3,2.5,0.9999999999999994,0.296,0.0,0.019083969465648856,7.851526717557252,0,-0.03076923076923077,0.0392,0.1304347826086956,0.0,Information Broker,1,0.74,0,61.0
EMP00266,Marketing,3,4.68,18773378,4.4,46,P,S2,1.3508008156332738,4,4.5,-1.0000000000000007,0.52615,0.0,0.030534351145038167,7.72824427480916,1,-0.031002331002331004,0.0092,0.0,0.0,Information Broker,1,0.7350000000000001,1,73.9
EMP00267,Marketing,1,6.26,11705838,3.6,30,P,S1,0.8422701294391969,3,3.0,-3.14018491736755e-16,-0.2143,1.0,0.003816793893129771,7.956106870229007,0,0.015151515151515152,0.0092,0.0,0.0,Information Broker,1,0.8333333333333334,3,75.46666666666667
EMP00268,Marketing,1,4.74,10072381,3.3,44,P,S1,0.7247380024079358,4,4.0,-3.14018491736755e-16,0.03484999999999999,0.5,0.05343511450381679,7.236259541984733,1,0.029603729603729603,0.0425,0.1304347826086956,0.0,Information Broker,1,0.69,0,91.4
EMP00269,Marketing,2,1.38,11626569,3.2,28,L,S1,0.8365664873000765,4,3.5,0.9999999999999996,-0.10115,0.5,0.022900763358778626,7.78969465648855,2,0.0,0.0401,0.1304347826086956,0.0,Information Broker,1,0.81,1,91.9
EMP00270,Marketing,3,5.89,17718859,2.7,30,P,S1,1.2749250129247371,4,3.5,0.9999999999999996,0.03484999999999999,0.5,0.061068702290076333,7.126335877862595,1,0.04452214452214452,0.0731,0.2608695652173913,0.0,Central Connector,1,0.8533333333333334,2,72.13333333333334
EMP00271,Marketing,3,3.88,14022578,4.4,40,P,D3,1.0089665162913783,4,4.5,-1.0000000000000007,0.3818,0.0,0.019083969465648856,7.848091603053434,0,0.030303030303030304,0.0497,0.1304347826086956,0.0,Information Broker,1,0.8266666666666667,2,73.83333333333333
EMP00272,Marketing,3,4.04,15607376,3.6,27,P,S1,1.122997482429384,4,3.5,0.9999999999999996,-0.10115,0.5,0.0,8.027480916030534,0,0.0,0.0092,0.0,0.0,Information Broker,1,0.96,1,94.0
EMP00273,Marketing,1,2.14,8361484,4.0,39,L,S1,0.6016338352695274,5,5.0,-1.0721261933235726e-15,0.1909,0.0,0.003816793893129771,7.95,0,-0.015384615384615385,0.0439,0.1304347826086956,0.0,Information Broker,1,0.7775,2,85.825
EMP00274,Marketing,4,5.04,17975137,3.4,23,P,S1,1.2933649831543284,3,3.0,-3.14018491736755e-16,-0.2143,1.0,0.03435114503816794,7.743511450381679,0,-0.04638694638694639,0.0435,0.1304347826086956,0.0,Information Broker,1,0.85,1,87.3
EMP00275,Marketing,1,4.49,11933194,4.1,45,P,S1,0.8586290750822835,5,5.0,-1.0721261933235726e-15,0.52615,0.0,0.019083969465648856,7.877480916030534,0,0.014918414918414918,0.0092,0.0,0.0,Information Broker,1,0.8099999999999999,2,74.60000000000001
EMP00276,Marketing,1,2.04,8716714,3.8,23,P,S2,0.627193698483138,3,3.0,-3.14018491736755e-16,0.148,0.0,0.05725190839694656,7.177099236641221,0,-0.04708624708624709,0.0392,0.1304347826086956,0.0,Information Broker,1,0.8300000000000001,3,78.95
EMP00277,Marketing,3,3.43,16181303,3.9,28,L,S2,1.1642932502828816,4,4.0,-3.14018491736755e-16,-0.10115,0.5,0.026717557251908396,7.791603053435115,0,-0.031002331002331004,0.0092,0.0,0.0,Information Broker,1,0.76,1,83.88
EMP00278,Marketing,3,4.94,14677201,3.7,51,P,S1,1.0560686032110738,4,3.5,0.9999999999999996,-0.10115,0.5,0.07251908396946564,7.040076335877862,0,0.013986013986013984,0.0392,0.1304347826086956,0.0,Information Broker,1,0.7799999999999999,2,73.86666666666667
EMP00279,Marketing,1,6.14,12828862,3.0,40,L,S1,0.92307507222444,3,3.5,-0.9999999999999998,-0.2143,1.0,0.026717557251908396,7.82175572519084,2,-0.015850815850815853,0.0392,0.1304347826086956,0.0,Information Broker,1,0.815,2,83.2
EMP00280,Marketing,3,2.07,16364184,2.7,47,P,S1,1.1774520863732125,3,3.0,-3.14018491736755e-16,-0.11315,0.5,0.003816793893129771,7.9690839694656495,0,0.015151515151515152,0.0092,0.0,0.0,Information Broker,1,0.7475,1,71.775
EMP00281,Marketing,1,6.31,10353829,2.6,27,L,S2,0.7449890295783446,3,3.0,-3.14018491736755e-16,-0.2143,1.0,0.026717557251908396,7.82557251908397,1,0.03006993006993007,0.0386,0.1304347826086956,0.0,Information Broker,1,0.818,3,70.88
EMP00282,Marketing,1,4.62,9937387,2.8,33,L,S1,0.715024779496982,4,4.0,-3.14018491736755e-16,-0.2143,1.0,0.03435114503816794,7.7267175572519085,0,0.014685314685314685,0.0392,0.1304347826086956,0.0,Information Broker,1,0.8666666666666667,2,81.89999999999999
EMP00283,Marketing,2,4.55,10491972,2.8,51,L,S1,0.7549288324776432,4,3.5,0.9999999999999996,-0.10115,0.5,0.022900763358778626,7.810687022900764,0,0.03006993006993007,0.0431,0.1304347826086956,0.0,Information Broker,1,0.69,0,91.3
EMP00284,Marketing,2,5.15,10533694,2.8,44,P,S1,0.7579308554289655,4,3.5,0.9999999999999996,-0.47635,1.0,0.019083969465648856,7.878625954198473,0,0.015151515151515152,0.0092,0.0,0.0,Information Broker,1,0.84,1,77.4
EMP00285,Marketing,2,5.4,12592873,3.4,50,L,S1,0.9060949563560821,3,3.0,-3.14018491736755e-16,-0.2143,1.0,0.0,7.989694656488551,0,0.0,0.0914,0.3043478260869565,0.0239291696578128,Central Connector,1,0.8240000000000001,4,77.17999999999999
EMP00286,Marketing,3,2.09,17100686,3.4,42,L,S1,1.2304456127548546,4,3.5,0.9999999999999996,-0.2263,1.0,0.011450381679389313,7.891984732824427,0,-0.00023310023310023353,0.0092,0.0,0.0,Central Connector,1,0.765,2,89.525
EMP00287,Marketing,2,2.53,17734764,2.6,30,L,D3,1.2760694253460203,3,3.5,-0.9999999999999998,0.0,0.0,0.015267175572519083,7.828625954198473,0,0.014918414918414918,0.0471,0.1739130434782608,0.0,Central Connector,1,0.85,1,77.0
EMP00288,Marketing,3,3.52,16927747,3.1,29,L,S1,1.2180021333631967,3,3.0,-3.14018491736755e-16,-0.11315,0.5,0.030534351145038167,7.751145038167938,0,-0.00023310023310023353,0.1075,0.391304347826087,0.0119645848289064,Central Connector,0,0.77,1,83.05
EMP00289,Marketing,2,1.86,12255272,2.9,22,P,S2,0.8818035525310162,3,3.5,-0.9999999999999998,0.296,0.0,0.022900763358778626,7.420229007633587,0,-0.00023310023310023353,0.0553,0.1739130434782608,0.0119047619047619,Central Connector,1,0.8200000000000001,1,62.699999999999996
EMP00290,Marketing,3,2.83,16718911,3.8,22,P,S2,1.202975757229206,3,3.5,-0.9999999999999998,-0.11315,0.5,0.019083969465648856,7.8847328244274815,0,0.015151515151515152,0.0092,0.0,0.0,Information Broker,1,0.7133333333333333,1,68.3
EMP00291,Marketing,1,6.38,9954389,3.5,51,L,S3,0.7162481243562501,4,3.5,0.9999999999999996,0.318,0.0,0.04580152671755725,7.301526717557252,0,-0.0006993006993007006,0.0092,0.0,0.0,Information Broker,1,0.844,4,69.8
EMP00292,Marketing,1,2.11,13147253,3.9,22,P,S1,0.9459842589723068,3,3.5,-0.9999999999999998,-0.2143,1.0,0.03435114503816794,7.750381679389313,0,0.014685314685314685,0.0092,0.0,0.0,Information Broker,1,0.752,2,56.67999999999999
EMP00293,Marketing,2,1.18,13692200,3.0,25,P,S1,0.9851948289654591,4,3.5,0.9999999999999996,-0.2143,1.0,0.0,7.957251908396947,0,0.0,0.0092,0.0,0.0,Information Broker,1,0.72,1,75.75
EMP00294,Marketing,2,6.4,13606790,2.2,51,L,S2,0.979049323470218,2,2.5,-1.0000000000000007,0.26115,0.0,0.03435114503816794,7.683206106870229,1,-0.015850815850815853,0.0991,0.2608695652173913,0.0239291696578128,Central Connector,1,0.86,1,55.8
EMP00295,Marketing,1,5.73,13384967,2.9,33,L,S1,0.9630884937609233,4,3.5,0.9999999999999996,-0.2143,1.0,0.026717557251908396,7.79618320610687,0,-0.015617715617715619,0.1774,0.5217391304347826,0.0,Central Connector,0,0.66,0,77.2
EMP00296,Marketing,1,4.12,12773573,2.7,28,L,S1,0.919096862959408,3,3.5,-0.9999999999999998,-0.2143,1.0,0.011450381679389313,7.9133587786259545,0,-0.046153846153846156,0.0092,0.0,0.0,Information Broker,1,0.7666666666666666,1,74.06666666666666
EMP00297,Marketing,1,2.72,8944357,2.8,43,L,S2,0.6435732946364359,4,3.5,0.9999999999999996,0.0,0.0,0.030534351145038167,7.756106870229007,0,0.014685314685314685,0.0092,0.0,0.0,Central Connector,1,0.75,3,50.3
EMP00298,Marketing,3,3.39,13730980,4.3,32,P,S1,0.9879851661988679,5,5.0,-1.0721261933235726e-15,0.32735,0.0,0.007633587786259542,7.940076335877864,0,0.0,0.0431,0.1304347826086956,0.0,Information Broker,1,0.36,0,83.8
EMP00299,Marketing,1,2.68,8384319,3.1,46,P,S1,0.6032768819617628,3,3.0,-3.14018491736755e-16,-0.2263,1.0,0.019083969465648856,7.807633587786259,0,-0.00046620046620046707,0.0092,0.0,0.0,Information Broker,1,0.8049999999999999,1,71.0
EMP00300,Marketing,2,3.92,13127187,3.3,26,L,S2,0.9445404501294604,4,3.5,0.9999999999999996,-0.2143,1.0,0.011450381679389313,7.824045801526718,0,-0.03076923076923077,0.1387,0.5217391304347826,0.0,Central Connector,0,0.7766666666666667,1,78.26666666666667
EMP00301,Marketing,2,4.34,11133980,2.0,29,L,S1,0.8011232323370124,1,1.5,-1.0,-0.56775,1.0,0.04961832061068702,7.286259541984733,0,0.014685314685314685,0.0092,0.0,0.0,Information Broker,1,0.8300000000000001,2,82.2
EMP00302,Marketing,2,2.55,13861312,2.0,27,L,D3,0.9973629442366359,1,1.0,-7.850462293418875e-17,-0.1993,0.5,0.003816793893129771,7.970992366412214,0,0.0,0.0092,0.0,0.0,Information Broker,1,0.752,1,77.42
EMP00303,Marketing,2,2.3,16029005,4.0,28,L,S1,1.1533349527074894,5,5.0,-1.0721261933235726e-15,0.0,0.0,0.0,8.043129770992367,0,0.0,0.0092,0.0,0.0,Information Broker,1,0.85,1,79.1
EMP00304,Marketing,2,1.26,15111399,3.6,45,P,S2,1.087310450711632,4,4.0,-3.14018491736755e-16,-0.11315,0.5,0.03435114503816794,7.705725190839695,1,-0.015850815850815853,0.0092,0.0,0.0,Information Broker,1,0.704,2,73.92
EMP00305,Marketing,1,5.2,8386922,4.4,31,L,S1,0.6034641756136082,5,5.0,-1.0721261933235726e-15,0.0,0.0,0.03435114503816794,7.719847328244274,1,-0.00046620046620046707,0.0431,0.1304347826086956,0.0,Central Connector,1,0.92,2,72.9
EMP00306,Marketing,2,1.8,12733414,4.5,23,L,S1,0.9162073025427895,5,5.0,-1.0721261933235726e-15,0.33525,0.0,0.0,7.964503816793893,0,0.0,0.0092,0.0,0.0,Central Connector,1,0.84,2,78.65
EMP00307,Marketing,3,6.36,18916718,3.3,34,L,S2,1.3611145582592878,4,3.5,0.9999999999999996,-0.2023,1.0,0.007633587786259542,7.917557251908398,0,-0.015384615384615385,0.0571,0.1304347826086956,0.0,Information Broker,1,0.8574999999999999,3,77.575
EMP00308,Marketing,2,2.08,15439355,3.9,30,L,S1,1.1109078678782085,3,3.5,-0.9999999999999998,-0.2263,1.0,0.022900763358778626,7.82557251908397,2,0.03006993006993007,0.0823,0.3043478260869565,0.0,Central Connector,1,0.8566666666666666,3,78.63333333333334
EMP00309,Marketing,2,3.1,19144541,3.1,37,P,S1,1.377507105952091,3,3.0,-3.14018491736755e-16,-0.10115,0.5,0.003816793893129771,7.913740458015267,0,-0.015384615384615385,0.0431,0.1304347826086956,0.0,Information Broker,1,0.745,2,78.35
EMP00310,Marketing,2,4.69,14434947,2.8,51,L,S1,1.038637701814936,4,3.5,0.9999999999999996,-0.10115,0.5,0.026717557251908396,7.411450381679389,0,0.014918414918414918,0.0092,0.0,0.0,Central Connector,1,0.91,1,93.2
EMP00311,Marketing,4,2.3,18977731,3.3,46,L,S1,1.3655046264805868,3,3.0,-3.14018491736755e-16,-0.10115,0.5,0.05343511450381679,7.258396946564885,1,0.014685314685314685,0.0092,0.0,0.0,Information Broker,1,0.9299999999999999,2,78.0
EMP00312,Marketing,1,2.48,12659155,3.2,23,L,S1,0.9108641449198986,3,3.0,-3.14018491736755e-16,-0.2023,1.0,0.03435114503816794,7.722519083969465,0,-0.031002331002331004,0.0401,0.1304347826086956,0.0,Information Broker,1,0.71,0,85.69999999999999
EMP00313,Marketing,1,3.12,11376386,3.9,25,P,S1,0.8185650705887325,4,3.5,0.9999999999999996,-0.2143,1.0,0.019083969465648856,7.838931297709924,0,-0.00023310023310023353,0.0092,0.0,0.0,Central Connector,1,0.675,0,66.80000000000001
EMP00314,Marketing,1,3.73,9547718,4.3,35,P,D3,0.6869869270110307,4,4.0,-3.14018491736755e-16,0.52615,0.0,0.003816793893129771,7.963740458015267,0,0.015151515151515152,0.0436,0.1304347826086956,0.0119047619047619,Information Broker,1,0.765,1,64.45
EMP00315,Marketing,1,5.92,9846723,2.8,25,L,S1,0.7085012329541821,3,3.5,-0.9999999999999998,-0.11315,0.5,0.030534351145038167,7.780534351145038,1,-0.0006993006993007006,0.0092,0.0,0.0,Central Connector,1,0.91,2,77.69999999999999
EMP00316,Marketing,2,2.74,13857042,3.8,27,L,S1,0.9970557049383724,4,3.5,0.9999999999999996,-0.2143,1.0,0.05725190839694656,7.162595419847328,0,-0.016083916083916086,0.0092,0.0,0.0,Information Broker,1,0.7666666666666666,1,84.23333333333333
EMP00317,Marketing,2,1.63,10398547,2.8,32,P,S1,0.7482066237094321,4,3.5,0.9999999999999996,-0.2023,1.0,0.019083969465648856,7.827480916030535,1,0.030303030303030304,0.0092,0.0,0.0,Information Broker,1,0.87,2,88.80000000000001
EMP00318,Marketing,4,5.67,20902285,3.7,31,L,S1,1.5039820551527352,3,3.0,-3.14018491736755e-16,0.08399999999999999,0.5,0.022900763358778626,7.534351145038168,1,-0.046153846153846156,0.053,0.1304347826086956,0.0,Information Broker,1,0.825,3,74.0
EMP00319,Marketing,1,4.67,10706480,3.3,33,L,S1,0.7703633260120439,4,4.0,-3.14018491736755e-16,-0.11315,0.5,0.003816793893129771,7.959541984732825,0,0.0,0.0392,0.1304347826086956,0.0,Central Connector,1,0.85,2,64.6
EMP00320,Marketing,2,6.46,15055713,3.9,45,P,S2,1.0833036761066912,4,4.0,-3.14018491736755e-16,-0.11315,0.5,0.026717557251908396,7.831297709923665,0,0.014685314685314685,0.0092,0.0,0.0,Information Broker,1,0.7266666666666666,0,81.93333333333334
EMP00321,Marketing,1,2.98,12384606,4.2,23,L,S1,0.8911095214775272,5,5.0,-1.0721261933235726e-15,-0.0726,0.5,0.015267175572519083,7.856488549618321,0,-0.046153846153846156,0.0092,0.0,0.0,Central Connector,1,0.8,1,86.25
EMP00322,Marketing,2,1.24,13549203,3.0,25,P,S1,0.9749057662175022,3,3.0,-3.14018491736755e-16,-0.11315,0.5,0.022900763358778626,7.749236641221374,0,-0.03076923076923077,0.0558,0.1739130434782608,0.0,Central Connector,1,0.865,2,87.9
EMP00323,Marketing,1,3.49,9327308,3.6,44,L,S2,0.6711277668868523,4,3.5,0.9999999999999996,-0.2143,1.0,0.022900763358778626,7.793129770992366,1,-0.00046620046620046707,0.0582,0.1304347826086956,0.0,Information Broker,1,0.78,1,50.8
EMP00324,Marketing,3,5.13,14037413,2.4,41,L,D3,1.0100339390056026,1,1.5,-1.0,-0.1993,0.5,0.022900763358778626,7.8198473282442755,0,-0.00046620046620046707,0.1445,0.5217391304347826,0.0,Central Connector,0,0.845,1,71.25
EMP00325,Marketing,2,3.75,12009077,3.2,48,P,S1,0.8640890843727106,4,3.5,0.9999999999999996,0.0,0.0,0.0,7.98587786259542,0,0.0,0.0431,0.1304347826086956,0.0,Information Broker,1,0.8733333333333334,2,77.23333333333333
EMP00326,Marketing,3,2.24,15033523,2.4,31,L,S1,1.081707039097683,1,1.0,-7.850462293418875e-17,0.318,0.0,0.026717557251908396,7.334732824427481,0,-0.031002331002331004,0.0658,0.1739130434782608,0.0357142857142857,Central Connector,1,0.93,1,64.5
EMP00327,Marketing,2,6.41,15215437,1.5,50,L,S1,1.094796296639672,3,2.5,0.9999999999999994,-0.128,1.0,0.030534351145038167,7.742748091603053,0,-0.0006993006993007006,0.0431,0.1304347826086956,0.0,Information Broker,1,0.7224999999999999,1,70.6
EMP00328,Marketing,3,4.1,17921462,1.7,34,L,S1,1.2895029060268601,2,2.0,-1.570092458683775e-16,-0.128,1.0,0.03816793893129771,7.323664122137404,2,0.014685314685314685,0.0715,0.2608695652173913,0.0,Central Connector,1,0.875,1,80.9
EMP00329,Marketing,3,5.19,18076778,3.1,32,P,D3,1.3006783577479568,3,3.5,-0.9999999999999998,-0.10115,0.5,0.030534351145038167,7.722900763358779,0,-0.046153846153846156,0.0435,0.1304347826086956,0.0,Information Broker,1,0.8175,3,75.3
EMP00330,Marketing,3,6.22,18908647,3.3,24,L,S1,1.3605338256184718,4,3.5,0.9999999999999996,-0.2023,1.0,0.011450381679389313,7.9328244274809165,0,-0.015384615384615385,0.0731,0.2608695652173913,0.0,Central Connector,1,0.7466666666666667,0,72.5
EMP00331,Marketing,1,1.8,13239203,3.5,39,L,S1,0.9526003370695719,3,3.5,-0.9999999999999998,-0.2023,1.0,0.022900763358778626,7.816030534351145,0,0.030303030303030304,0.0092,0.0,0.0,Information Broker,1,0.5449999999999999,0,91.25
EMP00332,Marketing,3,1.6,23219093,4.2,42,L,D3,1.6706833348087295,5,5.0,-1.0721261933235726e-15,0.34,0.0,0.022900763358778626,7.503435114503817,0,-0.00023310023310023353,0.0092,0.0,0.0,Information Broker,1,0.79,0,54.2
EMP00333,Marketing,1,3.87,13100323,4.1,43,P,D3,0.9426075048112991,5,4.5,0.9999999999999991,0.52615,0.0,0.03435114503816794,7.772137404580152,0,-0.00023310023310023353,0.0431,0.1304347826086956,0.0,Central Connector,1,0.77,0,93.9
EMP00334,Marketing,1,2.7,9625272,1.6,22,L,S2,0.6925671697598649,2,2.5,-1.0000000000000007,-0.14245,0.5,0.007633587786259542,7.945801526717558,0,0.030303030303030304,0.0431,0.1304347826086956,0.0,Information Broker,1,0.7600000000000001,1,74.60000000000001
EMP00335,Marketing,2,5.86,16688054,3.4,36,L,S1,1.2007555035930197,3,3.0,-3.14018491736755e-16,-0.10115,0.5,0.003816793893129771,7.935877862595419,0,0.015151515151515152,0.0092,0.0,0.0,Information Broker,1,0.79,1,59.550000000000004
EMP00336,Marketing,3,1.61,17432047,3.3,48,L,S1,1.254288029877072,4,4.0,-3.14018491736755e-16,-0.10115,0.5,0.003816793893129771,7.973282442748092,0,0.015151515151515152,0.0092,0.0,0.0,Information Broker,1,0.78,0,97.5
EMP00337,Marketing,4,2.51,22840814,3.5,35,L,S2,1.6434650269614717,3,3.5,-0.9999999999999998,-0.2143,1.0,0.015267175572519083,7.8908396946564885,2,-0.00023310023310023353,0.0092,0.0,0.0,Information Broker,1,0.8625,4,68.05
EMP00338,Marketing,2,2.22,15974439,2.9,40,L,D3,1.1494087654594702,3,3.5,-0.9999999999999998,-0.11315,0.5,0.011450381679389313,7.898473282442748,0,-0.015384615384615385,0.0092,0.0,0.0,Information Broker,1,0.98,2,60.55
EMP00339,Marketing,2,1.69,20825000,4.1,23,L,S1,1.4984211677601615,5,5.0,-1.0721261933235726e-15,0.52615,0.0,0.022900763358778626,7.851908396946564,0,0.03006993006993007,0.0466,0.1304347826086956,0.0119047619047619,Information Broker,1,0.8500000000000001,1,70.69999999999999
EMP00340,Marketing,1,2.93,10693192,4.1,44,L,S1,0.7694072145845675,4,4.5,-1.0000000000000007,0.6705,0.0,0.011450381679389313,7.877862595419847,1,-0.046153846153846156,0.0092,0.0,0.0,Central Connector,1,0.7224999999999999,2,64.675
EMP00341,Sales,3,3.8,19847992,3.9,25,P,S2,1.2453528252060608,3,3.0,-3.14018491736755e-16,-0.2143,1.0,0.022900763358778626,7.777480916030535,0,-0.03076923076923077,0.0092,0.0,0.0,Information Broker,1,0.615,0,76.35
EMP00342,Sales,2,2.18,15746982,4.3,29,P,S2,0.988036901776713,5,5.0,-1.0721261933235726e-15,0.6705,0.0,0.0,8.000763358778626,0,0.0,0.0431,0.1304347826086956,0.0,Information Broker,1,0.765,0,80.95
EMP00343,Sales,3,3.77,26315482,4.5,34,L,D3,1.651152411556758,4,4.5,-1.0000000000000007,0.52615,0.0,0.030534351145038167,7.755343511450382,1,0.03006993006993007,0.0092,0.0,0.0,Information Broker,1,0.7533333333333333,0,68.16666666666667
EMP00344,Sales,1,5.67,11578398,3.2,49,P,S1,0.7264810798321666,4,3.5,0.9999999999999996,-0.2263,1.0,0.019083969465648856,7.501908396946565,0,-0.00023310023310023353,0.0092,0.0,0.0,Central Connector,1,0.92,1,80.1
EMP00345,Sales,1,1.65,12076981,3.4,24,P,S1,0.7577644332136932,3,3.0,-3.14018491736755e-16,-0.2023,1.0,0.03435114503816794,7.715648854961832,0,0.03006993006993007,0.0092,0.0,0.0,Information Broker,1,0.72,1,72.5
EMP00346,Sales,3,3.61,16416042,2.3,31,L,S2,1.0300167535033948,2,2.0,-1.570092458683775e-16,-0.08530000000000001,0.5,0.03435114503816794,7.719847328244274,0,0.014918414918414918,0.0092,0.0,0.0,Information Broker,1,0.7875,2,72.325
EMP00347,Sales,3,3.13,14032675,3.7,51,L,D3,0.8804735237926566,3,3.5,-0.9999999999999998,0.0,0.0,0.011450381679389313,7.87824427480916,0,-0.00023310023310023353,0.0092,0.0,0.0,Information Broker,1,0.8049999999999999,1,75.5
EMP00348,Sales,1,3.68,13107861,3.1,34,P,S2,0.8224465088840394,4,3.5,0.9999999999999996,-0.10115,0.5,0.030534351145038167,7.81030534351145,1,0.014918414918414918,0.0092,0.0,0.0,Information Broker,1,0.7766666666666667,1,66.03333333333333
EMP00349,Sales,3,5.39,15807440,2.1,40,L,S2,0.9918303102538178,2,1.5,0.9999999999999998,-0.6249,1.0,0.04198473282442748,7.348473282442748,1,0.060372960372960374,0.0092,0.0,0.0,Information Broker,1,0.9,1,48.2
EMP00350,Sales,1,4.07,15199435,2.2,42,P,S1,0.9536813254855142,1,2.0,-2.0,-0.16445,0.5,0.015267175572519083,7.86412213740458,1,0.030303030303030304,0.0092,0.0,0.0,Information Broker,1,0.88,1,68.5
EMP00351,Sales,1,6.26,13162106,1.5,39,L,S1,0.8258500856288961,1,2.0,-2.0,-0.08530000000000001,0.5,0.0,8.025190839694655,0,0.0,0.0092,0.0,0.0,Information Broker,1,0.8625,3,77.4
EMP00352,Sales,2,2.86,17780788,5.0,23,L,S1,1.1156470926726505,4,4.5,-1.0000000000000007,0.6705,0.0,0.022900763358778626,7.81030534351145,0,-0.06153846153846154,0.0092,0.0,0.0,Information Broker,1,0.6849999999999999,1,80.85
EMP00353,Sales,3,6.18,15450238,3.3,25,P,S1,0.9694178405254315,3,3.0,-3.14018491736755e-16,-0.11315,0.5,0.022900763358778626,7.82824427480916,1,0.014918414918414918,0.0431,0.1304347826086956,0.0,Information Broker,1,0.8333333333333334,2,83.0
EMP00354,Sales,1,6.06,12508004,3.9,40,P,S1,0.7848087665033677,3,3.0,-3.14018491736755e-16,-0.10115,0.5,0.022900763358778626,7.836259541984733,1,-0.00046620046620046707,0.0092,0.0,0.0,Information Broker,1,0.855,3,70.275
EMP00355,Sales,3,6.43,20353913,5.0,38,P,S2,1.277096597910175,5,4.5,0.9999999999999991,0.3389,0.0,0.030534351145038167,7.3591603053435115,2,-0.00023310023310023353,0.0092,0.0,0.0,Information Broker,1,0.7599999999999999,1,67.06666666666666
EMP00356,Sales,1,3.76,11295814,3.8,46,L,S1,0.708750481051291,3,3.0,-3.14018491736755e-16,-0.2263,1.0,0.003816793893129771,7.9767175572519085,0,0.015151515151515152,0.0092,0.0,0.0,Information Broker,1,0.8375,2,72.225
EMP00357,Sales,1,5.83,9102498,1.9,35,P,S1,0.5711319110130898,1,2.0,-2.0,-0.31930000000000003,1.0,0.022900763358778626,7.447328244274809,2,-0.00023310023310023353,0.0092,0.0,0.0,Information Broker,1,0.98,1,92.1
EMP00358,Sales,1,1.19,10684496,3.2,28,L,S1,0.6703936236725033,4,4.0,-3.14018491736755e-16,-0.2143,1.0,0.026717557251908396,7.779770992366412,0,-0.015384615384615385,0.0092,0.0,0.0,Information Broker,1,0.785,1,60.7
EMP00359,Sales,1,2.65,12604685,3.9,49,P,S1,0.7908749699003534,4,3.5,0.9999999999999996,-0.2143,1.0,0.026717557251908396,7.790458015267175,0,-0.015617715617715619,0.0431,0.1304347826086956,0.0,Information Broker,1,0.79,3,69.225
EMP00360,Sales,3,4.41,17259478,4.6,41,P,S1,1.0829377444772172,5,5.0,-1.0721261933235726e-15,0.1909,0.0,0.011450381679389313,7.899236641221374,0,-0.046153846153846156,0.0092,0.0,0.0,Information Broker,1,0.725,1,84.8
EMP00361,Sales,2,2.86,15242932,4.1,22,L,S1,0.956410524078399,5,5.0,-1.0721261933235726e-15,0.33525,0.0,0.003816793893129771,7.95648854961832,0,0.0,0.0092,0.0,0.0,Information Broker,1,0.76,0,75.1
EMP00362,Sales,3,5.86,16201546,3.7,33,L,S1,1.0165583039234374,4,3.5,0.9999999999999996,0.34,0.0,0.03816793893129771,7.365648854961832,0,-0.031235431235431238,0.0497,0.1304347826086956,0.0,Information Broker,1,0.745,2,81.42500000000001
EMP00363,Sales,1,1.67,11052931,4.4,41,L,S1,0.6935109026473636,4,4.0,-3.14018491736755e-16,0.12689999999999999,0.5,0.04961832061068702,7.190076335877863,0,-0.016083916083916086,0.0427,0.1304347826086956,0.0119047619047619,Information Broker,1,0.8066666666666666,2,79.0
EMP00364,Sales,3,5.79,20661773,4.3,22,P,S1,1.296413127298535,5,4.5,0.9999999999999991,0.52615,0.0,0.022900763358778626,7.774045801526717,0,-0.03076923076923077,0.0731,0.2608695652173913,0.0,Central Connector,1,0.6866666666666666,1,86.06666666666666
EMP00365,Sales,4,3.65,21692208,4.0,23,L,S2,1.3610672816553693,5,5.0,-1.0721261933235726e-15,0.1909,0.0,0.030534351145038167,7.406488549618321,1,0.03006993006993007,0.0431,0.1304347826086956,0.0,Information Broker,1,0.7533333333333333,1,76.83333333333333
EMP00366,Sales,3,3.64,13924512,3.3,46,L,S2,0.8736868877625352,3,3.0,-3.14018491736755e-16,-0.11315,0.5,0.011450381679389313,7.909923664122138,0,0.015151515151515152,0.0864,0.2608695652173913,0.0,Central Connector,1,0.7433333333333333,1,69.8
EMP00367,Sales,1,3.13,15940515,4.0,22,L,S1,1.0001800378844163,5,5.0,-1.0721261933235726e-15,0.1909,0.0,0.026717557251908396,7.467557251908397,1,-0.031235431235431238,0.0092,0.0,0.0,Information Broker,1,0.935,2,85.25
EMP00368,Sales,3,2.18,19525104,3.7,26,P,S1,1.225093371099815,4,4.0,-3.14018491736755e-16,0.0,0.0,0.0,7.979389312977099,0,0.0,0.0092,0.0,0.0,Information Broker,1,0.88,2,75.8
EMP00369,Sales,1,5.49,9408540,3.7,30,P,S1,0.5903343708554615,3,3.5,-0.9999999999999998,-0.2143,1.0,0.003816793893129771,7.954961832061068,0,0.0,0.0092,0.0,0.0,Information Broker,1,0.72,0,74.3
EMP00370,Sales,3,5.59,17877412,2.9,42,P,S1,1.1217097196317256,3,3.5,-0.9999999999999998,0.04684999999999999,0.5,0.04198473282442748,7.318702290076335,0,-0.031235431235431238,0.0092,0.0,0.0,Information Broker,1,0.7733333333333334,1,70.23333333333333
EMP00371,Sales,1,5.32,11806752,3.0,41,P,S1,0.7408090430360567,3,3.0,-3.14018491736755e-16,-0.2023,1.0,0.026717557251908396,7.7793893129770995,1,0.04522144522144522,0.0092,0.0,0.0,Information Broker,1,0.825,1,67.45
EMP00372,Sales,3,1.81,22323114,4.5,36,P,S2,1.400653178784885,5,5.0,-1.0721261933235726e-15,0.0,0.0,0.026717557251908396,7.799236641221374,1,-0.00023310023310023353,0.0092,0.0,0.0,Information Broker,1,0.7575000000000001,2,76.95
EMP00373,Sales,3,2.97,15629202,3.6,28,L,S1,0.9806468516521075,4,4.0,-3.14018491736755e-16,-0.2143,1.0,0.03435114503816794,7.7477099236641225,1,0.06060606060606061,0.0092,0.0,0.0,Information Broker,1,0.9099999999999999,2,65.55000000000001
EMP00374,Sales,3,4.69,22452090,3.5,29,L,S1,1.4087457166085489,4,3.5,0.9999999999999996,-0.2143,1.0,0.0,7.998854961832061,0,0.0,0.0431,0.1304347826086956,0.0,Information Broker,1,0.7225,2,69.425
EMP00375,Sales,4,2.38,25799981,2.8,35,P,S1,1.6188075463055753,3,3.5,-0.9999999999999998,-0.2023,1.0,0.030534351145038167,7.727099236641221,0,0.029836829836829837,0.0092,0.0,0.0,Information Broker,1,0.845,2,74.15
EMP00376,Sales,3,2.63,18224730,4.5,47,P,S2,1.1435020224775208,5,4.5,0.9999999999999991,0.3818,0.0,0.011450381679389313,7.888549618320611,0,-0.015384615384615385,0.0092,0.0,0.0,Information Broker,1,0.8019999999999999,3,61.7
EMP00377,Sales,3,1.44,20031807,2.4,51,P,S1,1.2568862100222806,3,2.5,0.9999999999999994,-0.16445,0.5,0.003816793893129771,7.972137404580152,0,0.0,0.0092,0.0,0.0,Information Broker,1,0.716,1,86.06
EMP00378,Sales,3,3.29,16590070,4.5,38,L,S1,1.0409360576559237,4,4.5,-1.0000000000000007,0.52615,0.0,0.03435114503816794,7.714885496183206,0,-0.015617715617715619,0.0092,0.0,0.0,Information Broker,1,0.7333333333333334,2,72.96666666666667
EMP00379,Sales,1,2.07,11651464,4.1,36,L,S1,0.7310655712772713,5,4.5,0.9999999999999991,0.33525,0.0,0.015267175572519083,7.903816793893131,0,-0.015617715617715619,0.0092,0.0,0.0,Information Broker,1,0.685,0,67.15
EMP00380,Sales,2,4.14,11353529,2.9,35,L,S2,0.712371781297017,4,4.0,-3.14018491736755e-16,-0.2143,1.0,0.0,7.972900763358779,0,0.0,0.0092,0.0,0.0,Information Broker,1,0.89,2,66.6
EMP00381,Sales,1,4.83,10831330,4.4,44,P,S1,0.6796066532190844,4,4.5,-1.0000000000000007,0.148,0.0,0.030534351145038167,7.357251908396946,1,0.030303030303030304,0.0092,0.0,0.0,Information Broker,1,0.7949999999999999,3,70.4
EMP00382,Sales,4,5.31,18578471,3.2,44,P,S1,1.1656973334057608,3,3.0,-3.14018491736755e-16,-0.10115,0.5,0.022900763358778626,7.8232824427480905,1,0.015151515151515152,0.0092,0.0,0.0,Information Broker,1,0.86,4,69.6
EMP00383,Sales,3,1.41,21573927,3.3,48,P,S1,1.3536457965238657,3,3.0,-3.14018491736755e-16,-0.2263,1.0,0.015267175572519083,7.892366412213741,0,-0.03076923076923077,0.0092,0.0,0.0,Information Broker,1,0.825,1,57.2
EMP00384,Sales,2,4.71,12970018,2.7,37,P,S1,0.813797615359451,3,3.0,-3.14018491736755e-16,-0.2143,1.0,0.019083969465648856,7.847328244274809,0,-0.031002331002331004,0.0431,0.1304347826086956,0.0,Information Broker,1,0.7266666666666666,2,74.13333333333333
EMP00385,Sales,2,2.98,21476336,2.8,27,L,S2,1.347522495609361,3,3.5,-0.9999999999999998,-0.16515000000000002,1.0,0.05343511450381679,7.213358778625954,0,0.029603729603729603,0.0092,0.0,0.0,Information Broker,1,0.91,1,79.6
EMP00386,Sales,2,6.27,13737955,3.4,28,L,S2,0.8619814574594613,3,3.0,-3.14018491736755e-16,-0.2023,1.0,0.003816793893129771,7.993893129770993,0,0.015151515151515152,0.0092,0.0,0.0,Information Broker,1,0.8275,3,64.425
EMP00387,Sales,1,2.44,11390722,2.5,32,L,S1,0.7147054384059018,3,3.0,-3.14018491736755e-16,-0.10115,0.5,0.026717557251908396,7.754961832061069,0,-0.046153846153846156,0.0092,0.0,0.0,Information Broker,1,0.9,4,71.925
EMP00388,Sales,2,3.87,13594817,3.9,48,L,S1,0.853000331676342,3,3.0,-3.14018491736755e-16,-0.10115,0.5,0.03435114503816794,7.701526717557252,2,-0.06153846153846154,0.0092,0.0,0.0,Information Broker,1,0.86,2,83.5
EMP00389,Sales,2,5.39,18971106,3.6,27,P,S1,1.1903330298794785,3,3.0,-3.14018491736755e-16,-0.16515000000000002,1.0,0.019083969465648856,7.551145038167939,0,-0.00023310023310023353,0.0092,0.0,0.0,Information Broker,1,0.825,1,69.6
EMP00390,Sales,3,2.23,16229887,2.5,44,L,D3,1.018336546499269,4,4.0,-3.14018491736755e-16,0.0,0.0,0.061068702290076333,7.183969465648855,0,0.029603729603729603,0.0092,0.0,0.0,Information Broker,1,0.8049999999999999,3,76.95
EMP00391,Sales,1,6.18,9904429,2.5,28,P,S2,0.6214486904873219,4,3.5,0.9999999999999996,0.0,0.0,0.015267175572519083,7.858778625954199,0,-0.00023310023310023353,0.0092,0.0,0.0,Information Broker,1,0.85,2,67.23333333333333
EMP00392,Sales,3,3.82,18397527,3.7,42,L,S1,1.154344088120087,4,4.0,-3.14018491736755e-16,-0.2023,1.0,0.0,8.024809160305344,0,0.0,0.0092,0.0,0.0,Information Broker,1,0.836,4,84.8
EMP00393,Sales,3,1.22,18578434,3.4,24,P,S1,1.1656950118583451,3,3.0,-3.14018491736755e-16,-0.2263,1.0,0.015267175572519083,7.858015267175573,0,-0.015384615384615385,0.0092,0.0,0.0,Information Broker,1,0.726,2,78.46000000000001
EMP00394,Sales,2,2.7,16676992,3.4,45,P,S1,1.0463899372359116,4,3.5,0.9999999999999996,-0.2263,1.0,0.003816793893129771,8.036641221374046,0,0.0,0.0092,0.0,0.0,Information Broker,1,0.89,2,75.9
EMP00395,Sales,2,1.63,17530733,2.7,29,L,S1,1.0999575105372434,3,3.0,-3.14018491736755e-16,-0.2023,1.0,0.011450381679389313,7.879770992366412,0,-0.046153846153846156,0.0092,0.0,0.0,Information Broker,1,0.7266666666666667,2,65.23333333333333
EMP00396,Sales,1,5.19,11350934,2.6,42,P,D3,0.7122089592553006,4,3.5,0.9999999999999996,-0.10115,0.5,0.011450381679389313,7.949618320610687,0,0.0,0.0092,0.0,0.0,Information Broker,1,0.7725,2,81.675
EMP00397,Sales,1,3.56,15549358,3.1,44,L,S1,0.9756370778182731,3,3.0,-3.14018491736755e-16,-0.11315,0.5,0.019083969465648856,7.839312977099237,0,0.014918414918414918,0.0092,0.0,0.0,Information Broker,1,0.795,1,66.55
EMP00398,Sales,5,5.14,29573079,2.7,45,L,S1,1.8555487871363525,4,3.5,0.9999999999999996,-0.11315,0.5,0.007633587786259542,7.923664122137405,0,-0.015384615384615385,0.0092,0.0,0.0,Information Broker,1,0.77,2,83.10000000000001
EMP00399,Sales,3,4.53,21057980,3.0,31,P,S1,1.3212729472146465,3,3.0,-3.14018491736755e-16,0.04684999999999999,0.5,0.06870229007633588,7.156488549618321,0,-0.06223776223776224,0.0092,0.0,0.0,Information Broker,1,0.66,0,77.2
EMP00400,Sales,2,3.34,11765710,3.5,23,L,S2,0.7382338822514238,4,3.5,0.9999999999999996,-0.10115,0.5,0.026717557251908396,7.752671755725191,1,-0.015617715617715619,0.0092,0.0,0.0,Information Broker,1,0.81,3,83.875
EMP00401,Sales,3,5.14,20515241,2.8,30,P,S1,1.2872190465984272,4,3.5,0.9999999999999996,-0.10115,0.5,0.015267175572519083,7.848091603053434,0,0.015151515151515152,0.0092,0.0,0.0,Information Broker,1,0.892,5,71.5
EMP00402,Sales,1,2.4,9131263,4.7,28,L,S2,0.5729367572674138,5,5.0,-1.0721261933235726e-15,0.33525,0.0,0.011450381679389313,7.869847328244275,0,0.015151515151515152,0.0092,0.0,0.0,Information Broker,1,0.885,4,70.45
EMP00403,Sales,2,5.17,14636019,3.0,42,L,S2,0.9183300563311183,4,4.0,-3.14018491736755e-16,-0.11315,0.5,0.019083969465648856,7.841603053435114,1,-0.03076923076923077,0.0092,0.0,0.0,Information Broker,1,0.86,1,79.7
EMP00404,Sales,1,3.13,15038034,3.0,34,L,D3,0.9435542964469554,3,3.5,-0.9999999999999998,0.0,0.0,0.030534351145038167,7.745801526717558,1,-0.031002331002331004,0.0092,0.0,0.0,Information Broker,1,0.8,3,77.04
EMP00405,Sales,2,1.49,14873543,3.1,45,L,S2,0.9332333868269309,4,3.5,0.9999999999999996,-0.2263,1.0,0.022900763358778626,7.774427480916031,0,-0.00023310023310023353,0.0431,0.1304347826086956,0.0,Information Broker,1,0.87,1,74.7
EMP00406,Sales,1,2.56,14153504,4.0,50,L,S1,0.8880548819732134,5,5.0,-1.0721261933235726e-15,0.1909,0.0,0.0,7.977099236641221,0,0.0,0.0092,0.0,0.0,Information Broker,1,0.775,1,69.325
EMP00407,Sales,2,3.9,17348757,4.0,25,P,D3,1.0885395129020319,4,4.0,-3.14018491736755e-16,0.6705,0.0,0.019083969465648856,7.88587786259542,0,0.045454545454545456,0.0092,0.0,0.0,Information Broker,1,0.755,2,64.14999999999999
EMP00408,Sales,1,5.13,12511604,2.3,40,L,S1,0.7850346467924539,2,2.5,-1.0000000000000007,0.04915,0.5,0.03816793893129771,7.240458015267175,0,-0.03076923076923077,0.0092,0.0,0.0,Information Broker,1,0.86,2,88.8
EMP00409,Sales,2,2.86,13842753,2.5,37,L,S1,0.868556958163812,3,3.5,-0.9999999999999998,-0.2263,1.0,0.0,8.0206106870229,0,0.0,0.0092,0.0,0.0,Information Broker,1,0.6799999999999999,1,77.4
EMP00410,Sales,2,2.87,16600735,2.8,28,L,S3,1.0416052280123418,3,3.0,-3.14018491736755e-16,0.318,0.0,0.030534351145038167,7.511450381679389,0,-0.015617715617715619,0.077,0.2608695652173913,0.0,Central Connector,1,0.855,3,78.45
EMP00411,Sales,1,4.15,17443999,2.7,40,L,S1,1.0945154269279078,3,3.0,-3.14018491736755e-16,0.0,0.0,0.03435114503816794,7.7461832061068705,0,-0.015617715617715619,0.0092,0.0,0.0,Information Broker,1,0.8766666666666666,2,73.7
EMP00412,Sales,2,4.11,16300563,3.5,34,L,S1,1.0227710785302302,3,3.0,-3.14018491736755e-16,-0.11315,0.5,0.030534351145038167,7.76030534351145,0,0.03006993006993007,0.0092,0.0,0.0,Information Broker,1,0.85,3,68.5
EMP00413,Sales,3,2.69,20088424,3.0,51,L,S1,1.2604386167798354,3,3.0,-3.14018491736755e-16,-0.11315,0.5,0.026717557251908396,7.7538167938931295,0,-0.015850815850815853,0.0464,0.1304347826086956,0.0,Information Broker,1,0.8766666666666666,3,82.76666666666667
EMP00414,Sales,3,1.9,17585983,4.5,42,L,S1,1.10342414552947,4,4.0,-3.14018491736755e-16,0.33525,0.0,0.03435114503816794,7.688167938931297,0,-0.04638694638694639,0.0092,0.0,0.0,Information Broker,1,0.6000000000000001,0,75.25
EMP00415,Sales,2,5.28,15286574,3.0,51,P,S1,0.959148820627372,3,3.0,-3.14018491736755e-16,-0.2023,1.0,0.04580152671755725,7.294274809160305,0,-0.046620046620046623,0.0392,0.1304347826086956,0.0,Information Broker,1,0.5566666666666666,1,84.13333333333334
EMP00416,Sales,6,3.3,22941002,2.6,39,L,S2,1.4394222676912551,3,3.0,-3.14018491736755e-16,-0.2023,1.0,0.04580152671755725,7.275190839694656,0,-0.06200466200466201,0.0092,0.0,0.0,Information Broker,1,0.7779999999999999,3,80.06
EMP00417,Sales,1,6.07,10840400,2.4,42,L,S3,0.6801757460585324,1,1.0,-7.850462293418875e-17,-0.10730000000000003,0.5,0.030534351145038167,7.324427480916031,1,0.014918414918414918,0.0092,0.0,0.0,Information Broker,1,0.9025,4,70.775
EMP00418,Sales,1,5.57,10593215,3.5,28,L,S2,0.6646662407091469,3,3.0,-3.14018491736755e-16,-0.11315,0.5,0.003816793893129771,8.012213740458014,0,-0.015384615384615385,0.0431,0.1304347826086956,0.0,Information Broker,1,0.63,0,82.4
EMP00419,Sales,2,1.19,15698579,3.9,50,P,S1,0.9849998785454235,3,3.0,-3.14018491736755e-16,-0.17715,1.0,0.022900763358778626,7.517557251908396,0,0.015151515151515152,0.0551,0.1739130434782608,0.0,Central Connector,1,0.8379999999999999,4,81.12
EMP00420,Sales,3,2.14,17747940,3.0,32,L,S1,1.1135860605237877,3,3.0,-3.14018491736755e-16,-0.10115,0.5,0.022900763358778626,7.775190839694656,0,-0.015617715617715619,0.0092,0.0,0.0,Information Broker,1,0.6839999999999999,2,82.46000000000001
EMP00421,Sales,1,1.69,13547320,3.1,29,L,S1,0.8500201549844726,4,3.5,0.9999999999999996,-0.2143,1.0,0.03435114503816794,7.745038167938931,0,0.04522144522144522,0.0092,0.0,0.0,Information Broker,1,0.58,0,49.4
EMP00422,Sales,2,2.16,17804274,3.5,41,P,S1,1.1171207105808394,3,3.0,-3.14018491736755e-16,-0.10115,0.5,0.003816793893129771,7.941221374045801,0,0.015151515151515152,0.0431,0.1304347826086956,0.0,Information Broker,1,0.764,2,79.36
EMP00423,Sales,2,2.26,10727331,3.8,43,P,D3,0.6730812853900061,3,3.5,-0.9999999999999998,-0.11315,0.5,0.03435114503816794,7.448091603053435,1,0.014685314685314685,0.0431,0.1304347826086956,0.0,Information Broker,1,0.8025,2,77.55
EMP00424,Sales,3,5.1,16152463,3.4,29,P,S2,1.0134786144153205,4,3.5,0.9999999999999996,-0.11315,0.5,0.030534351145038167,7.749236641221374,0,-0.06153846153846154,0.0092,0.0,0.0,Information Broker,1,0.776,1,85.64000000000001
EMP00425,Sales,3,1.84,18763147,2.6,31,L,S2,1.177284741257787,4,3.5,0.9999999999999996,-0.11315,0.5,0.022900763358778626,7.873664122137405,1,-0.015617715617715619,0.0092,0.0,0.0,Information Broker,1,0.8119999999999999,3,80.62
EMP00426,Sales,3,5.14,16072164,1.4,24,L,S2,1.0084402918227267,3,3.0,-3.14018491736755e-16,0.28315,0.0,0.015267175572519083,7.879770992366412,1,-0.00023310023310023353,0.0431,0.1304347826086956,0.0,Information Broker,1,0.6875,1,77.975
EMP00427,Sales,4,4.62,25388502,3.4,39,P,S2,1.5929894920075405,3,3.0,-3.14018491736755e-16,-0.2143,1.0,0.03816793893129771,7.394274809160305,0,-0.031235431235431238,0.0092,0.0,0.0,Information Broker,1,0.825,1,71.25
EMP00428,Sales,3,3.5,20071002,4.3,42,L,S1,1.2593454816697074,4,4.5,-1.0000000000000007,0.0,0.0,0.05725190839694656,7.258015267175572,1,-0.015850815850815853,0.0092,0.0,0.0,Information Broker,1,0.8799999999999999,2,77.3
EMP00429,Sales,1,3.23,8720540,2.8,33,L,S1,0.5471661378300868,4,3.5,0.9999999999999996,0.06885000000000001,0.5,0.03816793893129771,7.290839694656489,0,-0.015617715617715619,0.0092,0.0,0.0,Information Broker,1,0.8466666666666667,3,68.43333333333334
EMP00430,Sales,1,5.66,11950721,3.4,47,L,S1,0.74984230951924,3,3.5,-0.9999999999999998,-0.2263,1.0,0.03435114503816794,7.245419847328244,0,-0.031235431235431238,0.0092,0.0,0.0,Information Broker,1,0.8320000000000001,3,67.36
EMP00431,Sales,1,1.89,16274780,3.5,51,P,S1,1.0211533364486993,4,4.0,-3.14018491736755e-16,0.04684999999999999,0.5,0.03816793893129771,7.3183206106870236,0,-0.06153846153846154,0.0518,0.1739130434782608,0.0,Central Connector,1,0.784,3,84.64
EMP00432,Sales,2,2.35,15732836,3.0,49,P,S1,0.9871493177296535,4,3.5,0.9999999999999996,-0.11315,0.5,0.03435114503816794,7.769465648854961,0,-0.00046620046620046707,0.0092,0.0,0.0,Information Broker,1,0.8400000000000001,1,88.44999999999999
EMP00433,Sales,4,2.2,20392742,3.7,48,L,S1,1.2795329050615445,3,3.5,-0.9999999999999998,-0.2263,1.0,0.022900763358778626,7.846564885496184,0,-0.031002331002331004,0.0092,0.0,0.0,Information Broker,1,0.615,0,86.1
EMP00434,Sales,4,2.15,21711017,4.5,26,L,S2,1.36224744342132,4,4.5,-1.0000000000000007,0.1909,0.0,0.022900763358778626,7.8080152671755725,0,-0.00023310023310023353,0.0092,0.0,0.0,Information Broker,1,0.7175,1,61.1
EMP00435,Sales,1,2.8,10696722,2.7,33,L,D3,0.6711607382320501,3,3.0,-3.14018491736755e-16,-0.2023,1.0,0.026717557251908396,7.793893129770993,0,0.045454545454545456,0.0092,0.0,0.0,Information Broker,1,0.6866666666666666,0,76.5
EMP00436,Sales,3,3.95,24174319,2.3,50,L,S1,1.5168061567176445,2,2.5,-1.0000000000000007,-0.16445,0.5,0.0,7.988549618320611,0,0.0,0.0392,0.1304347826086956,0.0,Information Broker,1,0.82,1,37.3
EMP00437,Sales,2,1.55,16759996,5.0,40,P,S2,1.051597983767944,5,4.5,0.9999999999999991,0.1909,0.0,0.007633587786259542,7.959541984732825,0,0.0,0.0092,0.0,0.0,Information Broker,1,0.88,1,94.6
EMP00438,Sales,1,3.99,10916358,4.1,31,P,S2,0.684941694669203,5,5.0,-1.0721261933235726e-15,0.33525,0.0,0.019083969465648856,7.845419847328245,0,0.0,0.0431,0.1304347826086956,0.0,Information Broker,1,0.88,1,86.9
EMP00439,Sales,1,2.04,15030658,3.8,47,L,S1,0.9430914928324275,3,3.0,-3.14018491736755e-16,-0.064,0.5,0.03816793893129771,7.314503816793893,1,0.014685314685314685,0.0431,0.1304347826086956,0.0,Information Broker,1,0.66,1,76.125
EMP00440,Sales,3,1.94,14682146,2.9,27,P,S1,0.9212242730240855,3,3.0,-3.14018491736755e-16,-0.10115,0.5,0.030534351145038167,7.7206106870229005,0,0.014918414918414918,0.0092,0.0,0.0,Information Broker,1,0.7849999999999999,1,69.05
EMP00441,Sales,2,4.21,17668576,3.7,31,L,S1,1.1086064040618315,3,3.5,-0.9999999999999998,-0.2023,1.0,0.007633587786259542,7.95763358778626,0,0.015151515151515152,0.0731,0.2608695652173913,0.0,Central Connector,1,0.765,0,74.4
EMP00442,Sales,4,4.29,20628387,2.7,41,L,S1,1.294318338595359,3,3.0,-3.14018491736755e-16,-0.10115,0.5,0.007633587786259542,7.938167938931298,0,0.015151515151515152,0.0518,0.1739130434782608,0.0,Central Connector,1,0.8200000000000001,1,71.75
EMP00443,Sales,3,4.59,20567645,4.3,26,L,S1,1.2905071106732264,4,4.0,-3.14018491736755e-16,0.148,0.0,0.03816793893129771,7.27175572519084,0,-0.0006993006993007006,0.0392,0.1304347826086956,0.0,Information Broker,1,0.83,1,76.7
EMP00444,Sales,1,2.44,10116397,3.2,25,L,D3,0.634748521908721,4,4.0,-3.14018491736755e-16,-0.2263,1.0,0.019083969465648856,7.837786259541985,0,0.014918414918414918,0.0092,0.0,0.0,Information Broker,1,0.796,3,79.22
EMP00445,Sales,2,2.56,21732776,3.6,43,L,S1,1.3636127015352724,4,4.0,-3.14018491736755e-16,-0.2023,1.0,0.022900763358778626,7.8232824427480905,0,0.014685314685314685,0.0092,0.0,0.0,Information Broker,1,0.71,0,85.5
EMP00446,Sales,4,4.29,18499142,4.0,27,P,S1,1.1607198730021706,4,4.5,-1.0000000000000007,0.52615,0.0,0.022900763358778626,7.806870229007634,0,0.014918414918414918,0.0092,0.0,0.0,Information Broker,1,0.8119999999999999,4,69.08
EMP00447,Sales,1,1.88,11983929,2.3,47,L,S1,0.7519259296970113,2,2.5,-1.0000000000000007,0.08399999999999999,0.5,0.06870229007633588,7.067557251908397,0,0.013986013986013984,0.0092,0.0,0.0,Information Broker,1,0.675,0,82.44999999999999
EMP00448,Sales,2,3.69,13869446,3.1,31,P,S2,0.8702317977628619,3,3.0,-3.14018491736755e-16,-0.2023,1.0,0.026717557251908396,7.801526717557252,0,0.030303030303030304,0.0092,0.0,0.0,Information Broker,1,0.8025,2,75.8
EMP00449,Sales,3,6.17,21673618,2.7,26,L,D3,1.3599008609403376,4,3.5,0.9999999999999996,-0.128,1.0,0.04961832061068702,7.115267175572519,0,-0.016083916083916086,0.0092,0.0,0.0,Information Broker,1,0.8119999999999999,3,69.92
EMP00450,Sales,4,5.41,19030624,4.7,40,P,D3,1.194067458503322,5,4.5,0.9999999999999991,0.33525,0.0,0.019083969465648856,7.827099236641221,0,-0.046153846153846156,0.0092,0.0,0.0,Information Broker,1,0.925,2,75.95
EMP00451,Sales,3,1.77,17810076,3.5,48,L,S1,1.1174847543134165,3,3.0,-3.14018491736755e-16,-0.2023,1.0,0.011450381679389313,7.88587786259542,0,-0.015384615384615385,0.0092,0.0,0.0,Information Broker,1,0.91,2,83.2
EMP00452,Sales,2,5.54,18000014,4.4,27,L,S1,1.1294023238546573,4,4.5,-1.0000000000000007,0.52615,0.0,0.003816793893129771,8.011450381679388,0,0.0,0.0092,0.0,0.0,Information Broker,1,0.81,1,76.0
EMP00453,Sales,2,2.65,13255739,2.6,27,L,S1,0.8317250437144555,3,3.5,-0.9999999999999998,-0.11315,0.5,0.011450381679389313,7.880916030534352,0,-0.00023310023310023353,0.0092,0.0,0.0,Information Broker,1,0.8019999999999999,3,74.1
EMP00454,Sales,2,4.2,16306155,3.3,24,P,S1,1.0231219459126109,3,3.5,-0.9999999999999998,-0.11315,0.5,0.026717557251908396,7.766412213740458,0,-0.03076923076923077,0.0092,0.0,0.0,Information Broker,1,0.8633333333333333,2,76.03333333333335
EMP00455,Sales,1,3.91,12093661,3.0,49,L,S1,0.7588110118864596,3,3.0,-3.14018491736755e-16,0.10600000000000001,0.5,0.04580152671755725,7.326335877862595,1,0.014452214452214451,0.0092,0.0,0.0,Information Broker,1,0.8240000000000001,3,67.86
EMP00456,Sales,3,2.02,24196334,3.4,43,L,D3,1.5181874774299318,4,4.0,-3.14018491736755e-16,-0.10115,0.5,0.007633587786259542,7.92175572519084,0,0.0,0.0092,0.0,0.0,Information Broker,1,0.8200000000000001,1,58.650000000000006
EMP00457,Sales,2,5.49,15861567,3.8,30,P,S1,0.9952264831447545,3,3.5,-0.9999999999999998,-0.2143,1.0,0.007633587786259542,7.970610687022901,0,0.015151515151515152,0.0092,0.0,0.0,Information Broker,1,0.8049999999999999,2,74.025
EMP00458,Sales,1,5.33,12777445,3.2,46,L,S1,0.8017147139955042,3,3.0,-3.14018491736755e-16,-0.2263,1.0,0.007633587786259542,7.894274809160306,0,0.0,0.0092,0.0,0.0,Information Broker,1,0.81,1,74.3
EMP00459,Sales,1,1.79,10806776,3.5,37,L,S1,0.6780660241584666,3,3.0,-3.14018491736755e-16,-0.10115,0.5,0.015267175572519083,7.906106870229008,0,0.030303030303030304,0.0092,0.0,0.0,Information Broker,1,0.762,1,76.84
EMP00460,Sales,2,4.95,13152887,2.9,31,L,S1,0.825271643855261,3,3.0,-3.14018491736755e-16,0.05685000000000001,0.5,0.030534351145038167,7.3999999999999995,0,0.014918414918414918,0.0092,0.0,0.0,Information Broker,1,0.89,2,89.75
EMP00461,Sales,3,2.68,18106458,4.0,32,L,S1,1.13608110204674,5,5.0,-1.0721261933235726e-15,0.33525,0.0,0.0,7.948091603053435,0,0.0,0.0092,0.0,0.0,Information Broker,1,0.71,0,53.6
EMP00462,Sales,2,6.2,12935712,2.1,36,L,D3,0.8116451016935086,2,2.0,-1.570092458683775e-16,-0.128,1.0,0.05343511450381679,7.279770992366412,1,-0.016083916083916086,0.0092,0.0,0.0,Information Broker,1,0.6839999999999999,0,74.78
EMP00463,Sales,1,1.1,10766304,3.2,24,L,S1,0.6755266277529391,3,3.5,-0.9999999999999998,-0.11315,0.5,0.003816793893129771,8.00381679389313,0,0.0,0.0092,0.0,0.0,Information Broker,1,0.9033333333333333,2,72.96666666666667
EMP00464,Sales,1,6.36,11793353,3.9,44,P,S1,0.7399683291489826,3,3.0,-3.14018491736755e-16,-0.2023,1.0,0.0,7.987786259541985,0,0.0,0.0092,0.0,0.0,Information Broker,1,0.8,2,72.35
EMP00465,Sales,1,4.15,14288157,3.2,43,L,S1,0.8965036204638612,3,3.0,-3.14018491736755e-16,-0.10115,0.5,0.026717557251908396,7.758015267175572,2,0.014918414918414918,0.0092,0.0,0.0,Information Broker,1,0.91,1,73.7
EMP00466,Sales,2,3.64,17482189,3.1,23,P,S1,1.0969116403279646,3,3.5,-0.9999999999999998,-0.11315,0.5,0.030534351145038167,7.741603053435115,0,0.03006993006993007,0.0092,0.0,0.0,Information Broker,1,0.8025,3,77.15
EMP00467,Sales,3,1.28,19304168,2.6,24,L,S1,1.2112308467804922,3,3.5,-0.9999999999999998,-0.2263,1.0,0.019083969465648856,7.859923664122138,0,-0.015617715617715619,0.0092,0.0,0.0,Information Broker,1,0.71,1,76.5
EMP00468,Sales,2,1.13,11691060,2.2,50,P,S1,0.7335500034791211,2,2.0,-1.570092458683775e-16,0.08399999999999999,0.5,0.030534351145038167,7.408015267175573,0,0.014685314685314685,0.0092,0.0,0.0,Information Broker,1,0.794,2,60.7
EMP00469,Sales,3,3.49,14475508,3.1,29,L,S2,0.9082588699195836,3,3.5,-0.9999999999999998,-0.2143,1.0,0.026717557251908396,7.8034351145038165,1,0.045454545454545456,0.0092,0.0,0.0,Information Broker,1,0.8166666666666668,2,74.13333333333334
EMP00470,Sales,3,5.43,21220567,3.8,50,P,S1,1.3314743912595544,3,3.5,-0.9999999999999998,0.17,0.0,0.03816793893129771,7.366412213740458,0,-0.00046620046620046707,0.0092,0.0,0.0,Information Broker,1,0.87,1,75.9
EMP00471,Sales,2,1.6,15592454,3.8,24,P,S1,0.9783411158567348,3,3.5,-0.9999999999999998,-0.11315,0.5,0.007633587786259542,7.943511450381679,0,-0.015384615384615385,0.0092,0.0,0.0,Information Broker,1,0.914,4,80.36
EMP00472,Sales,2,2.16,17822411,3.5,47,P,S1,1.1182587080261608,3,3.0,-3.14018491736755e-16,-0.11315,0.5,0.05343511450381679,7.193893129770992,1,-0.015850815850815853,0.0431,0.1304347826086956,0.0,Information Broker,1,0.825,3,76.6
EMP00473,Sales,1,4.82,15356700,2.7,22,P,S1,0.9635488431697229,3,3.5,-0.9999999999999998,-0.11315,0.5,0.007633587786259542,7.907251908396946,0,0.0,0.0092,0.0,0.0,Information Broker,1,0.792,3,75.34
EMP00474,Sales,4,5.95,19510506,3.5,37,L,S1,1.2241774265275702,4,3.5,0.9999999999999996,0.17,0.0,0.0648854961832061,7.176335877862596,1,0.06013986013986014,0.0092,0.0,0.0,Central Connector,1,0.804,2,84.72
EMP00475,Sales,3,5.55,17140347,3.1,45,L,D3,1.0754629264996796,3,3.5,-0.9999999999999998,0.05685000000000001,0.5,0.04198473282442748,7.348473282442748,1,0.014452214452214451,0.0092,0.0,0.0,Information Broker,1,0.96,1,57.3
EMP00476,Sales,1,1.21,10696957,3.2,31,P,S1,0.6711754831953655,4,3.5,0.9999999999999996,-0.2023,1.0,0.019083969465648856,7.870992366412213,0,-0.015617715617715619,0.0092,0.0,0.0,Information Broker,1,0.89,2,66.65
EMP00477,Sales,1,5.73,13961054,2.3,31,L,S1,0.8759796981858102,3,2.5,0.9999999999999994,-0.37645,1.0,0.04961832061068702,7.163740458015267,1,-0.0009324009324009341,0.0092,0.0,0.0,Information Broker,1,0.708,2,74.4
EMP00478,Sales,2,2.86,13927118,3.9,41,P,S1,0.8738503999940238,3,3.0,-3.14018491736755e-16,-0.11315,0.5,0.07251908396946564,7.087022900763358,1,-0.03146853146853147,0.0392,0.1304347826086956,0.0,Information Broker,1,0.825,3,74.525
EMP00479,Sales,1,3.04,12275897,3.9,37,P,S1,0.7702453230981051,4,3.5,0.9999999999999996,-0.2023,1.0,0.015267175572519083,7.898091603053436,1,-0.03076923076923077,0.0092,0.0,0.0,Central Connector,1,0.73,0,59.7
EMP00480,Sales,3,1.83,19357274,4.0,47,L,S2,1.214562957511663,5,5.0,-1.0721261933235726e-15,0.0,0.0,0.026717557251908396,7.741221374045802,0,-0.015617715617715619,0.0092,0.0,0.0,Information Broker,1,0.89,3,78.325
EMP00481,Sales,2,3.9,15314249,4.2,35,L,S1,0.9608852753497227,5,4.5,0.9999999999999991,0.33525,0.0,0.003816793893129771,8.006106870229008,0,-0.015384615384615385,0.0092,0.0,0.0,Central Connector,1,0.8999999999999999,2,59.349999999999994
EMP00482,Sales,3,5.74,14146018,3.0,49,L,S2,0.8875851764609635,3,3.5,-0.9999999999999998,-0.11315,0.5,0.030534351145038167,7.741984732824428,2,0.014685314685314685,0.0092,0.0,0.0,Information Broker,1,0.8566666666666668,3,78.4
EMP00483,Sales,3,3.46,18174005,3.0,37,L,S1,1.1403193064597705,3,3.0,-3.14018491736755e-16,-0.2023,1.0,0.0,7.992748091603053,0,0.0,0.0392,0.1304347826086956,0.0,Information Broker,1,0.7975,2,73.775
EMP00484,Sales,2,4.98,15126997,3.1,25,L,S1,0.9491362376019502,4,3.5,0.9999999999999996,0.148,0.0,0.04961832061068702,7.289312977099237,3,-0.046620046620046623,0.0092,0.0,0.0,Information Broker,1,0.882,4,85.88
EMP00485,Sales,2,3.43,16821660,4.6,40,L,S1,1.0554670621418925,5,5.0,-1.0721261933235726e-15,0.33525,0.0,0.003816793893129771,7.979389312977099,1,0.015151515151515152,0.0092,0.0,0.0,Information Broker,1,0.785,1,83.8
EMP00486,Sales,2,1.67,16263866,2.9,34,P,S2,1.0204685427056195,4,3.5,0.9999999999999996,-0.2023,1.0,0.026717557251908396,7.814503816793893,0,-0.03076923076923077,0.0092,0.0,0.0,Information Broker,1,0.8049999999999999,1,83.94999999999999
EMP00487,Sales,2,5.0,9998924,2.9,38,L,S1,0.6273777343532125,3,3.0,-3.14018491736755e-16,-0.2023,1.0,0.0,7.950763358778626,0,0.0,0.0092,0.0,0.0,Information Broker,1,0.77,1,67.3
EMP00488,Sales,1,3.46,12394252,2.8,22,L,S2,0.7776714513244397,3,3.0,-3.14018491736755e-16,-0.16515000000000002,1.0,0.022900763358778626,7.418702290076336,0,-0.015617715617715619,0.0092,0.0,0.0,Information Broker,1,0.7425,0,85.975
EMP00489,Sales,2,1.88,15283209,3.3,32,P,S1,0.9589376853016011,4,3.5,0.9999999999999996,-0.10115,0.5,0.026717557251908396,7.79236641221374,0,-0.00046620046620046707,0.0092,0.0,0.0,Information Broker,1,0.75,1,73.5
EMP00490,Sales,1,4.53,13179840,3.2,22,P,D3,0.8269627970307449,4,3.5,0.9999999999999996,0.0,0.0,0.022900763358778626,7.779770992366412,0,0.030303030303030304,0.0092,0.0,0.0,Information Broker,1,0.865,1,90.15
EMP00491,Finance,4,1.51,20578127,3.4,45,P,S2,1.2306148558324876,4,3.5,0.9999999999999996,-0.2143,1.0,0.030534351145038167,7.748091603053435,0,-0.04638694638694639,0.0431,0.1304347826086956,0.0,Central Connector,1,0.88,1,87.3
EMP00492,Finance,1,1.46,11066184,2.3,40,L,S1,0.6617808524447235,2,2.0,-1.570092458683775e-16,-0.10730000000000003,0.5,0.007633587786259542,7.927862595419847,0,0.0,0.1173,0.1304347826086956,0.2153625269203158,Central Connector,0,0.76,1,72.7
EMP00493,Finance,1,3.61,12502330,2.1,34,P,S1,0.7476653745270493,2,2.0,-1.570092458683775e-16,-0.37645,1.0,0.022900763358778626,7.88587786259542,0,0.030303030303030304,0.0918,0.2608695652173913,0.0714285714285714,Central Connector,1,0.8150000000000001,2,74.35
EMP00494,Finance,3,2.61,15534458,2.6,35,P,S1,0.92899294440674,3,3.0,-3.14018491736755e-16,-0.2263,1.0,0.030534351145038167,7.776717557251908,0,-0.031002331002331004,0.0994,0.2608695652173913,0.0476190476190476,Central Connector,1,0.7833333333333333,2,67.13333333333334
EMP00495,Finance,3,2.73,19382354,2.0,44,L,S2,1.1591051398120071,3,3.0,-3.14018491736755e-16,-0.16445,0.5,0.019083969465648856,7.906106870229008,0,0.014918414918414918,0.1468,0.1304347826086956,0.3333333333333333,Central Connector,0,0.7566666666666667,1,89.60000000000001
EMP00496,Finance,2,2.33,16533069,4.2,43,L,D3,0.9887119621675758,4,4.5,-1.0000000000000007,0.1909,0.0,0.03435114503816794,7.700763358778626,0,-0.015850815850815853,0.0533,0.1739130434782608,0.0,Central Connector,1,0.835,2,73.6
EMP00497,Finance,3,4.38,16838170,5.0,41,P,S1,1.0069576374483897,4,4.0,-3.14018491736755e-16,0.52615,0.0,0.026717557251908396,7.790458015267175,0,-0.031002331002331004,0.075,0.2608695652173913,0.0119047619047619,Central Connector,1,0.83,1,87.5
EMP00498,Finance,3,3.88,15327614,4.4,50,P,S1,0.9166232423809036,4,4.5,-1.0000000000000007,0.3818,0.0,0.026717557251908396,7.761450381679389,1,0.014918414918414918,0.0392,0.1304347826086956,0.0,Information Broker,1,0.735,0,79.5
EMP00499,Finance,1,5.66,13196805,3.0,27,L,S1,0.7891964260170253,3,3.5,-0.9999999999999998,-0.11315,0.5,0.022900763358778626,7.808778625954199,0,-0.04638694638694639,0.0661,0.1304347826086956,0.0119047619047619,Information Broker,1,0.8019999999999999,3,74.25999999999999
EMP00500,Finance,2,5.39,19182412,3.0,37,L,D3,1.1471481917620288,3,3.0,-3.14018491736755e-16,-0.2143,1.0,0.026717557251908396,7.8,0,-0.015384615384615385,0.1841,0.4782608695652174,0.0,Central Connector,0,0.6833333333333332,0,85.10000000000001
EMP00501,Finance,1,6.36,14448316,4.5,22,L,S1,0.8640393905316176,5,5.0,-1.0721261933235726e-15,0.1909,0.0,0.007633587786259542,7.9301526717557245,0,0.015151515151515152,0.0464,0.1739130434782608,0.0,Central Connector,1,0.688,1,80.17999999999999
EMP00502,Finance,1,5.46,12563358,3.8,26,L,S1,0.7513149760394583,3,3.5,-0.9999999999999998,-0.11315,0.5,0.026717557251908396,7.829770992366413,1,-0.00023310023310023353,0.0092,0.0,0.0,Information Broker,1,0.7466666666666667,1,73.83333333333333
EMP00503,Finance,3,4.6,26575736,4.3,36,P,S1,1.5892843661759037,5,5.0,-1.0721261933235726e-15,0.33525,0.0,0.022900763358778626,7.843129770992367,0,-0.03076923076923077,0.0724,0.2608695652173913,0.0,Central Connector,1,0.8133333333333334,1,70.43333333333334
EMP00504,Finance,2,2.6,19152270,3.9,32,P,S1,1.1453456373806459,3,3.0,-3.14018491736755e-16,-0.11315,0.5,0.030534351145038167,7.795038167938931,0,-0.015617715617715619,0.1726,0.5217391304347826,0.0,Central Connector,0,0.76,0,95.5
EMP00505,Finance,3,3.39,19553877,3.1,37,P,S2,1.1693625724693602,3,3.0,-3.14018491736755e-16,0.0,0.0,0.0,7.994274809160306,0,0.0,0.0466,0.1304347826086956,0.0,Information Broker,1,0.7866666666666667,2,75.46666666666665
EMP00506,Finance,3,5.32,21766035,3.5,47,L,S1,1.301654228471322,3,3.0,-3.14018491736755e-16,0.0,0.0,0.019083969465648856,7.827480916030535,0,0.014918414918414918,0.0993,0.2608695652173913,0.0119645848289064,Central Connector,1,0.8400000000000001,2,66.07499999999999
EMP00507,Finance,2,5.88,16849327,4.2,35,P,D3,1.0076248492867907,4,4.5,-1.0000000000000007,0.52615,0.0,0.007633587786259542,7.951526717557253,0,-0.00023310023310023353,0.0425,0.1304347826086956,0.0,Information Broker,1,0.8300000000000001,3,79.62
EMP00508,Finance,3,1.33,18800533,4.4,44,P,S1,1.1243110321638565,4,4.5,-1.0000000000000007,0.33525,0.0,0.030534351145038167,7.748091603053435,0,-0.015850815850815853,0.0401,0.1304347826086956,0.0,Information Broker,1,0.655,1,73.4
EMP00509,Finance,2,1.69,17378784,3.9,36,P,D3,1.0392874806683787,4,4.0,-3.14018491736755e-16,-0.2143,1.0,0.007633587786259542,7.925954198473282,0,0.030303030303030304,0.1092,0.391304347826087,0.0,Central Connector,0,0.8733333333333334,2,74.46666666666665
EMP00510,Finance,3,2.49,20571937,3.3,23,L,S1,1.230244680939622,3,3.5,-0.9999999999999998,-0.2023,1.0,0.003816793893129771,7.987022900763359,0,0.015151515151515152,0.0092,0.0,0.0,Central Connector,1,0.792,3,76.34
EMP00511,Finance,1,6.4,13078894,2.9,28,L,S1,0.7821451026256367,3,3.0,-3.14018491736755e-16,-0.2263,1.0,0.003816793893129771,7.9541984732824424,0,-0.015384615384615385,0.0092,0.0,0.0,Central Connector,1,0.8033333333333333,1,71.89999999999999
EMP00512,Finance,1,3.01,10318064,3.4,41,P,S1,0.6170417182200489,4,3.5,0.9999999999999996,-0.2263,1.0,0.022900763358778626,7.8408396946564896,1,0.014685314685314685,0.1236,0.2608695652173913,0.1666666666666666,Central Connector,0,0.775,1,83.75
EMP00513,Finance,3,2.98,15959533,4.2,26,L,S2,0.95441331477587,4,4.5,-1.0000000000000007,0.0,0.0,0.003816793893129771,7.9629770992366415,0,0.0,0.1096,0.391304347826087,0.0,Central Connector,0,0.77,1,74.65
EMP00514,Finance,2,3.25,15878848,3.8,42,L,S1,0.9495881837208014,3,3.0,-3.14018491736755e-16,-0.2143,1.0,0.007633587786259542,7.945801526717558,0,-0.03076923076923077,0.1341,0.5217391304347826,0.0,Central Connector,0,0.8025,3,77.10000000000001
EMP00515,Finance,1,5.14,14157096,2.8,50,P,S1,0.846623827962899,3,3.5,-0.9999999999999998,-0.17715,1.0,0.061068702290076333,7.084351145038168,1,-0.031235431235431238,0.1859,0.5217391304347826,0.0478583393156257,Central Connector,0,0.6,0,69.1
EMP00516,Finance,2,2.5,15742450,3.8,46,L,D3,0.9414312992236924,3,3.5,-0.9999999999999998,-0.2143,1.0,0.007633587786259542,7.933587786259541,0,0.015151515151515152,0.0671,0.2608695652173913,0.0,Central Connector,1,0.784,3,81.02000000000001
EMP00517,Finance,1,4.7,12672929,4.3,44,L,S1,0.7578675500598452,5,4.5,0.9999999999999991,0.1909,0.0,0.019083969465648856,7.8893129770992365,0,-0.015384615384615385,0.0092,0.0,0.0,Central Connector,1,0.88,1,83.4
EMP00518,Finance,3,5.99,21742538,3.8,31,L,S2,1.3002490589305034,4,3.5,0.9999999999999996,-0.10115,0.5,0.03435114503816794,7.746564885496183,0,0.014685314685314685,0.0092,0.0,0.0,Information Broker,1,0.8066666666666666,2,88.73333333333333
EMP00519,Finance,1,3.97,13679462,3.5,23,L,S1,0.8180603199210498,4,3.5,0.9999999999999996,-0.2263,1.0,0.015267175572519083,7.8408396946564896,0,-0.015384615384615385,0.0475,0.1304347826086956,0.0238095238095238,Information Broker,1,0.815,3,78.825
EMP00520,Finance,2,2.91,16100383,3.7,28,P,S1,0.9628364381458446,3,3.5,-0.9999999999999998,-0.2143,1.0,0.015267175572519083,7.899236641221374,0,0.015151515151515152,0.0092,0.0,0.0,Information Broker,1,0.7875,3,48.175
EMP00521,Finance,1,1.28,12903657,4.4,32,L,D3,0.7716655650325644,5,5.0,-1.0721261933235726e-15,0.0,0.0,0.011450381679389313,7.960687022900762,0,-0.015617715617715619,0.0092,0.0,0.0,Information Broker,1,0.66,0,84.2
EMP00522,Finance,1,1.41,11932657,2.3,44,L,S1,0.7135977425814081,2,2.0,-1.570092458683775e-16,-0.31930000000000003,1.0,0.011450381679389313,7.898473282442748,0,0.030303030303030304,0.0092,0.0,0.0,Central Connector,1,0.6140000000000001,0,80.53999999999999
EMP00523,Finance,4,3.08,22990600,4.1,50,L,S1,1.3748857660613325,5,4.5,0.9999999999999991,0.33525,0.0,0.022900763358778626,7.781679389312977,0,0.045454545454545456,0.0092,0.0,0.0,Information Broker,1,0.8275,3,73.25
EMP00524,Finance,3,2.36,17384694,3.1,44,L,S2,1.0396409109780453,3,3.0,-3.14018491736755e-16,-0.2023,1.0,0.03435114503816794,7.466793893129771,0,-0.015617715617715619,0.0092,0.0,0.0,Information Broker,1,0.704,0,79.47999999999999
EMP00525,Finance,3,1.55,23316319,3.0,29,L,S1,1.3943644406864284,4,4.0,-3.14018491736755e-16,-0.2143,1.0,0.022900763358778626,7.855343511450381,0,-0.015617715617715619,0.0092,0.0,0.0,Information Broker,1,0.75,0,81.4
EMP00526,Finance,1,5.48,15222286,3.2,35,P,S2,0.910324408598066,3,3.0,-3.14018491736755e-16,-0.2143,1.0,0.003816793893129771,7.945419847328243,0,0.0,0.0646,0.1304347826086956,0.0714285714285714,Central Connector,1,0.8125,2,83.075
EMP00527,Finance,3,5.92,21746338,4.0,46,P,S1,1.3004763068453482,5,5.0,-1.0721261933235726e-15,0.0,0.0,0.019083969465648856,7.832442748091602,0,-0.00046620046620046707,0.3294,0.2608695652173913,0.7738095238095238,Central Connector,0,0.835,3,75.975
EMP00528,Finance,2,4.73,19856865,3.5,47,L,S1,1.1874818859491036,3,3.0,-3.14018491736755e-16,-0.2143,1.0,0.030534351145038167,7.763740458015267,0,-0.0006993006993007006,0.0092,0.0,0.0,Central Connector,1,0.826,2,76.44
EMP00529,Finance,1,1.62,12476546,2.5,44,L,S2,0.7461234376227438,3,3.0,-3.14018491736755e-16,-0.2143,1.0,0.015267175572519083,7.853435114503816,0,0.015151515151515152,0.0446,0.1304347826086956,0.0,Central Connector,1,0.8,1,83.2
EMP00530,Finance,4,2.27,23643052,4.1,29,L,S2,1.4139037546235382,5,4.5,0.9999999999999991,0.52615,0.0,0.030534351145038167,7.811068702290076,0,-0.03076923076923077,0.0092,0.0,0.0,Information Broker,1,0.895,2,83.4
EMP00531,Finance,4,5.42,19856364,3.3,37,L,S1,1.1874519251055937,3,3.0,-3.14018491736755e-16,-0.2023,1.0,0.0,7.987786259541985,0,0.0,0.1174,0.391304347826087,0.0238095238095238,Central Connector,0,0.8766666666666666,2,76.73333333333333
EMP00532,Finance,2,5.71,12817353,3.2,24,L,S1,0.7665044060739397,3,3.5,-0.9999999999999998,-0.2023,1.0,0.026717557251908396,7.743511450381679,0,-0.015617715617715619,0.0746,0.1304347826086956,0.1071428571428571,Central Connector,1,0.91,1,86.0
EMP00533,Finance,3,2.6,21231587,2.1,30,L,S1,1.26969312489421,3,3.0,-3.14018491736755e-16,-0.10730000000000003,0.5,0.007633587786259542,8.005343511450382,0,0.015151515151515152,0.0811,0.2608695652173913,0.0238095238095238,Central Connector,1,0.7849999999999999,1,78.65
EMP00534,Finance,1,5.41,13156293,2.8,23,P,S2,0.7867737240364473,4,3.5,0.9999999999999996,-0.11315,0.5,0.011450381679389313,7.972137404580152,0,-0.03076923076923077,0.1487,0.391304347826087,0.1555396027757837,Central Connector,0,0.79,2,78.125
EMP00535,Finance,2,3.08,13547270,3.8,50,P,D3,0.8101549629844244,4,3.5,0.9999999999999996,-0.11315,0.5,0.022900763358778626,7.8667938931297705,0,0.015151515151515152,0.0092,0.0,0.0,Information Broker,1,0.8049999999999999,1,78.85
EMP00536,Finance,1,5.44,10661151,4.2,44,L,S1,0.6375590354201518,4,4.0,-3.14018491736755e-16,0.1909,0.0,0.03435114503816794,7.72442748091603,1,-0.031002331002331004,0.1001,0.2608695652173913,0.0,Central Connector,0,0.858,4,85.22
EMP00537,Finance,1,4.79,12901947,2.7,49,L,S1,0.7715633034708842,4,3.5,0.9999999999999996,-0.2143,1.0,0.022900763358778626,7.823664122137405,0,-0.015850815850815853,0.0794,0.2608695652173913,0.0238095238095238,Central Connector,1,0.8674999999999999,3,78.075
EMP00538,Finance,2,1.13,17772188,3.4,22,P,S1,1.0628138592714422,3,3.0,-3.14018491736755e-16,-0.11315,0.5,0.019083969465648856,7.824427480916031,0,-0.00023310023310023353,0.0092,0.0,0.0,Information Broker,1,0.8633333333333333,2,75.26666666666667
EMP00539,Finance,2,1.16,14451878,2.9,30,L,S1,0.8642524055507432,3,3.5,-0.9999999999999998,-0.2143,1.0,0.0,8.085877862595419,0,0.0,0.1959,0.2608695652173913,0.3928571428571428,Central Connector,0,0.775,1,83.425
EMP00540,Finance,2,3.52,18039335,4.1,41,L,S1,1.0787898062996184,5,4.5,0.9999999999999991,0.1909,0.0,0.026717557251908396,7.842748091603054,0,-0.00046620046620046707,0.0465,0.1304347826086956,0.0,Information Broker,1,0.92,1,69.2
EMP00541,Finance,3,2.28,20342812,3.7,23,P,S2,1.2165425287057174,3,3.5,-0.9999999999999998,-0.11315,0.5,0.015267175572519083,7.848091603053434,0,0.045454545454545456,0.1,0.3478260869565217,0.0357142857142857,Central Connector,0,0.795,1,64.95
EMP00542,Finance,2,4.49,15197973,3.0,45,L,S1,0.9088704405576387,4,3.5,0.9999999999999996,-0.2143,1.0,0.026717557251908396,7.777480916030535,1,-0.00046620046620046707,0.0092,0.0,0.0,Information Broker,1,0.7575000000000001,2,87.0
EMP00543,Finance,1,1.78,10061229,3.9,31,L,S1,0.6016824502702623,3,3.5,-0.9999999999999998,-0.2023,1.0,0.026717557251908396,7.830152671755725,0,-0.00023310023310023353,0.0092,0.0,0.0,Information Broker,1,0.7999999999999999,1,70.8
EMP00544,Finance,1,2.62,15797495,3.3,30,L,S1,0.9447231048743865,3,3.0,-3.14018491736755e-16,-0.10115,0.5,0.015267175572519083,7.805725190839694,0,-0.015384615384615385,0.1049,0.2608695652173913,0.0714285714285714,Central Connector,0,0.724,1,79.58000000000001
EMP00545,Finance,1,5.73,12618003,2.3,41,L,S1,0.7545828608570108,3,2.5,0.9999999999999994,0.08399999999999999,0.5,0.007633587786259542,7.9553435114503825,0,0.015151515151515152,0.2489,0.2608695652173913,0.5714285714285714,Central Connector,0,0.87,1,85.1
EMP00546,Finance,2,3.93,17754535,3.4,34,L,S2,1.061758173102822,3,3.0,-3.14018491736755e-16,-0.2143,1.0,0.015267175572519083,7.901908396946566,0,0.015151515151515152,0.1408,0.3043478260869565,0.1785714285714285,Central Connector,0,0.7925,2,75.625
EMP00547,Finance,3,1.86,18256020,2.6,35,P,S1,1.09174802062282,4,3.5,0.9999999999999996,-0.128,1.0,0.03816793893129771,7.35381679389313,1,0.014918414918414918,0.0879,0.1739130434782608,0.1316104331179708,Central Connector,1,0.775,1,86.6
EMP00548,Finance,1,2.27,13928462,3.5,50,L,S1,0.8329510385516758,3,3.5,-0.9999999999999998,-0.11315,0.5,0.007633587786259542,7.947328244274808,0,-0.015384615384615385,0.0092,0.0,0.0,Central Connector,1,0.76,1,73.35
EMP00549,Finance,4,5.63,29913114,2.4,28,L,S2,1.7888665218467534,1,1.0,-7.850462293418875e-17,-0.31930000000000003,1.0,0.022900763358778626,7.8171755725190835,2,-0.015617715617715619,0.1501,0.1304347826086956,0.3589375448671931,Information Broker,0,0.8640000000000001,4,73.55999999999999
EMP00550,Finance,1,1.85,16399620,3.2,22,L,S2,0.980731434012803,3,3.5,-0.9999999999999998,-0.2143,1.0,0.030534351145038167,7.738931297709923,1,-0.00046620046620046707,0.0092,0.0,0.0,Information Broker,1,0.38,0,81.7
EMP00551,HR,1,2.3,8535808,4.1,23,L,S1,0.7237559462692815,5,4.5,0.9999999999999991,0.1909,0.0,0.022900763358778626,7.801145038167939,0,-0.06153846153846154,0.1154,0.3043478260869565,0.0178571428571428,Central Connector,0,0.7033333333333333,1,64.46666666666667
EMP00552,HR,2,3.69,14485759,1.6,37,L,S1,1.2282556276422527,3,2.5,0.9999999999999994,0.28315,0.0,0.003816793893129771,7.938931297709924,0,0.015151515151515152,0.1404,0.4782608695652174,0.0238095238095238,Central Connector,0,0.8674999999999999,4,81.975
EMP00553,HR,2,4.02,11941246,3.0,27,L,S1,1.012504943687144,3,3.0,-3.14018491736755e-16,0.0,0.0,0.011450381679389313,7.9103053435114505,1,-0.015384615384615385,0.1715,0.2608695652173913,0.2966269841269841,Central Connector,0,0.7933333333333333,2,67.06666666666668
EMP00554,HR,2,1.6,12848537,4.6,46,L,S2,1.0894346562868888,5,5.0,-1.0721261933235726e-15,0.52615,0.0,0.007633587786259542,7.978244274809161,0,-0.00023310023310023353,0.0575,0.1304347826086956,0.0357142857142857,Information Broker,1,0.79,0,77.2
EMP00555,HR,2,2.61,11898003,3.3,33,P,S1,1.0088383454711904,4,4.0,-3.14018491736755e-16,-0.10115,0.5,0.022900763358778626,7.824427480916031,0,-0.015617715617715619,0.0985,0.2608695652173913,0.0714285714285714,Central Connector,1,0.915,2,61.55
EMP00556,HR,1,3.72,13792184,3.3,28,L,S1,1.1694470145111096,3,3.5,-0.9999999999999998,-0.2143,1.0,0.0,8.00114503816794,0,0.0,0.1428,0.391304347826087,0.0535714285714285,Central Connector,0,0.77,1,91.25
EMP00557,HR,2,5.11,11916543,3.2,46,L,D3,1.0104103624663985,3,3.0,-3.14018491736755e-16,-0.2023,1.0,0.026717557251908396,7.810687022900764,1,-0.015850815850815853,0.0092,0.0,0.0,Central Connector,1,0.81,1,56.8
EMP00558,HR,2,4.35,8807486,3.3,36,L,D3,0.7467916762166452,3,3.0,-3.14018491736755e-16,-0.2143,1.0,0.0,8.050763358778626,0,0.0,0.3678,0.9130434782608696,0.3759920634920634,Central Connector,0,0.94,1,71.9
EMP00559,HR,1,6.08,8162201,2.9,27,L,D3,0.6920775992612622,3,3.5,-0.9999999999999998,0.0,0.0,0.003816793893129771,8.025954198473283,0,0.0,0.1992,0.3043478260869565,0.3244047619047619,Central Connector,0,0.74,0,84.7
EMP00560,HR,2,5.75,13262630,2.4,48,P,D3,1.1245458339350372,2,1.5,0.9999999999999998,0.28315,0.0,0.007633587786259542,7.945801526717558,0,-0.03076923076923077,0.335,0.5217391304347826,0.2202380952380952,Central Connector,0,0.73,1,60.425000000000004
EMP00561,HR,1,1.33,10646068,4.7,39,L,S1,0.9026860748727148,5,4.5,0.9999999999999991,0.1909,0.0,0.026717557251908396,7.791984732824427,2,0.03006993006993007,0.2307,0.4347826086956521,0.3230437903804738,Central Connector,0,0.945,2,69.35
EMP00562,HR,1,1.78,8337793,2.6,42,L,S1,0.7069661433940867,4,3.5,0.9999999999999996,-0.2143,1.0,0.019083969465648856,7.8877862595419845,0,-0.03076923076923077,0.2656,0.6086956521739131,0.0119047619047619,Central Connector,0,0.8300000000000001,2,77.26666666666667
EMP00563,HR,1,1.46,10454604,3.2,26,L,S1,0.8864517349606055,4,4.0,-3.14018491736755e-16,-0.11315,0.5,0.030534351145038167,7.777099236641221,0,-0.00046620046620046707,0.1174,0.1304347826086956,0.1845238095238095,Information Broker,0,0.76,0,87.0
EMP00564,HR,2,5.98,10789415,2.9,23,L,S1,0.9148405473760634,4,4.0,-3.14018491736755e-16,-0.10115,0.5,0.04198473282442748,7.299618320610687,0,-0.06153846153846154,0.5199,0.5217391304347826,0.5515873015873016,Central Connector,0,0.8775,3,76.275
EMP00565,HR,1,2.21,8534639,3.9,29,P,S3,0.723656826103834,4,3.5,0.9999999999999996,-0.2263,1.0,0.03435114503816794,7.779770992366412,1,-0.015850815850815853,0.1256,0.391304347826087,0.0767727526521496,Central Connector,0,0.808,3,76.16
EMP00566,HR,2,5.83,13764271,3.7,51,L,D3,1.1670802555905464,3,3.5,-0.9999999999999998,-0.2023,1.0,0.007633587786259542,7.929389312977099,0,0.0,0.0626,0.1739130434782608,0.0297619047619047,Central Connector,1,0.7466666666666667,1,75.7
EMP00567,HR,1,5.65,8545536,2.5,35,P,S1,0.7245807888436819,3,3.0,-3.14018491736755e-16,-0.10115,0.5,0.019083969465648856,7.869847328244275,1,0.030303030303030304,0.1494,0.4347826086956521,0.1309523809523809,Central Connector,0,0.77,0,62.7
EMP00568,HR,1,2.7,7149527,3.3,38,P,S1,0.6062124030042355,3,3.0,-3.14018491736755e-16,-0.2143,1.0,0.030534351145038167,7.782824427480915,0,0.014685314685314685,0.0731,0.2608695652173913,0.0148809523809523,Central Connector,1,0.77,1,85.73333333333333
EMP00569,HR,2,6.45,11921099,2.4,27,L,S1,1.0107966682609058,2,1.5,0.9999999999999998,0.26115,0.0,0.003816793893129771,7.95763358778626,0,0.0,0.0891,0.3043478260869565,0.0,Central Connector,1,0.8475,3,58.7
EMP00570,HR,1,6.28,8064339,2.6,24,P,S2,0.6837798254109362,3,3.0,-3.14018491736755e-16,-0.2143,1.0,0.026717557251908396,7.79236641221374,0,-0.031002331002331004,0.2551,0.391304347826087,0.4662698412698413,Central Connector,0,0.7166666666666667,2,85.3
EMP00571,HR,2,2.45,12897404,4.3,50,L,S1,1.0935781166161678,5,5.0,-1.0721261933235726e-15,0.1909,0.0,0.0,8.026335877862596,0,0.0,0.3053,0.3043478260869565,0.4642857142857142,Central Connector,0,0.89,1,91.2
EMP00572,HR,2,5.24,11023784,3.8,41,L,S2,0.9347128262946127,3,3.5,-0.9999999999999998,-0.10115,0.5,0.026717557251908396,7.816793893129771,0,-0.061771561771561775,0.0092,0.0,0.0,Central Connector,1,0.875,4,69.64999999999999
EMP00573,HR,2,5.91,12425047,2.7,35,L,S1,1.0535267017399288,3,3.5,-0.9999999999999998,-0.2143,1.0,0.030534351145038167,7.777480916030535,0,0.029836829836829837,0.1208,0.391304347826087,0.0595238095238095,Central Connector,0,0.7766666666666667,2,85.8
EMP00574,HR,3,2.92,11107584,3.0,29,L,S1,0.9418182752805044,4,4.0,-3.14018491736755e-16,-0.10115,0.5,0.019083969465648856,7.858778625954199,1,-0.015384615384615385,0.0092,0.0,0.0,Central Connector,1,0.89,3,71.63333333333333
EMP00575,HR,4,4.61,18911107,3.0,46,P,S2,1.6034833658143006,4,3.5,0.9999999999999996,-0.10115,0.5,0.030534351145038167,7.746946564885496,3,0.014918414918414918,0.1783,0.4347826086956521,0.1884920634920635,Central Connector,0,0.73,0,90.0
EMP00576,HR,1,5.07,8562369,2.2,43,L,S1,0.7260080683517908,2,1.5,0.9999999999999998,-0.56775,1.0,0.0,8.008015267175573,0,0.0,0.152,0.1304347826086956,0.2261904761904761,Central Connector,0,0.7949999999999999,2,82.32499999999999
EMP00577,HR,2,5.48,13100305,3.1,49,L,D3,1.110782206170898,4,3.5,0.9999999999999996,-0.10115,0.5,0.015267175572519083,7.912977099236641,0,-0.015384615384615385,0.1841,0.2608695652173913,0.0777698013878918,Central Connector,0,0.7233333333333333,1,78.36666666666666
EMP00578,HR,2,5.47,10181430,2.7,34,L,S1,0.8632891583344484,4,4.0,-3.14018491736755e-16,-0.2143,1.0,0.03435114503816794,7.696183206106871,0,-0.031002331002331004,0.1357,0.391304347826087,0.0277777777777777,Central Connector,0,0.87,3,80.425
EMP00579,HR,1,2.66,10434329,2.8,43,P,D3,0.8847326063425989,4,3.5,0.9999999999999996,-0.2143,1.0,0.026717557251908396,7.7145038167938935,0,-0.00023310023310023353,0.1624,0.2608695652173913,0.2432798915210975,Central Connector,0,0.84,1,69.16666666666667
EMP00580,HR,3,4.7,14457193,2.9,27,L,S1,1.2258335004855585,3,3.0,-3.14018491736755e-16,-0.11315,0.5,0.026717557251908396,7.795038167938931,0,-0.015384615384615385,0.0686,0.1739130434782608,0.0,Central Connector,1,0.86,1,72.15
EMP00581,HR,5,2.24,24784052,3.3,39,P,S1,2.101453665270714,3,3.0,-3.14018491736755e-16,-0.2263,1.0,0.0,8.003053435114504,0,0.0,0.158,0.5217391304347826,0.0595238095238095,Central Connector,0,0.8460000000000001,3,78.8
EMP00582,HR,2,3.62,12990229,3.9,31,P,S1,1.1014488004122942,3,3.5,-0.9999999999999998,0.0,0.0,0.030534351145038167,7.780534351145038,2,-0.00023310023310023353,0.121,0.391304347826087,0.0595238095238095,Central Connector,0,0.49,0,81.9
EMP00583,HR,3,2.78,14294905,3.5,31,L,S1,1.2120730099721648,3,3.5,-0.9999999999999998,-0.2263,1.0,0.022900763358778626,7.807633587786259,0,-0.031002331002331004,0.0092,0.0,0.0,Central Connector,1,0.79,0,65.8
EMP00584,HR,1,2.99,8652725,3.0,47,P,S1,0.7336694042535715,4,3.5,0.9999999999999996,-0.2143,1.0,0.0,7.950763358778626,0,0.0,0.0753,0.1304347826086956,0.1071428571428571,Central Connector,1,0.7725,2,81.0
EMP00585,HR,1,3.36,10920849,3.9,51,P,S1,0.925984909929902,3,3.0,-3.14018491736755e-16,-0.2143,1.0,0.0,8.018320610687024,0,0.0,0.1383,0.4782608695652174,0.0515873015873015,Central Connector,0,0.98,1,61.8
EMP00586,HR,1,5.3,9742723,3.3,40,L,S2,0.826090945825456,3,3.0,-3.14018491736755e-16,0.08399999999999999,0.5,0.07251908396946564,7.046564885496183,0,-0.031235431235431238,0.3457,0.6521739130434783,0.3204365079365079,Central Connector,0,0.855,2,72.75
EMP00587,HR,2,5.17,12193931,2.9,43,L,S1,1.0339302465153066,4,3.5,0.9999999999999996,0.0,0.0,0.061068702290076333,7.068702290076335,1,-0.016083916083916086,0.3694,0.7391304347826086,0.3878519582037171,Central Connector,0,0.91,1,93.3
EMP00588,HR,2,3.38,11524654,3.9,29,L,S1,0.9771818744278293,3,3.5,-0.9999999999999998,-0.10115,0.5,0.0,7.9961832061068705,0,0.0,0.1056,0.2608695652173913,0.0704365079365079,Central Connector,0,0.774,2,66.64
EMP00589,HR,3,2.86,16384905,3.4,35,L,S1,1.3892852818160017,3,3.0,-3.14018491736755e-16,-0.11315,0.5,0.007633587786259542,7.935877862595419,0,0.0,0.0504,0.1739130434782608,0.0,Central Connector,1,0.8400000000000001,2,77.775
EMP00590,HR,2,2.32,13303412,2.9,28,P,S1,1.1280037625811306,3,3.0,-3.14018491736755e-16,-0.2143,1.0,0.019083969465648856,7.8606870229007635,0,0.030303030303030304,0.0957,0.2608695652173913,0.0,Central Connector,1,0.71,0,95.2
EMP00591,Operations,2,4.93,10982731,4.3,22,P,S3,0.9649787091909686,4,4.0,-3.14018491736755e-16,0.0,0.0,0.030534351145038167,7.748091603053435,1,0.06060606060606061,0.0754,0.2608695652173913,0.0,Central Connector,1,0.798,2,72.16
EMP00592,Operations,2,2.45,10421505,4.3,30,P,S2,0.9156675550668796,4,4.0,-3.14018491736755e-16,0.0,0.0,0.019083969465648856,7.856870229007634,0,0.04522144522144522,0.0092,0.0,0.0,Central Connector,1,0.7125,2,51.775
EMP00593,Operations,2,2.07,9950547,2.3,43,P,S1,0.8742876430101096,1,1.5,-1.0,-0.6249,1.0,0.0,8.013358778625955,0,0.0,0.0092,0.0,0.0,Information Broker,1,0.8175,3,79.5
EMP00594,Operations,1,6.02,7534404,3.6,26,L,S2,0.6619974072426312,3,3.0,-3.14018491736755e-16,-0.10115,0.5,0.003816793893129771,8.025954198473283,0,0.015151515151515152,0.0431,0.1304347826086956,0.0,Central Connector,1,0.91,1,76.6
EMP00595,Operations,2,5.94,12244896,3.3,30,L,S1,1.075876659116722,3,3.0,-3.14018491736755e-16,-0.11315,0.5,0.026717557251908396,7.74236641221374,0,-0.03076923076923077,0.0092,0.0,0.0,Information Broker,1,0.89,1,50.1
EMP00596,Operations,1,1.46,10899263,4.5,46,L,D3,0.9576449373906075,4,4.5,-1.0000000000000007,0.1909,0.0,0.003816793893129771,8.019847328244275,0,0.0,0.107,0.391304347826087,0.0,Central Connector,0,0.74,0,77.65
EMP00597,Operations,3,3.98,11957935,3.0,35,L,S1,1.050663325987817,4,4.0,-3.14018491736755e-16,0.0,0.0,0.019083969465648856,7.799618320610687,0,0.015151515151515152,0.0392,0.1304347826086956,0.0,Information Broker,1,0.8699999999999999,3,57.64
EMP00598,Operations,1,1.54,10045457,2.8,27,L,D3,0.8826267463979023,3,3.0,-3.14018491736755e-16,-0.11315,0.5,0.03435114503816794,7.676717557251909,1,0.014685314685314685,0.0497,0.1304347826086956,0.0,Information Broker,1,0.75,2,74.10000000000001
EMP00599,Operations,2,5.11,10894845,2.6,32,L,S1,0.9572567574436338,4,3.5,0.9999999999999996,-0.10115,0.5,0.022900763358778626,7.82557251908397,1,-0.00023310023310023353,0.0092,0.0,0.0,Information Broker,1,0.98,1,59.5
EMP00600,Operations,1,3.29,8214156,4.4,29,L,S1,0.7217226438463484,5,5.0,-1.0721261933235726e-15,0.33525,0.0,0.011450381679389313,7.896946564885496,0,-0.03076923076923077,0.0092,0.0,0.0,Information Broker,1,0.8233333333333333,2,86.7
EMP00601,Operations,6,3.7,21134850,3.2,33,L,S1,1.8569771281792062,4,3.5,0.9999999999999996,-0.11315,0.5,0.026717557251908396,7.793129770992366,1,-0.015617715617715619,0.0392,0.1304347826086956,0.0,Information Broker,1,0.8266666666666667,1,74.93333333333334
EMP00602,Operations,2,3.93,8674372,3.1,43,P,S1,0.7621587286078736,3,3.5,-0.9999999999999998,-0.10115,0.5,0.011450381679389313,7.929007633587787,0,0.015151515151515152,0.0092,0.0,0.0,Information Broker,1,0.675,1,89.55000000000001
EMP00603,Operations,1,2.59,9501068,4.4,26,L,S1,0.8347949462274563,5,4.5,0.9999999999999991,0.52615,0.0,0.026717557251908396,7.441603053435115,1,-0.015617715617715619,0.0431,0.1304347826086956,0.0,Information Broker,1,0.8875,4,80.65
EMP00604,Operations,3,3.79,11032759,3.3,50,P,S1,0.9693743330902889,4,3.5,0.9999999999999996,-0.2143,1.0,0.03435114503816794,7.695038167938931,1,0.045454545454545456,0.0092,0.0,0.0,Central Connector,1,0.7566666666666667,1,71.0
EMP00605,Operations,3,4.89,15830168,3.7,37,P,S1,1.3908903971986728,4,3.5,0.9999999999999996,-0.10115,0.5,0.011450381679389313,7.919847328244275,1,0.014918414918414918,0.0092,0.0,0.0,Information Broker,1,0.8666666666666667,2,82.33333333333333
EMP00606,Operations,1,1.77,8336079,3.8,46,P,S1,0.7324351978696318,4,4.0,-3.14018491736755e-16,-0.10115,0.5,0.026717557251908396,7.781297709923664,1,-0.04638694638694639,0.0092,0.0,0.0,Information Broker,1,0.7779999999999999,1,57.94
EMP00607,Operations,2,4.25,9095836,5.0,43,P,S1,0.7991899357539344,5,5.0,-1.0721261933235726e-15,0.1909,0.0,0.026717557251908396,7.7763358778625955,0,0.014452214452214451,0.0092,0.0,0.0,Information Broker,1,0.73,0,80.4
EMP00608,Operations,1,5.96,12372494,3.9,49,L,D3,1.0870878372230917,3,3.0,-3.14018491736755e-16,-0.11315,0.5,0.022900763358778626,7.439312977099236,0,-0.00046620046620046707,0.0092,0.0,0.0,Information Broker,1,0.8425,2,77.2
EMP00609,Operations,1,5.19,9390678,2.1,39,L,S1,0.8250957193495886,3,3.0,-3.14018491736755e-16,-0.10730000000000003,0.5,0.007633587786259542,7.92824427480916,0,-0.015384615384615385,0.0431,0.1304347826086956,0.0,Information Broker,1,0.825,3,78.15
EMP00610,Operations,3,5.5,18554304,4.2,36,L,S1,1.6302419064854474,4,4.5,-1.0000000000000007,0.52615,0.0,0.04961832061068702,7.27557251908397,2,-0.01631701631701632,0.0559,0.1304347826086956,0.0,Information Broker,1,0.8125,2,70.525
EMP00611,Operations,2,2.05,11307822,3.7,32,L,S2,0.9935422689785661,3,3.5,-0.9999999999999998,-0.11315,0.5,0.007633587786259542,7.904580152671755,0,0.015151515151515152,0.0392,0.1304347826086956,0.0,Information Broker,1,0.74,1,83.775
EMP00612,Operations,4,2.6,18883121,3.8,22,L,S2,1.6591328448340283,4,4.0,-3.14018491736755e-16,-0.2143,1.0,0.0,8.024045801526718,0,0.0,0.0092,0.0,0.0,Central Connector,1,0.712,2,71.34
EMP00613,Operations,6,5.97,16933306,2.7,38,L,S1,1.4878157141621409,4,3.5,0.9999999999999996,-0.11315,0.5,0.03435114503816794,7.736641221374046,0,-0.00046620046620046707,0.0092,0.0,0.0,Information Broker,1,0.6566666666666666,0,87.3
EMP00614,Operations,3,3.12,16071686,4.0,47,L,S2,1.4121109595420813,4,4.0,-3.14018491736755e-16,0.3609,0.0,0.04961832061068702,7.174809160305343,2,-0.016083916083916086,0.0092,0.0,0.0,Information Broker,1,0.77,1,80.06
EMP00615,Operations,2,4.74,11638101,3.3,24,L,S1,1.022561663434543,3,3.5,-0.9999999999999998,-0.11315,0.5,0.015267175572519083,7.91145038167939,0,-0.015384615384615385,0.0615,0.1304347826086956,0.0,Information Broker,1,0.8800000000000001,4,71.5
EMP00616,Operations,1,4.76,7690115,2.8,39,P,S1,0.6756786855864999,4,4.0,-3.14018491736755e-16,0.0,0.0,0.022900763358778626,7.7763358778625955,0,-0.00023310023310023353,0.0092,0.0,0.0,Information Broker,1,0.82,1,50.6
EMP00617,Operations,1,3.47,11212997,3.3,46,P,S1,0.9852106339691106,4,3.5,0.9999999999999996,-0.064,0.5,0.0648854961832061,7.1293893129771,0,-0.0009324009324009341,0.0554,0.1304347826086956,0.0,Information Broker,1,0.8049999999999999,1,62.599999999999994
EMP00618,Operations,3,5.71,10402814,4.0,50,L,S1,0.9140253026022158,5,5.0,-1.0721261933235726e-15,0.33525,0.0,0.019083969465648856,7.899236641221374,0,-0.00023310023310023353,0.0484,0.1739130434782608,0.0,Central Connector,1,0.81,1,86.1
EMP00619,Operations,1,5.89,10251160,2.7,51,L,S1,0.9007004855632074,3,3.0,-3.14018491736755e-16,-0.17715,1.0,0.022900763358778626,7.454580152671755,2,-0.03076923076923077,0.0431,0.1304347826086956,0.0,Information Broker,1,0.86,2,69.25
EMP00620,Operations,2,5.82,9296897,2.5,25,P,S1,0.8168558135987659,3,3.0,-3.14018491736755e-16,0.148,0.0,0.06870229007633588,7.083206106870229,0,0.04452214452214452,0.0502,0.1304347826086956,0.0238095238095238,Information Broker,1,0.78,0,83.2
EMP00621,Operations,3,4.99,13023623,3.0,48,L,S2,1.1442981633192884,3,3.0,-3.14018491736755e-16,-0.10115,0.5,0.011450381679389313,7.913740458015267,0,0.015151515151515152,0.0497,0.1304347826086956,0.0,Information Broker,1,0.7475,2,82.75
EMP00622,Operations,1,3.84,8462743,4.6,49,L,S2,0.7435643116775695,5,5.0,-1.0721261933235726e-15,0.33525,0.0,0.03435114503816794,7.729770992366412,1,0.04522144522144522,0.0092,0.0,0.0,Information Broker,1,0.92,1,85.1
EMP00623,Operations,1,2.51,7107465,2.9,37,P,S1,0.6244851486683948,3,3.0,-3.14018491736755e-16,-0.17715,1.0,0.026717557251908396,7.455343511450382,0,-0.015617715617715619,0.0764,0.2608695652173913,0.0,Central Connector,1,0.92,2,71.15
EMP00624,Operations,1,5.65,11575143,3.1,45,L,S1,1.0170299673952568,4,3.5,0.9999999999999996,-0.2143,1.0,0.019083969465648856,7.8706106870229,0,-0.03076923076923077,0.05,0.1304347826086956,0.0119047619047619,Information Broker,1,0.86,3,72.125
EMP00625,Operations,2,4.05,11250455,3.6,49,L,S1,0.988501816507304,4,3.5,0.9999999999999996,-0.2143,1.0,0.022900763358778626,7.827099236641221,1,0.014918414918414918,0.0092,0.0,0.0,Information Broker,1,0.756,1,66.58
EMP00626,Operations,2,2.3,11323561,3.7,26,L,S1,0.9949251490567504,4,4.0,-3.14018491736755e-16,0.296,0.0,0.07251908396946564,6.991984732824428,1,-0.09254079254079255,0.0497,0.1304347826086956,0.0,Information Broker,1,0.73,1,74.85
EMP00627,Operations,1,4.55,14165250,2.8,27,L,S1,1.2446052498570135,3,3.0,-3.14018491736755e-16,-0.10115,0.5,0.03435114503816794,7.743893129770993,0,-0.0006993006993007006,0.0092,0.0,0.0,Information Broker,1,0.84,1,63.5
EMP00628,Operations,1,1.85,10527430,3.8,29,L,S1,0.9249744724238697,4,3.5,0.9999999999999996,-0.10115,0.5,0.030534351145038167,7.762213740458016,0,-0.015850815850815853,0.0431,0.1304347826086956,0.0,Information Broker,1,0.575,0,81.95
EMP00629,Operations,4,1.11,18358119,3.9,39,L,S1,1.6130044499673346,3,3.0,-3.14018491736755e-16,-0.11315,0.5,0.03435114503816794,7.670229007633587,1,0.014685314685314685,0.0092,0.0,0.0,Information Broker,1,0.7375,1,74.275
EMP00630,Operations,2,1.91,8286076,4.3,48,L,S1,0.7280417705521754,4,4.5,-1.0000000000000007,0.33525,0.0,0.011450381679389313,7.904961832061068,0,-0.00023310023310023353,0.0092,0.0,0.0,Information Broker,1,0.8800000000000001,5,69.25999999999999
EMP00631,Operations,1,5.04,6416984,3.6,22,L,S1,0.5638172269920021,3,3.0,-3.14018491736755e-16,-0.2263,1.0,0.019083969465648856,7.823664122137405,1,-0.03076923076923077,0.0092,0.0,0.0,Information Broker,1,0.8075,3,58.125
EMP00632,Operations,1,4.75,7714795,2.8,26,L,S1,0.6778471512024594,3,3.5,-0.9999999999999998,-0.2143,1.0,0.003816793893129771,7.971374045801527,0,-0.015384615384615385,0.0425,0.1304347826086956,0.0,Information Broker,1,0.9199999999999999,2,75.5
EMP00633,Operations,2,2.22,11836847,3.2,51,P,S1,1.040024137798785,4,4.0,-3.14018491736755e-16,-0.2023,1.0,0.030534351145038167,7.743511450381679,0,-0.03076923076923077,0.0092,0.0,0.0,Information Broker,1,0.8119999999999999,2,75.86
EMP00634,Operations,2,1.59,11020796,4.0,49,P,S1,0.9683232247368154,4,4.5,-1.0000000000000007,0.1909,0.0,0.015267175572519083,7.8667938931297705,0,0.030303030303030304,0.0492,0.1304347826086956,0.0,Information Broker,1,0.87,3,74.6
EMP00635,Operations,3,5.93,9701551,2.1,29,P,S1,0.8524100390995965,1,1.0,-7.850462293418875e-17,-0.31930000000000003,1.0,0.030534351145038167,7.7748091603053435,0,-0.015617715617715619,0.0092,0.0,0.0,Information Broker,1,0.8025,2,71.25
EMP00636,Operations,2,3.23,12080475,3.0,47,L,S1,1.0614300916514996,3,3.5,-0.9999999999999998,-0.2143,1.0,0.003816793893129771,7.9240458015267174,0,0.015151515151515152,0.0092,0.0,0.0,Information Broker,1,0.7999999999999999,2,84.23333333333333
EMP00637,Operations,1,5.76,11436142,3.4,47,L,S1,1.004816884369163,3,3.0,-3.14018491736755e-16,-0.11315,0.5,0.026717557251908396,7.780534351145038,0,0.014685314685314685,0.0866,0.2608695652173913,0.0119047619047619,Central Connector,1,0.8233333333333334,2,77.46666666666667
EMP00638,Operations,2,2.26,11361899,3.2,47,L,S1,0.9982936512765501,4,3.5,0.9999999999999996,-0.11315,0.5,0.026717557251908396,7.7431297709923665,0,-0.046153846153846156,0.0092,0.0,0.0,Information Broker,1,0.84,1,65.1
EMP00639,Operations,1,3.56,11350797,3.4,33,P,S1,0.9973181932024665,3,3.0,-3.14018491736755e-16,-0.10115,0.5,0.0,7.981679389312976,0,0.0,0.0392,0.1304347826086956,0.0,Central Connector,1,0.72,0,67.6
EMP00640,Operations,1,5.71,11150399,3.1,48,L,S2,0.9797105687086634,3,3.0,-3.14018491736755e-16,-0.2143,1.0,0.03435114503816794,7.762977099236641,1,0.029836829836829837,0.0092,0.0,0.0,Information Broker,1,0.64,0,84.7
EMP00641,Operations,3,6.37,14145564,3.4,29,P,S1,1.2428755734341699,3,3.0,-3.14018491736755e-16,-0.10115,0.5,0.0,7.9977099236641225,0,0.0,0.0092,0.0,0.0,Central Connector,1,0.87,1,80.0
EMP00642,Operations,1,1.34,7741855,4.0,43,L,S1,0.6802247314118544,5,4.5,0.9999999999999991,0.52615,0.0,0.003816793893129771,7.993129770992366,0,0.015151515151515152,0.0431,0.1304347826086956,0.0,Information Broker,1,0.892,4,79.5
EMP00643,Operations,2,5.7,8776364,3.6,36,L,S1,0.7711200797060481,3,3.0,-3.14018491736755e-16,-0.47635,1.0,0.030534351145038167,7.79618320610687,0,-0.015617715617715619,0.0392,0.1304347826086956,0.0,Information Broker,1,0.805,2,90.125
EMP00644,Operations,1,6.05,10175013,2.2,23,L,S3,0.8940099607958462,2,2.0,-1.570092458683775e-16,-0.14215000000000003,0.5,0.003816793893129771,7.926335877862595,0,-0.015384615384615385,0.0092,0.0,0.0,Central Connector,1,0.7725,2,60.2
EMP00645,Operations,1,2.19,9137808,2.7,29,L,S1,0.8028777331134584,3,3.5,-0.9999999999999998,-0.11315,0.5,0.015267175572519083,7.88587786259542,0,0.015151515151515152,0.0551,0.1304347826086956,0.0,Information Broker,1,0.85,1,66.7
EMP00646,Operations,1,2.94,8672800,2.6,29,P,S3,0.7620206075402769,3,3.0,-3.14018491736755e-16,0.06885000000000001,0.5,0.04198473282442748,7.270229007633588,0,-0.031002331002331004,0.0431,0.1304347826086956,0.0,Information Broker,1,0.76,2,74.75999999999999
EMP00647,Operations,2,6.46,10319180,3.3,29,P,D3,0.906676945498279,4,3.5,0.9999999999999996,-0.2023,1.0,0.026717557251908396,7.769847328244275,0,-0.015384615384615385,0.0092,0.0,0.0,Information Broker,1,0.685,1,61.75
EMP00648,Operations,3,4.5,14635708,3.3,38,L,S2,1.285941230276507,3,3.0,-3.14018491736755e-16,0.0,0.0,0.015267175572519083,7.846183206106869,0,-0.015617715617715619,0.0092,0.0,0.0,Information Broker,1,0.85,4,75.06
EMP00649,Operations,1,5.62,11764278,3.9,27,P,S2,1.0336479878277733,3,3.0,-3.14018491736755e-16,-0.17715,1.0,0.05343511450381679,7.227862595419848,0,-0.04638694638694639,0.0092,0.0,0.0,Information Broker,1,0.798,3,70.0
EMP00650,Operations,3,6.18,14311816,3.3,47,P,S1,1.257483018555098,3,3.0,-3.14018491736755e-16,-0.11315,0.5,0.030534351145038167,7.762595419847328,0,-0.00046620046620046707,0.0092,0.0,0.0,Central Connector,1,0.91,1,88.3
EMP00651,Operations,1,2.08,11603299,2.8,48,L,S2,1.0195038457535615,3,3.5,-0.9999999999999998,-0.2143,1.0,0.011450381679389313,7.899236641221374,1,0.0,0.0092,0.0,0.0,Information Broker,1,0.87,2,85.55000000000001
EMP00652,Operations,1,5.77,7781521,3.4,35,P,S3,0.68370991606026,4,4.0,-3.14018491736755e-16,-0.2143,1.0,0.019083969465648856,7.8706106870229,0,0.014918414918414918,0.0092,0.0,0.0,Information Broker,1,0.8066666666666666,1,65.39999999999999
EMP00653,Operations,1,3.06,7199532,4.3,41,L,S2,0.6325744567666342,5,4.5,0.9999999999999991,0.33525,0.0,0.011450381679389313,7.929389312977099,1,-0.015384615384615385,0.0386,0.1304347826086956,0.0,Information Broker,1,0.74,1,87.35
EMP00654,Operations,3,1.91,11605539,2.9,47,L,S1,1.0197006594885594,3,3.0,-3.14018491736755e-16,-0.2023,1.0,0.030534351145038167,7.8183206106870236,1,-0.015850815850815853,0.0431,0.1304347826086956,0.0,Information Broker,1,0.8039999999999999,2,56.7
EMP00655,Operations,1,3.65,9124094,4.1,38,P,S2,0.8016727761662433,5,5.0,-1.0721261933235726e-15,0.0,0.0,0.030534351145038167,7.791603053435115,0,-0.06153846153846154,0.0092,0.0,0.0,Information Broker,1,0.665,0,86.05
EMP00656,Operations,1,3.81,9440212,3.3,25,L,S1,0.8294479387912799,3,3.0,-3.14018491736755e-16,-0.2023,1.0,0.030534351145038167,7.741221374045802,0,-0.00046620046620046707,0.0092,0.0,0.0,Information Broker,1,0.94,1,71.2
EMP00657,Operations,2,3.96,10122332,4.4,30,L,S1,0.8893812356291377,4,4.5,-1.0000000000000007,0.1909,0.0,0.022900763358778626,7.7568702290076335,1,0.03006993006993007,0.0431,0.1304347826086956,0.0,Information Broker,1,0.78,1,76.25
EMP00658,Operations,2,4.03,11885494,2.8,28,P,S2,1.0442984225159482,3,3.0,-3.14018491736755e-16,0.0,0.0,0.0,8.024427480916032,0,0.0,0.0092,0.0,0.0,Information Broker,1,0.8400000000000001,3,77.125
EMP00659,Operations,2,2.12,8520273,2.8,28,L,S1,0.7486190858625839,3,3.5,-0.9999999999999998,-0.2143,1.0,0.015267175572519083,7.8683206106870225,0,0.015151515151515152,0.0092,0.0,0.0,Information Broker,1,0.785,2,57.925
EMP00660,Operations,3,4.66,13779585,2.8,34,L,S1,1.2107194600766633,3,3.0,-3.14018491736755e-16,-0.10115,0.5,0.019083969465648856,7.8183206106870236,0,-0.015850815850815853,0.0092,0.0,0.0,Information Broker,1,0.63,0,92.0
EMP00661,Operations,4,5.51,20093139,3.5,49,P,S1,1.7654489885816842,3,3.0,-3.14018491736755e-16,-0.2143,1.0,0.0,8.007633587786259,0,0.0,0.0092,0.0,0.0,Information Broker,1,0.7766666666666667,1,72.73333333333333
EMP00662,Operations,2,3.19,12391247,3.0,48,L,S1,1.0887355372107776,3,3.5,-0.9999999999999998,0.318,0.0,0.03435114503816794,7.302290076335878,0,-0.016083916083916086,0.0092,0.0,0.0,Information Broker,1,0.7250000000000001,0,76.75
EMP00663,Operations,1,4.74,9244773,3.8,26,P,D3,0.8122760282759833,4,3.5,0.9999999999999996,-0.10115,0.5,0.007633587786259542,7.9206106870229,0,0.0,0.0431,0.1304347826086956,0.0,Information Broker,1,0.825,2,79.5
EMP00664,Operations,4,2.92,16503068,3.8,44,P,S1,1.4500135946451551,3,3.5,-0.9999999999999998,-0.10115,0.5,0.019083969465648856,7.841221374045801,1,-0.00046620046620046707,0.0092,0.0,0.0,Information Broker,1,0.734,0,69.67999999999999
EMP00665,Operations,1,5.02,10088199,3.1,29,L,S1,0.8863821984788319,4,4.0,-3.14018491736755e-16,-0.11315,0.5,0.011450381679389313,7.913740458015267,0,-0.00023310023310023353,0.0554,0.1304347826086956,0.0,Information Broker,1,0.8,1,82.7
EMP00666,Operations,3,2.36,14564287,4.6,37,L,S1,1.2796659473446819,5,4.5,0.9999999999999991,0.32735,0.0,0.026717557251908396,7.708015267175573,1,-0.015617715617715619,0.0427,0.1304347826086956,0.0119047619047619,Information Broker,1,0.76,1,73.0
EMP00667,Operations,4,5.62,16327504,3.0,30,P,S1,1.4345879667115926,3,3.5,-0.9999999999999998,-0.10115,0.5,0.022900763358778626,7.798854961832061,0,0.014918414918414918,0.0092,0.0,0.0,Information Broker,1,0.875,1,81.35
EMP00668,Operations,2,2.5,11821432,4.3,40,P,S1,1.038669725421556,5,5.0,-1.0721261933235726e-15,0.33525,0.0,0.0,7.9526717557251905,0,0.0,0.0092,0.0,0.0,Information Broker,1,0.7375,2,70.3
EMP00669,Operations,3,2.95,13267782,3.6,26,L,S1,1.1657507725707903,4,4.0,-3.14018491736755e-16,-0.10115,0.5,0.015267175572519083,7.906870229007633,0,0.030303030303030304,0.0518,0.1739130434782608,0.0,Central Connector,1,0.8039999999999999,4,78.92
EMP00670,Operations,2,4.91,15165394,3.0,46,P,S1,1.3324811767212053,3,3.5,-0.9999999999999998,-0.11315,0.5,0.03435114503816794,7.732824427480916,1,-0.0009324009324009341,0.0092,0.0,0.0,Information Broker,1,0.895,4,67.95
EMP00671,Operations,1,4.52,13557201,3.8,29,L,S1,1.1911800736285454,4,3.5,0.9999999999999996,-0.17715,1.0,0.04198473282442748,7.25,2,0.03006993006993007,0.0497,0.1304347826086956,0.0,Information Broker,1,0.808,2,69.16
EMP00672,Operations,4,4.25,16695231,3.0,28,L,S1,1.4668976650730172,3,3.5,-0.9999999999999998,-0.16515000000000002,1.0,0.061068702290076333,7.270229007633588,1,-0.046620046620046623,0.0092,0.0,0.0,Information Broker,1,0.835,1,74.65
EMP00673,Operations,1,4.22,7867637,2.6,40,L,S1,0.6912763498116365,4,4.0,-3.14018491736755e-16,-0.2023,1.0,0.019083969465648856,7.879007633587787,0,-0.015617715617715619,0.0092,0.0,0.0,Information Broker,1,0.76,1,81.24
EMP00674,Operations,1,5.47,8218659,4.3,49,P,S1,0.722118292171659,5,4.5,0.9999999999999991,0.148,0.0,0.05343511450381679,7.216030534351145,0,0.014219114219114218,0.0092,0.0,0.0,Information Broker,1,0.72,0,49.8
EMP00675,Operations,1,5.73,8920992,2.7,37,P,S1,0.7838275693780498,4,3.5,0.9999999999999996,-0.2023,1.0,0.015267175572519083,7.946183206106871,0,-0.015384615384615385,0.0533,0.1304347826086956,0.0119047619047619,Information Broker,1,0.8066666666666666,2,72.23333333333333
EMP00676,Operations,3,5.06,12622491,3.4,28,L,D3,1.109053392271432,3,3.0,-3.14018491736755e-16,0.03484999999999999,0.5,0.04580152671755725,7.287022900763359,1,-0.031002331002331004,0.0092,0.0,0.0,Information Broker,1,0.8300000000000001,2,68.53333333333333
EMP00677,Operations,1,5.33,7055514,3.0,24,L,S3,0.6199205636921097,3,3.0,-3.14018491736755e-16,-0.2143,1.0,0.003816793893129771,7.96145038167939,0,-0.015384615384615385,0.0092,0.0,0.0,Information Broker,1,0.7866666666666666,1,75.60000000000001
EMP00678,Operations,4,6.06,17745408,4.5,49,P,S1,1.5591696551529022,5,4.5,0.9999999999999991,0.3818,0.0,0.015267175572519083,7.8816793893129775,0,0.014918414918414918,0.0732,0.2608695652173913,0.0,Central Connector,1,0.805,2,70.85
EMP00679,Operations,3,1.82,13810335,3.7,42,L,S1,1.2134212557691575,4,4.0,-3.14018491736755e-16,-0.10115,0.5,0.015267175572519083,7.936641221374046,1,0.015151515151515152,0.0431,0.1304347826086956,0.0,Information Broker,1,0.89,4,82.075
EMP00680,Operations,1,6.47,11465490,3.2,27,L,D3,1.0073954957507343,3,3.0,-3.14018491736755e-16,-0.2023,1.0,0.007633587786259542,7.930916030534352,0,0.0,0.0408,0.1304347826086956,0.0,Central Connector,1,0.8533333333333334,3,77.3
EMP00681,Operations,1,2.79,7186192,3.4,35,L,S1,0.6314023606841017,4,3.5,0.9999999999999996,-0.2023,1.0,0.0,8.01526717557252,0,0.0,0.0092,0.0,0.0,Information Broker,1,0.7625,2,77.175
EMP00682,Operations,1,2.05,8838085,3.8,37,L,S1,0.7765430888747127,3,3.5,-0.9999999999999998,-0.11315,0.5,0.015267175572519083,7.845419847328245,0,0.015151515151515152,0.0092,0.0,0.0,Information Broker,1,0.89,1,82.0
EMP00683,Operations,3,4.97,12543616,2.0,37,P,S1,1.1021231764910915,3,2.0,1.9999999999999996,-0.31930000000000003,1.0,0.026717557251908396,7.764885496183206,0,0.014685314685314685,0.0731,0.2608695652173913,0.0,Central Connector,1,0.8533333333333334,2,79.46666666666665
EMP00684,Operations,2,6.37,9967763,3.5,34,P,S1,0.8758002971448082,4,4.0,-3.14018491736755e-16,-0.10115,0.5,0.015267175572519083,7.8877862595419845,0,-0.015384615384615385,0.0431,0.1304347826086956,0.0,Information Broker,1,0.8320000000000001,4,70.58
EMP00685,Operations,1,1.62,11503925,4.1,30,L,D3,1.0107725207081657,5,4.5,0.9999999999999991,0.33525,0.0,0.03435114503816794,7.733206106870228,0,-0.00046620046620046707,0.0854,0.2608695652173913,0.0,Central Connector,1,0.865,2,83.80000000000001
EMP00686,Operations,1,5.49,8931618,3.0,25,L,S1,0.7847612045334462,3,3.0,-3.14018491736755e-16,-0.11315,0.5,0.011450381679389313,7.902290076335878,1,-0.03076923076923077,0.0431,0.1304347826086956,0.0,Information Broker,1,0.7966666666666667,1,85.83333333333333
EMP00687,Operations,2,1.11,10712107,3.4,31,L,S1,0.9412007983784305,4,3.5,0.9999999999999996,-0.11315,0.5,0.026717557251908396,7.789312977099237,1,-0.04638694638694639,0.1018,0.3043478260869565,0.0,Central Connector,0,0.7066666666666667,0,84.23333333333333
EMP00688,Operations,2,1.48,10006118,4.1,46,P,D3,0.8791702930402754,5,5.0,-1.0721261933235726e-15,0.33525,0.0,0.015267175572519083,7.851526717557252,0,0.0,0.0431,0.1304347826086956,0.0,Information Broker,1,0.8366666666666668,3,80.33333333333333
EMP00689,Operations,2,4.05,11118519,3.3,30,P,S1,0.9769094875159247,3,3.0,-3.14018491736755e-16,-0.2023,1.0,0.030534351145038167,7.715267175572519,0,-0.046153846153846156,0.0092,0.0,0.0,Information Broker,1,0.71,0,70.9
EMP00690,Operations,1,4.31,10249041,3.5,30,L,S1,0.9005143032844303,3,3.0,-3.14018491736755e-16,0.0,0.0,0.011450381679389313,7.929007633587787,0,0.0,0.0464,0.1304347826086956,0.0,Information Broker,1,0.92,1,79.3
EMP00691,Data & Analytics,2,2.39,24155560,2.8,39,L,S1,1.143564381313453,4,3.5,0.9999999999999996,-0.2023,1.0,0.0,8.012977099236641,0,0.0,0.0092,0.0,0.0,Central Connector,1,0.8,1,80.9
EMP00692,Data & Analytics,4,4.31,35647538,3.6,26,P,S1,1.6876137310961867,3,3.5,-0.9999999999999998,-0.11315,0.5,0.011450381679389313,7.860305343511451,0,0.0,0.0738,0.1304347826086956,0.1196458482890643,Central Connector,1,0.736,2,77.58
EMP00693,Data & Analytics,2,1.66,14279477,3.3,42,L,S1,0.6760141880786321,4,4.0,-3.14018491736755e-16,0.0,0.0,0.03435114503816794,7.74236641221374,0,0.014918414918414918,0.28,0.5217391304347826,0.0714285714285714,Central Connector,0,0.755,1,63.2
EMP00694,Data & Analytics,1,2.16,16818786,3.5,36,L,S1,0.796229299032329,4,3.5,0.9999999999999996,-0.10115,0.5,0.022900763358778626,7.758778625954198,0,0.03006993006993007,0.2158,0.4347826086956521,0.3571428571428571,Central Connector,0,0.7999999999999999,2,58.06666666666666
EMP00695,Data & Analytics,2,5.88,16824724,2.3,27,L,S1,0.7965104138272764,2,2.0,-1.570092458683775e-16,-0.14245,0.5,0.019083969465648856,7.8408396946564896,2,0.0,0.0092,0.0,0.0,Information Broker,1,0.68,0,86.0
EMP00696,Data & Analytics,1,3.54,18975930,3.4,28,L,S2,0.8983520833421951,3,3.5,-0.9999999999999998,-0.10115,0.5,0.026717557251908396,7.769083969465649,0,-0.031002331002331004,0.0714,0.2608695652173913,0.0,Central Connector,1,0.89,1,87.6
EMP00697,Data & Analytics,3,3.09,23844626,3.2,44,L,S1,1.1288442486674155,3,3.0,-3.14018491736755e-16,-0.11315,0.5,0.026717557251908396,7.807633587786259,0,-0.04638694638694639,0.0092,0.0,0.0,Central Connector,1,0.8480000000000001,4,79.8
EMP00698,Data & Analytics,3,4.17,23792922,2.5,48,P,S1,1.1263964953231986,3,3.0,-3.14018491736755e-16,-0.2143,1.0,0.011450381679389313,7.880534351145037,0,-0.00023310023310023353,0.1193,0.4347826086956521,0.0,Central Connector,0,0.762,2,76.85999999999999
EMP00699,Data & Analytics,2,3.93,20052510,3.4,44,L,S1,0.9493191709044141,4,4.0,-3.14018491736755e-16,-0.2143,1.0,0.007633587786259542,7.974809160305344,0,0.015151515151515152,0.0894,0.1304347826086956,0.1309523809523809,Central Connector,1,0.776,2,69.06
EMP00700,Data & Analytics,2,5.81,23183719,2.3,43,P,S3,1.0975558121931326,1,1.5,-1.0,-0.14245,0.5,0.026717557251908396,7.52175572519084,0,-0.015617715617715619,0.0663,0.2608695652173913,0.0,Central Connector,1,0.85,3,74.4
EMP00701,Data & Analytics,3,6.12,23129650,2.9,37,P,S1,1.0949960958158995,3,3.5,-0.9999999999999998,-0.2143,1.0,0.026717557251908396,7.800763358778625,0,-0.015617715617715619,0.077,0.2608695652173913,0.0,Central Connector,1,0.8320000000000001,3,83.32000000000001
EMP00702,Data & Analytics,1,2.61,14441240,2.9,44,P,S1,0.6836723175119555,3,3.5,-0.9999999999999998,-0.2263,1.0,0.026717557251908396,7.45763358778626,0,-0.00046620046620046707,0.2089,0.1304347826086956,0.5144771476429768,Information Broker,0,0.7333333333333334,1,83.73333333333333
EMP00703,Data & Analytics,3,1.51,27091408,3.6,32,L,S1,1.282552307975072,4,4.0,-3.14018491736755e-16,-0.10115,0.5,0.0,7.956870229007633,0,0.0,0.0092,0.0,0.0,Information Broker,1,0.61,0,74.4
EMP00704,Data & Analytics,3,2.93,29196054,3.9,22,P,D3,1.3821897496602922,3,3.0,-3.14018491736755e-16,-0.10115,0.5,0.026717557251908396,7.754580152671756,1,0.045454545454545456,0.0431,0.1304347826086956,0.0,Central Connector,1,0.7,1,65.325
EMP00705,Data & Analytics,4,1.99,22840358,3.3,31,L,S2,1.0813005314407025,3,3.0,-3.14018491736755e-16,-0.11315,0.5,0.026717557251908396,7.836259541984733,0,0.030303030303030304,0.2698,0.3043478260869565,0.6221584111031347,Central Connector,0,0.835,2,68.6
EMP00706,Data & Analytics,2,2.71,16725982,3.9,49,L,S1,0.7918358033384426,3,3.0,-3.14018491736755e-16,0.05685000000000001,0.5,0.019083969465648856,7.530152671755726,0,0.014918414918414918,0.0092,0.0,0.0,Central Connector,1,0.825,3,87.875
EMP00707,Data & Analytics,1,4.33,16172687,4.9,40,P,S1,0.7656418979038832,5,5.0,-1.0721261933235726e-15,0.08399999999999999,0.5,0.05725190839694656,7.1499999999999995,1,-0.09254079254079255,0.1029,0.2608695652173913,0.0952380952380952,Central Connector,0,0.8140000000000001,3,77.28
EMP00708,Data & Analytics,1,3.72,14542056,3.1,32,L,S1,0.6884451146098698,4,3.5,0.9999999999999996,-0.2263,1.0,0.011450381679389313,7.923282442748092,0,-0.015384615384615385,0.1137,0.391304347826087,0.0598229241445321,Central Connector,0,0.764,2,61.379999999999995
EMP00709,Data & Analytics,1,2.91,17707946,3.1,28,L,S2,0.8383236121134031,3,3.0,-3.14018491736755e-16,0.08399999999999999,0.5,0.022900763358778626,7.429007633587787,1,-0.00023310023310023353,0.1255,0.391304347826087,0.0476190476190476,Central Connector,0,0.8575,3,75.475
EMP00710,Data & Analytics,4,4.79,28992880,4.1,41,L,S1,1.3725711546201034,5,5.0,-1.0721261933235726e-15,0.33525,0.0,0.022900763358778626,7.83854961832061,0,-0.015384615384615385,0.0092,0.0,0.0,Central Connector,1,0.8633333333333333,2,80.46666666666665
EMP00711,Data & Analytics,1,5.15,16771313,3.7,27,L,S2,0.7939818482643032,3,3.0,-3.14018491736755e-16,-0.2023,1.0,0.003816793893129771,7.937786259541984,0,0.0,0.0092,0.0,0.0,Information Broker,1,0.6666666666666666,1,67.7
EMP00712,Data & Analytics,2,3.09,21332301,3.6,47,L,S1,1.0099066051483532,4,3.5,0.9999999999999996,-0.10115,0.5,0.003816793893129771,8.002290076335877,0,0.0,0.0092,0.0,0.0,Central Connector,1,0.62,0,76.4
EMP00713,Data & Analytics,1,5.02,16759858,2.8,39,L,S1,0.7934395495145352,4,4.0,-3.14018491736755e-16,0.17,0.0,0.05725190839694656,7.246564885496183,0,-0.015617715617715619,0.0092,0.0,0.0,Information Broker,1,0.93,1,39.2
EMP00714,Data & Analytics,2,2.35,16395324,3.5,27,L,S1,0.7761819037312159,4,4.0,-3.14018491736755e-16,-0.2143,1.0,0.015267175572519083,7.845038167938932,0,0.014918414918414918,0.0092,0.0,0.0,Information Broker,1,0.764,3,77.14
EMP00715,Data & Analytics,2,2.03,17445796,2.5,31,P,S1,0.8259129951555962,3,3.0,-3.14018491736755e-16,0.03484999999999999,0.5,0.04961832061068702,7.299236641221374,0,-0.031002331002331004,0.2072,0.4347826086956521,0.2976190476190476,Central Connector,0,0.67,0,79.0
EMP00716,Data & Analytics,3,4.53,28253653,2.7,51,P,S1,1.3375749190989563,4,4.0,-3.14018491736755e-16,-0.2263,1.0,0.03435114503816794,7.450763358778626,2,-0.015850815850815853,0.077,0.2608695652173913,0.0,Central Connector,1,0.876,4,69.62
EMP00717,Data & Analytics,2,1.38,16538616,4.0,38,L,S1,0.7829655853071001,5,4.5,0.9999999999999991,0.52615,0.0,0.05725190839694656,7.1541984732824435,0,-0.04685314685314686,0.1697,0.391304347826087,0.1794687724335965,Central Connector,0,0.62,0,80.1
EMP00718,Data & Analytics,1,3.42,16593796,4.8,26,L,S1,0.7855778982719362,4,4.0,-3.14018491736755e-16,0.0,0.0,0.003816793893129771,7.948854961832061,0,0.0,0.0376,0.1304347826086956,0.0,Information Broker,1,0.8560000000000001,4,79.02000000000001
EMP00719,Data & Analytics,3,3.11,22515539,3.4,30,L,S1,1.0659230598037852,3,3.5,-0.9999999999999998,-0.2143,1.0,0.026717557251908396,7.822900763358779,0,-0.015617715617715619,0.3843,0.4347826086956521,0.8571428571428571,Central Connector,0,0.8366666666666666,2,85.89999999999999
EMP00720,Data & Analytics,1,3.64,18625785,2.8,26,L,D3,0.881775636747912,4,4.0,-3.14018491736755e-16,-0.2023,1.0,0.003816793893129771,7.9465648854961835,0,-0.015384615384615385,0.1287,0.391304347826087,0.0,Central Connector,0,0.7859999999999999,2,83.88
EMP00721,Data & Analytics,1,5.7,17323929,2.9,49,L,S1,0.8201436087096795,4,4.0,-3.14018491736755e-16,-0.11315,0.5,0.003816793893129771,8.014122137404579,0,0.0,0.1167,0.4347826086956521,0.0,Central Connector,0,0.84,2,80.85
EMP00722,Data & Analytics,1,1.17,19718810,1.6,44,P,S1,0.933521257958314,3,2.5,0.9999999999999994,0.08399999999999999,0.5,0.022900763358778626,7.771374045801527,1,0.03006993006993007,0.0092,0.0,0.0,Information Broker,1,0.865,2,57.0
EMP00723,Data & Analytics,3,4.35,22915595,3.8,46,P,S2,1.08486237614051,3,3.0,-3.14018491736755e-16,0.318,0.0,0.03816793893129771,7.282061068702291,0,-0.031002331002331004,0.0092,0.0,0.0,Information Broker,1,0.8866666666666667,3,76.3
EMP00724,Data & Analytics,3,2.26,27036084,3.7,35,L,S1,1.2799331778107628,3,3.0,-3.14018491736755e-16,-0.2263,1.0,0.030534351145038167,7.755343511450382,0,0.03006993006993007,0.0507,0.1739130434782608,0.0,Central Connector,1,0.8300000000000001,3,74.22
EMP00725,Data & Analytics,1,5.13,15357725,3.6,44,P,D3,0.7270602415347502,4,3.5,0.9999999999999996,-0.10115,0.5,0.003816793893129771,8.016030534351144,0,0.015151515151515152,0.199,0.6956521739130435,0.0,Central Connector,0,0.89,2,76.8
EMP00726,Data & Analytics,1,3.27,16354785,3.3,37,L,D3,0.7742627200544944,4,4.0,-3.14018491736755e-16,-0.11315,0.5,0.026717557251908396,7.777099236641221,1,0.03006993006993007,0.2006,0.2608695652173913,0.4166666666666667,Central Connector,0,0.81,2,83.975
EMP00727,Data & Analytics,1,4.56,18118182,2.8,35,L,S1,0.8577448665795594,4,3.5,0.9999999999999996,-0.2143,1.0,0.007633587786259542,7.95763358778626,0,-0.015384615384615385,0.0511,0.1304347826086956,0.0238095238095238,Information Broker,1,0.815,1,71.65
EMP00728,Data & Analytics,4,2.87,31360989,3.2,36,P,S1,1.4846813728666612,3,3.0,-3.14018491736755e-16,-0.11315,0.5,0.03435114503816794,7.376717557251909,1,0.04522144522144522,0.1333,0.2608695652173913,0.1904761904761904,Central Connector,0,0.91,1,73.2
EMP00729,Data & Analytics,1,1.29,20030248,3.2,38,P,S1,0.948265250802508,3,3.5,-0.9999999999999998,-0.10115,0.5,0.003816793893129771,8.009923664122137,0,-0.015384615384615385,0.085,0.3043478260869565,0.0,Central Connector,1,0.6575,1,77.85
EMP00730,Data & Analytics,2,4.23,24048396,2.1,48,L,D3,1.1384910593387576,3,2.5,0.9999999999999994,-0.56775,1.0,0.030534351145038167,7.742748091603053,1,0.014918414918414918,0.0092,0.0,0.0,Information Broker,1,0.7,1,73.45
EMP00731,Data & Analytics,3,2.99,20450183,4.0,22,P,S2,0.9681456720581885,4,4.5,-1.0000000000000007,0.1909,0.0,0.022900763358778626,7.798473282442748,0,0.015151515151515152,0.1843,0.2608695652173913,0.3333333333333333,Central Connector,0,0.895,2,72.6
EMP00732,Data & Analytics,1,3.78,17986552,2.2,25,P,S1,0.851513283477686,3,2.5,0.9999999999999994,0.318,0.0,0.0648854961832061,7.123664122137405,1,-0.03146853146853147,0.0092,0.0,0.0,Information Broker,1,0.792,3,82.14
EMP00733,Data & Analytics,1,5.84,16992352,3.9,31,L,D3,0.8044462021141475,3,3.5,-0.9999999999999998,0.06885000000000001,0.5,0.030534351145038167,7.308778625954199,1,-0.015384615384615385,0.0092,0.0,0.0,Information Broker,1,0.88,1,79.4
EMP00734,Data & Analytics,2,2.41,21193183,3.3,27,L,D3,1.0033205276738684,4,3.5,0.9999999999999996,-0.2143,1.0,0.003816793893129771,7.983206106870228,0,0.0,0.0566,0.217391304347826,0.0,Central Connector,1,0.9366666666666666,3,77.0
EMP00735,Data & Analytics,3,2.4,22025936,3.3,42,P,S1,1.0427444395695944,4,3.5,0.9999999999999996,0.0,0.0,0.015267175572519083,7.882442748091602,0,-0.015384615384615385,0.0092,0.0,0.0,Central Connector,1,0.72,1,78.875
EMP00736,Data & Analytics,1,5.1,20413732,3.0,40,P,S1,0.9664200210998477,3,3.5,-0.9999999999999998,-0.10115,0.5,0.022900763358778626,7.790839694656489,0,-0.046153846153846156,0.1067,0.1304347826086956,0.2261904761904761,Central Connector,0,0.825,2,75.125
EMP00737,Data & Analytics,2,2.53,22616273,3.5,32,L,S1,1.070691974885333,4,4.0,-3.14018491736755e-16,-0.11315,0.5,0.030534351145038167,7.433587786259541,0,0.04522144522144522,0.3304,0.7391304347826086,0.4761904761904761,Central Connector,0,0.85,1,75.2
EMP00738,Data & Analytics,2,3.08,20557669,4.0,27,L,S1,0.9732342380483728,5,5.0,-1.0721261933235726e-15,0.12689999999999999,0.5,0.030534351145038167,7.375954198473282,0,0.014918414918414918,0.0092,0.0,0.0,Information Broker,1,0.8099999999999999,3,78.97999999999999
EMP00739,Data & Analytics,4,5.77,31141133,3.6,29,L,D3,1.4742730242041566,3,3.0,-3.14018491736755e-16,-0.10115,0.5,0.015267175572519083,7.870992366412213,0,-0.00023310023310023353,0.0379,0.1304347826086956,0.0,Information Broker,1,0.7925,2,78.225
EMP00740,Data & Analytics,3,2.89,36069697,2.8,30,L,S1,1.7075994402103993,4,3.5,0.9999999999999996,0.08399999999999999,0.5,0.022900763358778626,7.4103053435114505,0,0.03006993006993007,0.0092,0.0,0.0,Information Broker,1,0.8,1,93.0
EMP00741,Data & Analytics,2,5.39,21366854,2.7,35,P,S2,1.011542401630303,4,3.5,0.9999999999999996,0.06885000000000001,0.5,0.061068702290076333,7.185496183206107,0,0.014219114219114218,0.0092,0.0,0.0,Information Broker,1,0.81,1,58.7
EMP00742,Data & Analytics,2,2.19,20514090,3.5,34,L,S1,0.971171135716104,3,3.5,-0.9999999999999998,0.10600000000000001,0.5,0.022900763358778626,7.36412213740458,1,-0.03076923076923077,0.0403,0.1304347826086956,0.0,Central Connector,1,0.7125,1,61.625
EMP00743,Data & Analytics,2,4.52,19109531,3.8,38,L,S1,0.9046769768618592,3,3.5,-0.9999999999999998,-0.10115,0.5,0.03435114503816794,7.6679389312977095,1,0.014918414918414918,0.2256,0.8260869565217391,0.0,Central Connector,0,0.82,2,73.16666666666667
EMP00744,Data & Analytics,1,1.32,21231240,3.8,37,L,S1,1.0051222093430017,4,4.0,-3.14018491736755e-16,0.0,0.0,0.007633587786259542,7.877862595419847,0,0.015151515151515152,0.0517,0.1304347826086956,0.0,Central Connector,1,0.7533333333333333,1,65.96666666666667
EMP00745,Data & Analytics,2,1.29,21291650,2.5,46,L,S1,1.0079821192053748,4,4.0,-3.14018491736755e-16,-0.2143,1.0,0.015267175572519083,7.896564885496184,0,-0.031002331002331004,0.1059,0.1304347826086956,0.191433357262503,Central Connector,0,0.86,4,76.75
EMP00746,Data & Analytics,1,6.42,18238664,3.0,41,L,S1,0.8634486848222086,3,3.0,-3.14018491736755e-16,-0.10115,0.5,0.022900763358778626,7.817557251908396,0,0.030303030303030304,0.2356,0.391304347826087,0.0238095238095238,Central Connector,0,0.8400000000000001,3,84.96000000000001
EMP00747,Data & Analytics,2,5.89,26954387,2.7,48,P,S2,1.2760655059679171,3,3.5,-0.9999999999999998,-0.2263,1.0,0.019083969465648856,7.8396946564885495,0,0.015151515151515152,0.1914,0.2608695652173913,0.382866714525006,Central Connector,0,0.725,0,90.0
EMP00748,Data & Analytics,2,3.3,26036566,3.9,33,P,S2,1.2326143334833424,3,3.0,-3.14018491736755e-16,0.148,0.0,0.019083969465648856,7.461068702290076,0,-0.00023310023310023353,0.0379,0.1304347826086956,0.0,Central Connector,1,0.705,1,70.5
EMP00749,Data & Analytics,1,2.84,16864776,2.5,31,P,S1,0.7984065421141124,3,3.5,-0.9999999999999998,0.0,0.0,0.03435114503816794,7.412977099236642,0,0.014685314685314685,0.4427,0.5217391304347826,1.0,Central Connector,0,0.85,1,88.4
EMP00750,Data & Analytics,1,5.7,14415356,3.9,31,P,S2,0.6824469259066307,4,4.0,-3.14018491736755e-16,-0.2143,1.0,0.022900763358778626,7.814885496183206,0,0.014918414918414918,0.2498,0.2608695652173913,0.5833333333333333,Central Connector,0,0.64,0,98.9
EMP00751,Legal,1,6.41,21792232,3.0,39,L,S1,0.9943175726783641,3,3.0,-3.14018491736755e-16,-0.10115,0.5,0.007633587786259542,7.944274809160306,0,0.0,0.0535,0.1304347826086956,0.0029761904761904,Central Connector,1,0.87,1,86.8
EMP00752,Legal,1,5.14,15809511,3.2,43,L,S1,0.7213430273113784,3,3.5,-0.9999999999999998,-0.10115,0.5,0.007633587786259542,7.9240458015267174,0,0.015151515151515152,0.2997,0.5217391304347826,0.0803571428571428,Central Connector,0,0.7250000000000001,0,88.2
EMP00753,Legal,3,6.25,23994341,3.3,30,L,D3,1.0947935439167935,4,3.5,0.9999999999999996,-0.10115,0.5,0.019083969465648856,7.837786259541985,0,0.014918414918414918,0.4035,0.782608695652174,0.0238095238095238,Central Connector,0,0.7575,2,80.25
EMP00754,Legal,3,1.5,29664321,4.2,49,P,D3,1.3534986068371437,5,4.5,0.9999999999999991,0.3818,0.0,0.026717557251908396,7.8396946564885495,1,-0.00023310023310023353,0.5572,1.0,0.2083333333333333,Central Connector,0,0.8275,3,70.0
EMP00755,Legal,2,2.95,18615272,2.8,26,L,S2,0.849361922623966,4,3.5,0.9999999999999996,-0.11315,0.5,0.026717557251908396,7.7732824427480915,1,0.014918414918414918,0.1422,0.2608695652173913,0.0476190476190476,Central Connector,0,0.74,0,76.2
EMP00756,Legal,1,2.49,15082022,2.6,44,P,S1,0.6881497730990421,4,4.0,-3.14018491736755e-16,-0.11315,0.5,0.022900763358778626,7.835496183206107,0,-0.06153846153846154,0.4075,0.5652173913043478,0.2103174603174602,Central Connector,0,0.77,3,79.575
EMP00757,Legal,3,2.53,21562475,3.0,46,P,S1,0.983834414159041,3,3.0,-3.14018491736755e-16,-0.4588,1.0,0.0,8.062595419847328,0,0.0,0.6418,0.9130434782608696,0.4583333333333333,Central Connector,0,0.83,1,86.3
EMP00758,Legal,1,3.11,19602636,3.8,24,P,S2,0.8944125340450448,3,3.5,-0.9999999999999998,-0.11315,0.5,0.011450381679389313,7.877862595419847,1,-0.03076923076923077,0.1052,0.3043478260869565,0.0,Central Connector,0,0.635,0,81.44999999999999
EMP00759,Legal,2,3.94,19086286,4.0,41,L,S1,0.8708529519585255,5,5.0,-1.0721261933235726e-15,0.52615,0.0,0.030534351145038167,7.727862595419848,1,-0.00046620046620046707,0.1253,0.1304347826086956,0.125,Central Connector,0,0.815,1,85.5
EMP00760,Legal,2,2.63,17520035,3.7,46,P,S2,0.7993893729857493,3,3.5,-0.9999999999999998,-0.11315,0.5,0.015267175572519083,7.902671755725191,0,0.014918414918414918,0.2688,0.5652173913043478,0.0,Central Connector,0,0.71,0,87.69999999999999
EMP00761,Legal,3,2.36,27150303,4.2,34,P,D3,1.2387911149460096,5,5.0,-1.0721261933235726e-15,0.52615,0.0,0.03435114503816794,7.724045801526718,0,-0.016083916083916086,0.2878,0.5652173913043478,0.0357142857142857,Central Connector,0,0.72,0,82.3
EMP00762,Legal,2,4.27,17537537,3.3,39,L,S2,0.8001879394729736,3,3.0,-3.14018491736755e-16,0.0,0.0,0.007633587786259542,7.938549618320611,0,-0.015384615384615385,0.2482,0.391304347826087,0.0376984126984126,Central Connector,0,0.7939999999999999,3,82.24000000000001
EMP00763,Legal,1,2.17,17212966,2.6,28,P,D3,0.7853786877688899,4,3.5,0.9999999999999996,-0.2143,1.0,0.019083969465648856,7.847328244274809,0,0.015151515151515152,0.0853,0.1304347826086956,0.0416666666666666,Central Connector,1,0.722,2,72.84
EMP00764,Legal,3,2.15,25992076,2.8,27,P,S1,1.1859445107408715,3,3.5,-0.9999999999999998,-0.2263,1.0,0.019083969465648856,7.857633587786259,0,-0.00023310023310023353,0.2569,0.3478260869565217,0.0059822924144532,Central Connector,0,0.93,3,68.56666666666666
EMP00765,Legal,1,1.72,18237200,4.3,35,L,S1,0.8321115724378237,4,4.5,-1.0000000000000007,0.0,0.0,0.011450381679389313,7.8622137404580155,0,0.045454545454545456,0.2328,0.3043478260869565,0.0757757039164074,Central Connector,0,0.7050000000000001,1,81.4
EMP00766,Legal,2,2.48,18636111,3.2,28,L,S1,0.8503127469313175,3,3.5,-0.9999999999999998,-0.11315,0.5,0.007633587786259542,7.940076335877864,1,0.0,0.4972,0.9130434782608696,0.0059822924144532,Central Connector,0,0.7250000000000001,1,66.65
EMP00767,Legal,3,5.16,25098761,3.5,28,L,S1,1.145185087730086,3,3.0,-3.14018491736755e-16,-0.11315,0.5,0.030534351145038167,7.763358778625954,0,-0.015617715617715619,0.2273,0.4347826086956521,0.1279761904761904,Central Connector,0,0.84,4,65.65
EMP00768,Legal,3,2.69,20977296,3.7,36,L,S1,0.9571343605407447,3,3.5,-0.9999999999999998,-0.2143,1.0,0.003816793893129771,7.963740458015267,0,0.015151515151515152,0.3533,0.391304347826087,0.2093253968253968,Central Connector,0,0.8633333333333333,3,77.56666666666666
EMP00769,Legal,2,5.2,21947803,3.6,45,P,S2,1.0014158349903266,4,4.0,-3.14018491736755e-16,-0.11315,0.5,0.003816793893129771,7.941984732824428,0,0.0,0.1728,0.2608695652173913,0.0,Central Connector,0,0.86,1,57.8
EMP00770,Legal,4,1.87,36700635,3.6,40,P,D3,1.6745456045509524,3,3.0,-3.14018491736755e-16,-0.11315,0.5,0.007633587786259542,7.925190839694657,0,0.0,0.3964,0.6956521739130435,0.1774746749621121,Central Connector,0,0.836,4,60.94
EMP00771,Legal,1,3.81,17225283,3.3,46,P,S2,0.7859406774513914,4,3.5,0.9999999999999996,0.0,0.0,0.011450381679389313,7.916030534351145,0,-0.03076923076923077,0.1486,0.2608695652173913,0.0753968253968254,Central Connector,0,0.8725,3,65.425
EMP00772,Legal,1,1.09,16619860,4.0,44,L,S1,0.7583169476836625,5,4.5,0.9999999999999991,0.0,0.0,0.007633587786259542,7.953435114503818,0,0.015151515151515152,0.3006,0.4347826086956521,0.1984126984126983,Central Connector,0,0.72,1,57.8
EMP00773,Legal,4,1.43,37924332,2.9,22,L,S1,1.7303794186703045,4,3.5,0.9999999999999996,-0.2143,1.0,0.022900763358778626,7.848091603053434,0,-0.00023310023310023353,0.1563,0.391304347826087,0.0,Central Connector,0,0.8039999999999999,2,78.58
EMP00774,Legal,2,1.18,25761156,4.3,41,L,S1,1.175408287838927,5,5.0,-1.0721261933235726e-15,0.6705,0.0,0.030534351145038167,7.751908396946565,0,-0.015617715617715619,0.5445,0.8260869565217391,0.1279761904761904,Central Connector,0,0.81,1,72.4
EMP00775,Legal,3,2.67,24686707,3.6,23,L,S1,1.1263842355230973,3,3.0,-3.14018491736755e-16,-0.10115,0.5,0.0,8.030152671755726,0,0.0,0.4779,0.8260869565217391,0.2509920634920635,Central Connector,0,0.8775,3,81.975
EMP00776,Legal,1,4.56,19839828,3.7,23,L,S1,0.905234930470465,4,3.5,0.9999999999999996,-0.10115,0.5,0.022900763358778626,7.812213740458015,0,-0.03076923076923077,0.3623,0.391304347826087,0.373015873015873,Central Connector,0,0.8433333333333333,2,68.33333333333333
EMP00777,Legal,1,3.92,15988416,4.0,39,P,S2,0.7295059536853278,5,4.5,0.9999999999999991,0.52615,0.0,0.030534351145038167,7.743511450381679,0,-0.03076923076923077,0.242,0.391304347826087,0.0446428571428571,Central Connector,0,0.7849999999999999,2,72.15
EMP00778,Legal,1,5.26,16333731,4.6,48,P,S1,0.7452616951169273,5,4.5,0.9999999999999991,0.33525,0.0,0.003816793893129771,7.952290076335878,0,0.015151515151515152,0.0669,0.1739130434782608,0.0,Central Connector,1,0.865,2,62.45
EMP00779,Legal,4,5.6,28022365,4.5,31,L,S1,1.2785808240067904,4,4.0,-3.14018491736755e-16,0.6705,0.0,0.007633587786259542,7.932442748091604,0,0.0,0.4783,0.6956521739130435,0.2619047619047619,Central Connector,0,0.605,1,79.4
EMP00780,Legal,2,5.66,22881677,3.2,27,L,S1,1.044025849828065,4,4.0,-3.14018491736755e-16,-0.10115,0.5,0.007633587786259542,7.891221374045801,0,0.0,0.2871,0.5217391304347826,0.1279761904761904,Central Connector,0,0.88,1,32.7
EMP00781,Customer Success,3,3.65,18026166,3.0,34,L,S1,1.4021510322165083,3,3.0,-3.14018491736755e-16,0.0,0.0,0.03435114503816794,7.767557251908396,1,-0.04638694638694639,0.0092,0.0,0.0,Information Broker,1,0.6499999999999999,0,88.55000000000001
EMP00782,Customer Success,1,3.01,9611628,2.8,25,L,S1,0.7476328644416729,4,4.0,-3.14018491736755e-16,-0.16515000000000002,1.0,0.061068702290076333,7.176335877862596,1,0.029603729603729603,0.0392,0.1304347826086956,0.0,Information Broker,1,0.63,0,88.0
EMP00783,Customer Success,1,2.62,8831297,3.7,29,L,S1,0.6869354362075969,3,3.0,-3.14018491736755e-16,0.0,0.0,0.015267175572519083,7.894656488549619,0,0.014918414918414918,0.0092,0.0,0.0,Information Broker,1,0.755,2,76.525
EMP00784,Customer Success,3,1.79,11514272,4.3,50,L,S2,0.8956285196764325,4,4.5,-1.0000000000000007,0.1909,0.0,0.007633587786259542,7.913740458015267,0,0.0,0.07,0.1304347826086956,0.0476190476190476,Information Broker,1,0.94,1,49.2
EMP00785,Customer Success,2,3.11,14866216,2.4,44,P,S1,1.1563568264906454,2,2.5,-1.0000000000000007,0.26115,0.0,0.04580152671755725,7.343893129770992,0,0.014685314685314685,0.0937,0.2608695652173913,0.0714285714285714,Central Connector,1,0.78,3,75.38
EMP00786,Customer Success,4,1.16,16150426,4.1,39,P,S1,1.2562480832938259,5,5.0,-1.0721261933235726e-15,0.52615,0.0,0.0,7.995419847328245,0,0.0,0.0092,0.0,0.0,Information Broker,1,0.81,2,68.69999999999999
EMP00787,Customer Success,2,1.8,10424018,4.2,35,P,S2,0.8108239765762427,4,4.5,-1.0000000000000007,0.48324999999999996,0.0,0.022900763358778626,7.378625954198474,0,-0.00046620046620046707,0.0592,0.1304347826086956,0.0,Information Broker,1,0.75,1,77.93333333333334
EMP00788,Customer Success,1,5.77,9024088,3.3,31,L,S1,0.7019315313091318,3,3.0,-3.14018491736755e-16,-0.11315,0.5,0.007633587786259542,7.952290076335878,0,-0.015384615384615385,0.0372,0.1304347826086956,0.0,Information Broker,1,0.8099999999999999,1,83.23333333333333
EMP00789,Customer Success,1,2.53,11651172,2.8,27,L,S2,0.9062771776500937,3,3.5,-0.9999999999999998,-0.16515000000000002,1.0,0.06870229007633588,7.12175572519084,0,0.04428904428904429,0.0092,0.0,0.0,Information Broker,1,0.9,1,83.4
EMP00790,Customer Success,3,1.42,14987028,2.6,26,L,S3,1.165754092137935,3,3.5,-0.9999999999999998,-0.2023,1.0,0.026717557251908396,7.815648854961832,0,0.045454545454545456,0.0491,0.1739130434782608,0.0,Central Connector,1,0.762,2,76.9
EMP00791,Customer Success,1,4.3,9949091,4.3,42,L,S1,0.7738821563756804,5,5.0,-1.0721261933235726e-15,0.1909,0.0,0.0,8.028244274809161,0,0.0,0.1041,0.391304347826087,0.0,Central Connector,0,0.7166666666666668,1,72.5
EMP00792,Customer Success,1,5.07,8969015,3.7,43,P,S1,0.6976477216627954,3,3.5,-0.9999999999999998,0.0,0.0,0.03435114503816794,7.691221374045801,0,-0.015850815850815853,0.0497,0.1739130434782608,0.0,Central Connector,1,0.75,0,78.80000000000001
EMP00793,Customer Success,3,4.38,14641817,2.6,45,P,S1,1.1389021281660903,3,3.0,-3.14018491736755e-16,-0.10115,0.5,0.019083969465648856,7.772519083969466,1,-0.015617715617715619,0.0092,0.0,0.0,Central Connector,1,0.84,1,61.1
EMP00794,Customer Success,4,2.05,18503613,4.1,39,P,S1,1.4392888686193615,4,4.5,-1.0000000000000007,0.1909,0.0,0.011450381679389313,7.900381679389313,0,0.015151515151515152,0.1099,0.3478260869565217,0.0,Central Connector,0,0.835,3,81.85
EMP00795,Customer Success,2,3.4,10660547,2.8,38,L,S1,0.8292221973348409,4,4.0,-3.14018491736755e-16,-0.2143,1.0,0.007633587786259542,7.888549618320611,0,-0.03076923076923077,0.0384,0.1304347826086956,0.0,Information Broker,1,0.65,0,78.0
EMP00796,Customer Success,1,5.31,10024788,4.3,30,P,S1,0.7797701875125118,5,5.0,-1.0721261933235726e-15,0.52615,0.0,0.011450381679389313,7.893129770992366,0,-0.015384615384615385,0.0092,0.0,0.0,Information Broker,1,0.67,0,66.4
EMP00797,Customer Success,1,6.37,8973418,3.0,24,L,S1,0.6979902055273537,4,4.0,-3.14018491736755e-16,-0.10115,0.5,0.0,8.032442748091603,0,0.0,0.0648,0.1304347826086956,0.0358937544867193,Information Broker,1,0.7725,3,74.675
EMP00798,Customer Success,2,2.93,11422946,3.9,44,L,S1,0.8885247991643611,4,3.5,0.9999999999999996,0.0,0.0,0.026717557251908396,7.7958015267175576,0,-0.00023310023310023353,0.0384,0.1304347826086956,0.0,Information Broker,1,0.73,1,72.5
EMP00799,Customer Success,1,1.89,8946072,3.6,24,L,S1,0.6958631185956683,3,3.0,-3.14018491736755e-16,-0.2023,1.0,0.015267175572519083,7.8908396946564885,0,-0.00023310023310023353,0.0092,0.0,0.0,Information Broker,1,0.83,1,69.8
EMP00800,Customer Success,3,1.99,15933200,3.5,33,L,S1,1.2393513310879347,4,3.5,0.9999999999999996,-0.10115,0.5,0.015267175572519083,7.872519083969466,0,-0.03076923076923077,0.0092,0.0,0.0,Information Broker,1,0.9400000000000001,3,80.43333333333334
EMP00801,Customer Success,2,5.52,11766239,3.3,24,P,S1,0.9152275730266844,3,3.5,-0.9999999999999998,0.0,0.0,0.022900763358778626,7.830152671755725,2,-0.03076923076923077,0.0384,0.1304347826086956,0.0,Information Broker,1,0.86,1,87.9
EMP00802,Customer Success,3,3.07,13291703,4.1,30,P,S1,1.0338845809677588,5,5.0,-1.0721261933235726e-15,0.50525,0.0,0.026717557251908396,7.446946564885496,0,0.03006993006993007,0.1271,0.3043478260869565,0.1428571428571428,Central Connector,0,0.88,3,72.23333333333333
EMP00803,Customer Success,2,3.9,12429972,2.9,22,L,S2,0.9668555182628572,3,3.5,-0.9999999999999998,-0.10115,0.5,0.03435114503816794,7.743893129770993,0,0.014918414918414918,0.0092,0.0,0.0,Information Broker,1,0.8125,4,66.75
EMP00804,Customer Success,1,2.98,8744654,2.0,41,L,S1,0.6801959791381161,3,3.0,-3.14018491736755e-16,0.10600000000000001,0.5,0.030534351145038167,7.413740458015267,0,-0.04638694638694639,0.0425,0.1304347826086956,0.0,Information Broker,1,0.89,3,71.825
EMP00805,Customer Success,3,4.44,12521506,3.3,49,P,S1,0.9739754178900384,4,4.0,-3.14018491736755e-16,-0.2263,1.0,0.0,7.982442748091604,0,0.0,0.0092,0.0,0.0,Central Connector,1,0.74,0,89.8
EMP00806,Customer Success,1,5.74,11138174,3.1,27,L,S2,0.8663740348950006,3,3.5,-0.9999999999999998,0.08399999999999999,0.5,0.030534351145038167,7.370992366412214,2,-0.046153846153846156,0.0501,0.1304347826086956,0.0,Information Broker,1,0.795,1,75.6
EMP00807,Customer Success,2,1.65,13460871,3.1,48,P,S1,1.0470431797412307,4,3.5,0.9999999999999996,0.0,0.0,0.003816793893129771,7.984732824427481,0,-0.015384615384615385,0.0092,0.0,0.0,Information Broker,1,0.72,0,51.8
EMP00808,Customer Success,3,2.02,12298181,3.0,25,L,D3,0.9566042598040787,4,4.0,-3.14018491736755e-16,-0.11315,0.5,0.03435114503816794,7.7221374045801525,1,0.029836829836829837,0.0092,0.0,0.0,Central Connector,1,0.85,4,78.05
EMP00809,Customer Success,2,6.26,14230896,2.9,44,L,S1,1.1069389639353027,3,3.5,-0.9999999999999998,-0.2143,1.0,0.011450381679389313,7.886259541984733,1,-0.015384615384615385,0.089,0.2608695652173913,0.0,Central Connector,1,0.89,1,67.3
EMP00810,Customer Success,2,4.01,11641251,2.8,45,L,S2,0.9055054805298841,4,4.0,-3.14018491736755e-16,-0.2143,1.0,0.07251908396946564,7.130916030534351,0,-0.01631701631701632,0.0399,0.1304347826086956,0.0,Information Broker,1,0.91,3,65.16666666666667
EMP00811,Customer Success,1,2.29,9205316,3.6,51,L,S2,0.7160282076221388,3,3.0,-3.14018491736755e-16,-0.2263,1.0,0.03816793893129771,7.259541984732825,0,0.014685314685314685,0.0392,0.1304347826086956,0.0,Information Broker,1,0.8833333333333333,2,77.0
EMP00812,Customer Success,2,6.46,12823500,3.8,46,L,S1,0.9974657817768012,3,3.0,-3.14018491736755e-16,-0.11315,0.5,0.026717557251908396,7.813740458015268,0,-0.00023310023310023353,0.0725,0.2608695652173913,0.0,Central Connector,1,0.7,1,72.225
EMP00813,Customer Success,1,4.28,10442780,3.1,48,P,S1,0.8122833638728229,3,3.0,-3.14018491736755e-16,-0.2143,1.0,0.011450381679389313,7.888549618320611,0,-0.00023310023310023353,0.1103,0.391304347826087,0.0,Central Connector,0,0.7749999999999999,1,40.95
EMP00814,Customer Success,2,1.43,10345587,3.3,49,P,S1,0.804723283416767,4,3.5,0.9999999999999996,-0.2263,1.0,0.030534351145038167,7.7312977099236635,0,0.014685314685314685,0.1128,0.2608695652173913,0.1309523809523809,Central Connector,0,0.762,2,70.14
EMP00815,Customer Success,1,3.81,9026130,4.4,24,L,S1,0.7020903666603532,4,4.5,-1.0000000000000007,0.0,0.0,0.007633587786259542,7.919847328244275,0,-0.03076923076923077,0.0431,0.1304347826086956,0.0,Information Broker,1,0.75,0,75.9
EMP00816,Customer Success,2,2.66,13418456,5.0,44,L,S1,1.04374396259037,5,5.0,-1.0721261933235726e-15,0.12689999999999999,0.5,0.030534351145038167,7.4404580152671755,0,-0.015617715617715619,0.1022,0.391304347826087,0.0,Central Connector,0,0.85,3,69.83333333333333
EMP00817,Customer Success,3,1.17,15933080,1.0,23,L,S1,1.2393419969830637,3,3.0,-3.14018491736755e-16,-0.16445,0.5,0.05343511450381679,7.127480916030534,2,0.014685314685314685,0.0092,0.0,0.0,Central Connector,1,0.9199999999999999,3,74.93333333333334
EMP00818,Customer Success,1,4.55,11510790,3.3,32,L,S1,0.8953576750667591,4,3.5,0.9999999999999996,-0.064,0.5,0.03816793893129771,7.361068702290076,0,0.014685314685314685,0.0976,0.2608695652173913,0.1011904761904761,Central Connector,1,0.724,2,78.16
EMP00819,Customer Success,3,3.05,14101748,2.2,23,P,S3,1.096893289136308,2,1.5,0.9999999999999998,-0.1993,0.5,0.03816793893129771,7.286259541984733,1,0.014918414918414918,0.0392,0.1304347826086956,0.0,Information Broker,1,0.77,1,88.69999999999999
EMP00820,Customer Success,1,2.07,8808260,2.4,35,P,S2,0.6851435214249875,2,2.0,-1.570092458683775e-16,0.08399999999999999,0.5,0.03435114503816794,7.653435114503817,0,-0.0006993006993007006,0.0431,0.1304347826086956,0.0,Information Broker,1,0.7799999999999999,2,70.13333333333333
EMP00821,Customer Success,3,6.47,13815986,3.0,35,P,S1,1.0746655185017617,3,3.0,-3.14018491736755e-16,0.04684999999999999,0.5,0.05725190839694656,7.11145038167939,0,0.060372960372960374,0.0092,0.0,0.0,Information Broker,1,0.762,3,71.46000000000001
EMP00822,Customer Success,2,4.64,12966445,3.2,37,P,S2,1.008584645283339,3,3.0,-3.14018491736755e-16,0.0,0.0,0.015267175572519083,7.87442748091603,0,-0.00023310023310023353,0.0749,0.2608695652173913,0.0,Central Connector,1,0.765,1,81.3
EMP00823,Customer Success,2,5.05,11344293,3.7,38,L,S2,0.882406837910874,4,3.5,0.9999999999999996,-0.11315,0.5,0.026717557251908396,7.799236641221374,0,0.014685314685314685,0.0679,0.1304347826086956,0.0595238095238095,Information Broker,1,0.915,2,78.4
EMP00824,Customer Success,2,5.48,11582675,2.1,37,P,S1,0.900949192805522,3,2.5,0.9999999999999994,-0.37645,1.0,0.019083969465648856,7.848091603053434,0,0.015151515151515152,0.0092,0.0,0.0,Information Broker,1,0.8380000000000001,3,80.24
EMP00825,Customer Success,4,3.34,16531050,2.9,28,P,S1,1.2858546193973088,4,3.5,0.9999999999999996,-0.2143,1.0,0.007633587786259542,7.906488549618321,0,-0.015384615384615385,0.1697,0.5217391304347826,0.0,Central Connector,0,0.8766666666666666,3,88.60000000000001
EMP00826,Customer Success,3,3.53,13113429,4.7,32,P,S1,1.0200176792029927,5,4.5,0.9999999999999991,0.52615,0.0,0.015267175572519083,7.900381679389313,0,0.015151515151515152,0.089,0.3043478260869565,0.0,Central Connector,1,0.86,1,68.9
EMP00827,Customer Success,5,5.85,20760260,2.9,30,P,S1,1.6148203665761809,3,3.0,-3.14018491736755e-16,0.06885000000000001,0.5,0.061068702290076333,7.090839694656489,0,-0.0009324009324009341,0.0092,0.0,0.0,Information Broker,1,0.735,1,68.25
EMP00828,Customer Success,3,5.85,15045762,2.5,36,L,S1,1.170322669767044,3,3.0,-3.14018491736755e-16,0.06885000000000001,0.5,0.06870229007633588,7.089312977099237,0,0.04452214452214452,0.0431,0.1304347826086956,0.0,Central Connector,1,0.7675,1,79.975
EMP00829,Customer Success,1,1.65,11389163,1.3,48,P,S2,0.885897015290554,3,2.0,1.9999999999999996,0.04915,0.5,0.015267175572519083,7.846183206106869,1,-0.015617715617715619,0.0092,0.0,0.0,Information Broker,1,0.73,1,67.9
EMP00830,Customer Success,2,1.62,11662064,4.2,22,L,S1,0.9071244032355511,4,4.5,-1.0000000000000007,0.52615,0.0,0.026717557251908396,7.775190839694656,0,0.0,0.0092,0.0,0.0,Central Connector,1,0.7000000000000001,1,66.93333333333334
EMP00831,Customer Success,6,6.13,23016638,3.3,29,P,S1,1.7903309405812478,3,3.5,-0.9999999999999998,-0.2263,1.0,0.022900763358778626,7.802290076335878,0,0.014918414918414918,0.0731,0.2608695652173913,0.0,Central Connector,1,0.8099999999999999,2,86.39999999999999
EMP00832,Customer Success,1,3.08,10048590,4.5,46,L,S1,0.7816216072136739,4,4.5,-1.0000000000000007,0.3818,0.0,0.0,7.983587786259541,0,0.0,0.0092,0.0,0.0,Central Connector,1,0.69,0,65.9
EMP00833,Customer Success,3,3.63,11482111,4.2,26,P,S1,0.8931269017867984,5,5.0,-1.0721261933235726e-15,0.52615,0.0,0.05725190839694656,7.212977099236641,1,0.07505827505827506,0.0092,0.0,0.0,Information Broker,1,0.8019999999999999,3,77.42
EMP00834,Customer Success,3,2.18,17087053,2.2,31,L,S1,1.329102871985545,1,1.5,-1.0,-0.16445,0.5,0.03435114503816794,7.673664122137405,0,0.014685314685314685,0.0431,0.1304347826086956,0.0,Information Broker,1,0.804,3,73.05999999999999
EMP00835,Customer Success,2,3.66,14780289,4.2,26,L,S2,1.1496730629135614,5,4.5,0.9999999999999991,0.33525,0.0,0.026717557251908396,7.782442748091603,1,-0.015850815850815853,0.0092,0.0,0.0,Information Broker,1,0.776,2,75.74
EMP00836,Customer Success,2,3.93,7496391,5.0,22,L,S2,0.5831008312332496,5,5.0,-1.0721261933235726e-15,0.1909,0.0,0.022900763358778626,7.859541984732823,0,-0.00046620046620046707,0.0408,0.1304347826086956,0.0,Central Connector,1,0.8075,2,67.85
EMP00837,Customer Success,2,3.99,11619227,4.6,22,P,S1,0.9037923611492273,4,4.0,-3.14018491736755e-16,0.1909,0.0,0.0,8.028625954198473,0,0.0,0.0092,0.0,0.0,Central Connector,1,0.88,1,84.1
EMP00838,Customer Success,2,4.21,14765410,5.0,30,L,S1,1.1485157116937652,5,4.5,0.9999999999999991,0.33525,0.0,0.019083969465648856,7.8770992366412225,0,0.030303030303030304,0.0092,0.0,0.0,Information Broker,1,0.8999999999999999,2,90.6
EMP00839,Customer Success,1,4.09,9591117,2.3,39,L,D3,0.7460374325665979,1,2.0,-2.0,-0.10730000000000003,0.5,0.03435114503816794,7.3606870229007635,0,-0.015617715617715619,0.0092,0.0,0.0,Information Broker,1,0.64,0,83.8
EMP00840,Customer Success,3,1.83,13082015,3.0,44,P,S2,1.0175741661161806,4,4.0,-3.14018491736755e-16,-0.11315,0.5,0.03435114503816794,7.661450381679389,1,-0.00046620046620046707,0.1887,0.5217391304347826,0.1488095238095238,Central Connector,0,0.665,1,88.2
EMP00841,Customer Success,3,2.43,12923548,3.8,23,L,S1,1.0052479361445796,4,4.0,-3.14018491736755e-16,-0.17715,1.0,0.026717557251908396,7.511068702290077,0,-0.03076923076923077,0.1286,0.2608695652173913,0.0833333333333333,Central Connector,0,0.7366666666666667,1,77.83333333333333
EMP00842,Customer Success,2,1.19,11649081,2.5,29,P,S1,0.9061145308727167,3,3.0,-3.14018491736755e-16,-0.2143,1.0,0.030534351145038167,7.742748091603053,0,-0.016083916083916086,0.0392,0.1304347826086956,0.0,Information Broker,1,0.935,2,80.8
EMP00843,Customer Success,1,3.1,9777606,3.1,46,L,S1,0.7605433315939909,4,4.0,-3.14018491736755e-16,-0.11315,0.5,0.026717557251908396,7.801908396946565,0,0.015151515151515152,0.0092,0.0,0.0,Information Broker,1,0.8575,3,76.7
EMP00844,Customer Success,3,5.98,16839134,2.9,32,P,S1,1.3098186891062746,3,3.5,-0.9999999999999998,-0.2023,1.0,0.03435114503816794,7.7206106870229005,1,0.014685314685314685,0.0696,0.2608695652173913,0.0,Central Connector,1,0.86,1,66.0
EMP00845,Customer Success,2,1.54,10240329,3.6,24,L,S1,0.796535873329173,3,3.0,-3.14018491736755e-16,0.05685000000000001,0.5,0.05725190839694656,7.229007633587786,0,-0.00046620046620046707,0.0446,0.1304347826086956,0.0119047619047619,Information Broker,1,0.784,3,71.16
EMP00846,Customer Success,5,6.31,18860176,2.8,42,P,S1,1.4670238389120025,3,3.0,-3.14018491736755e-16,-0.2023,1.0,0.026717557251908396,7.819083969465648,0,0.06060606060606061,0.0092,0.0,0.0,Central Connector,1,0.855,1,65.9
EMP00847,Customer Success,2,3.18,9289909,4.1,23,P,S1,0.7226082070667401,5,4.5,0.9999999999999991,0.3818,0.0,0.026717557251908396,7.755725190839694,0,-0.04638694638694639,0.0392,0.1304347826086956,0.0,Information Broker,1,0.756,3,72.46000000000001
EMP00848,Customer Success,2,5.59,12478847,3.6,26,L,S1,0.9706572213926066,4,4.0,-3.14018491736755e-16,-0.10115,0.5,0.03435114503816794,7.764885496183206,0,0.029836829836829837,0.0092,0.0,0.0,Central Connector,1,0.5,0,77.2
EMP00849,Customer Success,3,4.74,14917635,4.0,32,L,S1,1.1603564126436599,4,4.5,-1.0000000000000007,0.0,0.0,0.0,8.00267175572519,0,0.0,0.0092,0.0,0.0,Information Broker,1,0.71,0,82.7
EMP00850,Customer Success,2,4.76,14050694,3.3,50,P,S2,1.0929220942189426,3,3.0,-3.14018491736755e-16,-0.2143,1.0,0.011450381679389313,7.943511450381679,0,0.015151515151515152,0.0392,0.1304347826086956,0.0,Central Connector,1,0.782,2,78.03999999999999
EMP00851,Customer Success,1,3.01,10750802,3.1,46,P,S2,0.8362426109609388,4,4.0,-3.14018491736755e-16,-0.10115,0.5,0.003816793893129771,7.95381679389313,0,0.0,0.0396,0.1304347826086956,0.0,Central Connector,1,0.7649999999999999,1,84.05
EMP00852,Customer Success,4,3.13,17971468,5.0,45,P,S1,1.397896391647894,4,4.5,-1.0000000000000007,0.12689999999999999,0.5,0.04961832061068702,7.2522900763358775,0,-0.015850815850815853,0.0819,0.2608695652173913,0.0,Central Connector,1,0.8625,4,74.375
EMP00853,Customer Success,1,4.96,9075041,4.2,23,P,S2,0.7058948700215638,4,4.0,-3.14018491736755e-16,0.33525,0.0,0.026717557251908396,7.79351145038168,0,0.030303030303030304,0.0092,0.0,0.0,Information Broker,1,0.73,1,73.125
EMP00854,Customer Success,2,5.03,14056801,4.4,25,L,S2,1.093397122372669,5,4.5,0.9999999999999991,0.34,0.0,0.05343511450381679,7.274427480916031,0,-0.046620046620046623,0.1083,0.391304347826087,0.0119047619047619,Central Connector,0,0.94,1,63.3
EMP00855,Customer Success,3,2.19,19374179,4.9,27,P,S2,1.5070051547953902,5,5.0,-1.0721261933235726e-15,0.1909,0.0,0.019083969465648856,7.847709923664122,0,-0.00023310023310023353,0.0092,0.0,0.0,Information Broker,1,0.8160000000000001,3,76.56
EMP00856,Customer Success,4,2.02,18676503,3.8,30,P,S3,1.452736980212249,3,3.5,-0.9999999999999998,0.04684999999999999,0.5,0.026717557251908396,7.485114503816794,0,-0.015850815850815853,0.091,0.2608695652173913,0.0714285714285714,Central Connector,1,0.7025,1,68.475
EMP00857,Customer Success,2,5.3,12756520,4.5,37,L,S1,0.9922557955746404,4,4.0,-3.14018491736755e-16,0.0,0.0,0.03435114503816794,7.692366412213741,0,0.04498834498834499,0.0092,0.0,0.0,Information Broker,1,0.82,1,59.1
EMP00858,Customer Success,4,1.89,22328760,3.6,38,L,S1,1.7368248956608234,4,3.5,0.9999999999999996,0.17,0.0,0.022900763358778626,7.438931297709924,0,-0.015617715617715619,0.0718,0.2608695652173913,0.0,Central Connector,1,0.765,1,84.95
EMP00859,Customer Success,2,2.36,12760975,3.8,46,L,S1,0.9926023242179761,4,3.5,0.9999999999999996,0.10600000000000001,0.5,0.0648854961832061,7.119083969465649,0,0.014452214452214451,0.0416,0.1304347826086956,0.0,Information Broker,1,0.88,1,51.35
EMP00860,Customer Success,1,6.23,8278521,2.5,48,P,D3,0.6439381932561833,3,3.0,-3.14018491736755e-16,0.04684999999999999,0.5,0.061068702290076333,7.206106870229007,1,-0.016083916083916086,0.0379,0.1304347826086956,0.0,Central Connector,1,0.784,3,79.38
EMP00861,IT Infrastructure,3,3.36,17577181,3.3,22,L,D3,1.070135640076439,4,3.5,0.9999999999999996,-0.2263,1.0,0.007633587786259542,7.912595419847328,0,0.0,0.0092,0.0,0.0,Information Broker,1,0.8566666666666668,2,63.20000000000001
EMP00862,IT Infrastructure,3,1.66,20231032,3.9,47,L,S2,1.2317076543005914,3,3.0,-3.14018491736755e-16,-0.064,0.5,0.04580152671755725,7.172137404580153,1,0.014452214452214451,0.0379,0.1304347826086956,0.0,Information Broker,1,0.915,2,88.0
EMP00863,IT Infrastructure,3,3.89,14833926,4.0,36,L,S1,0.9031205228447344,5,5.0,-1.0721261933235726e-15,0.17,0.0,0.0648854961832061,7.1679389312977095,0,-0.031701631701631705,0.0092,0.0,0.0,Information Broker,1,0.91,3,81.03333333333333
EMP00864,IT Infrastructure,3,1.8,14867684,3.8,40,L,S1,0.9051757806780412,4,3.5,0.9999999999999996,-0.2143,1.0,0.022900763358778626,7.856488549618321,1,0.045454545454545456,0.0092,0.0,0.0,Information Broker,1,0.7975,2,77.7
EMP00865,IT Infrastructure,1,5.11,15661335,3.0,27,P,S1,0.9534949179095634,4,4.0,-3.14018491736755e-16,-0.2023,1.0,0.015267175572519083,7.862977099236641,0,0.045454545454545456,0.0421,0.1304347826086956,0.0,Information Broker,1,0.91,2,54.75
EMP00866,IT Infrastructure,3,1.31,17299759,3.4,33,P,S1,1.0532456069396532,3,3.5,-0.9999999999999998,-0.10115,0.5,0.0,7.966793893129772,0,0.0,0.0421,0.1304347826086956,0.0,Central Connector,1,0.8175,2,73.425
EMP00867,IT Infrastructure,2,1.48,16127233,4.4,44,L,S1,0.9818597651760468,4,4.5,-1.0000000000000007,0.27125,0.5,0.04961832061068702,7.235877862595419,1,-0.0006993006993007006,0.0421,0.1304347826086956,0.0,Central Connector,1,0.7033333333333333,1,73.2
EMP00868,IT Infrastructure,1,1.79,11616111,4.5,42,L,S1,0.7072131976216189,4,4.5,-1.0000000000000007,0.1909,0.0,0.026717557251908396,7.803053435114504,1,-0.015617715617715619,0.0431,0.1304347826086956,0.0,Information Broker,1,0.7849999999999999,1,93.15
EMP00869,IT Infrastructure,3,1.29,19033708,3.2,25,L,S1,1.1588120582935364,4,3.5,0.9999999999999996,0.0,0.0,0.030534351145038167,7.803053435114504,1,0.045454545454545456,0.0379,0.1304347826086956,0.0,Information Broker,1,0.65,0,89.7
EMP00870,IT Infrastructure,2,2.55,15502503,2.8,50,L,D3,0.9438248926657761,3,3.0,-3.14018491736755e-16,-0.2143,1.0,0.030534351145038167,7.802290076335878,0,-0.031002331002331004,0.0431,0.1304347826086956,0.0,Information Broker,1,0.72,1,85.85
EMP00871,IT Infrastructure,1,3.58,13446473,3.4,41,P,S1,0.8186494746015051,3,3.0,-3.14018491736755e-16,-0.2263,1.0,0.015267175572519083,7.881297709923665,0,-0.015384615384615385,0.1363,0.4347826086956521,0.0,Central Connector,0,0.9,3,76.66666666666667
EMP00872,IT Infrastructure,1,5.22,10503305,3.1,46,L,S1,0.6394632346957719,3,3.0,-3.14018491736755e-16,-0.11315,0.5,0.019083969465648856,7.894274809160306,0,-0.015384615384615385,0.048,0.1304347826086956,0.0,Information Broker,1,0.74,0,86.6
EMP00873,IT Infrastructure,2,3.84,14267002,2.7,23,L,S1,0.8686050008384073,3,3.0,-3.14018491736755e-16,-0.11315,0.5,0.030534351145038167,7.7477099236641225,1,-0.031002331002331004,0.0092,0.0,0.0,Information Broker,1,0.84,2,80.2
EMP00874,IT Infrastructure,2,2.58,12577125,3.4,48,P,S1,0.7657217452671383,3,3.5,-0.9999999999999998,-0.11315,0.5,0.022900763358778626,7.788931297709924,0,0.06060606060606061,0.0873,0.1304347826086956,0.119047619047619,Central Connector,1,0.84,1,81.7
EMP00875,IT Infrastructure,1,4.11,14778158,1.8,33,L,S1,0.8997252500546447,2,2.5,-1.0000000000000007,0.08399999999999999,0.5,0.0,7.980534351145039,0,0.0,0.0421,0.1304347826086956,0.0,Central Connector,1,0.84,1,61.0
EMP00876,IT Infrastructure,2,6.44,14771837,2.9,34,L,S1,0.899340414318987,3,3.0,-3.14018491736755e-16,-0.11315,0.5,0.007633587786259542,7.927862595419847,0,-0.015384615384615385,0.0092,0.0,0.0,Central Connector,1,0.722,2,73.7
EMP00877,IT Infrastructure,2,1.2,13282318,2.6,43,L,S1,0.8086553739549481,4,3.5,0.9999999999999996,-0.2143,1.0,0.003816793893129771,8.038167938931299,0,-0.015384615384615385,0.0092,0.0,0.0,Information Broker,1,0.8460000000000001,4,72.38
EMP00878,IT Infrastructure,3,3.97,19042428,2.9,36,L,S3,1.1593429501800947,3,3.0,-3.14018491736755e-16,-0.2023,1.0,0.05725190839694656,7.130534351145038,1,-0.031235431235431238,0.0392,0.1304347826086956,0.0,Information Broker,1,0.8625,3,70.92500000000001
EMP00879,IT Infrastructure,3,1.36,17991224,2.8,37,L,D3,1.095343446198716,3,3.0,-3.14018491736755e-16,-0.11315,0.5,0.022900763358778626,7.794274809160305,0,0.014918414918414918,0.0092,0.0,0.0,Information Broker,1,0.725,1,74.15
EMP00880,IT Infrastructure,2,1.87,17513049,4.6,47,L,S1,1.0662311494263523,5,5.0,-1.0721261933235726e-15,0.1909,0.0,0.003816793893129771,7.938549618320611,0,0.015151515151515152,0.0431,0.1304347826086956,0.0,Information Broker,1,0.8325,3,90.85
EMP00881,IT Infrastructure,1,3.11,11049276,2.6,27,L,S1,0.6727030941219321,4,3.5,0.9999999999999996,0.0,0.0,0.0,8.022519083969465,0,0.0,0.0405,0.1304347826086956,0.0,Information Broker,1,0.825,1,79.8
EMP00882,IT Infrastructure,4,4.6,19894122,4.8,25,P,S1,1.211195866972569,5,5.0,-1.0721261933235726e-15,0.33525,0.0,0.011450381679389313,7.892366412213741,1,-0.00023310023310023353,0.0092,0.0,0.0,Information Broker,1,0.736,2,80.62
EMP00883,IT Infrastructure,1,6.28,11067350,2.2,46,P,S2,0.673803477144599,2,2.0,-1.570092458683775e-16,-0.14215000000000003,0.5,0.003816793893129771,7.987022900763359,0,0.0,0.1059,0.2608695652173913,0.0,Central Connector,0,0.725,0,58.2
EMP00884,IT Infrastructure,2,3.76,13392470,3.2,38,L,D3,0.8153616587127657,4,3.5,0.9999999999999996,-0.11315,0.5,0.0,7.9961832061068705,0,0.0,0.0386,0.1304347826086956,0.0,Information Broker,1,0.71,1,70.63333333333334
EMP00885,IT Infrastructure,1,2.46,15100374,3.5,50,L,S1,0.9193424358481386,3,3.5,-0.9999999999999998,-0.10115,0.5,0.026717557251908396,7.786259541984733,0,-0.015617715617715619,0.0092,0.0,0.0,Central Connector,1,0.7266666666666667,0,82.3
EMP00886,IT Infrastructure,2,2.77,16681239,3.3,32,L,S1,1.0155888122522638,3,3.0,-3.14018491736755e-16,-0.064,0.5,0.05343511450381679,7.206106870229007,0,0.10606060606060606,0.0092,0.0,0.0,Information Broker,1,0.836,3,79.76
EMP00887,IT Infrastructure,2,1.6,16609481,3.0,48,P,D3,1.011220034729827,4,3.5,0.9999999999999996,-0.2143,1.0,0.03435114503816794,7.734351145038168,0,-0.0006993006993007006,0.1153,0.391304347826087,0.0,Central Connector,0,0.755,1,79.0
EMP00888,IT Infrastructure,1,1.92,12175552,4.9,46,P,D3,0.7412731388954786,5,5.0,-1.0721261933235726e-15,0.6705,0.0,0.03435114503816794,7.713358778625954,2,-0.00023310023310023353,0.0092,0.0,0.0,Information Broker,1,0.59,0,84.7
EMP00889,IT Infrastructure,1,1.45,14617367,3.8,23,L,S2,0.8899359567826729,3,3.5,-0.9999999999999998,-0.2023,1.0,0.019083969465648856,7.833587786259542,0,-0.015617715617715619,0.0092,0.0,0.0,Information Broker,1,0.675,1,78.0
EMP00890,IT Infrastructure,2,4.84,18576132,2.3,30,L,S2,1.1309538718389724,2,2.5,-1.0000000000000007,-0.14215000000000003,0.5,0.03435114503816794,7.70763358778626,0,-0.031002331002331004,0.0092,0.0,0.0,Information Broker,1,0.8866666666666667,3,76.83333333333333
EMP00891,IT Infrastructure,2,2.53,20191260,4.7,32,P,S1,1.2292862515354313,5,5.0,-1.0721261933235726e-15,0.33525,0.0,0.0,8.032442748091603,0,0.0,0.0431,0.1304347826086956,0.0,Information Broker,1,0.8233333333333333,2,75.2
EMP00892,IT Infrastructure,1,1.69,12034283,3.0,45,L,S1,0.732672385922749,3,3.0,-3.14018491736755e-16,-0.11315,0.5,0.0,8.034351145038167,0,0.0,0.0092,0.0,0.0,Information Broker,1,0.7825,2,81.725
EMP00893,IT Infrastructure,1,5.63,11527477,2.4,37,P,S1,0.7018169738288199,2,2.5,-1.0000000000000007,0.2263,0.0,0.0,8.006870229007633,0,0.0,0.1294,0.391304347826087,0.0357142857142857,Central Connector,0,0.7050000000000001,0,60.949999999999996
EMP00894,IT Infrastructure,2,1.27,13914608,4.2,43,P,S1,0.8471505151191616,4,4.5,-1.0000000000000007,0.0,0.0,0.011450381679389313,7.95381679389313,0,0.015151515151515152,0.0421,0.1304347826086956,0.0,Information Broker,1,0.9233333333333333,3,64.0
EMP00895,IT Infrastructure,4,1.43,24695204,4.0,37,L,S2,1.5034958073970017,5,5.0,-1.0721261933235726e-15,0.33525,0.0,0.022900763358778626,7.823664122137405,1,-0.031002331002331004,0.0092,0.0,0.0,Information Broker,1,0.7733333333333333,2,68.86666666666667
EMP00896,IT Infrastructure,1,2.58,12402964,2.7,25,L,S1,0.7551184583571753,3,3.0,-3.14018491736755e-16,-0.10115,0.5,0.0,7.996564885496183,0,0.0,0.0421,0.1304347826086956,0.0,Central Connector,1,0.765,1,85.875
EMP00897,IT Infrastructure,1,3.51,13066778,1.6,35,L,S1,0.7955328467498135,2,2.5,-1.0000000000000007,-0.14215000000000003,0.5,0.03435114503816794,7.763358778625954,0,0.045454545454545456,0.0092,0.0,0.0,Information Broker,1,0.63,0,82.1
EMP00898,IT Infrastructure,2,4.11,18907256,2.4,32,P,S1,1.1511133953532762,3,2.0,1.9999999999999996,-0.37645,1.0,0.015267175572519083,7.8847328244274815,0,0.030303030303030304,0.1332,0.4347826086956521,0.0,Central Connector,0,0.91,2,71.19999999999999
EMP00899,IT Infrastructure,2,3.3,18473492,2.5,30,P,S2,1.124704933394438,4,3.5,0.9999999999999996,-0.2143,1.0,0.003816793893129771,7.990458015267175,0,0.0,0.0485,0.1304347826086956,0.0,Information Broker,1,0.7949999999999999,3,56.400000000000006
EMP00900,IT Infrastructure,2,4.44,18455342,3.7,49,L,S2,1.1235999233323928,3,3.5,-0.9999999999999998,-0.11315,0.5,0.019083969465648856,7.831297709923665,0,0.030303030303030304,0.0431,0.1304347826086956,0.0,Information Broker,1,0.71,0,83.0
EMP00901,IT Infrastructure,4,1.63,20082730,3.6,37,L,S2,1.2226787175390812,3,3.5,-0.9999999999999998,-0.10115,0.5,0.011450381679389313,7.87442748091603,0,0.0,0.0092,0.0,0.0,Central Connector,1,0.77,0,80.7
EMP00902,IT Infrastructure,1,5.94,15163028,2.8,32,P,D3,0.9231569427587375,3,3.5,-0.9999999999999998,-0.10115,0.5,0.022900763358778626,7.833587786259542,1,0.014918414918414918,0.0092,0.0,0.0,Information Broker,1,0.89,1,75.0
EMP00903,IT Infrastructure,3,2.76,20120000,4.0,51,P,S1,1.2249477932973414,5,4.5,0.9999999999999991,0.33525,0.0,0.011450381679389313,7.8366412213740455,0,-0.015384615384615385,0.0092,0.0,0.0,Information Broker,1,0.86,3,68.475
EMP00904,IT Infrastructure,1,5.51,16243986,3.0,35,L,S2,0.9889679326567051,3,3.0,-3.14018491736755e-16,-0.2143,1.0,0.019083969465648856,7.802671755725191,0,-0.00023310023310023353,0.0092,0.0,0.0,Central Connector,1,0.9450000000000001,2,77.75
EMP00905,IT Infrastructure,2,3.88,18581485,2.9,30,P,S1,1.1312797737046545,3,3.5,-0.9999999999999998,0.148,0.0,0.06870229007633588,7.217175572519085,0,0.02937062937062937,0.0092,0.0,0.0,Information Broker,1,0.73,0,61.8
EMP00906,IT Infrastructure,4,2.15,22222034,3.3,26,L,S2,1.3529240313557898,4,3.5,0.9999999999999996,0.05685000000000001,0.5,0.0648854961832061,7.178625954198473,0,-0.031235431235431238,0.0695,0.2608695652173913,0.0,Central Connector,1,0.8049999999999999,2,67.3
EMP00907,IT Infrastructure,3,5.81,19403346,2.9,26,P,S2,1.1813163948948706,3,3.5,-0.9999999999999998,-0.11315,0.5,0.015267175572519083,7.8893129770992365,0,-0.015384615384615385,0.0092,0.0,0.0,Information Broker,1,0.63,1,75.85
EMP00908,IT Infrastructure,1,1.68,17064661,3.7,28,L,S2,1.0389323476797814,3,3.0,-3.14018491736755e-16,-0.2263,1.0,0.007633587786259542,7.979389312977099,0,-0.015384615384615385,0.0546,0.1304347826086956,0.0239291696578128,Information Broker,1,0.725,1,72.55
EMP00909,IT Infrastructure,2,3.89,18672968,2.6,38,P,S1,1.1368494505920412,3,3.0,-3.14018491736755e-16,-0.2143,1.0,0.003816793893129771,7.946946564885496,0,0.0,0.0092,0.0,0.0,Information Broker,1,0.81,2,70.13333333333334
EMP00910,IT Infrastructure,3,4.43,18580470,2.9,37,L,S1,1.1312179783761158,3,3.0,-3.14018491736755e-16,0.03484999999999999,0.5,0.05343511450381679,7.188549618320611,3,-0.00046620046620046707,0.0934,0.2608695652173913,0.0238095238095238,Central Connector,1,0.8640000000000001,4,66.84
EMP00911,IT Infrastructure,2,1.78,15763475,3.8,36,P,S1,0.959713415305557,3,3.0,-3.14018491736755e-16,0.04684999999999999,0.5,0.04198473282442748,7.353435114503816,1,-0.04638694638694639,0.0092,0.0,0.0,Information Broker,1,0.82,1,73.23333333333333
EMP00912,IT Infrastructure,2,4.55,18167494,4.5,33,L,S2,1.1060751334514258,5,5.0,-1.0721261933235726e-15,0.33525,0.0,0.019083969465648856,7.814503816793893,1,0.015151515151515152,0.0976,0.2608695652173913,0.0476190476190476,Central Connector,1,0.855,4,76.5
EMP00913,IT Infrastructure,3,4.46,16399062,3.6,47,L,S1,0.9984092847438512,3,3.5,-0.9999999999999998,-0.10115,0.5,0.022900763358778626,7.7854961832061065,2,-0.031002331002331004,0.0092,0.0,0.0,Information Broker,1,0.8300000000000001,2,66.89999999999999
EMP00914,IT Infrastructure,1,3.04,11976928,4.5,44,P,S1,0.7291804932445894,5,4.5,0.9999999999999991,0.52615,0.0,0.003816793893129771,7.972900763358779,0,0.0,0.0431,0.1304347826086956,0.0,Information Broker,1,0.795,1,83.95
EMP00915,IT Infrastructure,1,5.05,13220164,4.0,36,P,S1,0.8048713080928903,4,4.0,-3.14018491736755e-16,0.33525,0.0,0.022900763358778626,7.825190839694656,0,-0.015617715617715619,0.0092,0.0,0.0,Information Broker,1,0.88,1,80.7
EMP00916,IT Infrastructure,1,4.87,15082929,4.8,29,L,S1,0.9182803476645366,4,4.0,-3.14018491736755e-16,0.52615,0.0,0.019083969465648856,7.799618320610687,0,-0.015384615384615385,0.0471,0.1739130434782608,0.0,Central Connector,1,0.7060000000000001,1,59.96
EMP00917,IT Infrastructure,3,5.2,23421052,3.3,51,L,S1,1.4259227616353023,3,3.0,-3.14018491736755e-16,-0.2143,1.0,0.0,7.9916030534351155,0,0.0,0.0453,0.1304347826086956,0.0,Information Broker,1,0.8300000000000001,2,66.73333333333333
EMP00918,IT Infrastructure,1,4.83,11324316,4.0,44,P,S1,0.689448106103468,5,5.0,-1.0721261933235726e-15,0.33525,0.0,0.003816793893129771,7.942366412213741,0,0.0,0.0092,0.0,0.0,Information Broker,1,0.786,3,72.0
EMP00919,IT Infrastructure,2,1.16,23873520,3.4,41,P,S1,1.4534699623379694,4,3.5,0.9999999999999996,-0.2143,1.0,0.030534351145038167,7.737786259541984,1,-0.00046620046620046707,0.0768,0.1304347826086956,0.0238095238095238,Information Broker,1,0.775,1,83.5
EMP00920,IT Infrastructure,2,2.83,15655611,2.3,47,P,S2,0.953146428785864,2,2.0,-1.570092458683775e-16,0.28315,0.0,0.0,7.963358778625954,0,0.0,0.0092,0.0,0.0,Information Broker,1,0.77,1,90.6
EMP00921,IT Infrastructure,4,1.45,22853450,3.3,31,P,D3,1.3913659615671534,3,3.5,-0.9999999999999998,0.05685000000000001,0.5,0.04961832061068702,7.251526717557252,1,0.029603729603729603,0.0411,0.1304347826086956,0.0,Information Broker,1,0.852,3,79.28
EMP00922,IT Infrastructure,3,4.75,20565350,3.2,39,P,S1,1.252061635232976,3,3.0,-3.14018491736755e-16,-0.2143,1.0,0.04198473282442748,7.246946564885496,0,0.07529137529137529,0.0484,0.1739130434782608,0.0,Central Connector,1,0.89,2,95.1
EMP00923,IT Infrastructure,4,1.15,20855592,4.6,36,P,S1,1.2697321768543581,4,4.0,-3.14018491736755e-16,0.52615,0.0,0.019083969465648856,7.851145038167939,1,0.015151515151515152,0.0431,0.1304347826086956,0.0,Information Broker,1,0.8480000000000001,4,64.96000000000001
EMP00924,IT Infrastructure,1,3.01,15276178,4.8,23,L,D3,0.930045752043608,4,4.0,-3.14018491736755e-16,0.1909,0.0,0.05725190839694656,7.177480916030534,2,0.014219114219114218,0.0675,0.1304347826086956,0.0714285714285714,Information Broker,1,0.8,4,77.03999999999999
EMP00925,IT Infrastructure,4,2.65,19568672,2.8,30,L,S1,1.191381788477111,3,3.5,-0.9999999999999998,-0.2143,1.0,0.0,8.0,0,0.0,0.0092,0.0,0.0,Information Broker,1,0.8,1,89.5
EMP00926,IT Infrastructure,2,6.18,14716824,3.3,39,P,S1,0.8959911075121945,4,3.5,0.9999999999999996,-0.2023,1.0,0.026717557251908396,7.813740458015268,0,-0.00046620046620046707,0.0987,0.2608695652173913,0.0598229241445321,Central Connector,1,0.86,4,77.6
EMP00927,IT Infrastructure,2,4.68,14209060,3.8,29,L,S2,0.8650773703692605,4,4.0,-3.14018491736755e-16,-0.11315,0.5,0.019083969465648856,7.841984732824427,0,-0.00046620046620046707,0.0617,0.1304347826086956,0.0476190476190476,Information Broker,1,0.8,1,58.4
EMP00928,IT Infrastructure,1,3.0,11994385,3.8,29,P,S1,0.7302433120133565,4,4.0,-3.14018491736755e-16,-0.2143,1.0,0.011450381679389313,7.893129770992366,0,0.015151515151515152,0.0759,0.1304347826086956,0.0119645848289064,Information Broker,1,0.8725,4,70.675
EMP00929,IT Infrastructure,4,4.23,21902063,4.2,48,P,S1,1.333443525870246,4,4.5,-1.0000000000000007,0.0,0.0,0.04961832061068702,7.180534351145038,1,-0.016083916083916086,0.0092,0.0,0.0,Central Connector,1,0.8300000000000001,2,85.96666666666665
EMP00930,IT Infrastructure,1,6.1,13047035,2.2,42,P,S1,0.7943308515071161,2,1.5,0.9999999999999998,-0.1993,0.5,0.015267175572519083,7.8893129770992365,0,-0.015384615384615385,0.0392,0.1304347826086956,0.0,Information Broker,1,0.9066666666666666,3,86.16666666666667
EMP00931,Research,1,5.93,14517211,4.4,41,P,S2,0.6862331839599156,4,4.5,-1.0000000000000007,0.52615,0.0,0.03435114503816794,7.768320610687023,0,0.060372960372960374,0.0092,0.0,0.0,Central Connector,1,0.8939999999999999,5,75.7
EMP00932,Research,1,2.98,19621770,3.4,46,L,D3,0.9275273123762652,3,3.5,-0.9999999999999998,-0.2023,1.0,0.022900763358778626,7.847328244274809,0,-0.03076923076923077,0.0092,0.0,0.0,Information Broker,1,0.835,3,71.8
EMP00933,Research,1,1.25,16499492,3.5,51,L,S2,0.7799362376754844,3,3.0,-3.14018491736755e-16,-0.2263,1.0,0.026717557251908396,7.786641221374046,0,-0.015384615384615385,0.0092,0.0,0.0,Central Connector,1,0.95,1,69.9
EMP00934,Research,1,6.4,19276939,3.0,51,L,D3,0.9112270412664712,4,3.5,0.9999999999999996,0.05685000000000001,0.5,0.03816793893129771,7.347709923664122,1,-0.06153846153846154,0.0092,0.0,0.0,Information Broker,1,0.732,2,67.78
EMP00935,Research,2,5.64,20626591,3.9,25,P,S1,0.9750255208227626,4,3.5,0.9999999999999996,-0.064,0.5,0.04580152671755725,7.232824427480916,1,-0.031002331002331004,0.0092,0.0,0.0,Central Connector,1,0.8825000000000001,2,77.375
EMP00936,Research,2,4.02,24085453,3.3,25,L,S3,1.1385270283187936,4,3.5,0.9999999999999996,-0.2143,1.0,0.03435114503816794,7.709160305343511,0,-0.031235431235431238,0.085,0.2608695652173913,0.0,Central Connector,1,0.77,2,73.325
EMP00937,Research,1,4.98,19926783,3.9,25,P,S1,0.941945373954289,3,3.0,-3.14018491736755e-16,-0.10115,0.5,0.011450381679389313,7.866030534351145,0,0.030303030303030304,0.0392,0.1304347826086956,0.0,Central Connector,1,0.7333333333333334,1,74.96666666666667
EMP00938,Research,1,2.42,16312718,3.7,22,P,S1,0.7711073712561061,4,3.5,0.9999999999999996,0.0,0.0,0.026717557251908396,7.819083969465648,0,-0.00046620046620046707,0.0428,0.1304347826086956,0.0119645848289064,Information Broker,1,0.8525,4,85.75
EMP00939,Research,2,3.11,22400997,3.5,42,P,S1,1.0589022571337234,3,3.0,-3.14018491736755e-16,0.0,0.0,0.03435114503816794,7.708015267175573,0,-0.01631701631701632,0.0535,0.1304347826086956,0.0476190476190476,Central Connector,1,0.95,1,76.9
EMP00940,Research,4,3.72,31151955,3.6,25,P,S1,1.4725628267183009,3,3.0,-3.14018491736755e-16,-0.2143,1.0,0.06870229007633588,7.048091603053435,0,-0.03146853146853147,0.0379,0.1304347826086956,0.0,Information Broker,1,0.752,2,69.76
EMP00941,Research,2,5.12,14583655,2.9,32,P,S1,0.6893740129852037,3,3.5,-0.9999999999999998,0.03484999999999999,0.5,0.019083969465648856,7.474809160305344,0,0.03006993006993007,0.0901,0.2608695652173913,0.0,Central Connector,1,0.8320000000000001,3,74.72
EMP00942,Research,4,5.08,30923805,2.9,41,L,S1,1.4617781036113313,4,3.5,0.9999999999999996,-0.10115,0.5,0.019083969465648856,7.849618320610687,0,-0.00023310023310023353,0.0092,0.0,0.0,Information Broker,1,0.7859999999999999,2,71.96
EMP00943,Research,3,5.31,22535372,2.5,50,L,S2,1.0652542061475259,4,3.5,0.9999999999999996,-0.2143,1.0,0.03435114503816794,7.743893129770993,1,0.07575757575757576,0.0392,0.1304347826086956,0.0,Information Broker,1,0.8160000000000001,3,80.06
EMP00944,Research,3,6.12,25680661,4.7,29,P,S1,1.2139330181413792,5,5.0,-1.0721261933235726e-15,0.52615,0.0,0.003816793893129771,7.98587786259542,0,0.0,0.1087,0.2608695652173913,0.0357142857142857,Central Connector,0,0.78,1,67.05
EMP00945,Research,2,2.4,23145336,3.1,31,L,S2,1.0940873985438426,4,3.5,0.9999999999999996,-0.064,0.5,0.03435114503816794,7.423282442748092,0,-0.00046620046620046707,0.0431,0.1304347826086956,0.0,Central Connector,1,0.7866666666666666,2,74.43333333333332
EMP00946,Research,1,4.58,17023754,3.2,23,P,S1,0.8047182692578037,3,3.0,-3.14018491736755e-16,0.0,0.0,0.011450381679389313,7.8622137404580155,0,0.0,0.0092,0.0,0.0,Information Broker,1,0.78,0,81.4
EMP00947,Research,2,2.8,20667720,4.2,32,L,D3,0.9769697017417482,4,4.0,-3.14018491736755e-16,0.52615,0.0,0.011450381679389313,7.90763358778626,0,-0.03076923076923077,0.0092,0.0,0.0,Central Connector,1,0.8400000000000001,5,74.26
EMP00948,Research,3,2.12,27548986,3.8,48,L,S1,1.3022493354713338,4,3.5,0.9999999999999996,0.0,0.0,0.007633587786259542,7.91908396946565,0,0.015151515151515152,0.0092,0.0,0.0,Information Broker,1,0.81,1,69.25
EMP00949,Research,3,4.17,30379349,2.4,38,L,S1,1.4360414952224279,3,2.5,0.9999999999999994,-0.08530000000000001,0.5,0.026717557251908396,7.45,1,-0.015617715617715619,0.0379,0.1304347826086956,0.0,Information Broker,1,0.51,0,78.3
EMP00950,Research,2,3.44,15830994,3.9,27,P,S1,0.7483361244711756,3,3.5,-0.9999999999999998,0.10600000000000001,0.5,0.07251908396946564,7.1076335877862595,0,-0.0011655011655011677,0.1401,0.4782608695652174,0.0,Central Connector,0,0.7966666666666665,2,75.60000000000001
EMP00951,Research,2,1.51,25762799,1.5,40,P,S1,1.2178157075411613,3,2.5,0.9999999999999994,-0.10730000000000003,0.5,0.015267175572519083,7.899236641221374,1,0.015151515151515152,0.0464,0.1304347826086956,0.0,Information Broker,1,0.784,2,77.28
EMP00952,Research,2,5.61,18121142,3.3,33,L,D3,0.8565921492530316,4,4.0,-3.14018491736755e-16,-0.2263,1.0,0.007633587786259542,7.920992366412214,0,0.0,0.0695,0.2608695652173913,0.0,Central Connector,1,0.84,1,83.3
EMP00953,Research,2,2.43,15404879,3.8,30,P,S2,0.7281935328133786,3,3.5,-0.9999999999999998,-0.2263,1.0,0.030534351145038167,7.743511450381679,0,-0.015617715617715619,0.0992,0.2608695652173913,0.0595238095238095,Central Connector,1,0.72,0,97.1
EMP00954,Research,1,3.57,15133044,2.6,24,L,S1,0.7153438058539962,3,3.0,-3.14018491736755e-16,-0.10115,0.5,0.007633587786259542,7.9553435114503825,0,-0.015384615384615385,0.0743,0.1304347826086956,0.0,Information Broker,1,0.8699999999999999,4,62.220000000000006
EMP00955,Research,1,1.81,15818171,3.9,32,P,S1,0.7477299771803552,3,3.0,-3.14018491736755e-16,-0.17715,1.0,0.04580152671755725,7.279007633587786,0,-0.0006993006993007006,0.1287,0.391304347826087,0.0,Central Connector,0,0.78,3,72.38
EMP00956,Research,1,5.24,16393788,3.6,35,P,S1,0.7749395759560054,3,3.5,-0.9999999999999998,-0.2023,1.0,0.015267175572519083,7.8816793893129775,0,-0.046153846153846156,0.0092,0.0,0.0,Information Broker,1,0.7949999999999999,1,81.35
EMP00957,Research,1,5.62,16090791,3.5,24,L,S1,0.7606168113395578,4,4.0,-3.14018491736755e-16,-0.11315,0.5,0.015267175572519083,7.873664122137405,0,-0.00023310023310023353,0.0464,0.1304347826086956,0.0,Information Broker,1,0.782,3,77.6
EMP00958,Research,1,4.28,15444944,3.3,49,L,S2,0.7300874181137543,3,3.5,-0.9999999999999998,-0.11315,0.5,0.026717557251908396,7.824809160305343,1,-0.0006993006993007006,0.1623,0.2608695652173913,0.2619047619047619,Central Connector,0,0.9199999999999999,2,85.85
EMP00959,Research,3,2.52,24816002,4.0,33,L,S1,1.1730603120403522,5,5.0,-1.0721261933235726e-15,0.3818,0.0,0.030534351145038167,7.746564885496183,0,0.014685314685314685,0.0464,0.1304347826086956,0.0,Information Broker,1,0.89,5,65.36
EMP00960,Research,1,5.56,10996742,2.5,33,L,S1,0.5198194939679344,3,3.0,-3.14018491736755e-16,-0.11315,0.5,0.03816793893129771,7.339312977099237,0,-0.016083916083916086,0.057,0.1304347826086956,0.0595238095238095,Central Connector,1,0.59,0,78.2
EMP00961,Research,2,2.66,19903061,4.3,23,P,S2,0.9408240274649463,4,4.5,-1.0000000000000007,0.3818,0.0,0.030534351145038167,7.77175572519084,0,-0.00023310023310023353,0.0431,0.1304347826086956,0.0,Information Broker,1,0.8425,3,88.4
EMP00962,Research,5,2.97,33940559,3.0,33,L,S2,1.6043810252499167,3,3.0,-3.14018491736755e-16,-0.2143,1.0,0.03435114503816794,7.758778625954198,0,-0.00046620046620046707,0.0392,0.1304347826086956,0.0,Information Broker,1,0.778,2,80.24
EMP00963,Research,1,6.35,16834544,2.9,27,L,S1,0.7957742523431872,3,3.5,-0.9999999999999998,-0.11315,0.5,0.026717557251908396,7.73969465648855,1,0.0,0.0092,0.0,0.0,Information Broker,1,0.73,0,75.6
EMP00964,Research,2,1.19,20605290,4.0,48,P,S1,0.9740186157738845,5,5.0,-1.0721261933235726e-15,0.6705,0.0,0.003816793893129771,7.962595419847328,0,-0.015384615384615385,0.1143,0.391304347826087,0.0119047619047619,Central Connector,0,0.6925,1,83.575
EMP00965,Research,1,4.49,14637917,3.4,30,P,S1,0.6919389949936648,3,3.0,-3.14018491736755e-16,0.0,0.0,0.0648854961832061,7.087404580152672,0,-0.03146853146853147,0.0427,0.1304347826086956,0.0119047619047619,Information Broker,1,0.6466666666666666,0,84.10000000000001
EMP00966,Research,3,1.75,22351459,2.9,25,L,S1,1.0565605801086386,4,4.0,-3.14018491736755e-16,-0.10115,0.5,0.0,8.020992366412214,0,0.0,0.0092,0.0,0.0,Information Broker,1,0.9066666666666666,3,84.46666666666665
EMP00967,Research,2,3.08,23487703,2.2,38,L,S1,1.1102711955894875,2,2.0,-1.570092458683775e-16,-0.37645,1.0,0.003816793893129771,7.989312977099236,0,0.015151515151515152,0.0837,0.1304347826086956,0.1435750179468772,Information Broker,1,0.8366666666666666,2,75.83333333333333
EMP00968,Research,1,1.73,15377001,3.2,29,P,S3,0.7268757308814211,4,3.5,0.9999999999999996,0.06885000000000001,0.5,0.05725190839694656,7.1499999999999995,0,-0.031701631701631705,0.069,0.2608695652173913,0.0,Central Connector,1,0.85,2,69.03333333333333
EMP00969,Research,3,5.89,20095494,2.1,48,P,D3,0.9499203966152575,3,3.0,-3.14018491736755e-16,-0.37645,1.0,0.003816793893129771,7.977480916030534,0,0.0,0.0092,0.0,0.0,Information Broker,1,0.75,3,70.38
EMP00970,Research,2,4.33,21713744,4.6,28,L,S1,1.0264155891107811,5,4.5,0.9999999999999991,0.3818,0.0,0.019083969465648856,7.846183206106869,0,-0.00046620046620046707,0.0999,0.1304347826086956,0.2023809523809523,Central Connector,1,0.72,0,91.2
EMP00971,Research,2,3.59,15447382,4.0,34,L,S1,0.730202663149629,5,5.0,-1.0721261933235726e-15,0.3818,0.0,0.011450381679389313,7.914503816793893,0,-0.03076923076923077,0.0392,0.1304347826086956,0.0,Information Broker,1,0.6759999999999999,2,72.92
EMP00972,Research,3,2.87,19950650,3.9,28,L,S1,0.9430735746397768,3,3.0,-3.14018491736755e-16,-0.11315,0.5,0.022900763358778626,7.798854961832061,0,0.04522144522144522,0.1397,0.4347826086956521,0.0714285714285714,Central Connector,0,0.45,0,81.2
EMP00973,Research,2,4.84,23061954,2.8,23,L,S1,1.0901459048681672,3,3.0,-3.14018491736755e-16,-0.2143,1.0,0.003816793893129771,7.925190839694657,0,0.0,0.0547,0.1739130434782608,0.0119645848289064,Central Connector,1,0.845,3,74.9
EMP00974,Research,2,1.85,18582176,3.3,28,L,D3,0.8783853731535298,4,4.0,-3.14018491736755e-16,-0.2143,1.0,0.007633587786259542,7.961832061068702,0,0.0,0.0463,0.1304347826086956,0.0238095238095238,Central Connector,1,0.805,1,77.275
EMP00975,Research,2,5.81,17786159,2.5,41,L,S1,0.8407573962372875,4,4.0,-3.14018491736755e-16,-0.2143,1.0,0.003816793893129771,8.001526717557253,0,0.015151515151515152,0.0392,0.1304347826086956,0.0,Information Broker,1,0.93,2,75.45
EMP00976,Research,2,5.37,25106732,4.0,40,L,S1,1.186803211662922,5,5.0,-1.0721261933235726e-15,-0.064,0.5,0.03435114503816794,7.426335877862596,0,-0.015617715617715619,0.0379,0.1304347826086956,0.0,Information Broker,1,0.79,3,82.8
EMP00977,Research,3,1.63,23243271,4.8,25,L,S1,1.0987168171608976,4,4.0,-3.14018491736755e-16,0.52615,0.0,0.003816793893129771,7.948473282442748,0,0.015151515151515152,0.0693,0.2608695652173913,0.0,Central Connector,1,0.765,0,80.55
EMP00978,Research,1,4.95,17495626,3.8,42,P,S3,0.8270238088674113,3,3.5,-0.9999999999999998,-0.2143,1.0,0.0,8.005725190839694,0,0.0,0.0408,0.1304347826086956,0.0,Information Broker,1,0.8566666666666668,2,77.36666666666666
EMP00979,Research,1,4.65,19956848,2.8,33,P,S2,0.9433665560722423,3,3.5,-0.9999999999999998,-0.2263,1.0,0.022900763358778626,7.825190839694656,0,0.030303030303030304,0.0408,0.1304347826086956,0.0,Information Broker,1,0.8,1,56.6
EMP00980,Research,2,6.06,19100261,3.7,32,P,S1,0.9028754159800668,3,3.5,-0.9999999999999998,0.0,0.0,0.0,7.969847328244274,0,0.0,0.0092,0.0,0.0,Central Connector,1,0.92,1,92.4
EMP00981,Research,1,3.58,17506333,3.4,37,L,S2,0.8275299321648312,4,3.5,0.9999999999999996,-0.2263,1.0,0.0,7.975954198473282,0,0.0,0.0492,0.1304347826086956,0.0,Information Broker,1,0.76,1,85.65
EMP00982,Research,4,4.86,31969178,3.0,29,P,S2,1.5111932180031884,3,3.5,-0.9999999999999998,-0.2143,1.0,0.0,7.945801526717558,0,0.0,0.0092,0.0,0.0,Central Connector,1,0.8325,3,71.55000000000001
EMP00983,Research,4,5.84,27800468,4.5,38,L,S1,1.3141369696435319,5,4.5,0.9999999999999991,0.3818,0.0,0.026717557251908396,7.795419847328245,1,-0.00046620046620046707,0.0092,0.0,0.0,Information Broker,1,0.67,0,81.6
EMP00984,Research,2,6.26,16786407,3.9,33,P,S1,0.79349880103396,4,3.5,0.9999999999999996,0.0,0.0,0.03435114503816794,7.713358778625954,0,-0.04638694638694639,0.0987,0.1304347826086956,0.1666666666666666,Central Connector,1,0.8150000000000001,3,66.80000000000001
EMP00985,Research,3,4.91,23886563,2.5,51,L,S1,1.1291254347235922,4,3.5,0.9999999999999996,-0.2023,1.0,0.03435114503816794,7.716030534351145,1,0.014918414918414918,0.0092,0.0,0.0,Information Broker,1,0.81,2,75.2
EMP00986,Research,1,1.84,12863489,3.1,32,L,D3,0.6080612187357027,3,3.5,-0.9999999999999998,-0.11315,0.5,0.03435114503816794,7.6996183206106865,0,-0.061771561771561775,0.0092,0.0,0.0,Information Broker,1,0.8433333333333334,2,75.93333333333332
EMP00987,Research,2,6.11,26678750,2.9,38,L,S1,1.2611130028054698,3,3.0,-3.14018491736755e-16,0.0,0.0,0.011450381679389313,7.8847328244274815,0,-0.015384615384615385,0.0092,0.0,0.0,Central Connector,1,0.8466666666666667,3,66.23333333333333
EMP00988,Research,3,5.63,23560622,3.7,50,P,S1,1.1137180999253944,4,3.5,0.9999999999999996,0.04684999999999999,0.5,0.04198473282442748,7.294656488549618,1,0.029836829836829837,0.1097,0.2608695652173913,0.0957166786312515,Central Connector,0,0.674,1,63.48
EMP00989,Research,3,4.46,22635580,3.6,51,P,S1,1.0699910701979454,4,4.0,-3.14018491736755e-16,-0.2143,1.0,0.003816793893129771,7.942748091603053,0,-0.015384615384615385,0.0379,0.1304347826086956,0.0,Information Broker,1,0.7025,1,82.45
EMP00990,Research,2,5.4,18443449,3.2,23,P,S1,0.8718277037147371,4,4.0,-3.14018491736755e-16,-0.10115,0.5,0.011450381679389313,7.942366412213741,0,0.015151515151515152,0.0092,0.0,0.0,Central Connector,1,0.8099999999999999,2,75.26
EMP00991,Research,5,5.25,37509855,3.5,45,P,S1,1.7731027830707125,3,3.5,-0.9999999999999998,-0.2143,1.0,0.011450381679389313,7.875190839694657,1,0.015151515151515152,0.0092,0.0,0.0,Central Connector,1,0.78,3,80.58
EMP00992,Research,1,1.56,15442105,3.6,49,P,D3,0.7299532176802647,3,3.0,-3.14018491736755e-16,-0.2143,1.0,0.022900763358778626,7.786641221374046,0,-0.00023310023310023353,0.0092,0.0,0.0,Central Connector,1,0.7939999999999999,2,74.4
EMP00993,Research,2,2.45,18499921,4.5,22,P,S1,0.8744971531265134,5,5.0,-1.0721261933235726e-15,0.148,0.0,0.04961832061068702,7.182442748091603,1,-0.046620046620046623,0.0464,0.1304347826086956,0.0,Information Broker,1,0.7175,0,68.725
EMP00994,Research,2,5.52,19040549,3.7,51,P,S2,0.9000528107371855,3,3.0,-3.14018491736755e-16,0.0,0.0,0.011450381679389313,7.908396946564886,0,-0.015384615384615385,0.0741,0.2608695652173913,0.0,Central Connector,1,0.64,0,50.2
EMP00995,Research,3,5.43,31853745,3.2,32,P,D3,1.5057366633575306,4,3.5,0.9999999999999996,-0.11315,0.5,0.019083969465648856,7.856870229007634,0,-0.015384615384615385,0.0944,0.1304347826086956,0.1785714285714285,Central Connector,1,0.724,2,73.66
EMP00996,Research,4,4.33,39178571,3.7,28,L,S1,1.8519835194466494,3,3.5,-0.9999999999999998,-0.2143,1.0,0.019083969465648856,7.847328244274809,0,-0.015384615384615385,0.0417,0.1304347826086956,0.0,Information Broker,1,0.7675000000000001,2,59.9
EMP00997,Research,2,2.49,21496892,3.1,48,L,S2,1.0161649260593124,4,3.5,0.9999999999999996,-0.16515000000000002,1.0,0.05343511450381679,7.238931297709923,0,-0.031002331002331004,0.0092,0.0,0.0,Central Connector,1,0.73,0,77.6
EMP00998,Research,2,6.38,23796830,3.0,50,P,S1,1.1248837272567602,4,4.0,-3.14018491736755e-16,0.0,0.0,0.003816793893129771,7.947709923664123,0,0.015151515151515152,0.0392,0.1304347826086956,0.0,Information Broker,1,0.76,1,64.35
EMP00999,Research,1,3.95,16002513,3.5,33,L,S1,0.7564438821857684,4,3.5,0.9999999999999996,-0.10115,0.5,0.003816793893129771,7.96030534351145,0,0.0,0.0692,0.2608695652173913,0.0,Central Connector,1,0.8766666666666666,3,78.89999999999999
EMP01000,Research,2,2.74,20493201,3.4,34,L,S2,0.9687201330724287,4,4.0,-3.14018491736755e-16,0.10600000000000001,0.5,0.022900763358778626,7.398854961832061,0,-0.00023310023310023353,0.146,0.2608695652173913,0.1428571428571428,Central Connector,0,0.714,3,73.08
