employee_id,full_name,department,job_level,job_level_name,hire_date,tenure_years,monthly_salary,gender,age,education,manager_id,engagement_score,is_flight_risk_sim,avg_salary,p25_salary,p50_salary,p75_salary,n_employees,salary_position,salary_gap_to_median
EMP00001,"Balidin Dongoran, S.T.",Engineering,1,Staff,2023-06-10,1.56,16787219,P,45,S2,EMP00155,4.2,True,14795718.7,13486210.5,14745058.0,15908522.0,70,above_p75,0.1384979970916357
EMP00002,Darmana Mandala,Engineering,2,Senior Staff,2020-01-19,4.95,16497967,P,45,S2,EMP00155,3.9,False,19160183.29032258,17140453.0,19163698.0,21001369.25,62,below_p25,-0.1391031626568108
EMP00003,"Ciaobella Wastuti, M.Pd",Engineering,1,Staff,2020-12-23,4.02,15853064,P,35,S2,EMP00155,2.7,False,14795718.7,13486210.5,14745058.0,15908522.0,70,p50_to_p75,0.07514422798472546
EMP00004,Lantar Anggraini,Engineering,3,Specialist,2020-02-21,4.86,21984461,L,32,D3,EMP00155,3.0,True,23711466.244897958,21585251.0,23299852.0,26477845.0,49,p25_to_p50,-0.05645490795392177
EMP00005,Among Iswahyudi,Engineering,3,Specialist,2020-12-21,4.03,31024041,L,26,S1,EMP00155,3.1,False,23711466.244897958,21585251.0,23299852.0,26477845.0,49,above_p75,0.33151236325449623
EMP00006,Daruna Mayasari,Engineering,2,Senior Staff,2019-08-18,5.37,16529890,L,27,S2,EMP00155,2.7,False,19160183.29032258,17140453.0,19163698.0,21001369.25,62,below_p25,-0.1374373568191275
EMP00007,Cut Putri Napitupulu,Engineering,3,Specialist,2020-07-10,4.48,20362375,L,43,S1,EMP00155,3.5,False,23711466.244897958,21585251.0,23299852.0,26477845.0,49,below_p25,-0.12607277505453682
EMP00008,"Sadina Palastri, S.Farm",Engineering,3,Specialist,2020-06-26,4.51,22729239,P,26,S2,EMP00155,3.6,False,23711466.244897958,21585251.0,23299852.0,26477845.0,49,p25_to_p50,-0.02448998388487618
EMP00009,Ikin Rahmawati,Engineering,1,Staff,2020-12-03,4.08,14393530,L,35,S1,EMP00155,4.4,False,14795718.7,13486210.5,14745058.0,15908522.0,70,p25_to_p50,-0.023840394524050023
EMP00010,Yessi Ardianto,Engineering,2,Senior Staff,2023-06-29,1.51,20473412,L,44,S1,EMP00155,4.0,False,19160183.29032258,17140453.0,19163698.0,21001369.25,62,p50_to_p75,0.06834348986296904
EMP00011,"KH. Capa Anggraini, S.Psi",Engineering,2,Senior Staff,2018-08-15,6.38,15484519,L,28,S1,EMP00155,2.4,True,19160183.29032258,17140453.0,19163698.0,21001369.25,62,below_p25,-0.19198690148425424
EMP00012,Eva Pratama,Engineering,1,Staff,2021-07-30,3.42,15360989,P,41,S1,EMP00155,3.9,False,14795718.7,13486210.5,14745058.0,15908522.0,70,p50_to_p75,0.04177202965224009
EMP00013,"Tgk. Baktiono Iswahyudi, S.Sos",Engineering,2,Senior Staff,2022-02-12,2.88,15671093,L,22,S1,EMP00155,3.8,True,19160183.29032258,17140453.0,19163698.0,21001369.25,62,below_p25,-0.18225109788309124
EMP00014,Gatot Situmorang,Engineering,3,Specialist,2021-03-28,3.76,22170054,L,42,D3,EMP00155,3.1,False,23711466.244897958,21585251.0,23299852.0,26477845.0,49,p25_to_p50,-0.04848949255128316
EMP00015,Tgk. Yani Gunawan,Engineering,1,Staff,2022-01-27,2.93,15927008,P,25,S2,EMP00155,2.9,False,14795718.7,13486210.5,14745058.0,15908522.0,70,above_p75,0.08015906075106656
EMP00016,"Michelle Nasyiah, S.IP",Engineering,1,Staff,2022-07-06,2.49,14544814,L,43,S1,EMP00155,2.8,False,14795718.7,13486210.5,14745058.0,15908522.0,70,p25_to_p50,-0.013580414536178833
EMP00017,Cindy Puspasari,Engineering,2,Senior Staff,2020-01-11,4.97,17151253,P,31,S1,EMP00155,2.3,False,19160183.29032258,17140453.0,19163698.0,21001369.25,62,p25_to_p50,-0.1050133956400273
EMP00018,Yance Utami,Engineering,4,Lead,2022-04-03,2.75,25324255,L,40,S1,,2.8,False,24546487.85714286,22680203.5,24457318.0,26287897.75,14,p50_to_p75,0.03544693657742848
EMP00019,dr. Ratih Nababan,Engineering,2,Senior Staff,2022-11-27,2.09,23352153,P,31,S1,EMP00155,2.7,True,19160183.29032258,17140453.0,19163698.0,21001369.25,62,above_p75,0.21856193935011917
EMP00020,"Betania Gunawan, S.H.",Engineering,3,Specialist,2021-07-05,3.49,21762360,P,32,D3,EMP00155,2.4,False,23711466.244897958,21585251.0,23299852.0,26477845.0,49,p25_to_p50,-0.06598720026204458
EMP00021,"T. Bahuwirya Pradipta, S.IP",Engineering,5,Manager,2022-06-07,2.57,31924022,L,36,S1,,2.8,False,30678396.0,29090833.0,29991361.0,31924022.0,5,above_p75,0.06444059007525534
EMP00022,Indah Hasanah,Engineering,1,Staff,2020-12-24,4.02,14686542,L,37,S1,EMP00155,4.1,False,14795718.7,13486210.5,14745058.0,15908522.0,70,p25_to_p50,-0.003968516095358865
EMP00023,"Rafid Utama, S.E.",Engineering,1,Staff,2022-03-21,2.78,14879476,L,25,S2,EMP00155,4.7,False,14795718.7,13486210.5,14745058.0,15908522.0,70,p50_to_p75,0.009116139115899036
EMP00024,Kamila Pranowo,Engineering,1,Staff,2018-08-29,6.34,13453863,P,28,S1,EMP00155,4.7,False,14795718.7,13486210.5,14745058.0,15908522.0,70,below_p25,-0.08756798379497727
EMP00025,"Emas Zulaika, S.Pt",Engineering,2,Senior Staff,2022-10-29,2.17,18314591,L,50,D3,EMP00155,3.5,False,19160183.29032258,17140453.0,19163698.0,21001369.25,62,p25_to_p50,-0.04430809752898423
EMP00026,Hj. Ella Nasyidah,Engineering,1,Staff,2022-04-23,2.69,15393392,P,35,S1,EMP00155,4.6,False,14795718.7,13486210.5,14745058.0,15908522.0,70,p50_to_p75,0.043969579502501785
EMP00027,"Hesti Marpaung, M.M.",Engineering,2,Senior Staff,2021-05-21,3.61,17629165,P,31,S1,EMP00155,4.2,True,19160183.29032258,17140453.0,19163698.0,21001369.25,62,p25_to_p50,-0.08007499387644285
EMP00028,Humaira Uyainah,Engineering,1,Staff,2023-11-22,1.11,19214964,L,50,S1,EMP00155,4.7,True,14795718.7,13486210.5,14745058.0,15908522.0,70,above_p75,0.3031460439151884
EMP00029,"Puti Prasetya, S.Psi",Engineering,4,Lead,2020-01-14,4.96,22953190,L,48,S1,,3.8,False,24546487.85714286,22680203.5,24457318.0,26287897.75,14,p25_to_p50,-0.0615001203320822
EMP00030,"Cut Ghaliyati Firmansyah, S.Psi",Engineering,4,Lead,2018-11-18,6.12,26609112,L,22,S1,,3.6,True,24546487.85714286,22680203.5,24457318.0,26287897.75,14,above_p75,0.0879816012532527
EMP00031,Hasna Haryanto,Engineering,1,Staff,2019-10-15,5.21,14266750,L,39,S1,EMP00155,3.9,False,14795718.7,13486210.5,14745058.0,15908522.0,70,p25_to_p50,-0.03243852957377313
EMP00032,Vino Purnawati,Engineering,1,Staff,2020-11-10,4.14,14280560,P,49,S1,EMP00155,4.1,False,14795718.7,13486210.5,14745058.0,15908522.0,70,p25_to_p50,-0.03150194458373782
EMP00033,"Iriana Prabowo, M.Kom.",Engineering,2,Senior Staff,2018-09-28,6.26,19444578,L,49,S1,EMP00155,3.3,True,19160183.29032258,17140453.0,19163698.0,21001369.25,62,p50_to_p75,0.014656878855010134
EMP00034,Syahrini Haryanti,Engineering,4,Lead,2023-11-20,1.11,23096462,P,50,D3,,3.3,False,24546487.85714286,22680203.5,24457318.0,26287897.75,14,p25_to_p50,-0.05564207817063179
EMP00035,Eman Mandala,Engineering,1,Staff,2020-05-04,4.66,13598074,P,25,S2,EMP00155,1.8,False,14795718.7,13486210.5,14745058.0,15908522.0,70,p25_to_p50,-0.07778768995008362
EMP00036,Panca Purwanti,Engineering,1,Staff,2019-11-09,5.14,13151306,L,40,S1,EMP00155,3.2,False,14795718.7,13486210.5,14745058.0,15908522.0,70,below_p25,-0.10808719775805561
EMP00037,T. Pangeran Padmasari,Engineering,1,Staff,2022-06-21,2.53,19758568,P,29,S1,EMP00155,5.0,True,14795718.7,13486210.5,14745058.0,15908522.0,70,above_p75,0.34001290466270123
EMP00038,Restu Wacana,Engineering,1,Staff,2022-11-19,2.12,14458153,L,46,S1,EMP00155,4.0,False,14795718.7,13486210.5,14745058.0,15908522.0,70,p25_to_p50,-0.01945770576148293
EMP00039,Gawati Mandala,Engineering,2,Senior Staff,2021-06-18,3.54,18015556,P,25,S1,EMP00155,3.6,True,19160183.29032258,17140453.0,19163698.0,21001369.25,62,p25_to_p50,-0.05991234050964485
EMP00040,drg. Bakijan Hardiansyah,Engineering,2,Senior Staff,2019-08-03,5.41,18900097,L,33,S1,EMP00155,3.3,False,19160183.29032258,17140453.0,19163698.0,21001369.25,62,p25_to_p50,-0.013755226157289684
EMP00041,"Puti Eva Utami, S.E.",Engineering,5,Manager,2019-02-15,5.88,37985352,L,29,S1,,3.5,True,30678396.0,29090833.0,29991361.0,31924022.0,5,above_p75,0.26654312220108983
EMP00042,"Ir. Indra Riyanti, S.Pt",Engineering,3,Specialist,2019-02-06,5.9,23404485,P,25,S2,EMP00155,3.5,True,23711466.244897958,21585251.0,23299852.0,26477845.0,49,p50_to_p75,0.004490715219993672
EMP00043,Kezia Riyanti,Engineering,1,Staff,2022-08-17,2.37,15605256,L,51,S1,EMP00155,3.5,False,14795718.7,13486210.5,14745058.0,15908522.0,70,p50_to_p75,0.05833805468923893
EMP00044,Paris Ramadan,Engineering,4,Lead,2022-03-06,2.82,17861851,L,37,S1,,3.3,False,24546487.85714286,22680203.5,24457318.0,26287897.75,14,below_p25,-0.2696725372749375
EMP00045,Dt. Maman Latupono,Engineering,2,Senior Staff,2021-07-31,3.42,24295624,L,36,S1,EMP00155,2.4,False,19160183.29032258,17140453.0,19163698.0,21001369.25,62,above_p75,0.26779413868868107
EMP00046,"Timbul Nasyiah, S.T.",Engineering,2,Senior Staff,2022-12-07,2.07,22787233,L,42,S1,EMP00155,3.9,False,19160183.29032258,17140453.0,19163698.0,21001369.25,62,above_p75,0.1890832865347805
EMP00047,"Ir. Ganep Kusumo, S.Pd",Engineering,3,Specialist,2018-09-27,6.26,25475406,L,47,S1,EMP00155,3.0,False,23711466.244897958,21585251.0,23299852.0,26477845.0,49,p50_to_p75,0.09337200940160478
EMP00048,Endah Hasanah,Engineering,3,Specialist,2023-09-24,1.27,21865666,P,28,D3,EMP00155,4.3,True,23711466.244897958,21585251.0,23299852.0,26477845.0,49,p25_to_p50,-0.061553438193512985
EMP00049,Xanana Saptono,Engineering,2,Senior Staff,2021-02-05,3.9,15727215,P,50,S2,EMP00155,3.0,False,19160183.29032258,17140453.0,19163698.0,21001369.25,62,below_p25,-0.17932253993983832
EMP00050,KH. Cemani Mayasari,Engineering,2,Senior Staff,2018-11-24,6.1,15622461,L,50,S1,EMP00155,2.7,False,19160183.29032258,17140453.0,19163698.0,21001369.25,62,below_p25,-0.18478881268114328
EMP00051,Tedi Utami,Engineering,1,Staff,2023-11-17,1.12,15700698,L,39,S1,EMP00155,3.6,False,14795718.7,13486210.5,14745058.0,15908522.0,70,p50_to_p75,0.064810867478446
EMP00052,Zaenab Uyainah,Engineering,3,Specialist,2023-03-03,1.83,17748058,L,49,S2,EMP00155,4.5,False,23711466.244897958,21585251.0,23299852.0,26477845.0,49,below_p25,-0.23827593411322956
EMP00053,Drs. Dalimin Mangunsong,Engineering,3,Specialist,2022-10-18,2.2,23299852,L,42,S1,EMP00155,3.7,False,23711466.244897958,21585251.0,23299852.0,26477845.0,49,p50_to_p75,0.0
EMP00054,Vanesa Marpaung,Engineering,2,Senior Staff,2022-03-26,2.77,21783817,P,26,S1,EMP00155,2.8,False,19160183.29032258,17140453.0,19163698.0,21001369.25,62,above_p75,0.13672303748472764
EMP00055,KH. Virman Nuraini,Engineering,2,Senior Staff,2018-10-20,6.2,21281784,P,50,S2,EMP00155,3.2,False,19160183.29032258,17140453.0,19163698.0,21001369.25,62,above_p75,0.11052595381121118
EMP00056,Liman Sinaga,Engineering,5,Manager,2021-08-20,3.36,29090833,P,25,D3,,2.1,False,30678396.0,29090833.0,29991361.0,31924022.0,5,p25_to_p50,-0.030026246558133858
EMP00057,Anita Kusumo,Engineering,1,Staff,2023-05-28,1.6,12432364,L,35,S2,EMP00155,2.4,False,14795718.7,13486210.5,14745058.0,15908522.0,70,below_p25,-0.1568453647316952
EMP00058,Yance Samosir,Engineering,1,Staff,2019-12-09,5.06,10607217,P,45,S1,EMP00155,3.3,True,14795718.7,13486210.5,14745058.0,15908522.0,70,below_p25,-0.280625617071157
EMP00059,Asmianto Permadi,Engineering,1,Staff,2020-04-30,4.67,15314290,L,51,S1,EMP00155,3.9,False,14795718.7,13486210.5,14745058.0,15908522.0,70,p50_to_p75,0.038604934616059156
EMP00060,Puti Chelsea Laksita,Engineering,2,Senior Staff,2021-06-23,3.52,21205763,L,26,D3,EMP00155,3.2,False,19160183.29032258,17140453.0,19163698.0,21001369.25,62,above_p75,0.10655902634241053
EMP00061,"Puti Vanya Nasyidah, S.E.I",Engineering,1,Staff,2023-01-29,1.92,12349052,L,23,S2,EMP00155,2.5,False,14795718.7,13486210.5,14745058.0,15908522.0,70,below_p25,-0.16249552901046574
EMP00062,Maryanto Kusmawati,Engineering,2,Senior Staff,2018-09-12,6.3,22077883,L,49,S1,EMP00155,4.1,True,19160183.29032258,17140453.0,19163698.0,21001369.25,62,above_p75,0.15206798813047462
EMP00063,R.M. Eman Nuraini,Engineering,4,Lead,2020-02-28,4.84,26615266,P,37,S1,,2.7,True,24546487.85714286,22680203.5,24457318.0,26287897.75,14,above_p75,0.08823322328310897
EMP00064,"Ir. Lintang Prabowo, M.Pd",Engineering,3,Specialist,2023-11-01,1.17,29125986,P,30,D3,EMP00155,2.5,True,23711466.244897958,21585251.0,23299852.0,26477845.0,49,above_p75,0.2500502578299639
EMP00065,"H. Muhammad Pangestu, S.Pd",Engineering,1,Staff,2022-09-27,2.26,17241077,P,48,S1,EMP00155,3.1,True,14795718.7,13486210.5,14745058.0,15908522.0,70,above_p75,0.16927834397124786
EMP00066,Salsabila Yulianti,Engineering,2,Senior Staff,2020-12-28,4.01,19697526,L,45,S1,EMP00155,3.7,False,19160183.29032258,17140453.0,19163698.0,21001369.25,62,p50_to_p75,0.02785621021579447
EMP00067,Maida Maryati,Engineering,2,Senior Staff,2021-01-08,3.98,22162077,L,42,S1,EMP00155,3.7,False,19160183.29032258,17140453.0,19163698.0,21001369.25,62,above_p75,0.15646139904730288
EMP00068,Devi Prayoga,Engineering,2,Senior Staff,2023-03-23,1.78,19205992,P,25,S1,EMP00155,4.3,False,19160183.29032258,17140453.0,19163698.0,21001369.25,62,p50_to_p75,0.0022069853114988556
EMP00069,Atma Sirait,Engineering,1,Staff,2018-09-06,6.32,11817896,L,34,S1,EMP00155,1.7,True,14795718.7,13486210.5,14745058.0,15908522.0,70,below_p25,-0.198518174699618
EMP00070,Lanjar Puspasari,Engineering,3,Specialist,2021-05-06,3.66,19476364,P,36,S1,EMP00155,3.7,False,23711466.244897958,21585251.0,23299852.0,26477845.0,49,below_p25,-0.16409923977199511
EMP00071,Lanjar Prasetya,Engineering,2,Senior Staff,2020-08-05,4.41,21994039,L,31,S1,EMP00155,2.6,False,19160183.29032258,17140453.0,19163698.0,21001369.25,62,above_p75,0.14769284091202023
EMP00072,Bagus Usamah,Engineering,2,Senior Staff,2019-07-24,5.44,20456697,P,44,S1,EMP00155,3.2,False,19160183.29032258,17140453.0,19163698.0,21001369.25,62,p50_to_p75,0.0674712678106282
EMP00073,Dartono Hidayat,Engineering,3,Specialist,2021-02-12,3.88,26477845,L,47,S1,EMP00155,3.7,False,23711466.244897958,21585251.0,23299852.0,26477845.0,49,above_p75,0.13639541573053768
EMP00074,Satya Sitompul,Engineering,1,Staff,2019-12-24,5.02,14263575,L,31,S1,EMP00155,1.9,False,14795718.7,13486210.5,14745058.0,15908522.0,70,p25_to_p50,-0.032653855956348225
EMP00075,Kamidin Prakasa,Engineering,1,Staff,2022-08-18,2.37,9615447,P,40,S1,EMP00155,3.1,False,14795718.7,13486210.5,14745058.0,15908522.0,70,below_p25,-0.347886797054308
EMP00076,Salsabila Laksita,Engineering,1,Staff,2019-10-06,5.24,14345720,L,42,S1,EMP00155,3.3,True,14795718.7,13486210.5,14745058.0,15908522.0,70,p25_to_p50,-0.02708283683929897
EMP00077,Kayun Mustofa,Engineering,1,Staff,2021-05-27,3.6,17162426,P,26,S3,EMP00155,4.6,False,14795718.7,13486210.5,14745058.0,15908522.0,70,above_p75,0.16394428560403085
EMP00078,"Queen Permata, M.Kom.",Engineering,4,Lead,2020-05-29,4.59,24564090,L,26,S1,,4.4,False,24546487.85714286,22680203.5,24457318.0,26287897.75,14,p50_to_p75,0.004365646306761845
EMP00079,Purwanto Kusmawati,Engineering,1,Staff,2018-12-18,6.04,14023935,L,26,S1,EMP00155,3.5,False,14795718.7,13486210.5,14745058.0,15908522.0,70,p25_to_p50,-0.04890608093911872
EMP00080,"dr. Dadap Kuswoyo, S.IP",Engineering,1,Staff,2018-07-20,6.45,13330642,P,39,S1,EMP00155,2.0,False,14795718.7,13486210.5,14745058.0,15908522.0,70,below_p25,-0.09592474983821699
EMP00081,"Irfan Thamrin, S.Farm",Engineering,2,Senior Staff,2021-09-22,3.27,19330844,L,42,S2,EMP00155,2.8,False,19160183.29032258,17140453.0,19163698.0,21001369.25,62,p50_to_p75,0.008722011795426957
EMP00082,Nadia Habibi,Engineering,2,Senior Staff,2022-02-18,2.87,25443358,P,36,S2,EMP00155,3.4,False,19160183.29032258,17140453.0,19163698.0,21001369.25,62,above_p75,0.3276851889442215
EMP00083,"Martani Yuliarti, S.IP",Engineering,1,Staff,2021-11-06,3.15,14841809,L,32,S1,EMP00155,3.7,False,14795718.7,13486210.5,14745058.0,15908522.0,70,p50_to_p75,0.006561588296227794
EMP00084,Hadi Sirait,Engineering,2,Senior Staff,2022-03-19,2.79,17000730,P,27,D3,EMP00155,3.9,False,19160183.29032258,17140453.0,19163698.0,21001369.25,62,below_p25,-0.11286798612668598
EMP00085,"R. Drajat Nababan, S.Kom",Engineering,1,Staff,2021-09-05,3.32,15433287,L,30,S2,EMP00155,2.4,False,14795718.7,13486210.5,14745058.0,15908522.0,70,p50_to_p75,0.046675231796307615
EMP00086,drg. Cahyono Anggraini,Engineering,1,Staff,2020-05-29,4.59,12611360,L,49,S1,EMP00155,3.1,False,14795718.7,13486210.5,14745058.0,15908522.0,70,below_p25,-0.14470597538510868
EMP00087,Estiawan Hariyah,Engineering,1,Staff,2019-07-22,5.45,15539224,L,35,S1,EMP00155,4.4,False,14795718.7,13486210.5,14745058.0,15908522.0,70,p50_to_p75,0.05385980848634166
EMP00088,Taufan Hutagalung,Engineering,1,Staff,2018-09-08,6.31,11708163,L,44,S3,EMP00155,2.3,False,14795718.7,13486210.5,14745058.0,15908522.0,70,below_p25,-0.20596019357807885
EMP00089,Yani Pudjiastuti,Engineering,1,Staff,2019-04-14,5.72,16205679,L,35,S2,EMP00155,2.8,True,14795718.7,13486210.5,14745058.0,15908522.0,70,above_p75,0.09905834212384923
EMP00090,Asirwanda Yulianti,Engineering,3,Specialist,2022-06-26,2.52,24064319,L,49,S1,EMP00155,2.3,True,23711466.244897958,21585251.0,23299852.0,26477845.0,49,p50_to_p75,0.03280995089582543
EMP00091,Dt. Bakiman Prakasa,Engineering,3,Specialist,2019-10-22,5.19,19935966,L,43,S1,EMP00155,2.4,False,23711466.244897958,21585251.0,23299852.0,26477845.0,49,below_p25,-0.14437370675144204
EMP00092,Hasim Laksita,Engineering,1,Staff,2023-05-16,1.63,15072416,L,40,S1,EMP00155,3.7,False,14795718.7,13486210.5,14745058.0,15908522.0,70,p50_to_p75,0.022201201243155503
EMP00093,Gabriella Wacana,Engineering,4,Lead,2020-02-23,4.85,22456454,P,48,S1,,1.6,False,24546487.85714286,22680203.5,24457318.0,26287897.75,14,below_p25,-0.08181044217522133
EMP00094,Catur Wibowo,Engineering,2,Senior Staff,2020-02-04,4.91,17962034,L,39,S1,EMP00155,3.2,True,19160183.29032258,17140453.0,19163698.0,21001369.25,62,p25_to_p50,-0.06270522526497756
EMP00095,Harsaya Saptono,Engineering,3,Specialist,2021-06-29,3.51,30612794,L,43,S1,EMP00155,3.6,False,23711466.244897958,21585251.0,23299852.0,26477845.0,49,above_p75,0.313862165304741
EMP00096,"KH. Jaeman Suwarno, S.Farm",Engineering,1,Staff,2022-11-30,2.09,11570392,L,51,S1,EMP00155,3.6,False,14795718.7,13486210.5,14745058.0,15908522.0,70,below_p25,-0.2153037309178438
EMP00097,"Uchita Puspita, M.Kom.",Engineering,1,Staff,2023-05-14,1.63,16381277,P,32,S1,EMP00155,3.7,False,14795718.7,13486210.5,14745058.0,15908522.0,70,above_p75,0.11096728137658055
EMP00098,Dadap Sihombing,Engineering,1,Staff,2021-06-30,3.5,14960535,P,34,S1,EMP00155,2.8,False,14795718.7,13486210.5,14745058.0,15908522.0,70,p50_to_p75,0.01461350643720764
EMP00099,Asmianto Prastuti,Engineering,3,Specialist,2020-11-23,4.1,20803214,P,31,S1,EMP00155,1.6,False,23711466.244897958,21585251.0,23299852.0,26477845.0,49,below_p25,-0.10715252611905003
EMP00100,"Puput Halim, S.Psi",Engineering,3,Specialist,2019-04-24,5.69,23710497,P,29,S2,EMP00155,4.9,False,23711466.244897958,21585251.0,23299852.0,26477845.0,49,p50_to_p75,0.017624360875768654
EMP00101,Asirwanda Padmasari,Engineering,3,Specialist,2020-06-30,4.5,27147204,P,35,S2,EMP00155,3.0,False,23711466.244897958,21585251.0,23299852.0,26477845.0,49,above_p75,0.16512345228630637
EMP00102,Olivia Nuraini,Engineering,3,Specialist,2021-05-20,3.62,28170391,L,27,S1,EMP00155,3.1,False,23711466.244897958,21585251.0,23299852.0,26477845.0,49,above_p75,0.20903733637449715
EMP00103,Asmianto Melani,Engineering,1,Staff,2023-03-02,1.83,13250621,L,23,S1,EMP00155,3.0,False,14795718.7,13486210.5,14745058.0,15908522.0,70,below_p25,-0.10135172069177348
EMP00104,Soleh Nashiruddin,Engineering,3,Specialist,2022-07-01,2.5,21687937,L,37,S1,EMP00155,2.8,False,23711466.244897958,21585251.0,23299852.0,26477845.0,49,p25_to_p50,-0.06918134072267927
EMP00105,Legawa Hidayat,Engineering,3,Specialist,2021-06-30,3.5,21764602,L,28,S2,EMP00155,3.9,True,23711466.244897958,21585251.0,23299852.0,26477845.0,49,p25_to_p50,-0.06589097647487203
EMP00106,"Setya Prakasa, S.Sos",Engineering,2,Senior Staff,2023-01-16,1.96,15624030,P,22,S2,EMP00155,2.4,False,19160183.29032258,17140453.0,19163698.0,21001369.25,62,below_p25,-0.18470693913043296
EMP00107,Wardaya Purnawati,Engineering,3,Specialist,2021-01-23,3.94,15981065,L,29,S1,EMP00155,2.4,False,23711466.244897958,21585251.0,23299852.0,26477845.0,49,below_p25,-0.31411302526728496
EMP00108,Labuh Riyanti,Engineering,1,Staff,2022-08-03,2.41,12681190,L,49,S1,EMP00155,3.8,True,14795718.7,13486210.5,14745058.0,15908522.0,70,below_p25,-0.13997015135511845
EMP00109,Lukman Hutapea,Engineering,2,Senior Staff,2023-10-23,1.19,21070181,P,49,S1,EMP00155,4.1,True,19160183.29032258,17140453.0,19163698.0,21001369.25,62,above_p75,0.09948408704833482
EMP00110,Sakura Padmasari,Engineering,1,Staff,2023-06-10,1.56,11348378,P,39,S1,EMP00155,3.6,False,14795718.7,13486210.5,14745058.0,15908522.0,70,below_p25,-0.23036057233549032
EMP00111,Drs. Iriana Rajata,Engineering,1,Staff,2019-01-31,5.92,15025787,P,45,S3,EMP00155,3.0,False,14795718.7,13486210.5,14745058.0,15908522.0,70,p50_to_p75,0.019038853560291183
EMP00112,Mulyono Sihotang,Engineering,1,Staff,2023-06-29,1.51,17052607,L,32,S1,EMP00155,3.9,False,14795718.7,13486210.5,14745058.0,15908522.0,70,above_p75,0.1564964342629239
EMP00113,Eman Widodo,Engineering,3,Specialist,2020-06-28,4.51,23680076,L,31,S1,EMP00155,2.1,True,23711466.244897958,21585251.0,23299852.0,26477845.0,49,p50_to_p75,0.0163187302648961
EMP00114,Mumpuni Yuliarti,Engineering,4,Lead,2019-05-12,5.64,32186563,L,43,S1,,3.4,False,24546487.85714286,22680203.5,24457318.0,26287897.75,14,above_p75,0.31602995062663863
EMP00115,Michelle Sihotang,Engineering,2,Senior Staff,2020-04-21,4.7,18920606,L,42,S3,EMP00155,2.4,True,19160183.29032258,17140453.0,19163698.0,21001369.25,62,p25_to_p50,-0.01268502561457606
EMP00116,"R. Adika Haryanti, M.Ak",Engineering,2,Senior Staff,2020-10-20,4.2,19462934,P,39,S1,EMP00155,3.4,False,19160183.29032258,17140453.0,19163698.0,21001369.25,62,p50_to_p75,0.01561473156172676
EMP00117,Puti Belinda Nasyiah,Engineering,1,Staff,2020-01-11,4.97,16195500,L,23,S1,EMP00155,3.6,False,14795718.7,13486210.5,14745058.0,15908522.0,70,above_p75,0.09836800913228012
EMP00118,Jono Saptono,Engineering,3,Specialist,2023-01-29,1.92,22631716,L,28,S1,EMP00155,2.9,False,23711466.244897958,21585251.0,23299852.0,26477845.0,49,p25_to_p50,-0.028675546951972056
EMP00119,Wardi Tampubolon,Engineering,3,Specialist,2021-01-17,3.95,22058124,L,43,D3,EMP00155,2.5,False,23711466.244897958,21585251.0,23299852.0,26477845.0,49,p25_to_p50,-0.05329338572622693
EMP00120,Tasnim Prasasta,Engineering,2,Senior Staff,2023-09-24,1.27,17384866,L,45,S1,EMP00155,3.1,False,19160183.29032258,17140453.0,19163698.0,21001369.25,62,p25_to_p50,-0.0928230031594111
EMP00121,Intan Manullang,Engineering,1,Staff,2021-05-23,3.61,13955365,P,26,S1,EMP00155,4.4,False,14795718.7,13486210.5,14745058.0,15908522.0,70,p25_to_p50,-0.05355645260940988
EMP00122,Zahra Palastri,Engineering,1,Staff,2022-01-27,2.93,15065640,P,36,S1,EMP00155,3.5,False,14795718.7,13486210.5,14745058.0,15908522.0,70,p50_to_p75,0.021741657442107043
EMP00123,"Ilsa Suryatmi, M.TI.",Engineering,4,Lead,2021-01-15,3.96,22164654,P,45,D3,,3.1,False,24546487.85714286,22680203.5,24457318.0,26287897.75,14,below_p25,-0.0937414315011973
EMP00124,Mulyanto Puspasari,Engineering,4,Lead,2023-11-26,1.1,24960014,P,28,S2,,4.8,False,24546487.85714286,22680203.5,24457318.0,26287897.75,14,p50_to_p75,0.020554011686808833
EMP00125,Salimah Jailani,Engineering,2,Senior Staff,2020-07-12,4.47,30205432,P,33,S2,EMP00155,3.9,False,19160183.29032258,17140453.0,19163698.0,21001369.25,62,above_p75,0.5761797122872632
EMP00126,Eman Latupono,Engineering,3,Specialist,2021-03-14,3.8,22605158,L,36,S1,EMP00155,3.6,True,23711466.244897958,21585251.0,23299852.0,26477845.0,49,p25_to_p50,-0.02981538251830956
EMP00127,Paiman Puspasari,Engineering,3,Specialist,2023-09-01,1.33,19418231,P,32,S1,EMP00155,2.5,False,23711466.244897958,21585251.0,23299852.0,26477845.0,49,below_p25,-0.16659423416080069
EMP00128,Empluk Suryono,Engineering,1,Staff,2021-05-05,3.66,14111762,L,28,S1,EMP00155,3.0,False,14795718.7,13486210.5,14745058.0,15908522.0,70,p25_to_p50,-0.04294971237142641
EMP00129,R.A. Tina Siregar,Engineering,2,Senior Staff,2023-06-09,1.56,14117311,L,50,S2,EMP00155,2.1,True,19160183.29032258,17140453.0,19163698.0,21001369.25,62,below_p25,-0.26333054298810177
EMP00130,Mahfud Usada,Engineering,2,Senior Staff,2022-04-17,2.71,21613998,L,48,S1,EMP00155,2.7,False,19160183.29032258,17140453.0,19163698.0,21001369.25,62,above_p75,0.12786154321571963
EMP00131,"Tgk. Ophelia Lestari, S.T.",Engineering,1,Staff,2018-11-04,6.16,10306710,L,31,S1,EMP00155,2.0,False,14795718.7,13486210.5,14745058.0,15908522.0,70,below_p25,-0.30100580140139155
EMP00132,"Cut Cornelia Usada, S.Farm",Engineering,2,Senior Staff,2023-06-24,1.52,21946215,L,29,S1,EMP00155,3.0,False,19160183.29032258,17140453.0,19163698.0,21001369.25,62,above_p75,0.14519728916621416
EMP00133,"Tgk. Aurora Adriansyah, S.Psi",Engineering,2,Senior Staff,2019-06-01,5.59,18339870,L,34,S2,EMP00155,4.4,False,19160183.29032258,17140453.0,19163698.0,21001369.25,62,p25_to_p50,-0.04298898886843239
EMP00134,"R.M. Makuta Saptono, S.E.",Engineering,2,Senior Staff,2020-01-01,5.0,15954756,L,25,S1,EMP00155,2.8,False,19160183.29032258,17140453.0,19163698.0,21001369.25,62,below_p25,-0.16744899653501114
EMP00135,"Maimunah Puspasari, S.Farm",Engineering,3,Specialist,2019-03-07,5.82,27909316,L,43,S1,EMP00155,3.6,False,23711466.244897958,21585251.0,23299852.0,26477845.0,49,above_p75,0.19783232957874583
EMP00136,Dt. Balidin Hutagalung,Engineering,2,Senior Staff,2023-09-22,1.28,17209754,L,50,S1,EMP00155,3.4,False,19160183.29032258,17140453.0,19163698.0,21001369.25,62,p25_to_p50,-0.10196069672982741
EMP00137,"Eka Palastri, S.Gz",Engineering,2,Senior Staff,2019-06-20,5.53,18766929,P,35,S1,EMP00155,3.6,False,19160183.29032258,17140453.0,19163698.0,21001369.25,62,p25_to_p50,-0.02070419811458102
EMP00138,"dr. Restu Puspasari, S.E.I",Engineering,1,Staff,2021-11-28,3.09,14803574,P,38,S1,EMP00155,4.1,True,14795718.7,13486210.5,14745058.0,15908522.0,70,p50_to_p75,0.003968516095358865
EMP00139,Dian Gunarto,Engineering,3,Specialist,2018-12-25,6.02,23498090,P,40,S2,EMP00155,2.9,True,23711466.244897958,21585251.0,23299852.0,26477845.0,49,p50_to_p75,0.008508122712539118
EMP00140,Karimah Gunarto,Engineering,1,Staff,2019-07-07,5.49,16051711,L,44,S1,EMP00155,3.6,False,14795718.7,13486210.5,14745058.0,15908522.0,70,above_p75,0.08861633504595234
EMP00141,Fathonah Zulaika,Engineering,5,Manager,2023-08-12,1.39,29991361,P,45,S1,,3.8,True,30678396.0,29090833.0,29991361.0,31924022.0,5,p50_to_p75,0.0
EMP00142,Mulyanto Jailani,Engineering,2,Senior Staff,2022-05-16,2.63,15279048,L,41,S1,EMP00155,3.3,True,19160183.29032258,17140453.0,19163698.0,21001369.25,62,below_p25,-0.20270878825162034
EMP00143,Victoria Purwanti,Engineering,2,Senior Staff,2021-07-30,3.42,19388150,P,26,S1,EMP00155,3.9,False,19160183.29032258,17140453.0,19163698.0,21001369.25,62,p50_to_p75,0.011712353221178919
EMP00144,"drg. Raina Mangunsong, S.H.",Engineering,1,Staff,2022-04-15,2.71,16032567,L,41,S1,EMP00155,3.8,False,14795718.7,13486210.5,14745058.0,15908522.0,70,above_p75,0.08731800173319088
EMP00145,"R. Wirda Nugroho, S.Farm",Engineering,3,Specialist,2018-08-08,6.4,18226470,P,47,S1,EMP00155,3.4,False,23711466.244897958,21585251.0,23299852.0,26477845.0,49,below_p25,-0.21774309982741522
EMP00146,Cemani Sitorus,Engineering,3,Specialist,2019-11-14,5.13,28089799,L,41,S1,EMP00155,4.5,False,23711466.244897958,21585251.0,23299852.0,26477845.0,49,above_p75,0.2055784302835915
EMP00147,"dr. Rama Winarsih, S.H.",Engineering,2,Senior Staff,2023-02-11,1.89,19121404,L,43,S1,EMP00155,4.1,False,19160183.29032258,17140453.0,19163698.0,21001369.25,62,p25_to_p50,-0.0022069853114988556
EMP00148,Endah Kurniawan,Engineering,2,Senior Staff,2021-06-01,3.58,19731675,P,35,D3,EMP00155,3.9,False,19160183.29032258,17140453.0,19163698.0,21001369.25,62,p50_to_p75,0.029638173175135615
EMP00149,Ani Halimah,Engineering,4,Lead,2019-02-18,5.87,24350546,P,31,S1,,2.1,True,24546487.85714286,22680203.5,24457318.0,26287897.75,14,p25_to_p50,-0.004365646306761845
EMP00150,Daliono Haryanti,Engineering,2,Senior Staff,2019-03-22,5.78,20576487,L,30,S1,EMP00155,3.5,False,19160183.29032258,17140453.0,19163698.0,21001369.25,62,p50_to_p75,0.07372214903407474
EMP00151,Ina Pradana,Engineering,2,Senior Staff,2020-12-22,4.02,13519894,L,43,S2,EMP00155,3.4,False,19160183.29032258,17140453.0,19163698.0,21001369.25,62,below_p25,-0.2945049541064569
EMP00152,Ajiono Wahyuni,Engineering,1,Staff,2021-02-12,3.88,16132314,P,33,S1,EMP00155,3.0,False,14795718.7,13486210.5,14745058.0,15908522.0,70,above_p75,0.09408277675136985
EMP00153,Heru Sitompul,Engineering,3,Specialist,2022-12-20,2.03,19497700,P,50,S1,EMP00155,4.2,False,23711466.244897958,21585251.0,23299852.0,26477845.0,49,below_p25,-0.16318352580093642
EMP00154,Zelaya Hidayat,Engineering,1,Staff,2019-07-22,5.45,16271894,P,29,S2,EMP00155,2.6,False,14795718.7,13486210.5,14745058.0,15908522.0,70,above_p75,0.10354899926470279
EMP00155,"T. Gara Yuniar, M.TI.",Engineering,5,Manager,2022-08-30,2.34,24400412,L,44,S1,,4.5,False,30678396.0,29090833.0,29991361.0,31924022.0,5,below_p25,-0.1864186490236305
EMP00156,Shania Nasyiah,Engineering,2,Senior Staff,2021-06-06,3.57,23319764,L,39,D3,EMP00155,3.1,False,19160183.29032258,17140453.0,19163698.0,21001369.25,62,above_p75,0.21687181670260092
EMP00157,Ana Latupono,Engineering,3,Specialist,2023-09-16,1.29,27946282,L,32,S1,EMP00155,3.4,False,23711466.244897958,21585251.0,23299852.0,26477845.0,49,above_p75,0.19941886326144903
EMP00158,Elma Prastuti,Engineering,1,Staff,2021-06-28,3.51,15519046,P,51,S3,EMP00155,4.4,False,14795718.7,13486210.5,14745058.0,15908522.0,70,p50_to_p75,0.05249134998316046
EMP00159,Ani Kurniawan,Engineering,2,Senior Staff,2020-07-04,4.49,20007014,P,24,S1,EMP00155,3.4,False,19160183.29032258,17140453.0,19163698.0,21001369.25,62,p50_to_p75,0.044005911593889654
EMP00160,drg. Jelita Sihotang,Engineering,3,Specialist,2020-02-01,4.91,21585251,P,46,S1,EMP00155,2.9,False,23711466.244897958,21585251.0,23299852.0,26477845.0,49,p25_to_p50,-0.07358849318012835
EMP00161,Rachel Melani,Engineering,3,Specialist,2023-11-30,1.09,28513941,L,51,S1,EMP00155,3.8,False,23711466.244897958,21585251.0,23299852.0,26477845.0,49,above_p75,0.22378206522513533
EMP00162,Harsana Permata,Engineering,3,Specialist,2022-12-17,2.04,24324021,P,34,S2,EMP00155,2.7,False,23711466.244897958,21585251.0,23299852.0,26477845.0,49,p50_to_p75,0.043956030278647265
EMP00163,Dodo Gunawan,Engineering,3,Specialist,2018-11-14,6.13,28124049,P,34,S1,EMP00155,3.0,False,23711466.244897958,21585251.0,23299852.0,26477845.0,49,above_p75,0.20704839670226233
EMP00164,"Maya Adriansyah, M.TI.",Engineering,3,Specialist,2020-11-05,4.15,21313160,L,48,D3,EMP00155,3.6,True,23711466.244897958,21585251.0,23299852.0,26477845.0,49,below_p25,-0.08526629267859727
EMP00165,"Dr. Mahfud Winarsih, S.Kom",Engineering,2,Senior Staff,2023-06-14,1.55,18239095,L,35,S1,EMP00155,3.3,False,19160183.29032258,17140453.0,19163698.0,21001369.25,62,p25_to_p50,-0.04824762945022407
EMP00166,Mala Hidayat,Engineering,1,Staff,2023-07-27,1.43,14419611,L,47,S1,EMP00155,3.0,True,14795718.7,13486210.5,14745058.0,15908522.0,70,p25_to_p50,-0.022071598497611877
EMP00167,"Viman Sitompul, M.Ak",Engineering,2,Senior Staff,2020-10-01,4.25,18501915,L,29,S1,EMP00155,3.4,False,19160183.29032258,17140453.0,19163698.0,21001369.25,62,p25_to_p50,-0.03453315743130579
EMP00168,Salimah Maheswara,Engineering,2,Senior Staff,2020-07-18,4.45,20794934,L,28,S2,EMP00155,3.7,True,19160183.29032258,17140453.0,19163698.0,21001369.25,62,p50_to_p75,0.08512114937315335
EMP00169,"Ifa Mayasari, S.Pd",Engineering,3,Specialist,2023-08-04,1.41,23439253,L,33,S2,EMP00155,3.1,False,23711466.244897958,21585251.0,23299852.0,26477845.0,49,p50_to_p75,0.005982913539536646
EMP00170,"Hasan Simbolon, S.Sos",Engineering,1,Staff,2018-10-12,6.22,12126553,L,51,S1,EMP00155,2.3,False,14795718.7,13486210.5,14745058.0,15908522.0,70,below_p25,-0.1775852628046631
EMP00171,"Ida Puspasari, S.E.I",Engineering,1,Staff,2023-11-20,1.11,21685933,L,38,S1,EMP00155,4.8,True,14795718.7,13486210.5,14745058.0,15908522.0,70,above_p75,0.47072551359241854
EMP00172,Imam Widiastuti,Engineering,2,Senior Staff,2021-11-30,3.09,16143475,L,36,S1,EMP00155,3.4,False,19160183.29032258,17140453.0,19163698.0,21001369.25,62,below_p25,-0.157601262553814
EMP00173,Shania Natsir,Engineering,3,Specialist,2019-11-07,5.15,18456967,L,30,D3,EMP00155,3.9,False,23711466.244897958,21585251.0,23299852.0,26477845.0,49,below_p25,-0.20785046188276218
EMP00174,Ir. Ilsa Waskita,Engineering,2,Senior Staff,2023-11-14,1.13,19806265,L,28,S1,EMP00155,3.9,False,19160183.29032258,17140453.0,19163698.0,21001369.25,62,p50_to_p75,0.033530428208584796
EMP00175,Dt. Gadang Suwarno,Engineering,3,Specialist,2019-05-22,5.61,30071694,P,50,S1,EMP00155,4.6,False,23711466.244897958,21585251.0,23299852.0,26477845.0,49,above_p75,0.29063884182611976
EMP00176,Irfan Prastuti,Engineering,1,Staff,2019-02-09,5.89,13945000,P,24,S1,EMP00155,3.5,True,14795718.7,13486210.5,14745058.0,15908522.0,70,p25_to_p50,-0.05425939999693457
EMP00177,Hj. Janet Hastuti,Engineering,1,Staff,2022-01-24,2.93,21121577,L,32,S2,EMP00155,3.7,False,14795718.7,13486210.5,14745058.0,15908522.0,70,above_p75,0.43245126604452827
EMP00178,Maimunah Wulandari,Engineering,1,Staff,2023-09-30,1.25,12198936,L,49,S2,EMP00155,2.2,False,14795718.7,13486210.5,14745058.0,15908522.0,70,below_p25,-0.17267629601728254
EMP00179,Kajen Kusmawati,Engineering,4,Lead,2018-09-23,6.27,27919165,L,44,S1,,3.7,True,24546487.85714286,22680203.5,24457318.0,26287897.75,14,above_p75,0.14154646883194633
EMP00180,"KH. Oman Narpati, S.Pt",Engineering,3,Specialist,2021-05-24,3.61,24494374,L,50,S1,EMP00155,3.1,False,23711466.244897958,21585251.0,23299852.0,26477845.0,49,p50_to_p75,0.0512673642733868
EMP00181,Oliva Wijayanti,Engineering,2,Senior Staff,2022-05-11,2.64,19692645,L,51,S1,EMP00155,2.9,True,19160183.29032258,17140453.0,19163698.0,21001369.25,62,p50_to_p75,0.027601509896471966
EMP00182,"Lukman Sitorus, S.Pt",Engineering,4,Lead,2018-08-16,6.38,22589208,L,25,S1,,4.3,False,24546487.85714286,22680203.5,24457318.0,26287897.75,14,below_p25,-0.0763824553452672
EMP00183,"R.A. Samiah Saragih, S.H.",Engineering,1,Staff,2021-11-16,3.12,14618904,L,49,S1,EMP00155,2.4,False,14795718.7,13486210.5,14745058.0,15908522.0,70,p25_to_p50,-0.008555680147205931
EMP00184,"Sutan Cakrajiya Dongoran, S.Gz",Engineering,1,Staff,2022-05-08,2.65,13650518,L,41,S1,EMP00155,4.0,False,14795718.7,13486210.5,14745058.0,15908522.0,70,p25_to_p50,-0.07423097284527466
EMP00185,Jaswadi Suryatmi,Engineering,2,Senior Staff,2021-03-21,3.78,21127181,L,43,S2,EMP00155,3.1,False,19160183.29032258,17140453.0,19163698.0,21001369.25,62,above_p75,0.10245846078350848
EMP00186,"Puti Mutia Agustina, M.Farm",Engineering,3,Specialist,2018-09-07,6.32,24595131,L,49,S2,EMP00155,4.2,False,23711466.244897958,21585251.0,23299852.0,26477845.0,49,p50_to_p75,0.05559172650538725
EMP00187,Nasim Winarno,Engineering,2,Senior Staff,2018-12-13,6.05,17136853,L,39,S1,EMP00155,4.3,False,19160183.29032258,17140453.0,19163698.0,21001369.25,62,below_p25,-0.10576481637312381
EMP00188,Lalita Prasasta,Engineering,1,Staff,2023-02-08,1.89,16901899,L,47,S2,EMP00155,3.5,False,14795718.7,13486210.5,14745058.0,15908522.0,70,above_p75,0.14627551821091514
EMP00189,Marwata Ardianto,Engineering,3,Specialist,2018-08-03,6.41,23080111,L,33,S1,EMP00155,2.9,False,23711466.244897958,21585251.0,23299852.0,26477845.0,49,p25_to_p50,-0.009431004111099074
EMP00190,"KH. Timbul Kurniawan, S.Farm",Engineering,1,Staff,2022-08-15,2.38,13583253,P,50,S1,EMP00155,2.7,False,14795718.7,13486210.5,14745058.0,15908522.0,70,p25_to_p50,-0.07879284028587748
EMP00191,Cecep Maryati,Engineering,3,Specialist,2023-04-15,1.71,25193690,P,25,S1,EMP00155,3.3,False,23711466.244897958,21585251.0,23299852.0,26477845.0,49,p50_to_p75,0.0812811171504437
EMP00192,Alika Puspita,Engineering,2,Senior Staff,2018-11-17,6.12,15708369,L,33,S1,EMP00155,3.8,False,19160183.29032258,17140453.0,19163698.0,21001369.25,62,below_p25,-0.18030596182427838
EMP00193,Vero Maheswara,Engineering,2,Senior Staff,2019-12-24,5.02,19838022,L,48,S1,EMP00155,2.3,False,19160183.29032258,17140453.0,19163698.0,21001369.25,62,p50_to_p75,0.03518757183503935
EMP00194,Diana Hariyah,Engineering,1,Staff,2023-04-23,1.69,15523666,L,33,S1,EMP00155,4.2,False,14795718.7,13486210.5,14745058.0,15908522.0,70,p50_to_p75,0.05280467530205714
EMP00195,"Karta Purwanti, M.Ak",Engineering,1,Staff,2020-10-27,4.18,12766637,P,27,S2,EMP00155,4.0,False,14795718.7,13486210.5,14745058.0,15908522.0,70,below_p25,-0.13417519280019108
EMP00196,Usyi Handayani,Engineering,3,Specialist,2022-08-07,2.4,33788724,L,24,D3,EMP00155,3.4,False,23711466.244897958,21585251.0,23299852.0,26477845.0,49,above_p75,0.450169039700338
EMP00197,Drs. Maria Pudjiastuti,Engineering,1,Staff,2022-10-26,2.18,21211147,L,38,S2,EMP00155,3.7,False,14795718.7,13486210.5,14745058.0,15908522.0,70,above_p75,0.43852584370980435
EMP00198,Endah Kusmawati,Engineering,3,Specialist,2021-10-28,3.18,18536337,L,23,S1,EMP00155,3.7,False,23711466.244897958,21585251.0,23299852.0,26477845.0,49,below_p25,-0.2044440024769256
EMP00199,Hana Prayoga,Engineering,2,Senior Staff,2023-07-19,1.45,18049163,P,49,S1,EMP00155,3.2,True,19160183.29032258,17140453.0,19163698.0,21001369.25,62,p25_to_p50,-0.05815866019178553
EMP00200,"Hj. Ika Nurdiyanti, M.Kom.",Engineering,2,Senior Staff,2019-08-27,5.35,15833778,P,27,S2,EMP00155,4.2,False,19160183.29032258,17140453.0,19163698.0,21001369.25,62,below_p25,-0.17376186996893814
EMP00201,"Digdaya Saefullah, M.M.",Product,2,Senior Staff,2023-03-27,1.77,17685137,L,51,S1,EMP00254,3.5,False,21933124.066666666,19617637.5,21664158.0,23964332.5,15,below_p25,-0.18366838905070762
EMP00202,Nasab Suwarno,Product,4,Lead,2018-09-18,6.29,37859904,L,48,S1,,1.2,False,33426444.5,32420237.25,34062805.0,35069012.25,4,above_p75,0.11147346790729654
EMP00203,Empluk Sitorus,Product,3,Specialist,2022-11-14,2.13,22939302,P,33,S1,EMP00254,3.7,False,24997261.125,21740051.75,24105186.5,27104796.75,16,p25_to_p50,-0.04836654136652293
EMP00204,Puput Hutapea,Product,3,Specialist,2023-06-15,1.55,20392234,L,23,S2,EMP00254,4.8,False,24997261.125,21740051.75,24105186.5,27104796.75,16,below_p25,-0.15403127040730424
EMP00205,Cakrawangsa Pradipta,Product,3,Specialist,2019-03-22,5.78,25719234,L,51,S1,EMP00254,3.1,True,24997261.125,21740051.75,24105186.5,27104796.75,16,p50_to_p75,0.06695851533859735
EMP00206,Talia Mangunsong,Product,3,Specialist,2021-12-15,3.04,26964404,P,49,S2,EMP00254,3.9,False,24997261.125,21740051.75,24105186.5,27104796.75,16,p50_to_p75,0.1186142036279205
EMP00207,"Gabriella Haryanto, S.Farm",Product,4,Lead,2020-07-20,4.45,27720264,P,50,S1,,4.9,False,33426444.5,32420237.25,34062805.0,35069012.25,4,below_p25,-0.18620137126111605
EMP00208,Julia Namaga,Product,2,Senior Staff,2022-03-01,2.84,23857410,P,45,S1,EMP00254,4.5,False,21933124.066666666,19617637.5,21664158.0,23964332.5,15,p50_to_p75,0.10123873727287255
EMP00209,Lidya Halim,Product,3,Specialist,2019-07-25,5.44,30194557,L,28,S1,EMP00254,3.1,False,24997261.125,21740051.75,24105186.5,27104796.75,16,above_p75,0.252616610122473
EMP00210,Rafi Andriani,Product,2,Senior Staff,2021-01-20,3.95,21062983,L,37,S1,EMP00254,1.3,False,21933124.066666666,19617637.5,21664158.0,23964332.5,15,p25_to_p50,-0.027749751455837794
EMP00211,Vera Padmasari,Product,1,Staff,2018-09-02,6.33,22335505,P,24,S1,EMP00254,3.1,True,18385427.56521739,17058813.0,18398377.0,19223955.5,23,above_p75,0.21399322342400093
EMP00212,"Ayu Permata, S.Sos",Product,1,Staff,2021-04-03,3.75,17142144,P,48,S1,EMP00254,3.8,False,18385427.56521739,17058813.0,18398377.0,19223955.5,23,p25_to_p50,-0.06827955531077551
EMP00213,Agnes Thamrin,Product,5,Manager,2021-06-17,3.54,36493359,P,41,S2,,4.7,False,35068284.5,34355747.25,35068284.5,35780821.75,2,above_p75,0.0406371318220599
EMP00214,Umi Wibisono,Product,3,Specialist,2020-02-13,4.88,31315708,L,33,S1,EMP00254,3.3,False,24997261.125,21740051.75,24105186.5,27104796.75,16,above_p75,0.2991273890372099
EMP00215,"drg. Paulin Palastri, M.Ak",Product,2,Senior Staff,2020-09-11,4.3,26636218,P,44,S1,EMP00254,3.4,False,21933124.066666666,19617637.5,21664158.0,23964332.5,15,above_p75,0.22950626560238344
EMP00216,Jinawi Prasetya,Product,1,Staff,2020-11-18,4.12,16975482,L,25,S2,EMP00254,4.6,False,18385427.56521739,17058813.0,18398377.0,19223955.5,23,below_p25,-0.07733807172230464
EMP00217,Maya Laksita,Product,3,Specialist,2019-12-30,5.0,23912800,L,44,S1,EMP00254,3.9,False,24997261.125,21740051.75,24105186.5,27104796.75,16,p25_to_p50,-0.007981124726000356
EMP00218,Harsaya Sirait,Product,2,Senior Staff,2022-07-31,2.42,20494043,L,31,S2,EMP00254,2.7,True,21933124.066666666,19617637.5,21664158.0,23964332.5,15,p25_to_p50,-0.054011561400170736
EMP00219,"Mustika Waskita, S.E.",Product,3,Specialist,2020-10-13,4.22,22615036,L,44,S1,EMP00254,3.0,False,24997261.125,21740051.75,24105186.5,27104796.75,16,p25_to_p50,-0.06181866711547741
EMP00220,"Dr. Dian Oktaviani, M.Pd",Product,3,Specialist,2022-09-03,2.33,19683053,L,36,S1,EMP00254,3.5,False,24997261.125,21740051.75,24105186.5,27104796.75,16,below_p25,-0.18345153645668744
EMP00221,Umaya Wijaya,Product,3,Specialist,2023-11-04,1.16,20009694,P,35,S1,EMP00254,2.3,False,24997261.125,21740051.75,24105186.5,27104796.75,16,below_p25,-0.1699008841935324
EMP00222,Ir. Salimah Dongoran,Product,1,Staff,2020-07-12,4.47,14882256,P,41,S2,EMP00254,1.4,False,18385427.56521739,17058813.0,18398377.0,19223955.5,23,below_p25,-0.19111038979144737
EMP00223,Margana Aryani,Product,3,Specialist,2021-12-26,3.01,26318670,L,35,S1,EMP00254,2.0,False,24997261.125,21740051.75,24105186.5,27104796.75,16,p50_to_p75,0.09182602673495183
EMP00224,Sakti Hariyah,Product,1,Staff,2019-10-20,5.2,24329389,P,38,S3,EMP00254,2.6,False,18385427.56521739,17058813.0,18398377.0,19223955.5,23,above_p75,0.3223660434830746
EMP00225,Asirwanda Rajata,Product,2,Senior Staff,2020-04-26,4.68,25521052,P,48,S2,EMP00254,3.5,False,21933124.066666666,19617637.5,21664158.0,23964332.5,15,above_p75,0.1780311055707773
EMP00226,Jane Prabowo,Product,1,Staff,2021-08-04,3.41,19551470,L,32,S2,EMP00254,3.7,False,18385427.56521739,17058813.0,18398377.0,19223955.5,23,above_p75,0.06267362604864549
EMP00227,Jane Sirait,Product,1,Staff,2019-10-16,5.21,16380901,P,34,S1,EMP00254,2.8,True,18385427.56521739,17058813.0,18398377.0,19223955.5,23,below_p25,-0.109655107078195
EMP00228,"dr. Estiawan Andriani, S.T.",Product,2,Senior Staff,2018-12-13,6.05,19906156,L,49,S2,EMP00254,2.4,True,21933124.066666666,19617637.5,21664158.0,23964332.5,15,p25_to_p50,-0.08114794953027946
EMP00229,"Puti Nadine Budiyanto, M.Pd",Product,3,Specialist,2020-11-21,4.11,21280094,P,29,S1,EMP00254,3.4,False,24997261.125,21740051.75,24105186.5,27104796.75,16,below_p25,-0.1171985331870384
EMP00230,Wawan Tampubolon,Product,1,Staff,2019-12-10,5.06,18079619,L,47,S1,EMP00254,4.0,False,18385427.56521739,17058813.0,18398377.0,19223955.5,23,p25_to_p50,-0.01732533255514875
EMP00231,Martaka Hidayat,Product,3,Specialist,2019-01-29,5.92,24297573,L,37,S1,EMP00254,3.1,False,24997261.125,21740051.75,24105186.5,27104796.75,16,p50_to_p75,0.007981124726000356
EMP00232,"Ir. Arta Dabukke, S.H.",Product,1,Staff,2022-12-27,2.01,14620218,P,27,S3,EMP00254,2.5,False,18385427.56521739,17058813.0,18398377.0,19223955.5,23,below_p25,-0.205352841720767
EMP00233,Salman Damanik,Product,2,Senior Staff,2023-01-12,1.97,23319861,P,34,D3,EMP00254,4.6,False,21933124.066666666,19617637.5,21664158.0,23964332.5,15,p50_to_p75,0.07642591048311224
EMP00234,R. Halima Mahendra,Product,1,Staff,2021-09-08,3.31,17176092,P,36,S2,EMP00254,4.4,False,18385427.56521739,17058813.0,18398377.0,19223955.5,23,p25_to_p50,-0.06643439255538681
EMP00235,Salsabila Latupono,Product,2,Senior Staff,2021-01-05,3.99,21664158,P,46,S1,EMP00254,3.4,True,21933124.066666666,19617637.5,21664158.0,23964332.5,15,p50_to_p75,0.0
EMP00236,R.A. Nadia Rajasa,Product,1,Staff,2018-11-26,6.1,18896441,P,28,S2,EMP00254,2.7,True,18385427.56521739,17058813.0,18398377.0,19223955.5,23,p50_to_p75,0.027071083498289007
EMP00237,"Tgk. Caturangga Sudiati, M.Ak",Product,2,Senior Staff,2023-01-20,1.95,26664234,L,28,S2,EMP00254,1.9,True,21933124.066666666,19617637.5,21664158.0,23964332.5,15,above_p75,0.23079946148841787
EMP00238,"Tina Latupono, S.E.",Product,1,Staff,2020-12-31,4.0,18398377,P,31,S1,EMP00254,3.4,False,18385427.56521739,17058813.0,18398377.0,19223955.5,23,p50_to_p75,0.0
EMP00239,Cici Prastuti,Product,2,Senior Staff,2018-08-29,6.34,21822641,P,35,S1,EMP00254,2.1,False,21933124.066666666,19617637.5,21664158.0,23964332.5,15,p50_to_p75,0.00731544701621914
EMP00240,Wisnu Saragih,Product,1,Staff,2021-08-20,3.36,18144916,L,25,S2,EMP00254,3.4,False,18385427.56521739,17058813.0,18398377.0,19223955.5,23,p25_to_p50,-0.013776269504641633
EMP00241,Hj. Keisha Widodo,Product,4,Lead,2018-09-26,6.26,34138715,L,49,S2,,2.9,False,33426444.5,32420237.25,34062805.0,35069012.25,4,p50_to_p75,0.0022285305041672286
EMP00242,"Faizah Hutagalung, M.Farm",Product,3,Specialist,2021-06-22,3.53,27525975,P,50,S1,EMP00254,5.0,False,24997261.125,21740051.75,24105186.5,27104796.75,16,above_p75,0.141910891251557
EMP00243,"Yance Utami, S.H.",Product,1,Staff,2023-07-16,1.46,18614984,P,51,S1,EMP00254,3.5,False,18385427.56521739,17058813.0,18398377.0,19223955.5,23,p50_to_p75,0.011773158034537504
EMP00244,Mursinin Sihombing,Product,2,Senior Staff,2020-08-18,4.37,24071255,P,51,S1,EMP00254,3.2,False,21933124.066666666,19617637.5,21664158.0,23964332.5,15,above_p75,0.11110964940340631
EMP00245,"Hj. Rahayu Lazuardi, M.Farm",Product,2,Senior Staff,2018-11-17,6.12,17964810,L,46,D3,EMP00254,2.5,False,21933124.066666666,19617637.5,21664158.0,23964332.5,15,below_p25,-0.17075890971622346
EMP00246,"Dt. Ganjaran Nasyidah, S.Farm",Product,1,Staff,2021-06-24,3.52,18682063,L,32,S1,EMP00254,3.3,False,18385427.56521739,17058813.0,18398377.0,19223955.5,23,p50_to_p75,0.015419077454495035
EMP00247,"Hairyanto Hidayat, M.TI.",Product,1,Staff,2021-01-05,3.99,16619723,P,29,S1,EMP00254,2.5,False,18385427.56521739,17058813.0,18398377.0,19223955.5,23,below_p25,-0.09667450558274787
EMP00248,"Ganep Budiman, S.Farm",Product,2,Senior Staff,2019-08-18,5.37,18997784,P,28,S1,EMP00254,2.9,False,21933124.066666666,19617637.5,21664158.0,23964332.5,15,below_p25,-0.1230776658848223
EMP00249,"Dr. Cici Astuti, S.I.Kom",Product,1,Staff,2023-05-14,1.63,18715329,P,36,S1,EMP00254,4.2,False,18385427.56521739,17058813.0,18398377.0,19223955.5,23,p50_to_p75,0.017227171722810117
EMP00250,"Tri Haryanti, S.E.I",Product,2,Senior Staff,2018-09-06,6.32,19329119,L,39,S1,EMP00254,3.3,False,21933124.066666666,19617637.5,21664158.0,23964332.5,15,below_p25,-0.10778351044153205
EMP00251,Elma Nurdiyanti,Product,3,Specialist,2022-05-08,2.65,21893371,L,28,S1,EMP00254,3.0,False,24997261.125,21740051.75,24105186.5,27104796.75,16,p25_to_p50,-0.09175683000834696
EMP00252,"Emong Susanti, M.Pd",Product,1,Staff,2021-01-26,3.93,18198934,P,46,S1,EMP00254,3.4,False,18385427.56521739,17058813.0,18398377.0,19223955.5,23,p25_to_p50,-0.010840249658978071
EMP00253,"drg. Jaka Fujiati, M.Farm",Product,1,Staff,2018-11-09,6.14,20646903,P,43,S1,EMP00254,2.2,True,18385427.56521739,17058813.0,18398377.0,19223955.5,23,above_p75,0.12221328000833986
EMP00254,Janet Prasasta,Product,4,Lead,2021-08-23,3.36,33986895,P,26,D3,,2.5,False,33426444.5,32420237.25,34062805.0,35069012.25,4,p25_to_p50,-0.0022285305041672286
EMP00255,"Puti Indah Hartati, S.H.",Product,1,Staff,2019-03-02,5.83,20579596,L,44,S1,EMP00254,2.7,False,18385427.56521739,17058813.0,18398377.0,19223955.5,23,above_p75,0.11855496819094423
EMP00256,"drg. Kairav Suryatmi, S.Sos",Product,3,Specialist,2022-07-31,2.42,34894473,L,30,S1,EMP00254,5.0,False,24997261.125,21740051.75,24105186.5,27104796.75,16,above_p75,0.4475919113921811
EMP00257,Ana Lailasari,Product,1,Staff,2020-08-03,4.41,15360488,L,42,S1,EMP00254,2.6,False,18385427.56521739,17058813.0,18398377.0,19223955.5,23,below_p25,-0.1651172274597917
EMP00258,"dr. Elvina Laksita, S.Kom",Product,5,Manager,2022-02-19,2.86,33643210,L,35,S1,,3.6,False,35068284.5,34355747.25,35068284.5,35780821.75,2,below_p25,-0.0406371318220599
EMP00259,Wirda Rajata,Product,1,Staff,2020-01-11,4.97,18577883,L,49,S1,EMP00254,2.5,False,18385427.56521739,17058813.0,18398377.0,19223955.5,23,p50_to_p75,0.009756621467208765
EMP00260,Indah Riyanti,Product,1,Staff,2020-04-24,4.69,19956121,L,36,S1,EMP00254,4.2,False,18385427.56521739,17058813.0,18398377.0,19223955.5,23,above_p75,0.0846674682228764
EMP00261,"Ika Puspita, S.Ked",Marketing,1,Staff,2021-08-15,3.38,10986965,P,28,D3,EMP00318,3.7,False,10851427.92857143,9605883.5,10699836.0,12453243.25,28,p50_to_p75,0.026834897282537788
EMP00262,Sutan Bakiadi Permadi,Marketing,2,Senior Staff,2022-10-04,2.24,12635598,L,39,S1,EMP00318,3.2,False,13930899.607142856,12193723.25,13649495.0,15271416.5,28,p25_to_p50,-0.07428091661999217
EMP00263,"Laila Lestari, M.Pd",Marketing,2,Senior Staff,2022-04-05,2.74,10307805,P,34,S2,EMP00318,3.8,False,13930899.607142856,12193723.25,13649495.0,15271416.5,28,below_p25,-0.24482151171160546
EMP00264,"Sutan Muhammad Kusmawati, M.Kom.",Marketing,1,Staff,2021-12-23,3.02,11461182,P,51,S3,EMP00318,3.5,False,10851427.92857143,9605883.5,10699836.0,12453243.25,28,p50_to_p75,0.07115492237451117
EMP00265,Widya Budiyanto,Marketing,3,Specialist,2023-11-15,1.13,15866914,L,51,S1,EMP00318,2.0,False,16861789.9,15463912.75,16823329.0,17960291.0,20,p25_to_p50,-0.05685051989413035
EMP00266,Emil Prasetya,Marketing,3,Specialist,2020-04-25,4.68,18773378,P,46,S2,EMP00318,4.4,False,16861789.9,15463912.75,16823329.0,17960291.0,20,above_p75,0.11591338432482655
EMP00267,Talia Prasasta,Marketing,1,Staff,2018-09-27,6.26,11705838,P,30,S1,EMP00318,3.6,False,10851427.92857143,9605883.5,10699836.0,12453243.25,28,p50_to_p75,0.09402031956377649
EMP00268,Salimah Prastuti,Marketing,1,Staff,2020-04-05,4.74,10072381,P,44,S1,EMP00318,3.3,True,10851427.92857143,9605883.5,10699836.0,12453243.25,28,p25_to_p50,-0.05864155301071904
EMP00269,Nabila Puspasari,Marketing,2,Senior Staff,2023-08-14,1.38,11626569,L,28,S1,EMP00318,3.2,False,13930899.607142856,12193723.25,13649495.0,15271416.5,28,below_p25,-0.14820519000886112
EMP00270,Tgk. Irwan Pudjiastuti,Marketing,3,Specialist,2019-02-10,5.89,17718859,P,30,S1,EMP00318,2.7,True,16861789.9,15463912.75,16823329.0,17960291.0,20,p50_to_p75,0.05323143831996628
EMP00271,Kamila Hasanah,Marketing,3,Specialist,2021-02-13,3.88,14022578,P,40,D3,EMP00318,4.4,False,16861789.9,15463912.75,16823329.0,17960291.0,20,below_p25,-0.16648018950351623
EMP00272,Ina Ramadan,Marketing,3,Specialist,2020-12-18,4.04,15607376,P,27,S1,EMP00318,3.6,False,16861789.9,15463912.75,16823329.0,17960291.0,20,p25_to_p50,-0.07227778758888921
EMP00273,Banawa Nababan,Marketing,1,Staff,2022-11-10,2.14,8361484,L,39,S1,EMP00318,4.0,False,10851427.92857143,9605883.5,10699836.0,12453243.25,28,below_p25,-0.2185409196926009
EMP00274,Devi Nasyiah,Marketing,4,Lead,2019-12-18,5.04,17975137,P,23,S1,,3.4,False,20173991.75,18727082.5,19940008.0,21386917.25,4,below_p25,-0.09853912796825358
EMP00275,"H. Cengkal Nababan, S.Kom",Marketing,1,Staff,2020-07-06,4.49,11933194,P,45,S1,EMP00318,4.1,False,10851427.92857143,9605883.5,10699836.0,12453243.25,28,p50_to_p75,0.11526886954155185
EMP00276,"Novi Saefullah, M.Farm",Marketing,1,Staff,2022-12-16,2.04,8716714,P,23,S2,EMP00318,3.8,True,10851427.92857143,9605883.5,10699836.0,12453243.25,28,below_p25,-0.18534134541875222
EMP00277,"Dr. Lembah Suryono, S.IP",Marketing,3,Specialist,2021-07-27,3.43,16181303,L,28,S2,EMP00318,3.9,False,16861789.9,15463912.75,16823329.0,17960291.0,20,p25_to_p50,-0.0381628392335429
EMP00278,"R.A. Ida Pradana, S.I.Kom",Marketing,3,Specialist,2020-01-23,4.94,14677201,P,51,S1,EMP00318,3.7,True,16861789.9,15463912.75,16823329.0,17960291.0,20,below_p25,-0.12756856862277377
EMP00279,Gada Budiman,Marketing,1,Staff,2018-11-10,6.14,12828862,L,40,S1,EMP00318,3.0,False,10851427.92857143,9605883.5,10699836.0,12453243.25,28,above_p75,0.1989774422710778
EMP00280,"Patricia Mahendra, S.T.",Marketing,3,Specialist,2022-12-06,2.07,16364184,P,47,S1,EMP00318,2.7,False,16861789.9,15463912.75,16823329.0,17960291.0,20,p25_to_p50,-0.02729216078458669
EMP00281,Asmadi Puspasari,Marketing,1,Staff,2018-09-09,6.31,10353829,L,27,S2,EMP00318,2.6,False,10851427.92857143,9605883.5,10699836.0,12453243.25,28,p25_to_p50,-0.032337598445434115
EMP00282,Tami Mahendra,Marketing,1,Staff,2020-05-18,4.62,9937387,L,33,S1,EMP00318,2.8,False,10851427.92857143,9605883.5,10699836.0,12453243.25,28,p25_to_p50,-0.0712580080666657
EMP00283,"Taswir Lestari, S.IP",Marketing,2,Senior Staff,2020-06-12,4.55,10491972,L,51,S1,EMP00318,2.8,False,13930899.607142856,12193723.25,13649495.0,15271416.5,28,below_p25,-0.23132892462321866
EMP00284,"Cut Queen Suryono, M.Kom.",Marketing,2,Senior Staff,2019-11-07,5.15,10533694,P,44,S1,EMP00318,2.8,False,13930899.607142856,12193723.25,13649495.0,15271416.5,28,below_p25,-0.22827225476107357
EMP00285,Maida Siregar,Marketing,2,Senior Staff,2019-08-08,5.4,12592873,L,50,S1,EMP00318,3.4,False,13930899.607142856,12193723.25,13649495.0,15271416.5,28,p25_to_p50,-0.0774110690542031
EMP00286,Aslijan Ramadan,Marketing,3,Specialist,2022-11-29,2.09,17100686,L,42,S1,EMP00318,3.4,False,16861789.9,15463912.75,16823329.0,17960291.0,20,p50_to_p75,0.01648645164105154
EMP00287,"Dr. Calista Haryanto, S.Sos",Marketing,2,Senior Staff,2022-06-21,2.53,17734764,L,30,D3,EMP00318,2.6,False,13930899.607142856,12193723.25,13649495.0,15271416.5,28,above_p75,0.29929817916340495
EMP00288,Belinda Permata,Marketing,3,Specialist,2021-06-25,3.52,16927747,L,29,S1,EMP00318,3.1,False,16861789.9,15463912.75,16823329.0,17960291.0,20,p50_to_p75,0.006206738273976571
EMP00289,"Mahfud Habibi, S.E.I",Marketing,2,Senior Staff,2023-02-20,1.86,12255272,P,22,S2,EMP00318,2.9,True,13930899.607142856,12193723.25,13649495.0,15271416.5,28,p25_to_p50,-0.10214465809907253
EMP00290,Rosman Pratiwi,Marketing,3,Specialist,2022-03-03,2.83,16718911,P,22,S2,EMP00318,3.8,False,16861789.9,15463912.75,16823329.0,17960291.0,20,p25_to_p50,-0.006206738273976571
EMP00291,Chelsea Prayoga,Marketing,1,Staff,2018-08-14,6.38,9954389,L,51,S3,EMP00318,3.5,True,10851427.92857143,9605883.5,10699836.0,12453243.25,28,p25_to_p50,-0.06966901174933895
EMP00292,Kalim Agustina,Marketing,1,Staff,2022-11-23,2.11,13147253,P,22,S1,EMP00318,3.9,False,10851427.92857143,9605883.5,10699836.0,12453243.25,28,above_p75,0.2287340665782167
EMP00293,Ir. Widya Safitri,Marketing,2,Senior Staff,2023-10-27,1.18,13692200,P,25,S1,EMP00318,3.0,False,13930899.607142856,12193723.25,13649495.0,15271416.5,28,p50_to_p75,0.003128687178536642
EMP00294,Prayoga Nurdiyanti,Marketing,2,Senior Staff,2018-08-06,6.4,13606790,L,51,S2,EMP00318,2.2,False,13930899.607142856,12193723.25,13649495.0,15271416.5,28,p25_to_p50,-0.003128687178536642
EMP00295,Mila Handayani,Marketing,1,Staff,2019-04-08,5.73,13384967,L,33,S1,EMP00318,2.9,False,10851427.92857143,9605883.5,10699836.0,12453243.25,28,above_p75,0.25095066877660555
EMP00296,Zelda Rahmawati,Marketing,1,Staff,2020-11-18,4.12,12773573,L,28,S1,EMP00318,2.7,False,10851427.92857143,9605883.5,10699836.0,12453243.25,28,above_p75,0.19381016681003335
EMP00297,Ina Purnawati,Marketing,1,Staff,2022-04-14,2.72,8944357,L,43,S2,EMP00318,2.8,False,10851427.92857143,9605883.5,10699836.0,12453243.25,28,below_p25,-0.16406597259995387
EMP00298,Cut Rahmi Januar,Marketing,3,Specialist,2021-08-09,3.39,13730980,P,32,S1,EMP00318,4.3,False,16861789.9,15463912.75,16823329.0,17960291.0,20,below_p25,-0.18381314423560283
EMP00299,"Sutan Luis Prabowo, S.T.",Marketing,1,Staff,2022-04-27,2.68,8384319,P,46,S1,EMP00318,3.1,False,10851427.92857143,9605883.5,10699836.0,12453243.25,28,below_p25,-0.2164067748328105
EMP00300,"Bajragin Manullang, S.H.",Marketing,2,Senior Staff,2021-01-29,3.92,13127187,L,26,S2,EMP00318,3.3,False,13930899.607142856,12193723.25,13649495.0,15271416.5,28,p25_to_p50,-0.03826573803646215
EMP00301,Kusuma Hutagalung,Marketing,2,Senior Staff,2020-08-27,4.34,11133980,L,29,S1,EMP00318,2.0,True,13930899.607142856,12193723.25,13649495.0,15271416.5,28,below_p25,-0.18429363137610585
EMP00302,Ade Wasita,Marketing,2,Senior Staff,2022-06-13,2.55,13861312,L,27,D3,EMP00318,2.0,False,13930899.607142856,12193723.25,13649495.0,15271416.5,28,p50_to_p75,0.015518303058098487
EMP00303,Shakila Riyanti,Marketing,2,Senior Staff,2022-09-13,2.3,16029005,L,28,S1,EMP00318,4.0,False,13930899.607142856,12193723.25,13649495.0,15271416.5,28,above_p75,0.17432952647698688
EMP00304,Icha Firmansyah,Marketing,2,Senior Staff,2023-09-28,1.26,15111399,P,45,S2,EMP00318,3.6,False,13930899.607142856,12193723.25,13649495.0,15271416.5,28,p50_to_p75,0.10710315656366774
EMP00305,Edward Suryono,Marketing,1,Staff,2019-10-19,5.2,8386922,L,31,S1,EMP00318,4.4,False,10851427.92857143,9605883.5,10699836.0,12453243.25,28,below_p25,-0.21616350007607593
EMP00306,"Zelda Hasanah, S.Pt",Marketing,2,Senior Staff,2023-03-15,1.8,12733414,L,23,S1,EMP00318,4.5,False,13930899.607142856,12193723.25,13649495.0,15271416.5,28,p25_to_p50,-0.0671146441681542
EMP00307,"Daruna Saptono, M.Farm",Marketing,3,Specialist,2018-08-22,6.36,18916718,L,34,S2,EMP00318,3.3,False,16861789.9,15463912.75,16823329.0,17960291.0,20,above_p75,0.12443369561398936
EMP00308,"Rangga Napitupulu, S.Farm",Marketing,2,Senior Staff,2022-12-03,2.08,15439355,L,30,S1,EMP00318,3.9,False,13930899.607142856,12193723.25,13649495.0,15271416.5,28,above_p75,0.1311301260596088
EMP00309,Kenari Prasetyo,Marketing,2,Senior Staff,2021-11-25,3.1,19144541,P,37,S1,EMP00318,3.1,False,13930899.607142856,12193723.25,13649495.0,15271416.5,28,above_p75,0.40258236660037605
EMP00310,"Cakrawala Santoso, S.E.I",Marketing,2,Senior Staff,2020-04-23,4.69,14434947,L,51,S1,EMP00318,2.8,True,13930899.607142856,12193723.25,13649495.0,15271416.5,28,p50_to_p75,0.057544399994285504
EMP00311,Asmuni Marbun,Marketing,4,Lead,2022-09-12,2.3,18977731,L,46,S1,,3.3,True,20173991.75,18727082.5,19940008.0,21386917.25,4,p25_to_p50,-0.04825860651610571
EMP00312,"T. Legawa Purnawati, S.Pd",Marketing,1,Staff,2022-07-08,2.48,12659155,L,23,S1,EMP00318,3.2,False,10851427.92857143,9605883.5,10699836.0,12453243.25,28,above_p75,0.1831167318826195
EMP00313,Dewi Hastuti,Marketing,1,Staff,2021-11-16,3.12,11376386,P,25,S1,EMP00318,3.9,False,10851427.92857143,9605883.5,10699836.0,12453243.25,28,p50_to_p75,0.06322994109442426
EMP00314,"Ilsa Waskita, S.T.",Marketing,1,Staff,2021-04-09,3.73,9547718,P,35,D3,EMP00318,4.3,False,10851427.92857143,9605883.5,10699836.0,12453243.25,28,below_p25,-0.10767622980389606
EMP00315,Dr. Jumadi Farida,Marketing,1,Staff,2019-01-28,5.92,9846723,L,25,S1,EMP00318,2.8,False,10851427.92857143,9605883.5,10699836.0,12453243.25,28,p25_to_p50,-0.07973140896738978
EMP00316,Liman Gunarto,Marketing,2,Senior Staff,2022-04-05,2.74,13857042,L,27,S1,EMP00318,3.8,True,13930899.607142856,12193723.25,13649495.0,15271416.5,28,p50_to_p75,0.01520547097163668
EMP00317,Unjani Sinaga,Marketing,2,Senior Staff,2023-05-14,1.63,10398547,P,32,S1,EMP00318,2.8,False,13930899.607142856,12193723.25,13649495.0,15271416.5,28,below_p25,-0.23817350019176534
EMP00318,Tgk. Aisyah Iswahyudi,Marketing,4,Lead,2019-05-02,5.67,20902285,L,31,S1,,3.7,True,20173991.75,18727082.5,19940008.0,21386917.25,4,p50_to_p75,0.04825860651610571
EMP00319,Yono Wulandari,Marketing,1,Staff,2020-05-02,4.67,10706480,L,33,S1,EMP00318,3.3,False,10851427.92857143,9605883.5,10699836.0,12453243.25,28,p50_to_p75,0.0006209440967132581
EMP00320,"Ir. Rini Damanik, S.T.",Marketing,2,Senior Staff,2018-07-16,6.46,15055713,P,45,S2,EMP00318,3.9,False,13930899.607142856,12193723.25,13649495.0,15271416.5,28,p50_to_p75,0.10302344518973046
EMP00321,Cut Vanesa Natsir,Marketing,1,Staff,2022-01-09,2.98,12384606,L,23,S1,EMP00318,4.2,False,10851427.92857143,9605883.5,10699836.0,12453243.25,28,p50_to_p75,0.15745755355502644
EMP00322,Padma Yulianti,Marketing,2,Senior Staff,2023-10-04,1.24,13549203,P,25,S1,EMP00318,3.0,False,13930899.607142856,12193723.25,13649495.0,15271416.5,28,p25_to_p50,-0.0073476711043155805
EMP00323,Indah Najmudin,Marketing,1,Staff,2021-07-06,3.49,9327308,L,44,S2,EMP00318,3.6,False,10851427.92857143,9605883.5,10699836.0,12453243.25,28,below_p25,-0.12827561095328938
EMP00324,drg. Siska Lestari,Marketing,3,Specialist,2019-11-15,5.13,14037413,L,41,D3,EMP00318,2.4,False,16861789.9,15463912.75,16823329.0,17960291.0,20,below_p25,-0.16559837829956248
EMP00325,Jarwadi Tampubolon,Marketing,2,Senior Staff,2021-04-02,3.75,12009077,P,48,S1,EMP00318,3.2,False,13930899.607142856,12193723.25,13649495.0,15271416.5,28,below_p25,-0.12018158913571528
EMP00326,Juli Sinaga,Marketing,3,Specialist,2022-10-06,2.24,15033523,L,31,S1,EMP00318,2.4,True,16861789.9,15463912.75,16823329.0,17960291.0,20,below_p25,-0.10638833729043758
EMP00327,"Bala Marpaung, S.Psi",Marketing,2,Senior Staff,2018-08-04,6.41,15215437,L,50,S1,EMP00318,1.5,False,13930899.607142856,12193723.25,13649495.0,15271416.5,28,p50_to_p75,0.11472527005577862
EMP00328,Talia Lailasari,Marketing,3,Specialist,2020-11-24,4.1,17921462,L,34,S1,EMP00318,1.7,True,16861789.9,15463912.75,16823329.0,17960291.0,20,p50_to_p75,0.06527441744734351
EMP00329,Salimah Wacana,Marketing,3,Specialist,2019-10-23,5.19,18076778,P,32,D3,EMP00318,3.1,False,16861789.9,15463912.75,16823329.0,17960291.0,20,above_p75,0.07450659735656362
EMP00330,"Drs. Ani Hasanah, S.Pt",Marketing,3,Specialist,2018-10-12,6.22,18908647,L,24,S1,EMP00318,3.3,False,16861789.9,15463912.75,16823329.0,17960291.0,20,above_p75,0.12395394514367519
EMP00331,Hafshah Sinaga,Marketing,1,Staff,2023-03-15,1.8,13239203,L,39,S1,EMP00318,3.5,False,10851427.92857143,9605883.5,10699836.0,12453243.25,28,above_p75,0.2373276562369741
EMP00332,Prasetyo Waskita,Marketing,3,Specialist,2023-05-28,1.6,23219093,L,42,D3,EMP00318,4.2,True,16861789.9,15463912.75,16823329.0,17960291.0,20,above_p75,0.3801723190457727
EMP00333,"Drs. Yunita Adriansyah, M.Pd",Marketing,1,Staff,2021-02-17,3.87,13100323,P,43,D3,EMP00318,4.1,False,10851427.92857143,9605883.5,10699836.0,12453243.25,28,above_p75,0.22434801804438873
EMP00334,Laras Habibi,Marketing,1,Staff,2022-04-19,2.7,9625272,L,22,S2,EMP00318,1.6,False,10851427.92857143,9605883.5,10699836.0,12453243.25,28,p25_to_p50,-0.10042808132760166
EMP00335,Karja Tarihoran,Marketing,2,Senior Staff,2019-02-20,5.86,16688054,L,36,S1,EMP00318,3.4,False,13930899.607142856,12193723.25,13649495.0,15271416.5,28,above_p75,0.22261329082138204
EMP00336,Dr. Sari Handayani,Marketing,3,Specialist,2023-05-23,1.61,17432047,L,48,S1,EMP00318,3.3,False,16861789.9,15463912.75,16823329.0,17960291.0,20,p50_to_p75,0.03618296949432541
EMP00337,"Dt. Damu Santoso, M.Pd",Marketing,4,Lead,2022-06-29,2.51,22840814,L,35,S2,,3.5,False,20173991.75,18727082.5,19940008.0,21386917.25,4,above_p75,0.1454766718248057
EMP00338,Wira Suwarno,Marketing,2,Senior Staff,2022-10-11,2.22,15974439,L,40,D3,EMP00318,2.9,False,13930899.607142856,12193723.25,13649495.0,15271416.5,28,above_p75,0.17033186942081008
EMP00339,Tami Laksita,Marketing,2,Senior Staff,2023-04-23,1.69,20825000,L,23,S1,EMP00318,4.1,False,13930899.607142856,12193723.25,13649495.0,15271416.5,28,above_p75,0.525697470858812
EMP00340,Alambana Usamah,Marketing,1,Staff,2022-01-25,2.93,10693192,L,44,S1,EMP00318,4.1,False,10851427.92857143,9605883.5,10699836.0,12453243.25,28,p25_to_p50,-0.0006209440967132581
EMP00341,R.A. Titin Manullang,Sales,3,Specialist,2021-03-15,3.8,19847992,P,25,S2,EMP00474,3.9,False,18625809.173913043,16276425.75,18311128.5,20474909.0,46,p50_to_p75,0.08393057260233852
EMP00342,Puspa Budiman,Sales,2,Senior Staff,2022-10-28,2.18,15746982,P,29,S2,EMP00474,4.3,False,15467428.795454545,13816553.5,15645516.5,16953434.25,44,p50_to_p75,0.006485276468820956
EMP00343,dr. Bakiman Prasetyo,Sales,3,Specialist,2021-03-24,3.77,26315482,L,34,D3,EMP00474,4.5,False,18625809.173913043,16276425.75,18311128.5,20474909.0,46,above_p75,0.4371305405890194
EMP00344,"Puti Malika Lazuardi, S.E.I",Sales,1,Staff,2019-05-02,5.67,11578398,P,49,S1,EMP00474,3.2,True,12282231.104166666,10825191.5,11967325.0,13271710.0,48,p25_to_p50,-0.0324990756079575
EMP00345,Tina Siregar,Sales,1,Staff,2023-05-08,1.65,12076981,P,24,S1,EMP00474,3.4,False,12282231.104166666,10825191.5,11967325.0,13271710.0,48,p50_to_p75,0.009162949949132325
EMP00346,H. Empluk Agustina,Sales,3,Specialist,2021-05-24,3.61,16416042,L,31,S2,EMP00474,2.3,False,18625809.173913043,16276425.75,18311128.5,20474909.0,46,p25_to_p50,-0.10349370329633152
EMP00347,"Dr. Nadine Prasasta, M.M.",Sales,3,Specialist,2021-11-14,3.13,14032675,L,51,D3,EMP00474,3.7,False,18625809.173913043,16276425.75,18311128.5,20474909.0,46,below_p25,-0.23365318527473608
EMP00348,R.M. Harjo Nainggolan,Sales,1,Staff,2021-04-27,3.68,13107861,P,34,S2,EMP00474,3.1,False,12282231.104166666,10825191.5,11967325.0,13271710.0,48,p50_to_p75,0.0953041719849674
EMP00349,Drs. Ulva Mansur,Sales,3,Specialist,2019-08-12,5.39,15807440,L,40,S2,EMP00474,2.1,True,18625809.173913043,16276425.75,18311128.5,20474909.0,46,below_p25,-0.1367304314422784
EMP00350,"Puti Ika Agustina, S.Psi",Sales,1,Staff,2020-12-04,4.07,15199435,P,42,S1,EMP00474,2.2,False,12282231.104166666,10825191.5,11967325.0,13271710.0,48,above_p75,0.27007789961415773
EMP00351,"Dr. Emas Adriansyah, S.Pd",Sales,1,Staff,2018-09-27,6.26,13162106,L,39,S1,EMP00474,1.5,False,12282231.104166666,10825191.5,11967325.0,13271710.0,48,p50_to_p75,0.09983693097663847
EMP00352,"Ifa Rahmawati, M.Farm",Sales,2,Senior Staff,2022-02-20,2.86,17780788,L,23,S1,EMP00474,5.0,False,15467428.795454545,13816553.5,15645516.5,16953434.25,44,above_p75,0.1364781725167079
EMP00353,"Jindra Maryadi, M.M.",Sales,3,Specialist,2018-10-28,6.18,15450238,P,25,S1,EMP00474,3.3,False,18625809.173913043,16276425.75,18311128.5,20474909.0,46,below_p25,-0.15623780369407597
EMP00354,drg. Gangsar Sitorus,Sales,1,Staff,2018-12-09,6.06,12508004,P,40,S1,EMP00474,3.9,False,12282231.104166666,10825191.5,11967325.0,13271710.0,48,p50_to_p75,0.045179603629048264
EMP00355,KH. Kenari Waluyo,Sales,3,Specialist,2018-07-28,6.43,20353913,P,38,S2,EMP00474,5.0,True,18625809.173913043,16276425.75,18311128.5,20474909.0,46,p50_to_p75,0.11155972718994353
EMP00356,Janet Nainggolan,Sales,1,Staff,2021-03-28,3.76,11295814,L,46,S1,EMP00474,3.8,False,12282231.104166666,10825191.5,11967325.0,13271710.0,48,p25_to_p50,-0.05611203840457245
EMP00357,"Halima Pertiwi, S.Sos",Sales,1,Staff,2019-03-04,5.83,9102498,P,35,S1,EMP00474,1.9,True,12282231.104166666,10825191.5,11967325.0,13271710.0,48,below_p25,-0.23938741531628832
EMP00358,Sabri Zulkarnain,Sales,1,Staff,2023-10-22,1.19,10684496,L,28,S1,EMP00474,3.2,False,12282231.104166666,10825191.5,11967325.0,13271710.0,48,below_p25,-0.10719429780673626
EMP00359,Galiono Kusmawati,Sales,1,Staff,2022-05-07,2.65,12604685,P,49,S1,EMP00474,3.9,False,12282231.104166666,10825191.5,11967325.0,13271710.0,48,p50_to_p75,0.053258351385961356
EMP00360,"Yessi Wibowo, S.Sos",Sales,3,Specialist,2020-08-05,4.41,17259478,P,41,S1,EMP00474,4.6,False,18625809.173913043,16276425.75,18311128.5,20474909.0,46,p25_to_p50,-0.057432314999045525
EMP00361,"Prima Yulianti, S.E.I",Sales,2,Senior Staff,2022-02-21,2.86,15242932,L,22,S1,EMP00474,4.1,False,15467428.795454545,13816553.5,15645516.5,16953434.25,44,p25_to_p50,-0.025731620940734043
EMP00362,Ani Mahendra,Sales,3,Specialist,2019-02-19,5.86,16201546,L,33,S1,EMP00474,3.7,True,18625809.173913043,16276425.75,18311128.5,20474909.0,46,below_p25,-0.1152076727548496
EMP00363,Drs. Gamblang Januar,Sales,1,Staff,2023-05-02,1.67,11052931,L,41,S1,EMP00474,4.4,True,12282231.104166666,10825191.5,11967325.0,13271710.0,48,p25_to_p50,-0.07640755139515305
EMP00364,"Dr. Cinthia Novitasari, M.M.",Sales,3,Specialist,2019-03-19,5.79,20661773,P,22,S1,EMP00474,4.3,False,18625809.173913043,16276425.75,18311128.5,20474909.0,46,above_p75,0.12837245394242086
EMP00365,Najam Megantara,Sales,4,Lead,2021-05-08,3.65,21692208,L,23,S2,,4.0,True,21123158.0,19150594.5,20510564.5,21706314.75,10,p50_to_p75,0.057611456769022615
EMP00366,Safina Mangunsong,Sales,3,Specialist,2021-05-10,3.64,13924512,L,46,S2,EMP00474,3.3,False,18625809.173913043,16276425.75,18311128.5,20474909.0,46,below_p25,-0.23956013961673633
EMP00367,Jarwadi Saptono,Sales,1,Staff,2021-11-12,3.13,15940515,L,22,S1,EMP00474,4.0,True,12282231.104166666,10825191.5,11967325.0,13271710.0,48,above_p75,0.332003183668865
EMP00368,Sarah Widodo,Sales,3,Specialist,2022-10-25,2.18,19525104,P,26,S1,EMP00474,3.7,False,18625809.173913043,16276425.75,18311128.5,20474909.0,46,p50_to_p75,0.0662971427457352
EMP00369,"Bajragin Sitompul, M.Pd",Sales,1,Staff,2019-07-05,5.49,9408540,P,30,S1,EMP00474,3.7,False,12282231.104166666,10825191.5,11967325.0,13271710.0,48,below_p25,-0.21381428180483106
EMP00370,Jamalia Utami,Sales,3,Specialist,2019-05-30,5.59,17877412,P,42,S1,EMP00474,2.9,True,18625809.173913043,16276425.75,18311128.5,20474909.0,46,p25_to_p50,-0.023685951414736672
EMP00371,"Vanya Laksita, M.Pd",Sales,1,Staff,2019-09-05,5.32,11806752,P,41,S1,EMP00474,3.0,False,12282231.104166666,10825191.5,11967325.0,13271710.0,48,p25_to_p50,-0.01341761839007464
EMP00372,Lasmanto Hidayat,Sales,3,Specialist,2023-03-11,1.81,22323114,P,36,S2,EMP00474,4.5,False,18625809.173913043,16276425.75,18311128.5,20474909.0,46,above_p75,0.21910094181251583
EMP00373,Laswi Suwarno,Sales,3,Specialist,2022-01-10,2.97,15629202,L,28,S1,EMP00474,3.6,False,18625809.173913043,16276425.75,18311128.5,20474909.0,46,below_p25,-0.14646429355787657
EMP00374,Pangeran Iswahyudi,Sales,3,Specialist,2020-04-23,4.69,22452090,L,29,S1,EMP00474,3.5,False,18625809.173913043,16276425.75,18311128.5,20474909.0,46,above_p75,0.22614452735668367
EMP00375,Cinthia Usada,Sales,4,Lead,2022-08-14,2.38,25799981,P,35,S1,,2.8,False,21123158.0,19150594.5,20510564.5,21706314.75,10,above_p75,0.2578874169943007
EMP00376,"Cinthia Handayani, S.E.",Sales,3,Specialist,2022-05-16,2.63,18224730,P,47,S2,EMP00474,4.5,False,18625809.173913043,16276425.75,18311128.5,20474909.0,46,p25_to_p50,-0.004718360203741676
EMP00377,"Ifa Dabukke, S.Gz",Sales,3,Specialist,2023-07-23,1.44,20031807,P,51,S1,EMP00474,2.4,False,18625809.173913043,16276425.75,18311128.5,20474909.0,46,p50_to_p75,0.09396900360346441
EMP00378,Wulan Hakim,Sales,3,Specialist,2021-09-18,3.29,16590070,L,38,S1,EMP00474,4.5,False,18625809.173913043,16276425.75,18311128.5,20474909.0,46,p25_to_p50,-0.09398975601094166
EMP00379,Kani Wahyudin,Sales,1,Staff,2022-12-07,2.07,11651464,L,36,S1,EMP00474,4.1,False,12282231.104166666,10825191.5,11967325.0,13271710.0,48,p25_to_p50,-0.026393617621314706
EMP00380,Dalima Prasasta,Sales,2,Senior Staff,2020-11-11,4.14,11353529,L,35,S2,EMP00474,2.9,False,15467428.795454545,13816553.5,15645516.5,16953434.25,44,below_p25,-0.2743269932954914
EMP00381,dr. Karya Zulaika,Sales,1,Staff,2020-03-04,4.83,10831330,P,44,S1,EMP00474,4.4,True,12282231.104166666,10825191.5,11967325.0,13271710.0,48,p25_to_p50,-0.09492472210790633
EMP00382,"R.M. Cawisono Natsir, S.Pt",Sales,4,Lead,2019-09-11,5.31,18578471,P,44,S1,,3.2,False,21123158.0,19150594.5,20510564.5,21706314.75,10,below_p25,-0.09419991829088858
EMP00383,drg. Raina Zulaika,Sales,3,Specialist,2023-08-05,1.41,21573927,P,48,S1,EMP00474,3.3,False,18625809.173913043,16276425.75,18311128.5,20474909.0,46,above_p75,0.17818664207397159
EMP00384,Jamal Padmasari,Sales,2,Senior Staff,2020-04-15,4.71,12970018,P,37,S1,EMP00474,2.7,False,15467428.795454545,13816553.5,15645516.5,16953434.25,44,below_p25,-0.1710073617576
EMP00385,Daru Hariyah,Sales,2,Senior Staff,2022-01-07,2.98,21476336,L,27,S2,EMP00474,2.8,True,15467428.795454545,13816553.5,15645516.5,16953434.25,44,above_p75,0.3726830942270266
EMP00386,"Dodo Haryanti, S.T.",Sales,2,Senior Staff,2018-09-25,6.27,13737955,L,28,S2,EMP00474,3.4,False,15467428.795454545,13816553.5,15645516.5,16953434.25,44,below_p25,-0.12192384316618758
EMP00387,"Adika Hastuti, S.Pd",Sales,1,Staff,2022-07-25,2.44,11390722,L,32,S1,EMP00474,2.5,False,12282231.104166666,10825191.5,11967325.0,13271710.0,48,p25_to_p50,-0.048181444057047
EMP00388,"Kenes Manullang, S.Pt",Sales,2,Senior Staff,2021-02-16,3.87,13594817,L,48,S1,EMP00474,3.9,False,15467428.795454545,13816553.5,15645516.5,16953434.25,44,below_p25,-0.1310726622543909
EMP00389,Jelita Rahmawati,Sales,2,Senior Staff,2019-08-11,5.39,18971106,P,27,S1,EMP00474,3.6,True,15467428.795454545,13816553.5,15645516.5,16953434.25,44,above_p75,0.21255862661996489
EMP00390,Suci Anggraini,Sales,3,Specialist,2022-10-09,2.23,16229887,L,44,D3,EMP00474,2.5,True,18625809.173913043,16276425.75,18311128.5,20474909.0,46,below_p25,-0.11365992543823829
EMP00391,"Hafshah Hasanah, S.Pd",Sales,1,Staff,2018-10-26,6.18,9904429,P,28,S2,EMP00474,2.5,False,12282231.104166666,10825191.5,11967325.0,13271710.0,48,below_p25,-0.17237736921158237
EMP00392,Harjo Laksmiwati,Sales,3,Specialist,2021-03-05,3.82,18397527,L,42,S1,EMP00474,3.7,False,18625809.173913043,16276425.75,18311128.5,20474909.0,46,p50_to_p75,0.004718360203741676
EMP00393,Dasa Wibowo,Sales,3,Specialist,2023-10-11,1.22,18578434,P,24,S1,EMP00474,3.4,False,18625809.173913043,16276425.75,18311128.5,20474909.0,46,p50_to_p75,0.014597980676068108
EMP00394,dr. Ratih Sihombing,Sales,2,Senior Staff,2022-04-21,2.7,16676992,P,45,S1,EMP00474,3.4,False,15467428.795454545,13816553.5,15645516.5,16953434.25,44,p50_to_p75,0.06592786502126663
EMP00395,"Ida Damanik, S.Sos",Sales,2,Senior Staff,2023-05-17,1.63,17530733,L,29,S1,EMP00474,2.7,False,15467428.795454545,13816553.5,15645516.5,16953434.25,44,above_p75,0.12049563847892142
EMP00396,Ajeng Pratiwi,Sales,1,Staff,2019-10-24,5.19,11350934,P,42,D3,EMP00474,2.6,False,12282231.104166666,10825191.5,11967325.0,13271710.0,48,p25_to_p50,-0.05150616365812744
EMP00397,"Hj. Victoria Hardiansyah, M.Ak",Sales,1,Staff,2021-06-11,3.56,15549358,L,44,S1,EMP00474,3.1,False,12282231.104166666,10825191.5,11967325.0,13271710.0,48,above_p75,0.29931776733731225
EMP00398,"Najwa Suwarno, S.H.",Sales,5,Manager,2019-11-10,5.14,29573079,L,45,S1,,2.7,False,29573079.0,29573079.0,29573079.0,29573079.0,1,above_p75,0.0
EMP00399,dr. Gawati Usada,Sales,3,Specialist,2020-06-20,4.53,21057980,P,31,S1,EMP00474,3.0,True,18625809.173913043,16276425.75,18311128.5,20474909.0,46,above_p75,0.15000995159855932
EMP00400,Lukman Ramadan,Sales,2,Senior Staff,2021-08-30,3.34,11765710,L,23,S2,EMP00474,3.5,False,15467428.795454545,13816553.5,15645516.5,16953434.25,44,below_p25,-0.2479820017447171
EMP00401,"Perkasa Wahyuni, S.E.I",Sales,3,Specialist,2019-11-10,5.14,20515241,P,30,S1,EMP00474,2.8,False,18625809.173913043,16276425.75,18311128.5,20474909.0,46,above_p75,0.12037010717280477
EMP00402,"Bakti Utami, S.Gz",Sales,1,Staff,2022-08-07,2.4,9131263,L,28,S2,EMP00474,4.7,False,12282231.104166666,10825191.5,11967325.0,13271710.0,48,below_p25,-0.23698378710363427
EMP00403,Winda Farida,Sales,2,Senior Staff,2019-10-31,5.17,14636019,L,42,S2,EMP00474,3.0,False,15467428.795454545,13816553.5,15645516.5,16953434.25,44,p25_to_p50,-0.06452311753338409
EMP00404,Labuh Utama,Sales,1,Staff,2021-11-12,3.13,15038034,L,34,D3,EMP00474,3.0,False,12282231.104166666,10825191.5,11967325.0,13271710.0,48,above_p75,0.25659109282985126
EMP00405,"Diah Iswahyudi, S.Pd",Sales,2,Senior Staff,2023-07-07,1.49,14873543,L,45,S2,EMP00474,3.1,False,15467428.795454545,13816553.5,15645516.5,16953434.25,44,p25_to_p50,-0.049341515826594795
EMP00406,Ulva Agustina,Sales,1,Staff,2022-06-11,2.56,14153504,L,50,S1,EMP00474,4.0,False,12282231.104166666,10825191.5,11967325.0,13271710.0,48,above_p75,0.18267900303534834
EMP00407,Daliono Mustofa,Sales,2,Senior Staff,2021-02-04,3.9,17348757,P,25,D3,EMP00474,4.0,False,15467428.795454545,13816553.5,15645516.5,16953434.25,44,above_p75,0.1088644468848312
EMP00408,"Dr. Taufik Utama, M.TI.",Sales,1,Staff,2019-11-16,5.13,12511604,L,40,S1,EMP00474,2.3,True,12282231.104166666,10825191.5,11967325.0,13271710.0,48,p50_to_p75,0.045480422734403884
EMP00409,T. Radika Marbun,Sales,2,Senior Staff,2022-02-19,2.86,13842753,L,37,S1,EMP00474,2.5,False,15467428.795454545,13816553.5,15645516.5,16953434.25,44,p25_to_p50,-0.11522556637871303
EMP00410,Yunita Laksmiwati,Sales,2,Senior Staff,2022-02-18,2.87,16600735,L,28,S3,EMP00474,2.8,True,15467428.795454545,13816553.5,15645516.5,16953434.25,44,p50_to_p75,0.06105381691937112
EMP00411,"T. Pangeran Sirait, S.IP",Sales,1,Staff,2020-11-05,4.15,17443999,L,40,S1,EMP00474,2.7,False,12282231.104166666,10825191.5,11967325.0,13271710.0,48,above_p75,0.4576356036123361
EMP00412,Citra Megantara,Sales,2,Senior Staff,2020-11-19,4.11,16300563,L,34,S1,EMP00474,3.5,False,15467428.795454545,13816553.5,15645516.5,16953434.25,44,p50_to_p75,0.04186800097011818
EMP00413,"Sutan Satya Wastuti, S.Sos",Sales,3,Specialist,2022-04-22,2.69,20088424,L,51,S1,EMP00474,3.0,False,18625809.173913043,16276425.75,18311128.5,20474909.0,46,p50_to_p75,0.09706094848277647
EMP00414,"Drs. Karimah Iswahyudi, S.Sos",Sales,3,Specialist,2023-02-05,1.9,17585983,L,42,S1,EMP00474,4.5,False,18625809.173913043,16276425.75,18311128.5,20474909.0,46,p25_to_p50,-0.03960135499021811
EMP00415,Eman Nasyiah,Sales,2,Senior Staff,2019-09-22,5.28,15286574,P,51,S1,EMP00474,3.0,True,15467428.795454545,13816553.5,15645516.5,16953434.25,44,p25_to_p50,-0.022942195612397968
EMP00416,Jaeman Uwais,Sales,6,Senior Manager,2021-09-12,3.3,22941002,L,39,S2,,2.6,True,22941002.0,22941002.0,22941002.0,22941002.0,1,above_p75,0.0
EMP00417,"Pangestu Wulandari, S.T.",Sales,1,Staff,2018-12-07,6.07,10840400,L,42,S3,EMP00474,2.4,True,12282231.104166666,10825191.5,11967325.0,13271710.0,48,p25_to_p50,-0.09416682508413535
EMP00418,drg. Yuni Uyainah,Sales,1,Staff,2019-06-05,5.57,10593215,L,28,S2,EMP00474,3.5,False,12282231.104166666,10825191.5,11967325.0,13271710.0,48,below_p25,-0.11482181690561592
EMP00419,Cici Wulandari,Sales,2,Senior Staff,2023-10-22,1.19,15698579,P,50,S1,EMP00474,3.9,True,15467428.795454545,13816553.5,15645516.5,16953434.25,44,p50_to_p75,0.0033915467092441465
EMP00420,Jarwi Dongoran,Sales,3,Specialist,2022-11-10,2.14,17747940,L,32,S1,EMP00474,3.0,False,18625809.173913043,16276425.75,18311128.5,20474909.0,46,p25_to_p50,-0.03075662431182218
EMP00421,Drs. Jane Suryatmi,Sales,1,Staff,2023-04-24,1.69,13547320,L,29,S1,EMP00474,3.1,False,12282231.104166666,10825191.5,11967325.0,13271710.0,48,above_p75,0.13202574510176668
EMP00422,Marsudi Haryanto,Sales,2,Senior Staff,2022-11-04,2.16,17804274,P,41,S1,EMP00474,3.5,False,15467428.795454545,13816553.5,15645516.5,16953434.25,44,above_p75,0.13797930544510947
EMP00423,"Ridwan Hariyah, S.Pd",Sales,2,Senior Staff,2022-09-29,2.26,10727331,P,43,D3,EMP00474,3.8,True,15467428.795454545,13816553.5,15645516.5,16953434.25,44,below_p25,-0.3143511113870865
EMP00424,"Hasan Latupono, S.E.I",Sales,3,Specialist,2019-11-25,5.1,16152463,P,29,S2,EMP00474,3.4,False,18625809.173913043,16276425.75,18311128.5,20474909.0,46,below_p25,-0.11788817385012616
EMP00425,Warsita Firgantoro,Sales,3,Specialist,2023-03-01,1.84,18763147,L,31,S2,EMP00474,2.6,False,18625809.173913043,16276425.75,18311128.5,20474909.0,46,p50_to_p75,0.02468545289275863
EMP00426,Nilam Latupono,Sales,3,Specialist,2019-11-10,5.14,16072164,L,24,S2,EMP00474,1.4,False,18625809.173913043,16276425.75,18311128.5,20474909.0,46,below_p25,-0.12227343060805893
EMP00427,Daryani Nasyiah,Sales,4,Lead,2020-05-17,4.62,25388502,P,39,S2,,3.4,True,21123158.0,19150594.5,20510564.5,21706314.75,10,above_p75,0.23782560933415559
EMP00428,Harsanto Hasanah,Sales,3,Specialist,2021-07-01,3.5,20071002,L,42,S1,EMP00474,4.3,True,18625809.173913043,16276425.75,18311128.5,20474909.0,46,p50_to_p75,0.09610950521154389
EMP00429,Salsabila Namaga,Sales,1,Staff,2021-10-09,3.23,8720540,L,33,S1,EMP00474,2.8,True,12282231.104166666,10825191.5,11967325.0,13271710.0,48,below_p25,-0.2713041552727949
EMP00430,Rini Mangunsong,Sales,1,Staff,2019-05-03,5.66,11950721,L,47,S1,EMP00474,3.4,True,12282231.104166666,10825191.5,11967325.0,13271710.0,48,p25_to_p50,-0.0013874445625902197
EMP00431,Safina Januar,Sales,1,Staff,2023-02-10,1.89,16274780,P,51,S1,EMP00474,3.5,True,12282231.104166666,10825191.5,11967325.0,13271710.0,48,above_p75,0.3599346554054477
EMP00432,"Dr. Raisa Wasita, S.T.",Sales,2,Senior Staff,2022-08-25,2.35,15732836,P,49,S1,EMP00474,3.0,False,15467428.795454545,13816553.5,15645516.5,16953434.25,44,p50_to_p75,0.005581119677320976
EMP00433,Muhammad Uwais,Sales,4,Lead,2022-10-21,2.2,20392742,L,48,S1,,3.7,False,21123158.0,19150594.5,20510564.5,21706314.75,10,p25_to_p50,-0.005744478656352925
EMP00434,Ibun Handayani,Sales,4,Lead,2022-11-08,2.15,21711017,L,26,S2,,4.5,False,21123158.0,19150594.5,20510564.5,21706314.75,10,above_p75,0.0585284963756117
EMP00435,Sabar Tarihoran,Sales,1,Staff,2022-03-13,2.8,10696722,L,33,D3,EMP00474,2.7,False,12282231.104166666,10825191.5,11967325.0,13271710.0,48,below_p25,-0.10617268270060352
EMP00436,Mahfud Uwais,Sales,3,Specialist,2021-01-20,3.95,24174319,L,50,S1,EMP00474,2.3,False,18625809.173913043,16276425.75,18311128.5,20474909.0,46,above_p75,0.32019820624381506
EMP00437,Ir. Gatot Halim,Sales,2,Senior Staff,2023-06-13,1.55,16759996,P,40,S2,EMP00474,5.0,False,15467428.795454545,13816553.5,15645516.5,16953434.25,44,p50_to_p75,0.07123315487858774
EMP00438,Ika Nainggolan,Sales,1,Staff,2021-01-04,3.99,10916358,P,31,S2,EMP00474,4.1,False,12282231.104166666,10825191.5,11967325.0,13271710.0,48,p25_to_p50,-0.08781970908285686
EMP00439,Warta Hasanah,Sales,1,Staff,2022-12-17,2.04,15030658,L,47,S1,EMP00474,3.8,True,12282231.104166666,10825191.5,11967325.0,13271710.0,48,above_p75,0.25597474790732266
EMP00440,Mujur Prabowo,Sales,3,Specialist,2023-01-24,1.94,14682146,P,27,S1,EMP00474,2.9,False,18625809.173913043,16276425.75,18311128.5,20474909.0,46,below_p25,-0.19818453570461264
EMP00441,"Manah Riyanti, S.Ked",Sales,2,Senior Staff,2020-10-17,4.21,17668576,L,31,S1,EMP00474,3.7,False,15467428.795454545,13816553.5,15645516.5,16953434.25,44,above_p75,0.12930602195203975
EMP00442,Panji Sitorus,Sales,4,Lead,2020-09-16,4.29,20628387,L,41,S1,,2.7,False,21123158.0,19150594.5,20510564.5,21706314.75,10,p50_to_p75,0.005744478656352925
EMP00443,Budi Pratiwi,Sales,3,Specialist,2020-05-29,4.59,20567645,L,26,S1,EMP00474,4.3,True,18625809.173913043,16276425.75,18311128.5,20474909.0,46,above_p75,0.12323197338711266
EMP00444,Bagiya Puspasari,Sales,1,Staff,2022-07-22,2.44,10116397,L,25,D3,EMP00474,3.2,False,12282231.104166666,10825191.5,11967325.0,13271710.0,48,below_p25,-0.15466514028824319
EMP00445,Langgeng Pratama,Sales,2,Senior Staff,2022-06-10,2.56,21732776,L,43,S1,EMP00474,3.6,False,15467428.795454545,13816553.5,15645516.5,16953434.25,44,above_p75,0.38907373240122817
EMP00446,"R.A. Julia Maulana, M.Ak",Sales,4,Lead,2020-09-16,4.29,18499142,P,27,S1,,4.0,False,21123158.0,19150594.5,20510564.5,21706314.75,10,below_p25,-0.09806763241450522
EMP00447,Enteng Maulana,Sales,1,Staff,2023-02-14,1.88,11983929,L,47,S1,EMP00474,2.3,True,12282231.104166666,10825191.5,11967325.0,13271710.0,48,p50_to_p75,0.0013874445625902197
EMP00448,Kayun Ramadan,Sales,2,Senior Staff,2021-04-25,3.69,13869446,P,31,S2,EMP00474,3.1,False,15467428.795454545,13816553.5,15645516.5,16953434.25,44,p25_to_p50,-0.11351945459902203
EMP00449,"R.M. Balapati Wijayanti, S.Ked",Sales,3,Specialist,2018-10-30,6.17,21673618,L,26,D3,EMP00474,2.7,True,18625809.173913043,16276425.75,18311128.5,20474909.0,46,above_p75,0.18363092695242678
EMP00450,Aditya Tamba,Sales,4,Lead,2019-08-05,5.41,19030624,P,40,D3,,4.7,False,21123158.0,19150594.5,20510564.5,21706314.75,10,below_p25,-0.07215503503084959
EMP00451,"KH. Dasa Rahmawati, S.Psi",Sales,3,Specialist,2023-03-26,1.77,17810076,L,48,S1,EMP00474,3.5,False,18625809.173913043,16276425.75,18311128.5,20474909.0,46,p25_to_p50,-0.02736327801970261
EMP00452,Cayadi Saptono,Sales,2,Senior Staff,2019-06-19,5.54,18000014,L,27,S1,EMP00474,4.4,False,15467428.795454545,13816553.5,15645516.5,16953434.25,44,above_p75,0.15049023789019686
EMP00453,Budi Andriani,Sales,2,Senior Staff,2022-05-09,2.65,13255739,L,27,S1,EMP00474,2.6,False,15467428.795454545,13816553.5,15645516.5,16953434.25,44,below_p25,-0.15274519700260455
EMP00454,R. Panca Haryanto,Sales,2,Senior Staff,2020-10-18,4.2,16306155,P,24,S1,EMP00474,3.3,False,15467428.795454545,13816553.5,15645516.5,16953434.25,44,p50_to_p75,0.04222541965936375
EMP00455,Melinda Tarihoran,Sales,1,Staff,2021-02-01,3.91,12093661,L,49,S1,EMP00474,3.0,True,12282231.104166666,10825191.5,11967325.0,13271710.0,48,p50_to_p75,0.010556745137280053
EMP00456,Drs. Balangga Hartati,Sales,3,Specialist,2022-12-24,2.02,24196334,L,43,D3,EMP00474,3.4,False,18625809.173913043,16276425.75,18311128.5,20474909.0,46,above_p75,0.32140048058752907
EMP00457,Sutan Warsita Susanti,Sales,2,Senior Staff,2019-07-05,5.49,15861567,P,30,S1,EMP00474,3.8,False,15467428.795454545,13816553.5,15645516.5,16953434.25,44,p50_to_p75,0.01380909987854987
EMP00458,Ozy Wahyuni,Sales,1,Staff,2019-09-02,5.33,12777445,L,46,S1,EMP00474,3.2,False,12282231.104166666,10825191.5,11967325.0,13271710.0,48,p50_to_p75,0.06769432600852739
EMP00459,T. Jagapati Yuniar,Sales,1,Staff,2023-03-18,1.79,10806776,L,37,S1,EMP00474,3.5,False,12282231.104166666,10825191.5,11967325.0,13271710.0,48,below_p25,-0.09697647552815687
EMP00460,Aswani Kuswandari,Sales,2,Senior Staff,2020-01-19,4.95,13152887,L,31,S1,EMP00474,2.9,True,15467428.795454545,13816553.5,15645516.5,16953434.25,44,below_p25,-0.15931909310887882
EMP00461,"drg. Maria Kurniawan, M.Kom.",Sales,3,Specialist,2022-04-28,2.68,18106458,L,32,S1,EMP00474,4.0,False,18625809.173913043,16276425.75,18311128.5,20474909.0,46,p25_to_p50,-0.011177383196235012
EMP00462,"Maimunah Hidayanto, S.Pt",Sales,2,Senior Staff,2018-10-21,6.2,12935712,L,36,D3,EMP00474,2.1,True,15467428.795454545,13816553.5,15645516.5,16953434.25,44,below_p25,-0.17320006661333295
EMP00463,Rachel Maulana,Sales,1,Staff,2023-11-24,1.1,10766304,L,24,S1,EMP00474,3.2,False,12282231.104166666,10825191.5,11967325.0,13271710.0,48,below_p25,-0.1003583507592549
EMP00464,Budi Saefullah,Sales,1,Staff,2018-08-23,6.36,11793353,P,44,S1,EMP00474,3.9,False,12282231.104166666,10825191.5,11967325.0,13271710.0,48,p25_to_p50,-0.014537250388035756
EMP00465,Hj. Restu Pudjiastuti,Sales,1,Staff,2020-11-07,4.15,14288157,L,43,S1,EMP00474,3.2,False,12282231.104166666,10825191.5,11967325.0,13271710.0,48,above_p75,0.19393072386686247
EMP00466,"Jane Wibowo, M.Ak",Sales,2,Senior Staff,2021-05-12,3.64,17482189,P,23,S1,EMP00474,3.1,False,15467428.795454545,13816553.5,15645516.5,16953434.25,44,above_p75,0.11739289655282394
EMP00467,T. Jaeman Mayasari,Sales,3,Specialist,2023-09-19,1.28,19304168,L,24,S1,EMP00474,2.6,False,18625809.173913043,16276425.75,18311128.5,20474909.0,46,p50_to_p75,0.05423147459207662
EMP00468,drg. Cinthia Latupono,Sales,2,Senior Staff,2023-11-13,1.13,11691060,P,50,S1,EMP00474,2.2,True,15467428.795454545,13816553.5,15645516.5,16953434.25,44,below_p25,-0.25275333671470673
EMP00469,"Hj. Sadina Puspasari, S.Kom",Sales,3,Specialist,2021-07-07,3.49,14475508,L,29,S2,EMP00474,3.1,False,18625809.173913043,16276425.75,18311128.5,20474909.0,46,below_p25,-0.20946936722114096
EMP00470,Mila Pradana,Sales,3,Specialist,2019-07-29,5.43,21220567,P,50,S1,EMP00474,3.8,True,18625809.173913043,16276425.75,18311128.5,20474909.0,46,above_p75,0.15888908758408854
EMP00471,Jessica Hasanah,Sales,2,Senior Staff,2023-05-26,1.6,15592454,P,24,S1,EMP00474,3.8,False,15467428.795454545,13816553.5,15645516.5,16953434.25,44,p25_to_p50,-0.0033915467092441465
EMP00472,Lidya Kuswoyo,Sales,2,Senior Staff,2022-11-03,2.16,17822411,P,47,S1,EMP00474,3.5,True,15467428.795454545,13816553.5,15645516.5,16953434.25,44,above_p75,0.13913855129039684
EMP00473,Maria Sihotang,Sales,1,Staff,2020-03-07,4.82,15356700,P,22,S1,EMP00474,2.7,False,12282231.104166666,10825191.5,11967325.0,13271710.0,48,above_p75,0.28321909867075556
EMP00474,"Dodo Wahyudin, S.E.I",Sales,4,Lead,2019-01-19,5.95,19510506,L,37,S1,,3.5,True,21123158.0,19150594.5,20510564.5,21706314.75,10,p25_to_p50,-0.04875821433388632
EMP00475,"Virman Kusmawati, S.Pt",Sales,3,Specialist,2019-06-14,5.55,17140347,L,45,D3,EMP00474,3.1,True,18625809.173913043,16276425.75,18311128.5,20474909.0,46,p25_to_p50,-0.06393824935475713
EMP00476,Radika Hutasoit,Sales,1,Staff,2023-10-17,1.21,10696957,P,31,S1,EMP00474,3.2,False,12282231.104166666,10825191.5,11967325.0,13271710.0,48,below_p25,-0.1061530458978928
EMP00477,Ian Kuswoyo,Sales,1,Staff,2019-04-10,5.73,13961054,L,31,S1,EMP00474,2.3,True,12282231.104166666,10825191.5,11967325.0,13271710.0,48,above_p75,0.16659771502821225
EMP00478,"Ulya Wahyudin, S.E.I",Sales,2,Senior Staff,2022-02-22,2.86,13927118,P,41,S1,EMP00474,3.9,True,15467428.795454545,13816553.5,15645516.5,16953434.25,44,p25_to_p50,-0.10983328674384128
EMP00479,Dt. Langgeng Purwanti,Sales,1,Staff,2021-12-16,3.04,12275897,P,37,S1,EMP00474,3.9,False,12282231.104166666,10825191.5,11967325.0,13271710.0,48,p50_to_p75,0.025784542493832163
EMP00480,Tgk. Mumpuni Maheswara,Sales,3,Specialist,2023-03-04,1.83,19357274,L,47,S2,EMP00474,4.0,False,18625809.173913043,16276425.75,18311128.5,20474909.0,46,p50_to_p75,0.05713167814861875
EMP00481,Kamila Widiastuti,Sales,2,Senior Staff,2021-02-06,3.9,15314249,L,35,S1,EMP00474,4.2,False,15467428.795454545,13816553.5,15645516.5,16953434.25,44,p25_to_p50,-0.021173318247435294
EMP00482,"dr. Taswir Habibi, S.Pd",Sales,3,Specialist,2019-04-07,5.74,14146018,L,49,S2,EMP00474,3.0,False,18625809.173913043,16276425.75,18311128.5,20474909.0,46,below_p25,-0.22746334285186193
EMP00483,Tgk. Kamila Jailani,Sales,3,Specialist,2021-07-18,3.46,18174005,L,37,S1,EMP00474,3.0,False,18625809.173913043,16276425.75,18311128.5,20474909.0,46,p25_to_p50,-0.007488533543959347
EMP00484,Drs. Gabriella Mangunsong,Sales,2,Senior Staff,2020-01-08,4.98,15126997,L,25,S1,EMP00474,3.1,True,15467428.795454545,13816553.5,15645516.5,16953434.25,44,p25_to_p50,-0.03314173105119284
EMP00485,"Jaya Prasetyo, S.IP",Sales,2,Senior Staff,2021-07-28,3.43,16821660,L,40,S1,EMP00474,4.6,False,15467428.795454545,13816553.5,15645516.5,16953434.25,44,p50_to_p75,0.07517447570363049
EMP00486,Zulfa Puspita,Sales,2,Senior Staff,2023-04-30,1.67,16263866,P,34,S2,EMP00474,2.9,False,15467428.795454545,13816553.5,15645516.5,16953434.25,44,p50_to_p75,0.03952247277998141
EMP00487,Calista Setiawan,Sales,2,Senior Staff,2019-12-31,5.0,9998924,L,38,S1,EMP00474,2.9,False,15467428.795454545,13816553.5,15645516.5,16953434.25,44,below_p25,-0.36090802754897866
EMP00488,R.A. Yani Aryani,Sales,1,Staff,2021-07-18,3.46,12394252,L,22,S2,EMP00474,2.8,True,12282231.104166666,10825191.5,11967325.0,13271710.0,48,p50_to_p75,0.03567438838671132
EMP00489,"Drs. Vivi Oktaviani, M.Ak",Sales,2,Senior Staff,2023-02-13,1.88,15283209,P,32,S1,EMP00474,3.3,False,15467428.795454545,13816553.5,15645516.5,16953434.25,44,p25_to_p50,-0.023157273203476537
EMP00490,"Margana Puspita, S.Ked",Sales,1,Staff,2020-06-20,4.53,13179840,P,22,D3,EMP00474,3.2,False,12282231.104166666,10825191.5,11967325.0,13271710.0,48,p50_to_p75,0.10131879931396531
EMP00491,Hj. Yance Santoso,Finance,4,Lead,2023-06-30,1.51,20578127,P,45,S2,,3.4,False,23396251.4,20578127.0,22990600.0,23643052.0,5,p25_to_p50,-0.10493301610223309
EMP00492,Cemeti Saputra,Finance,1,Staff,2023-07-17,1.46,11066184,L,40,S1,EMP00523,2.3,False,12988308.363636363,12482992.0,12902802.0,13866212.0,22,below_p25,-0.1423425702417196
EMP00493,"Vanesa Saragih, S.Psi",Finance,1,Staff,2021-05-24,3.61,12502330,P,34,S1,EMP00523,2.1,False,12988308.363636363,12482992.0,12902802.0,13866212.0,22,p25_to_p50,-0.031037599429953277
EMP00494,Agnes Najmudin,Finance,3,Specialist,2022-05-23,2.61,15534458,P,35,S1,EMP00523,2.6,False,19666503.23529412,17384694.0,19553877.0,21742538.0,17,below_p25,-0.20555611554680436
EMP00495,"R. Padmi Wahyuni, S.Sos",Finance,3,Specialist,2022-04-10,2.73,19382354,L,44,S2,EMP00523,2.0,False,19666503.23529412,17384694.0,19553877.0,21742538.0,17,p25_to_p50,-0.008771815430771095
EMP00496,Caket Usada,Finance,2,Senior Staff,2022-09-03,2.33,16533069,L,43,D3,EMP00523,4.2,False,16640933.75,15606330.75,16691198.0,17838974.75,16,p25_to_p50,-0.009473795709570996
EMP00497,Bakijan Nuraini,Finance,3,Specialist,2020-08-16,4.38,16838170,P,41,S1,EMP00523,5.0,False,19666503.23529412,17384694.0,19553877.0,21742538.0,17,below_p25,-0.13888330176158928
EMP00498,Harimurti Andriani,Finance,3,Specialist,2021-02-13,3.88,15327614,P,50,S1,EMP00523,4.4,False,19666503.23529412,17384694.0,19553877.0,21742538.0,17,below_p25,-0.21613427352539857
EMP00499,Jasmin Manullang,Finance,1,Staff,2019-05-05,5.66,13196805,L,27,S1,EMP00523,3.0,False,12988308.363636363,12482992.0,12902802.0,13866212.0,22,p50_to_p75,0.022785980905542843
EMP00500,Ira Simbolon,Finance,2,Senior Staff,2019-08-11,5.39,19182412,L,37,D3,EMP00523,3.0,False,16640933.75,15606330.75,16691198.0,17838974.75,16,above_p75,0.1492531572628879
EMP00501,"Drs. Lembah Hutasoit, S.Gz",Finance,1,Staff,2018-08-22,6.36,14448316,L,22,S1,EMP00523,4.5,False,12988308.363636363,12482992.0,12902802.0,13866212.0,22,above_p75,0.1197812692157874
EMP00502,Candrakanta Safitri,Finance,1,Staff,2019-07-17,5.46,12563358,L,26,S1,EMP00523,3.8,False,12988308.363636363,12482992.0,12902802.0,13866212.0,22,p25_to_p50,-0.026307774078839618
EMP00503,Mursita Hutapea,Finance,3,Specialist,2020-05-25,4.6,26575736,P,36,S1,EMP00523,4.3,False,19666503.23529412,17384694.0,19553877.0,21742538.0,17,above_p75,0.35910315892853373
EMP00504,Maimunah Wijayanti,Finance,2,Senior Staff,2022-05-27,2.6,19152270,P,32,S1,EMP00523,3.9,False,16640933.75,15606330.75,16691198.0,17838974.75,16,above_p75,0.1474472952750306
EMP00505,Nova Sudiati,Finance,3,Specialist,2021-08-11,3.39,19553877,P,37,S2,EMP00523,3.1,False,19666503.23529412,17384694.0,19553877.0,21742538.0,17,p50_to_p75,0.0
EMP00506,Lidya Saputra,Finance,3,Specialist,2019-09-07,5.32,21766035,L,47,S1,EMP00523,3.5,False,19666503.23529412,17384694.0,19553877.0,21742538.0,17,above_p75,0.1131314265708023
EMP00507,Perkasa Mulyani,Finance,2,Senior Staff,2019-02-15,5.88,16849327,P,35,D3,EMP00523,4.2,False,16640933.75,15606330.75,16691198.0,17838974.75,16,p50_to_p75,0.009473795709570996
EMP00508,Gangsar Astuti,Finance,3,Specialist,2023-09-04,1.33,18800533,P,44,S1,EMP00523,4.4,False,19666503.23529412,17384694.0,19553877.0,21742538.0,17,p25_to_p50,-0.038526579664994315
EMP00509,Edi Wastuti,Finance,2,Senior Staff,2023-04-22,1.69,17378784,P,36,D3,EMP00523,3.9,False,16640933.75,15606330.75,16691198.0,17838974.75,16,p50_to_p75,0.041194526600187714
EMP00510,"Lega Laksita, M.TI.",Finance,3,Specialist,2022-07-05,2.49,20571937,L,23,S1,EMP00523,3.3,False,19666503.23529412,17384694.0,19553877.0,21742538.0,17,p50_to_p75,0.052064355319408014
EMP00511,"Gaiman Gunawan, S.H.",Finance,1,Staff,2018-08-07,6.4,13078894,L,28,S1,EMP00523,2.9,False,12988308.363636363,12482992.0,12902802.0,13866212.0,22,p50_to_p75,0.013647578254707776
EMP00512,Rahayu Hakim,Finance,1,Staff,2021-12-29,3.01,10318064,P,41,S1,EMP00523,3.4,False,12988308.363636363,12482992.0,12902802.0,13866212.0,22,below_p25,-0.20032377463437787
EMP00513,Damu Sihombing,Finance,3,Specialist,2022-01-07,2.98,15959533,L,26,S2,EMP00523,4.2,False,19666503.23529412,17384694.0,19553877.0,21742538.0,17,below_p25,-0.18381745983162315
EMP00514,Pranata Mandala,Finance,2,Senior Staff,2021-09-30,3.25,15878848,L,42,S1,EMP00523,3.8,False,16640933.75,15606330.75,16691198.0,17838974.75,16,p25_to_p50,-0.04866936453572716
EMP00515,"T. Elvin Simbolon, S.IP",Finance,1,Staff,2019-11-09,5.14,14157096,P,50,S1,EMP00523,2.8,True,12988308.363636363,12482992.0,12902802.0,13866212.0,22,above_p75,0.09721097789456895
EMP00516,Jamal Astuti,Finance,2,Senior Staff,2022-07-02,2.5,15742450,L,46,D3,EMP00523,3.8,False,16640933.75,15606330.75,16691198.0,17838974.75,16,p25_to_p50,-0.056841216550184114
EMP00517,Cager Wibowo,Finance,1,Staff,2020-04-18,4.7,12672929,L,44,S1,EMP00523,4.3,False,12988308.363636363,12482992.0,12902802.0,13866212.0,22,p25_to_p50,-0.017815742658067603
EMP00518,H. Dartono Mardhiyah,Finance,3,Specialist,2019-01-03,5.99,21742538,L,31,S2,EMP00523,3.8,False,19666503.23529412,17384694.0,19553877.0,21742538.0,17,above_p75,0.11192977229017038
EMP00519,Ir. Reksa Thamrin,Finance,1,Staff,2021-01-11,3.97,13679462,L,23,S1,EMP00523,3.5,False,12988308.363636363,12482992.0,12902802.0,13866212.0,22,p50_to_p75,0.06019312704325774
EMP00520,Hasta Gunarto,Finance,2,Senior Staff,2022-02-01,2.91,16100383,P,28,S1,EMP00523,3.7,False,16640933.75,15606330.75,16691198.0,17838974.75,16,p25_to_p50,-0.035396800157783764
EMP00521,Anita Haryanti,Finance,1,Staff,2023-09-21,1.28,12903657,L,32,D3,EMP00523,4.4,False,12988308.363636363,12482992.0,12902802.0,13866212.0,22,p50_to_p75,6.626467646329844e-05
EMP00522,Setya Sihotang,Finance,1,Staff,2023-08-03,1.41,11932657,L,44,S1,EMP00523,2.3,False,12988308.363636363,12482992.0,12902802.0,13866212.0,22,below_p25,-0.07518870707308381
EMP00523,drg. Queen Waskita,Finance,4,Lead,2021-12-03,3.08,22990600,L,50,S1,,4.1,False,23396251.4,20578127.0,22990600.0,23643052.0,5,p50_to_p75,0.0
EMP00524,"Suci Agustina, S.Pd",Finance,3,Specialist,2022-08-21,2.36,17384694,L,44,S2,EMP00523,3.1,True,19666503.23529412,17384694.0,19553877.0,21742538.0,17,p25_to_p50,-0.11093365269710963
EMP00525,Halim Damanik,Finance,3,Specialist,2023-06-13,1.55,23316319,L,29,S1,EMP00523,3.0,False,19666503.23529412,17384694.0,19553877.0,21742538.0,17,above_p75,0.19241411818229193
EMP00526,Ella Safitri,Finance,1,Staff,2019-07-10,5.48,15222286,P,35,S2,EMP00523,3.2,False,12988308.363636363,12482992.0,12902802.0,13866212.0,22,above_p75,0.17976591441145884
EMP00527,Yance Tarihoran,Finance,3,Specialist,2019-01-29,5.92,21746338,P,46,S1,EMP00523,4.0,False,19666503.23529412,17384694.0,19553877.0,21742538.0,17,above_p75,0.11212410715276566
EMP00528,Ibrani Kurniawan,Finance,2,Senior Staff,2020-04-09,4.73,19856865,L,47,S1,EMP00523,3.5,False,16640933.75,15606330.75,16691198.0,17838974.75,16,above_p75,0.18966086197048287
EMP00529,Ibrani Rahmawati,Finance,1,Staff,2023-05-18,1.62,12476546,L,44,S2,EMP00523,2.5,False,12988308.363636363,12482992.0,12902802.0,13866212.0,22,below_p25,-0.03303592506495876
EMP00530,Paramita Hutapea,Finance,4,Lead,2022-09-25,2.27,23643052,L,29,S2,,4.1,False,23396251.4,20578127.0,22990600.0,23643052.0,5,above_p75,0.028379076666115718
EMP00531,Ira Sirait,Finance,4,Lead,2019-07-31,5.42,19856364,L,37,S1,,3.3,False,23396251.4,20578127.0,22990600.0,23643052.0,5,below_p25,-0.13632684662427252
EMP00532,Ganda Narpati,Finance,2,Senior Staff,2019-04-17,5.71,12817353,L,24,S1,EMP00523,3.2,False,16640933.75,15606330.75,16691198.0,17838974.75,16,below_p25,-0.23208909270622755
EMP00533,Kajen Usada,Finance,3,Specialist,2022-05-25,2.6,21231587,L,30,S1,EMP00523,2.1,False,19666503.23529412,17384694.0,19553877.0,21742538.0,17,p50_to_p75,0.08579935324334913
EMP00534,Karta Melani,Finance,1,Staff,2019-08-03,5.41,13156293,P,23,S2,EMP00523,2.8,False,12988308.363636363,12482992.0,12902802.0,13866212.0,22,p50_to_p75,0.019646197779366062
EMP00535,Utama Tampubolon,Finance,2,Senior Staff,2021-12-03,3.08,13547270,P,50,D3,EMP00523,3.8,False,16640933.75,15606330.75,16691198.0,17838974.75,16,below_p25,-0.1883584389808329
EMP00536,Titi Yuliarti,Finance,1,Staff,2019-07-23,5.44,10661151,L,44,S1,EMP00523,4.2,False,12988308.363636363,12482992.0,12902802.0,13866212.0,22,below_p25,-0.17373365878202268
EMP00537,"R. Gilda Jailani, S.E.I",Finance,1,Staff,2020-03-17,4.79,12901947,L,49,S1,EMP00523,2.7,False,12988308.363636363,12482992.0,12902802.0,13866212.0,22,p25_to_p50,-6.626467646329844e-05
EMP00538,Faizah Natsir,Finance,2,Senior Staff,2023-11-14,1.13,17772188,P,22,S1,EMP00523,3.4,False,16640933.75,15606330.75,16691198.0,17838974.75,16,p50_to_p75,0.06476407505321068
EMP00539,R. Vanya Yolanda,Finance,2,Senior Staff,2023-11-02,1.16,14451878,L,30,S1,EMP00523,2.9,False,16640933.75,15606330.75,16691198.0,17838974.75,16,below_p25,-0.13416173003279933
EMP00540,Cecep Utami,Finance,2,Senior Staff,2021-06-23,3.52,18039335,L,41,S1,EMP00523,4.1,False,16640933.75,15606330.75,16691198.0,17838974.75,16,above_p75,0.08076933722792097
EMP00541,Malika Pratiwi,Finance,3,Specialist,2022-09-22,2.28,20342812,P,23,S2,EMP00523,3.7,False,19666503.23529412,17384694.0,19553877.0,21742538.0,17,p50_to_p75,0.040346730216212365
EMP00542,"Drs. Ikin Zulaika, M.Farm",Finance,2,Senior Staff,2020-07-04,4.49,15197973,L,45,S1,EMP00523,3.0,False,16640933.75,15606330.75,16691198.0,17838974.75,16,below_p25,-0.08946182293206276
EMP00543,"Makara Oktaviani, S.Psi",Finance,1,Staff,2023-03-22,1.78,10061229,L,31,S1,EMP00523,3.9,False,12988308.363636363,12482992.0,12902802.0,13866212.0,22,below_p25,-0.22022914092613372
EMP00544,"Hj. Iriana Maryadi, M.M.",Finance,1,Staff,2022-05-19,2.62,15797495,L,30,S1,EMP00523,3.3,False,12988308.363636363,12482992.0,12902802.0,13866212.0,22,above_p75,0.22434607614687105
EMP00545,Jarwadi Handayani,Finance,1,Staff,2019-04-09,5.73,12618003,L,41,S1,EMP00523,2.3,False,12988308.363636363,12482992.0,12902802.0,13866212.0,22,p25_to_p50,-0.022072647476106353
EMP00546,"Gadang Saefullah, M.Farm",Finance,2,Senior Staff,2021-01-24,3.93,17754535,L,34,S2,EMP00523,3.4,False,16640933.75,15606330.75,16691198.0,17838974.75,16,p50_to_p75,0.06370645174780144
EMP00547,Garan Mayasari,Finance,3,Specialist,2023-02-21,1.86,18256020,P,35,S1,EMP00523,2.6,True,19666503.23529412,17384694.0,19553877.0,21742538.0,17,p25_to_p50,-0.0663733846745584
EMP00548,Galak Hariyah,Finance,1,Staff,2022-09-24,2.27,13928462,L,50,S1,EMP00523,3.5,False,12988308.363636363,12482992.0,12902802.0,13866212.0,22,above_p75,0.07949126089046395
EMP00549,Ani Hakim,Finance,4,Lead,2019-05-17,5.63,29913114,L,28,S2,,2.4,False,23396251.4,20578127.0,22990600.0,23643052.0,5,above_p75,0.30110192861430324
EMP00550,Yance Suwarno,Finance,1,Staff,2023-02-23,1.85,16399620,L,22,S2,EMP00523,3.2,False,12988308.363636363,12482992.0,12902802.0,13866212.0,22,above_p75,0.2710122963988752
EMP00551,Mariadi Iswahyudi,HR,1,Staff,2022-09-12,2.3,8535808,L,23,S1,EMP00575,4.1,False,9369046.266666668,8436216.0,8562369.0,10444466.5,15,p25_to_p50,-0.0031020620578253518
EMP00552,Ir. Ophelia Winarno,HR,2,Senior Staff,2021-04-24,3.69,14485759,L,37,S1,EMP00575,1.6,False,12172378.157894736,11711328.5,12193931.0,13045267.0,19,above_p75,0.187948250650262
EMP00553,Ratna Puspasari,HR,2,Senior Staff,2020-12-22,4.02,11941246,L,27,S1,EMP00575,3.0,False,12172378.157894736,11711328.5,12193931.0,13045267.0,19,p25_to_p50,-0.02072219368799118
EMP00554,"H. Umar Gunarto, M.M.",HR,2,Senior Staff,2023-05-26,1.6,12848537,L,46,S2,EMP00575,4.6,False,12172378.157894736,11711328.5,12193931.0,13045267.0,19,p50_to_p75,0.053682934568024046
EMP00555,"Drs. Martana Nainggolan, S.Psi",HR,2,Senior Staff,2022-05-23,2.61,11898003,P,33,S1,EMP00575,3.3,False,12172378.157894736,11711328.5,12193931.0,13045267.0,19,p25_to_p50,-0.02426846600985359
EMP00556,Dr. Olivia Maryadi,HR,1,Staff,2021-04-13,3.72,13792184,L,28,S1,EMP00575,3.3,False,9369046.266666668,8436216.0,8562369.0,10444466.5,15,above_p75,0.6107906585198559
EMP00557,Ihsan Jailani,HR,2,Senior Staff,2019-11-21,5.11,11916543,L,46,D3,EMP00575,3.2,False,12172378.157894736,11711328.5,12193931.0,13045267.0,19,p25_to_p50,-0.022748037527848895
EMP00558,"Tgk. Nasab Hutasoit, M.TI.",HR,2,Senior Staff,2020-08-25,4.35,8807486,L,36,D3,EMP00575,3.3,False,12172378.157894736,11711328.5,12193931.0,13045267.0,19,below_p25,-0.2777156111511538
EMP00559,"Cawuk Gunarto, S.H.",HR,1,Staff,2018-12-02,6.08,8162201,L,27,D3,EMP00575,2.9,False,9369046.266666668,8436216.0,8562369.0,10444466.5,15,below_p25,-0.046735663926653945
EMP00560,"Maida Farida, M.TI.",HR,2,Senior Staff,2019-03-31,5.75,13262630,P,48,D3,EMP00575,2.4,False,12172378.157894736,11711328.5,12193931.0,13045267.0,19,above_p75,0.08764187693041726
EMP00561,Drs. Capa Utama,HR,1,Staff,2023-09-02,1.33,10646068,L,39,S1,EMP00575,4.7,False,9369046.266666668,8436216.0,8562369.0,10444466.5,15,above_p75,0.24335543118966257
EMP00562,Intan Wibisono,HR,1,Staff,2023-03-22,1.78,8337793,L,42,S1,EMP00575,2.6,False,9369046.266666668,8436216.0,8562369.0,10444466.5,15,below_p25,-0.02622825528775973
EMP00563,Vicky Sirait,HR,1,Staff,2023-07-18,1.46,10454604,L,26,S1,EMP00575,3.2,False,9369046.266666668,8436216.0,8562369.0,10444466.5,15,above_p75,0.2209943299570481
EMP00564,"Liman Habibi, S.Psi",HR,2,Senior Staff,2019-01-06,5.98,10789415,L,23,S1,EMP00575,2.9,True,12172378.157894736,11711328.5,12193931.0,13045267.0,19,below_p25,-0.11518156040082562
EMP00565,Gambira Kuswoyo,HR,1,Staff,2022-10-15,2.21,8534639,P,29,S3,EMP00575,3.9,False,9369046.266666668,8436216.0,8562369.0,10444466.5,15,p25_to_p50,-0.003238589694043786
EMP00566,Ir. Harsana Suryono,HR,2,Senior Staff,2019-03-02,5.83,13764271,L,51,D3,EMP00575,3.7,False,12172378.157894736,11711328.5,12193931.0,13045267.0,19,above_p75,0.12878045644181518
EMP00567,Tari Wahyuni,HR,1,Staff,2019-05-10,5.65,8545536,P,35,S1,EMP00575,2.5,False,9369046.266666668,8436216.0,8562369.0,10444466.5,15,p25_to_p50,-0.001965927887480673
EMP00568,R. Juli Hutapea,HR,1,Staff,2022-04-18,2.7,7149527,P,38,S1,EMP00575,3.3,False,9369046.266666668,8436216.0,8562369.0,10444466.5,15,below_p25,-0.16500596972636894
EMP00569,Hj. Dinda Tampubolon,HR,2,Senior Staff,2018-07-20,6.45,11921099,L,27,S1,EMP00575,2.4,False,12172378.157894736,11711328.5,12193931.0,13045267.0,19,p25_to_p50,-0.022374409040038033
EMP00570,Safina Wijayanti,HR,1,Staff,2018-09-21,6.28,8064339,P,24,S2,EMP00575,2.6,False,9369046.266666668,8436216.0,8562369.0,10444466.5,15,below_p25,-0.05816497747294003
EMP00571,Diah Riyanti,HR,2,Senior Staff,2022-07-20,2.45,12897404,L,50,S1,EMP00575,4.3,False,12172378.157894736,11711328.5,12193931.0,13045267.0,19,p50_to_p75,0.05769041993102962
EMP00572,"Chelsea Saragih, M.Pd",HR,2,Senior Staff,2019-10-04,5.24,11023784,L,41,S2,EMP00575,3.8,False,12172378.157894736,11711328.5,12193931.0,13045267.0,19,below_p25,-0.0959614254008818
EMP00573,Syahrini Sitompul,HR,2,Senior Staff,2019-02-03,5.91,12425047,L,35,S1,EMP00575,2.7,False,12172378.157894736,11711328.5,12193931.0,13045267.0,19,p50_to_p75,0.018953362947518728
EMP00574,"R. Salsabila Novitasari, S.Pt",HR,3,Specialist,2022-01-28,2.92,11107584,L,29,S1,EMP00575,3.0,False,14061146.75,13498074.75,14376049.0,14939121.0,4,below_p25,-0.22735488728509481
EMP00575,"Mumpuni Anggraini, M.TI.",HR,4,Lead,2020-05-22,4.61,18911107,P,46,S2,,3.0,False,18911107.0,18911107.0,18911107.0,18911107.0,1,above_p75,0.0
EMP00576,Anita Tarihoran,HR,1,Staff,2019-12-05,5.07,8562369,L,43,S1,EMP00575,2.2,False,9369046.266666668,8436216.0,8562369.0,10444466.5,15,p50_to_p75,0.0
EMP00577,Elvina Prabowo,HR,2,Senior Staff,2019-07-08,5.48,13100305,L,49,D3,EMP00575,3.1,False,12172378.157894736,11711328.5,12193931.0,13045267.0,19,above_p75,0.07432992691200237
EMP00578,Vivi Laksita,HR,2,Senior Staff,2019-07-12,5.47,10181430,L,34,S1,EMP00575,2.7,False,12172378.157894736,11711328.5,12193931.0,13045267.0,19,below_p25,-0.1650411995934699
EMP00579,Darmanto Mandala,HR,1,Staff,2022-05-03,2.66,10434329,P,43,D3,EMP00575,2.8,False,9369046.266666668,8436216.0,8562369.0,10444466.5,15,p50_to_p75,0.21862641051793025
EMP00580,Bahuwarna Sihombing,HR,3,Specialist,2020-04-18,4.7,14457193,L,27,S1,EMP00575,2.9,False,14061146.75,13498074.75,14376049.0,14939121.0,4,p50_to_p75,0.005644388106913103
EMP00581,"Puti Ophelia Namaga, M.TI.",HR,5,Manager,2022-10-06,2.24,24784052,P,39,S1,,3.3,False,24784052.0,24784052.0,24784052.0,24784052.0,1,above_p75,0.0
EMP00582,Mitra Sirait,HR,2,Senior Staff,2021-05-19,3.62,12990229,P,31,S1,EMP00575,3.9,False,12172378.157894736,11711328.5,12193931.0,13045267.0,19,p50_to_p75,0.06530281334214537
EMP00583,"Drs. Cahyadi Riyanti, S.Sos",HR,3,Specialist,2022-03-23,2.78,14294905,L,31,S1,EMP00575,3.5,False,14061146.75,13498074.75,14376049.0,14939121.0,4,p25_to_p50,-0.005644388106913103
EMP00584,Carub Najmudin,HR,1,Staff,2022-01-04,2.99,8652725,P,47,S1,EMP00575,3.0,False,9369046.266666668,8436216.0,8562369.0,10444466.5,15,p50_to_p75,0.010552686995853601
EMP00585,"Ir. Yessi Marbun, M.M.",HR,1,Staff,2021-08-22,3.36,10920849,P,51,S1,EMP00575,3.9,False,9369046.266666668,8436216.0,8562369.0,10444466.5,15,above_p75,0.27544713384812075
EMP00586,Hendra Utama,HR,1,Staff,2019-09-15,5.3,9742723,L,40,S2,EMP00575,3.3,True,9369046.266666668,8436216.0,8562369.0,10444466.5,15,p50_to_p75,0.1378536711043404
EMP00587,"Najib Prakasa, M.M.",HR,2,Senior Staff,2019-10-30,5.17,12193931,L,43,S1,EMP00575,2.9,True,12172378.157894736,11711328.5,12193931.0,13045267.0,19,p50_to_p75,0.0
EMP00588,Tgk. Umi Hassanah,HR,2,Senior Staff,2021-08-15,3.38,11524654,L,29,S1,EMP00575,3.9,False,12172378.157894736,11711328.5,12193931.0,13045267.0,19,below_p25,-0.05488607406422096
EMP00589,Kasusra Permadi,HR,3,Specialist,2022-02-21,2.86,16384905,L,35,S1,EMP00575,3.4,False,14061146.75,13498074.75,14376049.0,14939121.0,4,above_p75,0.13973630724269234
EMP00590,Yessi Halimah,HR,2,Senior Staff,2022-09-04,2.32,13303412,P,28,S1,EMP00575,2.9,False,12172378.157894736,11711328.5,12193931.0,13045267.0,19,above_p75,0.09098632754277518
EMP00591,"R.A. Kartika Wastuti, M.Farm",Operations,2,Senior Staff,2020-01-28,4.93,10982731,P,22,S3,EMP00601,4.3,False,10774961.51724138,9967763.0,10982731.0,11638101.0,29,p50_to_p75,0.0
EMP00592,Malika Suryono,Operations,2,Senior Staff,2022-07-21,2.45,10421505,P,30,S2,EMP00601,4.3,False,10774961.51724138,9967763.0,10982731.0,11638101.0,29,p25_to_p50,-0.05110076901637671
EMP00593,"dr. Jefri Nuraini, S.Farm",Operations,2,Senior Staff,2022-12-06,2.07,9950547,P,43,S1,EMP00601,2.3,False,10774961.51724138,9967763.0,10982731.0,11638101.0,29,below_p25,-0.09398245299825699
EMP00594,Rendy Pangestu,Operations,1,Staff,2018-12-26,6.02,7534404,L,26,S2,EMP00601,3.6,False,9570971.75,8127526.25,9317725.5,11166048.5,44,below_p25,-0.1913902164213788
EMP00595,"Drs. Cahyo Ramadan, S.Gz",Operations,2,Senior Staff,2019-01-21,5.94,12244896,L,30,S1,EMP00601,3.3,False,10774961.51724138,9967763.0,10982731.0,11638101.0,29,above_p75,0.1149226909044754
EMP00596,"Jaya Wahyudin, M.Pd",Operations,1,Staff,2023-07-16,1.46,10899263,L,46,D3,EMP00601,4.5,False,9570971.75,8127526.25,9317725.5,11166048.5,44,p50_to_p75,0.16973428762201676
EMP00597,Narji Maryati,Operations,3,Specialist,2021-01-07,3.98,11957935,L,35,S1,EMP00601,3.0,False,13436753.5,12104355.25,13523683.5,14501169.25,18,below_p25,-0.11577825671533942
EMP00598,"Puti Intan Hutasoit, S.E.",Operations,1,Staff,2023-06-16,1.54,10045457,L,27,D3,EMP00601,2.8,False,9570971.75,8127526.25,9317725.5,11166048.5,44,p50_to_p75,0.07810183933836642
EMP00599,Mila Mulyani,Operations,2,Senior Staff,2019-11-22,5.11,10894845,L,32,S1,EMP00601,2.6,False,10774961.51724138,9967763.0,10982731.0,11638101.0,29,p25_to_p50,-0.00800219908873303
EMP00600,Radika Fujiati,Operations,1,Staff,2021-09-16,3.29,8214156,L,29,S1,EMP00601,4.4,False,9570971.75,8127526.25,9317725.5,11166048.5,44,p25_to_p50,-0.11843764875880922
EMP00601,Warsita Prasetya,Operations,6,Senior Manager,2021-04-18,3.7,21134850,L,33,S1,,3.2,False,19034078.0,17983692.0,19034078.0,20084464.0,2,above_p75,0.11036899186816404
EMP00602,"Dr. Kamaria Dongoran, S.Farm",Operations,2,Senior Staff,2021-01-25,3.93,8674372,P,43,S1,EMP00601,3.1,False,10774961.51724138,9967763.0,10982731.0,11638101.0,29,below_p25,-0.21018078290363298
EMP00603,Harto Mardhiyah,Operations,1,Staff,2022-05-29,2.59,9501068,L,26,S1,EMP00601,4.4,True,9570971.75,8127526.25,9317725.5,11166048.5,44,p50_to_p75,0.01967674407235972
EMP00604,Gilda Winarno,Operations,3,Specialist,2021-03-18,3.79,11032759,P,50,S1,EMP00601,3.3,False,13436753.5,12104355.25,13523683.5,14501169.25,18,below_p25,-0.18418979562779622
EMP00605,Hardi Prasetyo,Operations,3,Specialist,2020-02-10,4.89,15830168,P,37,S1,EMP00601,3.7,False,13436753.5,12104355.25,13523683.5,14501169.25,18,above_p75,0.17055149952304044
EMP00606,Galuh Januar,Operations,1,Staff,2023-03-26,1.77,8336079,P,46,S1,EMP00601,3.8,False,9570971.75,8127526.25,9317725.5,11166048.5,44,p25_to_p50,-0.1053525884616369
EMP00607,"Hj. Juli Maulana, S.E.I",Operations,2,Senior Staff,2020-10-01,4.25,9095836,P,43,S1,EMP00601,5.0,False,10774961.51724138,9967763.0,10982731.0,11638101.0,29,below_p25,-0.1718056283086602
EMP00608,Edison Halimah,Operations,1,Staff,2019-01-16,5.96,12372494,L,49,D3,EMP00601,3.9,True,9570971.75,8127526.25,9317725.5,11166048.5,44,above_p75,0.3278448694372892
EMP00609,"Yance Mandala, M.Kom.",Operations,1,Staff,2019-10-23,5.19,9390678,L,39,S1,EMP00601,2.1,False,9570971.75,8127526.25,9317725.5,11166048.5,44,p50_to_p75,0.007829432193511173
EMP00610,Raisa Ardianto,Operations,3,Specialist,2019-07-01,5.5,18554304,L,36,S1,EMP00601,4.2,True,13436753.5,12104355.25,13523683.5,14501169.25,18,above_p75,0.37198596817205903
EMP00611,Ajiman Rajasa,Operations,2,Senior Staff,2022-12-14,2.05,11307822,L,32,S2,EMP00601,3.7,False,10774961.51724138,9967763.0,10982731.0,11638101.0,29,p50_to_p75,0.029600196890919025
EMP00612,Rafid Maryadi,Operations,4,Lead,2022-05-28,2.6,18883121,L,22,S2,,3.8,False,17800798.57142857,16599149.5,17745408.0,18620620.0,7,above_p75,0.06411309337040884
EMP00613,H. Lulut Nuraini,Operations,6,Senior Manager,2019-01-12,5.97,16933306,L,38,S1,,2.7,False,19034078.0,17983692.0,19034078.0,20084464.0,2,below_p25,-0.11036899186816404
EMP00614,Carla Suwarno,Operations,3,Specialist,2021-11-19,3.12,16071686,L,47,S2,EMP00601,4.0,True,13436753.5,12104355.25,13523683.5,14501169.25,18,above_p75,0.18841039129612874
EMP00615,Gada Maheswara,Operations,2,Senior Staff,2020-04-04,4.74,11638101,L,24,S1,EMP00601,3.3,False,10774961.51724138,9967763.0,10982731.0,11638101.0,29,above_p75,0.059672771735918874
EMP00616,Digdaya Andriani,Operations,1,Staff,2020-03-28,4.76,7690115,P,39,S1,EMP00601,2.8,False,9570971.75,8127526.25,9317725.5,11166048.5,44,below_p25,-0.17467894927791122
EMP00617,"Putu Oktaviani, M.M.",Operations,1,Staff,2021-07-11,3.47,11212997,P,46,S1,EMP00601,3.3,True,9570971.75,8127526.25,9317725.5,11166048.5,44,above_p75,0.20340495113319232
EMP00618,Balapati Mandasari,Operations,3,Specialist,2019-04-16,5.71,10402814,L,50,S1,EMP00601,4.0,False,13436753.5,12104355.25,13523683.5,14501169.25,18,below_p25,-0.23077066984006245
EMP00619,Drs. Anita Usamah,Operations,1,Staff,2019-02-10,5.89,10251160,L,51,S1,EMP00601,2.7,True,9570971.75,8127526.25,9317725.5,11166048.5,44,p50_to_p75,0.10017836434438855
EMP00620,Drs. Dimas Megantara,Operations,2,Senior Staff,2019-03-06,5.82,9296897,P,25,S1,EMP00601,2.5,True,10774961.51724138,9967763.0,10982731.0,11638101.0,29,below_p25,-0.15349861523513597
EMP00621,Maria Adriansyah,Operations,3,Specialist,2020-01-03,4.99,13023623,L,48,S2,EMP00601,3.0,False,13436753.5,12104355.25,13523683.5,14501169.25,18,p25_to_p50,-0.03697664915035907
EMP00622,dr. Halima Pertiwi,Operations,1,Staff,2021-02-28,3.84,8462743,L,49,S2,EMP00601,4.6,False,9570971.75,8127526.25,9317725.5,11166048.5,44,p25_to_p50,-0.09175871300351142
EMP00623,Fitria Widiastuti,Operations,1,Staff,2022-06-30,2.51,7107465,P,37,S1,EMP00601,2.9,True,9570971.75,8127526.25,9317725.5,11166048.5,44,below_p25,-0.2372103041670416
EMP00624,"Bakiadi Novitasari, S.I.Kom",Operations,1,Staff,2019-05-07,5.65,11575143,L,45,S1,EMP00601,3.1,False,9570971.75,8127526.25,9317725.5,11166048.5,44,above_p75,0.24227130322738097
EMP00625,Xanana Novitasari,Operations,2,Senior Staff,2020-12-13,4.05,11250455,L,49,S1,EMP00601,3.6,False,10774961.51724138,9967763.0,10982731.0,11638101.0,29,p50_to_p75,0.024376814837766672
EMP00626,Dr. Panji Mayasari,Operations,2,Senior Staff,2022-09-12,2.3,11323561,L,26,S1,EMP00601,3.7,True,10774961.51724138,9967763.0,10982731.0,11638101.0,29,p50_to_p75,0.031033264859168453
EMP00627,Dt. Harsaya Halimah,Operations,1,Staff,2020-06-12,4.55,14165250,L,27,S1,EMP00601,2.8,False,9570971.75,8127526.25,9317725.5,11166048.5,44,above_p75,0.5202476183699551
EMP00628,Makara Wibisono,Operations,1,Staff,2023-02-25,1.85,10527430,L,29,S1,EMP00601,3.8,False,9570971.75,8127526.25,9317725.5,11166048.5,44,p50_to_p75,0.1298283041285129
EMP00629,Hafshah Budiyanto,Operations,4,Lead,2023-11-21,1.11,18358119,L,39,S1,,3.9,False,17800798.57142857,16599149.5,17745408.0,18620620.0,7,p50_to_p75,0.03452786208127759
EMP00630,Winda Hidayat,Operations,2,Senior Staff,2023-02-03,1.91,8286076,L,48,S1,EMP00601,4.3,False,10774961.51724138,9967763.0,10982731.0,11638101.0,29,below_p25,-0.24553592362409676
EMP00631,Halima Wahyuni,Operations,1,Staff,2019-12-18,5.04,6416984,L,22,S1,EMP00601,3.6,False,9570971.75,8127526.25,9317725.5,11166048.5,44,below_p25,-0.3113143330955607
EMP00632,"Bala Prastuti, S.Psi",Operations,1,Staff,2020-04-01,4.75,7714795,L,26,S1,EMP00601,2.8,False,9570971.75,8127526.25,9317725.5,11166048.5,44,below_p25,-0.17203023420254224
EMP00633,Artawan Thamrin,Operations,2,Senior Staff,2022-10-13,2.22,11836847,P,51,S1,EMP00601,3.2,False,10774961.51724138,9967763.0,10982731.0,11638101.0,29,above_p75,0.07776899934997952
EMP00634,Tgk. Rahmat Yuniar,Operations,2,Senior Staff,2023-06-01,1.59,11020796,P,49,S1,EMP00601,4.0,False,10774961.51724138,9967763.0,10982731.0,11638101.0,29,p50_to_p75,0.003465895686601083
EMP00635,Radika Hariyah,Operations,3,Specialist,2019-01-27,5.93,9701551,P,29,S1,EMP00601,2.1,False,13436753.5,12104355.25,13523683.5,14501169.25,18,below_p25,-0.2826251072793888
EMP00636,"Natalia Usamah, S.E.",Operations,2,Senior Staff,2021-10-08,3.23,12080475,L,47,S1,EMP00601,3.0,False,10774961.51724138,9967763.0,10982731.0,11638101.0,29,above_p75,0.09995182436863836
EMP00637,"R.M. Atma Haryanti, S.Gz",Operations,1,Staff,2019-03-30,5.76,11436142,L,47,S1,EMP00601,3.4,False,9570971.75,8127526.25,9317725.5,11166048.5,44,above_p75,0.22735339219855746
EMP00638,Farah Gunawan,Operations,2,Senior Staff,2022-09-27,2.26,11361899,L,47,S1,EMP00601,3.2,False,10774961.51724138,9967763.0,10982731.0,11638101.0,29,p50_to_p75,0.034524017751140404
EMP00639,"Sutan Timbul Gunarto, S.Psi",Operations,1,Staff,2021-06-11,3.56,11350797,P,33,S1,EMP00601,3.4,False,9570971.75,8127526.25,9317725.5,11166048.5,44,above_p75,0.21819396804509855
EMP00640,Oliva Widodo,Operations,1,Staff,2019-04-15,5.71,11150399,L,48,S2,EMP00601,3.1,False,9570971.75,8127526.25,9317725.5,11166048.5,44,p50_to_p75,0.19668678799348618
EMP00641,"Drs. Nabila Ramadan, S.Gz",Operations,3,Specialist,2018-08-19,6.37,14145564,P,29,S1,EMP00601,3.4,False,13436753.5,12104355.25,13523683.5,14501169.25,18,p50_to_p75,0.045984549993350554
EMP00642,"Ir. Dadap Suwarno, S.I.Kom",Operations,1,Staff,2023-08-31,1.34,7741855,L,43,S1,EMP00601,4.0,False,9570971.75,8127526.25,9317725.5,11166048.5,44,below_p25,-0.16912609198457285
EMP00643,"Cut Zelaya Yolanda, S.Psi",Operations,2,Senior Staff,2019-04-19,5.7,8776364,L,36,S1,EMP00601,3.6,False,10774961.51724138,9967763.0,10982731.0,11638101.0,29,below_p25,-0.2008942038187041
EMP00644,Dewi Uwais,Operations,1,Staff,2018-12-14,6.05,10175013,L,23,S3,EMP00601,2.2,False,9570971.75,8127526.25,9317725.5,11166048.5,44,p50_to_p75,0.09200609097145006
EMP00645,Lalita Farida,Operations,1,Staff,2022-10-23,2.19,9137808,L,29,S1,EMP00601,2.7,False,9570971.75,8127526.25,9317725.5,11166048.5,44,p25_to_p50,-0.019309165096138538
EMP00646,Jessica Nashiruddin,Operations,1,Staff,2022-01-22,2.94,8672800,P,29,S3,EMP00601,2.6,True,9570971.75,8127526.25,9317725.5,11166048.5,44,p25_to_p50,-0.0692149065777909
EMP00647,Talia Mandasari,Operations,2,Senior Staff,2018-07-16,6.46,10319180,P,29,D3,EMP00601,3.3,False,10774961.51724138,9967763.0,10982731.0,11638101.0,29,p25_to_p50,-0.060417668428735985
EMP00648,Wirda Maryati,Operations,3,Specialist,2020-07-02,4.5,14635708,L,38,S2,EMP00601,3.3,False,13436753.5,12104355.25,13523683.5,14501169.25,18,above_p75,0.08222792998667855
EMP00649,Wani Hutasoit,Operations,1,Staff,2019-05-19,5.62,11764278,P,27,S2,EMP00601,3.9,True,9570971.75,8127526.25,9317725.5,11166048.5,44,above_p75,0.262569711889452
EMP00650,"Lintang Hutapea, S.Farm",Operations,3,Specialist,2018-10-26,6.18,14311816,P,47,S1,EMP00601,3.3,False,13436753.5,12104355.25,13523683.5,14501169.25,18,p50_to_p75,0.05827794624149552
EMP00651,R. Puji Sihombing,Operations,1,Staff,2022-12-04,2.08,11603299,L,48,S2,EMP00601,2.8,False,9570971.75,8127526.25,9317725.5,11166048.5,44,above_p75,0.24529307071774115
EMP00652,Ciaobella Hutapea,Operations,1,Staff,2019-03-26,5.77,7781521,P,35,S3,EMP00601,3.4,False,9570971.75,8127526.25,9317725.5,11166048.5,44,below_p25,-0.16486904448945186
EMP00653,Salimah Sihombing,Operations,1,Staff,2021-12-09,3.06,7199532,L,41,S2,EMP00601,4.3,False,9570971.75,8127526.25,9317725.5,11166048.5,44,below_p25,-0.2273294593192298
EMP00654,Melinda Suartini,Operations,3,Specialist,2023-02-04,1.91,11605539,L,47,S1,EMP00601,2.9,False,13436753.5,12104355.25,13523683.5,14501169.25,18,below_p25,-0.14183595024240253
EMP00655,"Maria Marbun, M.M.",Operations,1,Staff,2021-05-08,3.65,9124094,P,38,S2,EMP00601,4.1,False,9570971.75,8127526.25,9317725.5,11166048.5,44,p25_to_p50,-0.020780983513626797
EMP00656,Melinda Gunarto,Operations,1,Staff,2021-03-10,3.81,9440212,L,25,S1,EMP00601,3.3,False,9570971.75,8127526.25,9317725.5,11166048.5,44,p50_to_p75,0.013145536429464465
EMP00657,"Kamila Susanti, S.Farm",Operations,2,Senior Staff,2021-01-15,3.96,10122332,L,30,S1,EMP00601,4.4,False,10774961.51724138,9967763.0,10982731.0,11638101.0,29,p25_to_p50,-0.0783410792816468
EMP00658,Suci Hakim,Operations,2,Senior Staff,2020-12-20,4.03,11885494,P,28,S2,EMP00601,2.8,False,10774961.51724138,9967763.0,10982731.0,11638101.0,29,above_p75,0.08219840766381331
EMP00659,Mumpuni Uyainah,Operations,2,Senior Staff,2022-11-19,2.12,8520273,L,28,S1,EMP00601,2.8,False,10774961.51724138,9967763.0,10982731.0,11638101.0,29,below_p25,-0.22421181034116194
EMP00660,Karimah Mulyani,Operations,3,Specialist,2020-05-05,4.66,13779585,L,34,S1,EMP00601,2.8,False,13436753.5,12104355.25,13523683.5,14501169.25,18,p50_to_p75,0.018922470346189334
EMP00661,"H. Mustika Manullang, S.Ked",Operations,4,Lead,2019-06-28,5.51,20093139,P,49,S1,,3.5,False,17800798.57142857,16599149.5,17745408.0,18620620.0,7,above_p75,0.13230076197740848
EMP00662,Samsul Sudiati,Operations,2,Senior Staff,2021-10-22,3.19,12391247,L,48,S1,EMP00601,3.0,True,10774961.51724138,9967763.0,10982731.0,11638101.0,29,above_p75,0.1282482471800502
EMP00663,"Purwa Farida, S.Gz",Operations,1,Staff,2020-04-06,4.74,9244773,P,26,D3,EMP00601,3.8,False,9570971.75,8127526.25,9317725.5,11166048.5,44,p25_to_p50,-0.007829432193511173
EMP00664,Bagas Prakasa,Operations,4,Lead,2022-01-28,2.92,16503068,P,44,S1,,3.8,False,17800798.57142857,16599149.5,17745408.0,18620620.0,7,below_p25,-0.07000909756484607
EMP00665,"Ir. Ghani Tarihoran, S.Sos",Operations,1,Staff,2019-12-26,5.02,10088199,L,29,S1,EMP00601,3.1,False,9570971.75,8127526.25,9317725.5,11166048.5,44,p50_to_p75,0.08268901031694913
EMP00666,Cut Rahmi Mangunsong,Operations,3,Specialist,2022-08-22,2.36,14564287,L,37,S1,EMP00601,4.6,False,13436753.5,12104355.25,13523683.5,14501169.25,18,above_p75,0.07694675049146188
EMP00667,"Ihsan Uwais, S.I.Kom",Operations,4,Lead,2019-05-18,5.62,16327504,P,30,S1,,3.0,False,17800798.57142857,16599149.5,17745408.0,18620620.0,7,below_p25,-0.07990258662973543
EMP00668,Vanesa Hutagalung,Operations,2,Senior Staff,2022-07-03,2.5,11821432,P,40,S1,EMP00601,4.3,False,10774961.51724138,9967763.0,10982731.0,11638101.0,29,above_p75,0.07636543224085157
EMP00669,R. Paris Utama,Operations,3,Specialist,2022-01-20,2.95,13267782,L,26,S1,EMP00601,3.6,False,13436753.5,12104355.25,13523683.5,14501169.25,18,p25_to_p50,-0.018922470346189334
EMP00670,Iriana Yulianti,Operations,2,Senior Staff,2020-02-03,4.91,15165394,P,46,S1,EMP00601,3.0,False,10774961.51724138,9967763.0,10982731.0,11638101.0,29,above_p75,0.3808399750481005
EMP00671,Hilda Latupono,Operations,1,Staff,2020-06-24,4.52,13557201,L,29,S1,EMP00601,3.8,True,9570971.75,8127526.25,9317725.5,11166048.5,44,above_p75,0.45499038365103156
EMP00672,Oman Nashiruddin,Operations,4,Lead,2020-09-29,4.25,16695231,L,28,S1,,3.0,True,17800798.57142857,16599149.5,17745408.0,18620620.0,7,p25_to_p50,-0.05918021157924349
EMP00673,Padma Wibisono,Operations,1,Staff,2020-10-11,4.22,7867637,L,40,S1,EMP00601,2.6,False,9570971.75,8127526.25,9317725.5,11166048.5,44,below_p25,-0.15562687482046986
EMP00674,R. Eluh Rajata,Operations,1,Staff,2019-07-12,5.47,8218659,P,49,S1,EMP00601,4.3,True,9570971.75,8127526.25,9317725.5,11166048.5,44,p25_to_p50,-0.11795437631211608
EMP00675,"Melinda Prabowo, M.Ak",Operations,1,Staff,2019-04-08,5.73,8920992,P,37,S1,EMP00601,2.7,False,9570971.75,8127526.25,9317725.5,11166048.5,44,p25_to_p50,-0.04257836314237847
EMP00676,Talia Lestari,Operations,3,Specialist,2019-12-11,5.06,12622491,L,28,D3,EMP00601,3.4,True,13436753.5,12104355.25,13523683.5,14501169.25,18,p25_to_p50,-0.06663809456942703
EMP00677,Banawi Mansur,Operations,1,Staff,2019-09-01,5.33,7055514,L,24,S3,EMP00601,3.0,False,9570971.75,8127526.25,9317725.5,11166048.5,44,below_p25,-0.24278580647176182
EMP00678,"Puti Mila Natsir, M.M.",Operations,4,Lead,2018-12-10,6.06,17745408,P,49,S1,,4.5,False,17800798.57142857,16599149.5,17745408.0,18620620.0,7,p50_to_p75,0.0
EMP00679,Rusman Zulaika,Operations,3,Specialist,2023-03-08,1.82,13810335,L,42,S1,EMP00601,3.7,False,13436753.5,12104355.25,13523683.5,14501169.25,18,p50_to_p75,0.021196259140492307
EMP00680,"dr. Salwa Situmorang, S.Pt",Operations,1,Staff,2018-07-13,6.47,11465490,L,27,D3,EMP00601,3.2,False,9570971.75,8127526.25,9317725.5,11166048.5,44,above_p75,0.2305030879048755
EMP00681,Dr. Elvin Salahudin,Operations,1,Staff,2022-03-19,2.79,7186192,L,35,S1,EMP00601,3.4,False,9570971.75,8127526.25,9317725.5,11166048.5,44,below_p25,-0.22876113918573798
EMP00682,"R. Tania Uyainah, S.E.",Operations,1,Staff,2022-12-15,2.05,8838085,L,37,S1,EMP00601,3.8,False,9570971.75,8127526.25,9317725.5,11166048.5,44,p25_to_p50,-0.05147613545816519
EMP00683,"Tgk. Kacung Prasetyo, S.IP",Operations,3,Specialist,2020-01-11,4.97,12543616,P,37,S1,EMP00601,2.0,False,13436753.5,12104355.25,13523683.5,14501169.25,18,p25_to_p50,-0.07247045525725296
EMP00684,Prima Mandala,Operations,2,Senior Staff,2018-08-18,6.37,9967763,P,34,S1,EMP00601,3.5,False,10774961.51724138,9967763.0,10982731.0,11638101.0,29,p25_to_p50,-0.09241490117530876
EMP00685,Paiman Lailasari,Operations,1,Staff,2023-05-21,1.62,11503925,L,30,D3,EMP00601,4.1,False,9570971.75,8127526.25,9317725.5,11166048.5,44,above_p75,0.2346280216132145
EMP00686,Gatra Puspasari,Operations,1,Staff,2019-07-04,5.49,8931618,L,25,S1,EMP00601,3.0,False,9570971.75,8127526.25,9317725.5,11166048.5,44,p25_to_p50,-0.041437956076297806
EMP00687,dr. Nadia Puspasari,Operations,2,Senior Staff,2023-11-20,1.11,10712107,L,31,S1,EMP00601,3.4,False,10774961.51724138,9967763.0,10982731.0,11638101.0,29,p25_to_p50,-0.024640865737310693
EMP00688,Luwar Irawan,Operations,2,Senior Staff,2023-07-10,1.48,10006118,P,46,D3,EMP00601,4.1,False,10774961.51724138,9967763.0,10982731.0,11638101.0,29,p25_to_p50,-0.08892260039875328
EMP00689,Galak Widodo,Operations,2,Senior Staff,2020-12-11,4.05,11118519,P,30,S1,EMP00601,3.3,False,10774961.51724138,9967763.0,10982731.0,11638101.0,29,p50_to_p75,0.012363773636994296
EMP00690,"Tantri Kuswandari, M.TI.",Operations,1,Staff,2020-09-07,4.31,10249041,L,30,S1,EMP00601,3.5,False,9570971.75,8127526.25,9317725.5,11166048.5,44,p50_to_p75,0.09995094832961113
EMP00691,Vivi Wasita,Data & Analytics,2,Senior Staff,2022-08-10,2.39,24155560,L,39,S1,EMP00728,2.8,False,20531130.4,17290528.0,20875426.0,22758134.5,20,above_p75,0.15712896110479374
EMP00692,"Ir. Belinda Mahendra, S.Psi",Data & Analytics,4,Lead,2020-09-10,4.31,35647538,P,26,S1,,3.6,False,29996579.6,28992880.0,31141133.0,31360989.0,5,above_p75,0.14470908942201943
EMP00693,"Bagya Hartati, M.M.",Data & Analytics,2,Senior Staff,2023-05-03,1.66,14279477,L,42,S1,EMP00728,3.3,False,20531130.4,17290528.0,20875426.0,22758134.5,20,below_p25,-0.315967156789998
EMP00694,"Kariman Situmorang, S.E.I",Data & Analytics,1,Staff,2022-11-02,2.16,16818786,L,36,S1,EMP00728,3.5,False,17411119.47826087,16474290.5,16992352.0,18432224.5,23,p25_to_p50,-0.010214359966177726
EMP00695,"Drs. Suci Rahmawati, S.E.",Data & Analytics,2,Senior Staff,2019-02-12,5.88,16824724,L,27,S1,EMP00728,2.3,False,20531130.4,17290528.0,20875426.0,22758134.5,20,below_p25,-0.19404164494655102
EMP00696,"R.M. Ian Mardhiyah, S.Gz",Data & Analytics,1,Staff,2021-06-18,3.54,18975930,L,28,S2,EMP00728,3.4,False,17411119.47826087,16474290.5,16992352.0,18432224.5,23,above_p75,0.11673357519900718
EMP00697,"Puti Padma Mangunsong, S.Pd",Data & Analytics,3,Specialist,2021-11-27,3.09,23844626,L,44,S1,EMP00728,3.2,False,25526778.916666668,22815581.0,23818774.0,27381969.25,12,p50_to_p75,0.0010853623280526528
EMP00698,Caraka Sinaga,Data & Analytics,3,Specialist,2020-10-31,4.17,23792922,P,48,S1,EMP00728,2.5,False,25526778.916666668,22815581.0,23818774.0,27381969.25,12,p25_to_p50,-0.0010853623280526528
EMP00699,"Genta Situmorang, M.TI.",Data & Analytics,2,Senior Staff,2021-01-24,3.93,20052510,L,44,S1,EMP00728,3.4,False,20531130.4,17290528.0,20875426.0,22758134.5,20,p25_to_p50,-0.03942032129068887
EMP00700,Zulfa Hutapea,Data & Analytics,2,Senior Staff,2019-03-10,5.81,23183719,P,43,S3,EMP00728,2.3,True,20531130.4,17290528.0,20875426.0,22758134.5,20,above_p75,0.1105746536621576
EMP00701,Faizah Usada,Data & Analytics,3,Specialist,2018-11-19,6.12,23129650,P,37,S1,EMP00728,2.9,False,25526778.916666668,22815581.0,23818774.0,27381969.25,12,p25_to_p50,-0.02893196769909316
EMP00702,T. Budi Utami,Data & Analytics,1,Staff,2022-05-21,2.61,14441240,P,44,S1,EMP00728,2.9,True,17411119.47826087,16474290.5,16992352.0,18432224.5,23,below_p25,-0.1501329539312745
EMP00703,Raisa Nasyidah,Data & Analytics,3,Specialist,2023-06-28,1.51,27091408,L,32,S1,EMP00728,3.6,False,25526778.916666668,22815581.0,23818774.0,27381969.25,12,p50_to_p75,0.13739724806994685
EMP00704,Jefri Yuniar,Data & Analytics,3,Specialist,2022-01-26,2.93,29196054,P,22,D3,EMP00728,3.9,False,25526778.916666668,22815581.0,23818774.0,27381969.25,12,above_p75,0.22575805119104786
EMP00705,Lega Prastuti,Data & Analytics,4,Lead,2023-01-04,1.99,22840358,L,31,S2,,3.3,False,29996579.6,28992880.0,31141133.0,31360989.0,5,below_p25,-0.2665534038212418
EMP00706,Cawisono Wahyuni,Data & Analytics,2,Senior Staff,2022-04-17,2.71,16725982,L,49,S1,EMP00728,3.9,True,20531130.4,17290528.0,20875426.0,22758134.5,20,below_p25,-0.19877170410797845
EMP00707,Ir. Jessica Pratiwi,Data & Analytics,1,Staff,2020-09-01,4.33,16172687,P,40,S1,EMP00728,4.9,True,17411119.47826087,16474290.5,16992352.0,18432224.5,23,below_p25,-0.048237289340522134
EMP00708,Rudi Dabukke,Data & Analytics,1,Staff,2021-04-12,3.72,14542056,L,32,S1,EMP00728,3.1,False,17411119.47826087,16474290.5,16992352.0,18432224.5,23,below_p25,-0.14419993182815422
EMP00709,Arsipatra Yuniar,Data & Analytics,1,Staff,2022-02-03,2.91,17707946,L,28,S2,EMP00728,3.1,True,17411119.47826087,16474290.5,16992352.0,18432224.5,23,p50_to_p75,0.042112710471157846
EMP00710,"Drs. Eman Yulianti, S.Kom",Data & Analytics,4,Lead,2020-03-19,4.79,28992880,L,41,S1,,4.1,False,29996579.6,28992880.0,31141133.0,31360989.0,5,p25_to_p50,-0.06898442005947568
EMP00711,"Drs. Hamzah Safitri, S.Ked",Data & Analytics,1,Staff,2019-11-06,5.15,16771313,L,27,S2,EMP00728,3.7,False,17411119.47826087,16474290.5,16992352.0,18432224.5,23,p25_to_p50,-0.013008146253090802
EMP00712,Sari Palastri,Data & Analytics,2,Senior Staff,2021-11-29,3.09,21332301,L,47,S1,EMP00728,3.6,False,20531130.4,17290528.0,20875426.0,22758134.5,20,p50_to_p75,0.021885780917716362
EMP00713,Syahrini Sihombing,Data & Analytics,1,Staff,2019-12-24,5.02,16759858,L,39,S1,EMP00728,2.8,True,17411119.47826087,16474290.5,16992352.0,18432224.5,23,p25_to_p50,-0.013682273060256756
EMP00714,Hesti Waskita,Data & Analytics,2,Senior Staff,2022-08-24,2.35,16395324,L,27,S1,EMP00728,3.5,False,20531130.4,17290528.0,20875426.0,22758134.5,20,below_p25,-0.21461128505832647
EMP00715,Mutia Hidayanto,Data & Analytics,2,Senior Staff,2022-12-22,2.03,17445796,P,31,S1,EMP00728,2.5,True,20531130.4,17290528.0,20875426.0,22758134.5,20,p25_to_p50,-0.16429029999196185
EMP00716,"Almira Manullang, M.M.",Data & Analytics,3,Specialist,2020-06-20,4.53,28253653,P,51,S1,EMP00728,2.7,True,25526778.916666668,22815581.0,23818774.0,27381969.25,12,above_p75,0.18619258069286018
EMP00717,Novi Hariyah,Data & Analytics,2,Senior Staff,2023-08-14,1.38,16538616,L,38,S1,EMP00728,4.0,True,20531130.4,17290528.0,20875426.0,22758134.5,20,below_p25,-0.20774713771110587
EMP00718,Ganep Sudiati,Data & Analytics,1,Staff,2021-07-31,3.42,16593796,L,26,S1,EMP00728,4.8,False,17411119.47826087,16474290.5,16992352.0,18432224.5,23,p25_to_p50,-0.023455022588985915
EMP00719,Galar Simanjuntak,Data & Analytics,3,Specialist,2021-11-20,3.11,22515539,L,30,S1,EMP00728,3.4,False,25526778.916666668,22815581.0,23818774.0,27381969.25,12,below_p25,-0.05471461293515779
EMP00720,"Zelda Situmorang, S.Sos",Data & Analytics,1,Staff,2021-05-11,3.64,18625785,L,26,D3,EMP00728,2.8,False,17411119.47826087,16474290.5,16992352.0,18432224.5,23,above_p75,0.0961275402016154
EMP00721,Prabawa Uwais,Data & Analytics,1,Staff,2019-04-19,5.7,17323929,L,49,S1,EMP00728,2.9,False,17411119.47826087,16474290.5,16992352.0,18432224.5,23,p50_to_p75,0.019513308104728528
EMP00722,Dr. Balamantri Simanjuntak,Data & Analytics,1,Staff,2023-10-29,1.17,19718810,P,44,S1,EMP00728,1.6,False,17411119.47826087,16474290.5,16992352.0,18432224.5,23,above_p75,0.16045206690633526
EMP00723,Jaka Maheswara,Data & Analytics,3,Specialist,2020-08-25,4.35,22915595,P,46,S2,EMP00728,3.8,True,25526778.916666668,22815581.0,23818774.0,27381969.25,12,p25_to_p50,-0.03791878624819229
EMP00724,Mila Prayoga,Data & Analytics,3,Specialist,2022-09-28,2.26,27036084,L,35,S1,EMP00728,3.7,False,25526778.916666668,22815581.0,23818774.0,27381969.25,12,p50_to_p75,0.13507454245965808
EMP00725,Bakti Hardiansyah,Data & Analytics,1,Staff,2019-11-15,5.13,15357725,P,44,D3,EMP00728,3.6,False,17411119.47826087,16474290.5,16992352.0,18432224.5,23,below_p25,-0.09619780710757404
EMP00726,Kiandra Susanti,Data & Analytics,1,Staff,2021-09-22,3.27,16354785,L,37,D3,EMP00728,3.3,False,17411119.47826087,16474290.5,16992352.0,18432224.5,23,below_p25,-0.03752082113176563
EMP00727,Hilda Manullang,Data & Analytics,1,Staff,2020-06-11,4.56,18118182,L,35,S1,EMP00728,2.8,False,17411119.47826087,16474290.5,16992352.0,18432224.5,23,p50_to_p75,0.06625510111843258
EMP00728,"dr. Ratih Sihotang, S.Kom",Data & Analytics,4,Lead,2022-02-18,2.87,31360989,P,36,S1,,3.2,True,29996579.6,28992880.0,31141133.0,31360989.0,5,above_p75,0.007059987188006294
EMP00729,"R.M. Jamil Mulyani, M.M.",Data & Analytics,1,Staff,2023-09-18,1.29,20030248,P,38,S1,EMP00728,3.2,False,17411119.47826087,16474290.5,16992352.0,18432224.5,23,above_p75,0.1787801947605605
EMP00730,Ina Mandasari,Data & Analytics,2,Senior Staff,2020-10-09,4.23,24048396,L,48,D3,EMP00728,2.1,False,20531130.4,17290528.0,20875426.0,22758134.5,20,above_p75,0.1519954610746626
EMP00731,Bakijan Wijaya,Data & Analytics,3,Specialist,2022-01-03,2.99,20450183,P,22,S2,EMP00728,4.0,False,25526778.916666668,22815581.0,23818774.0,27381969.25,12,below_p25,-0.14142587691541134
EMP00732,drg. Dimas Pratama,Data & Analytics,1,Staff,2021-03-20,3.78,17986552,P,25,S1,EMP00728,2.2,True,17411119.47826087,16474290.5,16992352.0,18432224.5,23,p50_to_p75,0.05850867496153564
EMP00733,dr. Alika Hardiansyah,Data & Analytics,1,Staff,2019-03-01,5.84,16992352,L,31,D3,EMP00728,3.9,True,17411119.47826087,16474290.5,16992352.0,18432224.5,23,p50_to_p75,0.0
EMP00734,Nilam Riyanti,Data & Analytics,2,Senior Staff,2022-08-03,2.41,21193183,L,27,D3,EMP00728,3.3,False,20531130.4,17290528.0,20875426.0,22758134.5,20,p50_to_p75,0.015221581585927875
EMP00735,"Hj. Samiah Halimah, S.Pd",Data & Analytics,3,Specialist,2022-08-08,2.4,22025936,P,42,S1,EMP00728,3.3,False,25526778.916666668,22815581.0,23818774.0,27381969.25,12,below_p25,-0.07526995302109168
EMP00736,Dt. Slamet Kurniawan,Data & Analytics,1,Staff,2019-11-26,5.1,20413732,P,40,S1,EMP00728,3.0,False,17411119.47826087,16474290.5,16992352.0,18432224.5,23,above_p75,0.20134823007432992
EMP00737,Diana Saptono,Data & Analytics,2,Senior Staff,2022-06-22,2.53,22616273,L,32,S1,EMP00728,3.5,True,20531130.4,17290528.0,20875426.0,22758134.5,20,p50_to_p75,0.08339216646405204
EMP00738,"Karimah Waskita, S.I.Kom",Data & Analytics,2,Senior Staff,2021-12-02,3.08,20557669,L,27,S1,EMP00728,4.0,True,20531130.4,17290528.0,20875426.0,22758134.5,20,p25_to_p50,-0.015221581585927875
EMP00739,Himawan Habibi,Data & Analytics,4,Lead,2019-03-26,5.77,31141133,L,29,D3,,3.6,False,29996579.6,28992880.0,31141133.0,31360989.0,5,p50_to_p75,0.0
EMP00740,Drs. Febi Tarihoran,Data & Analytics,3,Specialist,2022-02-09,2.89,36069697,L,30,S1,EMP00728,2.8,True,25526778.916666668,22815581.0,23818774.0,27381969.25,12,above_p75,0.5143389412066297
EMP00741,T. Bagya Winarno,Data & Analytics,2,Senior Staff,2019-08-11,5.39,21366854,P,35,S2,EMP00728,2.7,True,20531130.4,17290528.0,20875426.0,22758134.5,20,p50_to_p75,0.02354098067268184
EMP00742,drg. Prakosa Pudjiastuti,Data & Analytics,2,Senior Staff,2022-10-24,2.19,20514090,L,34,S1,EMP00728,3.5,True,20531130.4,17290528.0,20875426.0,22758134.5,20,p25_to_p50,-0.017309155750881444
EMP00743,Yunita Oktaviani,Data & Analytics,2,Senior Staff,2020-06-25,4.52,19109531,L,38,S1,EMP00728,3.8,False,20531130.4,17290528.0,20875426.0,22758134.5,20,p25_to_p50,-0.08459204616950092
EMP00744,"Lurhur Lazuardi, S.E.I",Data & Analytics,1,Staff,2023-09-07,1.32,21231240,L,37,S1,EMP00728,3.8,False,17411119.47826087,16474290.5,16992352.0,18432224.5,23,above_p75,0.24945857995408757
EMP00745,Hartana Wahyudin,Data & Analytics,2,Senior Staff,2023-09-16,1.29,21291650,L,46,S1,EMP00728,2.5,False,20531130.4,17290528.0,20875426.0,22758134.5,20,p50_to_p75,0.019938467363492366
EMP00746,"Tgk. Kalim Utama, S.E.I",Data & Analytics,1,Staff,2018-07-31,6.42,18238664,L,41,S1,EMP00728,3.0,False,17411119.47826087,16474290.5,16992352.0,18432224.5,23,p50_to_p75,0.07334546741969564
EMP00747,Luhung Melani,Data & Analytics,2,Senior Staff,2019-02-09,5.89,26954387,P,48,S2,EMP00728,2.7,False,20531130.4,17290528.0,20875426.0,22758134.5,20,above_p75,0.29120176996627517
EMP00748,Olivia Gunarto,Data & Analytics,2,Senior Staff,2021-09-13,3.3,26036566,P,33,S2,EMP00728,3.9,True,20531130.4,17290528.0,20875426.0,22758134.5,20,above_p75,0.24723519414645717
EMP00749,Aris Mandala,Data & Analytics,1,Staff,2022-02-26,2.84,16864776,P,31,S1,EMP00728,2.5,True,17411119.47826087,16474290.5,16992352.0,18432224.5,23,p25_to_p50,-0.00750784823666553
EMP00750,"Juli Kusmawati, M.TI.",Data & Analytics,1,Staff,2019-04-20,5.7,14415356,P,31,S2,EMP00728,3.9,False,17411119.47826087,16474290.5,16992352.0,18432224.5,23,below_p25,-0.1516562274604481
EMP00751,Eka Sudiati,Legal,1,Staff,2018-08-03,6.41,21792232,L,39,S1,EMP00770,3.0,False,17613062.272727273,16161073.5,17212966.0,18919918.0,11,above_p75,0.266035847627887
EMP00752,R.M. Gamanto Suryatmi,Legal,1,Staff,2019-11-10,5.14,15809511,L,43,S1,EMP00770,3.2,False,17613062.272727273,16161073.5,17212966.0,18919918.0,11,below_p25,-0.08153475699655713
EMP00753,Elisa Wijaya,Legal,3,Specialist,2018-10-03,6.25,23994341,L,30,D3,EMP00770,3.3,False,24890785.0,23386374.5,24892734.0,26281632.75,8,p25_to_p50,-0.03609057165034584
EMP00754,Tgk. Rika Sirait,Legal,3,Specialist,2023-07-01,1.5,29664321,P,49,D3,EMP00770,4.2,False,24890785.0,23386374.5,24892734.0,26281632.75,8,above_p75,0.19168593534161416
EMP00755,Dr. Kasiran Lestari,Legal,2,Senior Staff,2022-01-19,2.95,18615272,L,26,S2,EMP00770,2.8,False,20248234.625,18345838.25,18861198.5,22181271.5,8,p25_to_p50,-0.013038752547988931
EMP00756,"Padmi Salahudin, M.Kom.",Legal,1,Staff,2022-07-05,2.49,15082022,P,44,S1,EMP00770,2.6,False,17613062.272727273,16161073.5,17212966.0,18919918.0,11,below_p25,-0.12379876890478957
EMP00757,"Cut Kartika Sitompul, S.IP",Legal,3,Specialist,2022-06-20,2.53,21562475,P,46,S1,EMP00770,3.0,False,24890785.0,23386374.5,24892734.0,26281632.75,8,below_p25,-0.13378438061484127
EMP00758,Restu Samosir,Legal,1,Staff,2021-11-20,3.11,19602636,P,24,S2,EMP00770,3.8,False,17613062.272727273,16161073.5,17212966.0,18919918.0,11,above_p75,0.13882964737163833
EMP00759,"H. Teddy Usamah, S.Ked",Legal,2,Senior Staff,2021-01-22,3.94,19086286,L,41,S1,EMP00770,4.0,False,20248234.625,18345838.25,18861198.5,22181271.5,8,p50_to_p75,0.0119338916877419
EMP00760,Dr. Hani Yolanda,Legal,2,Senior Staff,2022-05-16,2.63,17520035,P,46,S2,EMP00770,3.7,False,20248234.625,18345838.25,18861198.5,22181271.5,8,below_p25,-0.07110701369268767
EMP00761,"KH. Labuh Permata, S.H.",Legal,3,Specialist,2022-08-22,2.36,27150303,P,34,D3,EMP00770,4.2,False,24890785.0,23386374.5,24892734.0,26281632.75,8,above_p75,0.09069188623475428
EMP00762,"Anastasia Padmasari, M.Kom.",Legal,2,Senior Staff,2020-09-23,4.27,17537537,L,39,S2,EMP00770,3.3,False,20248234.625,18345838.25,18861198.5,22181271.5,8,below_p25,-0.07017907690224458
EMP00763,Karna Usamah,Legal,1,Staff,2022-10-31,2.17,17212966,P,28,D3,EMP00770,2.6,False,17613062.272727273,16161073.5,17212966.0,18919918.0,11,p50_to_p75,0.0
EMP00764,"Raina Wibowo, S.E.I",Legal,3,Specialist,2022-11-07,2.15,25992076,P,27,S1,EMP00770,2.8,False,24890785.0,23386374.5,24892734.0,26281632.75,8,p50_to_p75,0.044163168256246985
EMP00765,"Hj. Hesti Firmansyah, M.Farm",Legal,1,Staff,2023-04-12,1.72,18237200,L,35,S1,EMP00770,4.3,False,17613062.272727273,16161073.5,17212966.0,18919918.0,11,p50_to_p75,0.05950363231996159
EMP00766,"Carla Nainggolan, S.Ked",Legal,2,Senior Staff,2022-07-11,2.48,18636111,L,28,S1,EMP00770,3.2,False,20248234.625,18345838.25,18861198.5,22181271.5,8,p25_to_p50,-0.0119338916877419
EMP00767,Iriana Andriani,Legal,3,Specialist,2019-11-04,5.16,25098761,L,28,S1,EMP00770,3.5,False,24890785.0,23386374.5,24892734.0,26281632.75,8,p50_to_p75,0.00827659187616756
EMP00768,Hendri Putra,Legal,3,Specialist,2022-04-22,2.69,20977296,L,36,S1,EMP00770,3.7,False,24890785.0,23386374.5,24892734.0,26281632.75,8,below_p25,-0.1572924050849537
EMP00769,Olivia Suryatmi,Legal,2,Senior Staff,2019-10-20,5.2,21947803,P,45,S2,EMP00770,3.6,False,20248234.625,18345838.25,18861198.5,22181271.5,8,p50_to_p75,0.16364837579117786
EMP00770,Zizi Halim,Legal,4,Lead,2023-02-16,1.87,36700635,P,40,D3,,3.6,False,34215777.333333336,32361500.0,36700635.0,37312483.5,3,p50_to_p75,0.0
EMP00771,"Dina Maryati, S.Kom",Legal,1,Staff,2021-03-09,3.81,17225283,P,46,S2,EMP00770,3.3,False,17613062.272727273,16161073.5,17212966.0,18919918.0,11,p50_to_p75,0.0007155652314656289
EMP00772,Tgk. Mujur Kuswandari,Legal,1,Staff,2023-11-29,1.09,16619860,L,44,S1,EMP00770,4.0,False,17613062.272727273,16161073.5,17212966.0,18919918.0,11,p25_to_p50,-0.034456932059239526
EMP00773,dr. Galar Natsir,Legal,4,Lead,2023-07-29,1.43,37924332,L,22,S1,,2.9,False,34215777.333333336,32361500.0,36700635.0,37312483.5,3,above_p75,0.03334266559693041
EMP00774,Patricia Siregar,Legal,2,Senior Staff,2023-10-27,1.18,25761156,L,41,S1,EMP00770,4.3,False,20248234.625,18345838.25,18861198.5,22181271.5,8,above_p75,0.36582815773875665
EMP00775,Tgk. Murti Zulaika,Legal,3,Specialist,2022-05-01,2.67,24686707,L,23,S1,EMP00770,3.6,False,24890785.0,23386374.5,24892734.0,26281632.75,8,p25_to_p50,-0.00827659187616756
EMP00776,"Rangga Saptono, M.Ak",Legal,1,Staff,2020-06-09,4.56,19839828,L,23,S1,EMP00770,3.7,False,17613062.272727273,16161073.5,17212966.0,18919918.0,11,above_p75,0.15260949217003042
EMP00777,Febi Prayoga,Legal,1,Staff,2021-01-31,3.92,15988416,P,39,S2,EMP00770,4.0,False,17613062.272727273,16161073.5,17212966.0,18919918.0,11,below_p25,-0.07114113860446829
EMP00778,Puti Salahudin,Legal,1,Staff,2019-09-29,5.26,16333731,P,48,S1,EMP00770,4.6,False,17613062.272727273,16161073.5,17212966.0,18919918.0,11,p25_to_p50,-0.051079808093503466
EMP00779,Wardaya Salahudin,Legal,4,Lead,2019-05-26,5.6,28022365,L,31,S1,,4.5,False,34215777.333333336,32361500.0,36700635.0,37312483.5,3,below_p25,-0.23646103126008583
EMP00780,"T. Niyaga Pranowo, M.Kom.",Legal,2,Senior Staff,2019-05-05,5.66,22881677,L,27,S1,EMP00770,3.2,False,20248234.625,18345838.25,18861198.5,22181271.5,8,above_p75,0.21316134815080812
EMP00781,Natalia Tampubolon,Customer Success,3,Specialist,2021-05-08,3.65,18026166,L,34,S1,EMP00846,3.0,False,14546477.65,13042398.25,14371782.5,15933110.0,20,above_p75,0.2542748959636705
EMP00782,KH. Najam Saefullah,Customer Success,1,Staff,2021-12-29,3.01,9611628,L,25,S1,EMP00846,2.8,True,9729022.304347826,8971216.5,9591117.0,10245685.0,23,p50_to_p75,0.0021385413190142502
EMP00783,Dewi Pertiwi,Customer Success,1,Staff,2022-05-18,2.62,8831297,L,29,S1,EMP00846,3.7,False,9729022.304347826,8971216.5,9591117.0,10245685.0,23,below_p25,-0.07922122105277206
EMP00784,"Kenari Wibowo, S.Sos",Customer Success,3,Specialist,2023-03-18,1.79,11514272,L,50,S2,EMP00846,4.3,False,14546477.65,13042398.25,14371782.5,15933110.0,20,below_p25,-0.19882784198828504
EMP00785,"dr. Vera Maulana, S.Pd",Customer Success,2,Senior Staff,2021-11-21,3.11,14866216,P,44,S1,EMP00846,2.4,True,12178230.32142857,11403282.75,12098105.5,13429059.75,28,above_p75,0.22880528691041752
EMP00786,Edward Hutapea,Customer Success,4,Lead,2023-11-03,1.16,16150426,P,39,S1,,4.1,False,18360303.333333332,16891154.5,18237540.5,18633280.5,6,below_p25,-0.11444056834308332
EMP00787,Maimunah Yolanda,Customer Success,2,Senior Staff,2023-03-13,1.8,10424018,P,35,S2,EMP00846,4.2,True,12178230.32142857,11403282.75,12098105.5,13429059.75,28,below_p25,-0.1383760044082935
EMP00788,Ulva Kuswandari,Customer Success,1,Staff,2019-03-24,5.77,9024088,L,31,S1,EMP00846,3.3,False,9729022.304347826,8971216.5,9591117.0,10245685.0,23,p25_to_p50,-0.05912022551700704
EMP00789,Damar Nasyiah,Customer Success,1,Staff,2022-06-22,2.53,11651172,L,27,S2,EMP00846,2.8,True,9729022.304347826,8971216.5,9591117.0,10245685.0,23,above_p75,0.21478780834390823
EMP00790,Putri Saputra,Customer Success,3,Specialist,2023-08-02,1.42,14987028,L,26,S3,EMP00846,2.6,False,14546477.65,13042398.25,14371782.5,15933110.0,20,p50_to_p75,0.042809268787639944
EMP00791,Balangga Susanti,Customer Success,1,Staff,2020-09-13,4.3,9949091,L,42,S1,EMP00846,4.3,False,9729022.304347826,8971216.5,9591117.0,10245685.0,23,p50_to_p75,0.037323494229087185
EMP00792,"Rini Permadi, S.H.",Customer Success,1,Staff,2019-12-08,5.07,8969015,P,43,S1,EMP00846,3.7,False,9729022.304347826,8971216.5,9591117.0,10245685.0,23,below_p25,-0.06486230957249296
EMP00793,Mulyono Nuraini,Customer Success,3,Specialist,2020-08-15,4.38,14641817,P,45,S1,EMP00846,2.6,False,14546477.65,13042398.25,14371782.5,15933110.0,20,p50_to_p75,0.018789214211946223
EMP00794,Makuta Pradipta,Customer Success,4,Lead,2022-12-13,2.05,18503613,P,39,S1,,4.1,False,18360303.333333332,16891154.5,18237540.5,18633280.5,6,p50_to_p75,0.01458927534664008
EMP00795,Baktianto Zulkarnain,Customer Success,2,Senior Staff,2021-08-08,3.4,10660547,L,38,S1,EMP00846,2.8,False,12178230.32142857,11403282.75,12098105.5,13429059.75,28,below_p25,-0.11882509207743311
EMP00796,Tina Halimah,Customer Success,1,Staff,2019-09-10,5.31,10024788,P,30,S1,EMP00846,4.3,False,9729022.304347826,8971216.5,9591117.0,10245685.0,23,p50_to_p75,0.045215901338707475
EMP00797,Maman Mandala,Customer Success,1,Staff,2018-08-20,6.37,8973418,L,24,S1,EMP00846,3.0,False,9729022.304347826,8971216.5,9591117.0,10245685.0,23,p25_to_p50,-0.06440323895537924
EMP00798,Yoga Pudjiastuti,Customer Success,2,Senior Staff,2022-01-27,2.93,11422946,L,44,S1,EMP00846,3.9,False,12178230.32142857,11403282.75,12098105.5,13429059.75,28,p25_to_p50,-0.05580704350776244
EMP00799,Hasim Yolanda,Customer Success,1,Staff,2023-02-09,1.89,8946072,L,24,S1,EMP00846,3.6,False,9729022.304347826,8971216.5,9591117.0,10245685.0,23,below_p25,-0.06725441885444626
EMP00800,Natalia Yulianti,Customer Success,3,Specialist,2023-01-05,1.99,15933200,L,33,S1,EMP00846,3.5,False,14546477.65,13042398.25,14371782.5,15933110.0,20,above_p75,0.1086446653363979
EMP00801,Praba Suwarno,Customer Success,2,Senior Staff,2019-06-23,5.52,11766239,P,24,S1,EMP00846,3.3,False,12178230.32142857,11403282.75,12098105.5,13429059.75,28,p25_to_p50,-0.027431278393133536
EMP00802,Irma Yuliarti,Customer Success,3,Specialist,2021-12-07,3.07,13291703,P,30,S1,EMP00846,4.1,True,14546477.65,13042398.25,14371782.5,15933110.0,20,p25_to_p50,-0.07515278637148871
EMP00803,Umaya Irawan,Customer Success,2,Senior Staff,2021-02-04,3.9,12429972,L,22,S2,EMP00846,2.9,False,12178230.32142857,11403282.75,12098105.5,13429059.75,28,p50_to_p75,0.027431278393133536
EMP00804,"Kemal Pradipta, M.Pd",Customer Success,1,Staff,2022-01-08,2.98,8744654,L,41,S1,EMP00846,2.0,True,9729022.304347826,8971216.5,9591117.0,10245685.0,23,below_p25,-0.08825489252190334
EMP00805,"Tari Firgantoro, S.E.",Customer Success,3,Specialist,2020-07-22,4.44,12521506,P,49,S1,EMP00846,3.3,False,14546477.65,13042398.25,14371782.5,15933110.0,20,below_p25,-0.1287437031558194
EMP00806,Zalindra Nugroho,Customer Success,1,Staff,2019-04-07,5.74,11138174,L,27,S2,EMP00846,3.1,True,9729022.304347826,8971216.5,9591117.0,10245685.0,23,above_p75,0.1613010246877397
EMP00807,Raihan Widodo,Customer Success,2,Senior Staff,2023-05-10,1.65,13460871,P,48,S1,EMP00846,3.1,False,12178230.32142857,11403282.75,12098105.5,13429059.75,28,above_p75,0.11264288445823191
EMP00808,"drg. Cengkir Siregar, S.Gz",Customer Success,3,Specialist,2022-12-23,2.02,12298181,L,25,D3,EMP00846,3.0,False,14546477.65,13042398.25,14371782.5,15933110.0,20,below_p25,-0.14428283339244802
EMP00809,Emin Purnawati,Customer Success,2,Senior Staff,2018-09-29,6.26,14230896,L,44,S1,EMP00846,2.9,False,12178230.32142857,11403282.75,12098105.5,13429059.75,28,above_p75,0.17629127965531463
EMP00810,Puti Juli Suryono,Customer Success,2,Senior Staff,2020-12-28,4.01,11641251,L,45,S2,EMP00846,2.8,True,12178230.32142857,11403282.75,12098105.5,13429059.75,28,p25_to_p50,-0.037762482729217395
EMP00811,Syahrini Palastri,Customer Success,1,Staff,2022-09-16,2.29,9205316,L,51,S2,EMP00846,3.6,True,9729022.304347826,8971216.5,9591117.0,10245685.0,23,p25_to_p50,-0.04022482469977168
EMP00812,drg. Tirtayasa Mansur,Customer Success,2,Senior Staff,2018-07-17,6.46,12823500,L,46,S1,EMP00846,3.8,False,12178230.32142857,11403282.75,12098105.5,13429059.75,28,p50_to_p75,0.05995934652743771
EMP00813,"Drs. Nadia Saputra, S.Kom",Customer Success,1,Staff,2020-09-19,4.28,10442780,P,48,S1,EMP00846,3.1,False,9729022.304347826,8971216.5,9591117.0,10245685.0,23,above_p75,0.08879706086371379
EMP00814,"R. Gamblang Marpaung, M.M.",Customer Success,2,Senior Staff,2023-07-28,1.43,10345587,P,49,S1,EMP00846,3.3,False,12178230.32142857,11403282.75,12098105.5,13429059.75,28,below_p25,-0.14485892026648303
EMP00815,"Edi Nashiruddin, S.Ked",Customer Success,1,Staff,2021-03-09,3.81,9026130,L,24,S1,EMP00846,4.4,False,9729022.304347826,8971216.5,9591117.0,10245685.0,23,p25_to_p50,-0.05890732017970378
EMP00816,"Jessica Sihombing, M.Farm",Customer Success,2,Senior Staff,2022-05-06,2.66,13418456,L,44,S1,EMP00846,5.0,True,12178230.32142857,11403282.75,12098105.5,13429059.75,28,p50_to_p75,0.10913696363451286
EMP00817,"Praba Nababan, S.E.",Customer Success,3,Specialist,2023-10-29,1.17,15933080,L,23,S1,EMP00846,1.0,True,14546477.65,13042398.25,14371782.5,15933110.0,20,p50_to_p75,0.10863631564143139
EMP00818,Hj. Latika Aryani,Customer Success,1,Staff,2020-06-12,4.55,11510790,L,32,S1,EMP00846,3.3,True,9729022.304347826,8971216.5,9591117.0,10245685.0,23,above_p75,0.20015113985159394
EMP00819,Tgk. Bakianto Wacana,Customer Success,3,Specialist,2021-12-14,3.05,14101748,P,23,S3,EMP00846,2.2,True,14546477.65,13042398.25,14371782.5,15933110.0,20,p25_to_p50,-0.018789214211946223
EMP00820,"Bakiono Nashiruddin, S.E.I",Customer Success,1,Staff,2022-12-06,2.07,8808260,P,35,S2,EMP00846,2.4,False,9729022.304347826,8971216.5,9591117.0,10245685.0,23,below_p25,-0.081623131070135
EMP00821,Janet Prayoga,Customer Success,3,Specialist,2018-07-14,6.47,13815986,P,35,S1,EMP00846,3.0,True,14546477.65,13042398.25,14371782.5,15933110.0,20,p25_to_p50,-0.03867276032044042
EMP00822,Elon Winarno,Customer Success,2,Senior Staff,2020-05-10,4.64,12966445,P,37,S2,EMP00846,3.2,False,12178230.32142857,11403282.75,12098105.5,13429059.75,28,p50_to_p75,0.07177483284469623
EMP00823,Ivan Santoso,Customer Success,2,Senior Staff,2019-12-14,5.05,11344293,L,38,S2,EMP00846,3.7,False,12178230.32142857,11403282.75,12098105.5,13429059.75,28,below_p25,-0.06230830934645098
EMP00824,Ilsa Padmasari,Customer Success,2,Senior Staff,2019-07-10,5.48,11582675,P,37,S1,EMP00846,2.1,False,12178230.32142857,11403282.75,12098105.5,13429059.75,28,p25_to_p50,-0.0426042325387227
EMP00825,"Queen Anggriawan, S.T.",Customer Success,4,Lead,2021-08-29,3.34,16531050,P,28,S1,,2.9,False,18360303.333333332,16891154.5,18237540.5,18633280.5,6,below_p25,-0.09357021030330269
EMP00826,"Gatra Prakasa, S.Gz",Customer Success,3,Specialist,2021-06-22,3.53,13113429,P,32,S1,EMP00846,4.7,False,14546477.65,13042398.25,14371782.5,15933110.0,20,p25_to_p50,-0.087557232375316
EMP00827,"Banara Hastuti, S.Pd",Customer Success,5,Manager,2019-02-26,5.85,20760260,P,30,S1,,2.9,True,19810218.0,19335197.0,19810218.0,20285239.0,2,above_p75,0.047957170385505093
EMP00828,Halim Mardhiyah,Customer Success,3,Specialist,2019-02-24,5.85,15045762,L,36,S1,EMP00846,2.5,True,14546477.65,13042398.25,14371782.5,15933110.0,20,p50_to_p75,0.046896026988997364
EMP00829,"Vera Saragih, S.IP",Customer Success,1,Staff,2023-05-09,1.65,11389163,P,48,S2,EMP00846,1.3,False,9729022.304347826,8971216.5,9591117.0,10245685.0,23,above_p75,0.1874699265997902
EMP00830,"Vero Sihombing, S.I.Kom",Customer Success,2,Senior Staff,2023-05-19,1.62,11662064,L,22,S1,EMP00846,4.2,False,12178230.32142857,11403282.75,12098105.5,13429059.75,28,p25_to_p50,-0.036042130728650035
EMP00831,R.A. Gawati Mansur,Customer Success,6,Senior Manager,2018-11-15,6.13,23016638,P,29,S1,,3.3,False,23016638.0,23016638.0,23016638.0,23016638.0,1,above_p75,0.0
EMP00832,Eva Hasanah,Customer Success,1,Staff,2021-12-03,3.08,10048590,L,46,S1,EMP00846,4.5,False,9729022.304347826,8971216.5,9591117.0,10245685.0,23,p50_to_p75,0.047697572660202144
EMP00833,"Rachel Wahyudin, S.Farm",Customer Success,3,Specialist,2021-05-15,3.63,11482111,P,26,S1,EMP00846,4.2,True,14546477.65,13042398.25,14371782.5,15933110.0,20,below_p25,-0.2010656298201006
EMP00834,"Pia Halimah, M.Pd",Customer Success,3,Specialist,2022-10-25,2.18,17087053,L,31,S1,EMP00846,2.2,False,14546477.65,13042398.25,14371782.5,15933110.0,20,above_p75,0.18893067022131738
EMP00835,"Ir. Rudi Pratama, S.H.",Customer Success,2,Senior Staff,2021-05-03,3.66,14780289,L,26,S2,EMP00846,4.2,False,12178230.32142857,11403282.75,12098105.5,13429059.75,28,above_p75,0.22170276990889193
EMP00836,"Perkasa Riyanti, S.Pt",Customer Success,2,Senior Staff,2021-01-24,3.93,7496391,L,22,S2,EMP00846,5.0,False,12178230.32142857,11403282.75,12098105.5,13429059.75,28,below_p25,-0.380366537554165
EMP00837,drg. Karsana Tarihoran,Customer Success,2,Senior Staff,2021-01-02,3.99,11619227,P,22,S1,EMP00846,4.6,False,12178230.32142857,11403282.75,12098105.5,13429059.75,28,p25_to_p50,-0.03958293304683118
EMP00838,Vero Pratiwi,Customer Success,2,Senior Staff,2020-10-16,4.21,14765410,L,30,S1,EMP00846,5.0,False,12178230.32142857,11403282.75,12098105.5,13429059.75,28,above_p75,0.22047290792760899
EMP00839,Aswani Pudjiastuti,Customer Success,1,Staff,2020-11-29,4.09,9591117,L,39,D3,EMP00846,2.3,True,9729022.304347826,8971216.5,9591117.0,10245685.0,23,p50_to_p75,0.0
EMP00840,Sutan Kemal Nasyiah,Customer Success,3,Specialist,2023-03-04,1.83,13082015,P,44,S2,EMP00846,3.0,False,14546477.65,13042398.25,14371782.5,15933110.0,20,p25_to_p50,-0.08974304335596507
EMP00841,Catur Simbolon,Customer Success,3,Specialist,2022-07-28,2.43,12923548,L,23,S1,EMP00846,3.8,True,14546477.65,13042398.25,14371782.5,15933110.0,20,below_p25,-0.1007693026247788
EMP00842,"Drs. Maimunah Latupono, S.Kom",Customer Success,2,Senior Staff,2023-10-23,1.19,11649081,P,29,S1,EMP00846,2.5,False,12178230.32142857,11403282.75,12098105.5,13429059.75,28,p25_to_p50,-0.037115273957563026
EMP00843,"Restu Lestari, S.Pt",Customer Success,1,Staff,2021-11-23,3.1,9777606,L,46,S1,EMP00846,3.1,False,9729022.304347826,8971216.5,9591117.0,10245685.0,23,p50_to_p75,0.01944392921074782
EMP00844,drg. Rusman Hakim,Customer Success,3,Specialist,2019-01-08,5.98,16839134,P,32,S1,EMP00846,2.9,False,14546477.65,13042398.25,14371782.5,15933110.0,20,above_p75,0.1716802700013029
EMP00845,Diah Mulyani,Customer Success,2,Senior Staff,2023-06-18,1.54,10240329,L,24,S1,EMP00846,3.6,True,12178230.32142857,11403282.75,12098105.5,13429059.75,28,below_p25,-0.1535592907501096
EMP00846,Mutia Pratiwi,Customer Success,5,Manager,2018-09-10,6.31,18860176,P,42,S1,,2.8,False,19810218.0,19335197.0,19810218.0,20285239.0,2,below_p25,-0.047957170385505093
EMP00847,Kurnia Hariyah,Customer Success,2,Senior Staff,2021-10-28,3.18,9289909,P,23,S1,EMP00846,4.1,False,12178230.32142857,11403282.75,12098105.5,13429059.75,28,below_p25,-0.23211869825403655
EMP00848,"Respati Samosir, S.Ked",Customer Success,2,Senior Staff,2019-06-01,5.59,12478847,L,26,S1,EMP00846,3.6,False,12178230.32142857,11403282.75,12098105.5,13429059.75,28,p50_to_p75,0.0314711671178599
EMP00849,Hamima Adriansyah,Customer Success,3,Specialist,2020-04-04,4.74,14917635,L,32,S1,EMP00846,4.0,False,14546477.65,13042398.25,14371782.5,15933110.0,20,p50_to_p75,0.037980848930882445
EMP00850,"Gasti Prastuti, S.Pt",Customer Success,2,Senior Staff,2020-03-27,4.76,14050694,P,50,S2,EMP00846,3.3,False,12178230.32142857,11403282.75,12098105.5,13429059.75,28,above_p75,0.16139622025944475
EMP00851,Indra Situmorang,Customer Success,1,Staff,2021-12-28,3.01,10750802,P,46,S2,EMP00846,3.1,False,9729022.304347826,8971216.5,9591117.0,10245685.0,23,above_p75,0.12091240259085569
EMP00852,"Bella Namaga, S.Gz",Customer Success,4,Lead,2021-11-14,3.13,17971468,P,45,S1,,5.0,True,18360303.333333332,16891154.5,18237540.5,18633280.5,6,p25_to_p50,-0.01458927534664008
EMP00853,Warji Halimah,Customer Success,1,Staff,2020-01-17,4.96,9075041,P,23,S2,EMP00846,4.2,False,9729022.304347826,8971216.5,9591117.0,10245685.0,23,p25_to_p50,-0.05380770560926324
EMP00854,Edison Wasita,Customer Success,2,Senior Staff,2019-12-20,5.03,14056801,L,25,S2,EMP00846,4.4,True,12178230.32142857,11403282.75,12098105.5,13429059.75,28,above_p75,0.16190101003830723
EMP00855,Pranawa Mansur,Customer Success,3,Specialist,2022-10-23,2.19,19374179,P,27,S2,EMP00846,4.9,False,14546477.65,13042398.25,14371782.5,15933110.0,20,above_p75,0.34807070730440015
EMP00856,"Ir. Omar Yuliarti, S.Farm",Customer Success,4,Lead,2022-12-26,2.02,18676503,P,30,S3,,3.8,True,18360303.333333332,16891154.5,18237540.5,18633280.5,6,above_p75,0.02406917204652678
EMP00857,Kezia Hassanah,Customer Success,2,Senior Staff,2019-09-13,5.3,12756520,L,37,S1,EMP00846,4.5,False,12178230.32142857,11403282.75,12098105.5,13429059.75,28,p50_to_p75,0.05442294250120401
EMP00858,"drg. Keisha Hutapea, M.Pd",Customer Success,4,Lead,2023-02-09,1.89,22328760,L,38,S1,,3.6,True,18360303.333333332,16891154.5,18237540.5,18633280.5,6,above_p75,0.22432956351762454
EMP00859,Martani Tampubolon,Customer Success,2,Senior Staff,2022-08-23,2.36,12760975,L,46,S1,EMP00846,3.8,True,12178230.32142857,11403282.75,12098105.5,13429059.75,28,p50_to_p75,0.0547911819747315
EMP00860,Cemani Nasyiah,Customer Success,1,Staff,2018-10-08,6.23,8278521,P,48,D3,EMP00846,2.5,True,9729022.304347826,8971216.5,9591117.0,10245685.0,23,below_p25,-0.1368553839975052
EMP00861,Paris Mahendra,IT Infrastructure,3,Specialist,2021-08-20,3.36,17577181,L,22,D3,EMP00925,3.3,False,18526158.714285713,17369114.5,18807089.0,19940836.5,14,p25_to_p50,-0.06539597914382178
EMP00862,"Genta Adriansyah, S.Ked",IT Infrastructure,3,Specialist,2023-05-05,1.66,20231032,L,47,S2,EMP00925,3.9,True,18526158.714285713,17369114.5,18807089.0,19940836.5,14,above_p75,0.07571309945946446
EMP00863,Malika Wulandari,IT Infrastructure,3,Specialist,2021-02-10,3.89,14833926,L,36,S1,EMP00925,4.0,True,18526158.714285713,17369114.5,18807089.0,19940836.5,14,below_p25,-0.21125879714824553
EMP00864,"Puji Anggraini, M.Pd",IT Infrastructure,3,Specialist,2023-03-16,1.8,14867684,L,40,S1,EMP00925,3.8,False,18526158.714285713,17369114.5,18807089.0,19940836.5,14,below_p25,-0.20946383568451238
EMP00865,Yuni Pradana,IT Infrastructure,1,Staff,2019-11-23,5.11,15661335,P,27,S1,EMP00925,3.0,False,13310017.208333334,11886723.75,13056906.5,15087290.25,24,above_p75,0.19946750020764872
EMP00866,Jagaraga Situmorang,IT Infrastructure,3,Specialist,2023-09-08,1.31,17299759,P,33,S1,EMP00925,3.4,False,18526158.714285713,17369114.5,18807089.0,19940836.5,14,below_p25,-0.0801469063075099
EMP00867,Enteng Nainggolan,IT Infrastructure,2,Senior Staff,2023-07-10,1.48,16127233,L,44,S1,EMP00925,4.4,True,16620116.0,14604368.5,16368357.0,18499152.0,24,p25_to_p50,-0.014731105877028463
EMP00868,"Vanesa Kusumo, S.Gz",IT Infrastructure,1,Staff,2023-03-17,1.79,11616111,L,42,S1,EMP00925,4.5,False,13310017.208333334,11886723.75,13056906.5,15087290.25,24,below_p25,-0.1103473858834786
EMP00869,"Ir. Hari Susanti, S.Ked",IT Infrastructure,3,Specialist,2023-09-18,1.29,19033708,L,25,S1,EMP00925,3.2,False,18526158.714285713,17369114.5,18807089.0,19940836.5,14,p50_to_p75,0.012049658509086653
EMP00870,Danang Hidayat,IT Infrastructure,2,Senior Staff,2022-06-12,2.55,15502503,L,50,D3,EMP00925,2.8,False,16620116.0,14604368.5,16368357.0,18499152.0,24,p25_to_p50,-0.05289803979715252
EMP00871,Legawa Firmansyah,IT Infrastructure,1,Staff,2021-06-01,3.58,13446473,P,41,S1,EMP00925,3.4,False,13310017.208333334,11886723.75,13056906.5,15087290.25,24,p50_to_p75,0.029836048837448594
EMP00872,Rahayu Wulandari,IT Infrastructure,1,Staff,2019-10-14,5.22,10503305,L,46,S1,EMP00925,3.1,False,13310017.208333334,11886723.75,13056906.5,15087290.25,24,below_p25,-0.19557477109911142
EMP00873,"Alika Prasasta, S.Gz",IT Infrastructure,2,Senior Staff,2021-02-28,3.84,14267002,L,23,S1,EMP00925,2.7,False,16620116.0,14604368.5,16368357.0,18499152.0,24,below_p25,-0.12837910365713553
EMP00874,Maida Pradipta,IT Infrastructure,2,Senior Staff,2022-06-01,2.58,12577125,P,48,S1,EMP00925,3.4,False,16620116.0,14604368.5,16368357.0,18499152.0,24,below_p25,-0.23161958161103158
EMP00875,Sutan Perkasa Hakim,IT Infrastructure,1,Staff,2020-11-20,4.11,14778158,L,33,S1,EMP00925,1.8,False,13310017.208333334,11886723.75,13056906.5,15087290.25,24,p50_to_p75,0.13182689942675166
EMP00876,Jefri Siregar,IT Infrastructure,2,Senior Staff,2018-07-25,6.44,14771837,L,34,S1,EMP00925,2.9,False,16620116.0,14604368.5,16368357.0,18499152.0,24,p25_to_p50,-0.09753697331992453
EMP00877,Rahman Permata,IT Infrastructure,2,Senior Staff,2023-10-21,1.2,13282318,L,43,S1,EMP00925,2.6,False,16620116.0,14604368.5,16368357.0,18499152.0,24,below_p25,-0.18853688247390987
EMP00878,Ratih Rahimah,IT Infrastructure,3,Specialist,2021-01-10,3.97,19042428,L,36,S3,EMP00925,2.9,True,18526158.714285713,17369114.5,18807089.0,19940836.5,14,p50_to_p75,0.012513313463875244
EMP00879,"Ir. Reza Sinaga, S.H.",IT Infrastructure,3,Specialist,2023-08-23,1.36,17991224,L,37,D3,EMP00925,2.8,False,18526158.714285713,17369114.5,18807089.0,19940836.5,14,p25_to_p50,-0.04338071670740751
EMP00880,Dinda Wijayanti,IT Infrastructure,2,Senior Staff,2023-02-18,1.87,17513049,L,47,S1,EMP00925,4.6,False,16620116.0,14604368.5,16368357.0,18499152.0,24,p50_to_p75,0.0699332254300172
EMP00881,Sutan Hendri Salahudin,IT Infrastructure,1,Staff,2021-11-20,3.11,11049276,L,27,S1,EMP00925,2.6,False,13310017.208333334,11886723.75,13056906.5,15087290.25,24,below_p25,-0.1537600426257169
EMP00882,Almira Puspita,IT Infrastructure,4,Lead,2020-05-25,4.6,19894122,P,25,S1,,4.8,False,21509233.375,20035578.0,21378827.5,22379888.0,8,below_p25,-0.06944747086808198
EMP00883,R. Sari Wastuti,IT Infrastructure,1,Staff,2018-09-22,6.28,11067350,P,46,S2,EMP00925,2.2,False,13310017.208333334,11886723.75,13056906.5,15087290.25,24,below_p25,-0.15237579437365198
EMP00884,Puti Lailasari,IT Infrastructure,2,Senior Staff,2021-03-30,3.76,13392470,L,38,D3,EMP00925,3.2,False,16620116.0,14604368.5,16368357.0,18499152.0,24,below_p25,-0.18180731273150996
EMP00885,Gangsar Yuniar,IT Infrastructure,1,Staff,2022-07-17,2.46,15100374,L,50,S1,EMP00925,3.5,False,13310017.208333334,11886723.75,13056906.5,15087290.25,24,above_p75,0.15650472031794055
EMP00886,"Harjaya Novitasari, S.Psi",IT Infrastructure,2,Senior Staff,2022-03-24,2.77,16681239,L,32,S1,EMP00925,3.3,True,16620116.0,14604368.5,16368357.0,18499152.0,24,p50_to_p75,0.019115052292664438
EMP00887,"Lidya Wasita, S.E.I",IT Infrastructure,2,Senior Staff,2023-05-28,1.6,16609481,P,48,D3,EMP00925,3.0,False,16620116.0,14604368.5,16368357.0,18499152.0,24,p50_to_p75,0.014731105877028463
EMP00888,Keisha Nashiruddin,IT Infrastructure,1,Staff,2023-01-28,1.92,12175552,P,46,D3,EMP00925,4.9,False,13310017.208333334,11886723.75,13056906.5,15087290.25,24,p25_to_p50,-0.06750101947961411
EMP00889,"Dr. Jasmani Permadi, S.H.",IT Infrastructure,1,Staff,2023-07-19,1.45,14617367,L,23,S2,EMP00925,3.8,False,13310017.208333334,11886723.75,13056906.5,15087290.25,24,p50_to_p75,0.11951226731998119
EMP00890,Zamira Megantara,IT Infrastructure,2,Senior Staff,2020-03-01,4.84,18576132,L,30,S2,EMP00925,2.3,False,16620116.0,14604368.5,16368357.0,18499152.0,24,above_p75,0.1348806725073262
EMP00891,"drg. Vinsen Hakim, M.Pd",IT Infrastructure,2,Senior Staff,2022-06-21,2.53,20191260,P,32,S1,EMP00925,4.7,False,16620116.0,14604368.5,16368357.0,18499152.0,24,above_p75,0.23355447342699087
EMP00892,Lidya Puspita,IT Infrastructure,1,Staff,2023-04-23,1.69,12034283,L,45,S1,EMP00925,3.0,False,13310017.208333334,11886723.75,13056906.5,15087290.25,24,p25_to_p50,-0.07832050417148963
EMP00893,R.M. Harsanto Prasasta,IT Infrastructure,1,Staff,2019-05-15,5.63,11527477,P,37,S1,EMP00925,2.4,False,13310017.208333334,11886723.75,13056906.5,15087290.25,24,below_p25,-0.11713567068891854
EMP00894,Farhunnisa Sitompul,IT Infrastructure,2,Senior Staff,2023-09-24,1.27,13914608,P,43,S1,EMP00925,4.2,False,16620116.0,14604368.5,16368357.0,18499152.0,24,below_p25,-0.14990808179464804
EMP00895,"Bahuwirya Hartati, S.I.Kom",IT Infrastructure,4,Lead,2023-07-26,1.43,24695204,L,37,S2,,4.0,False,21509233.375,20035578.0,21378827.5,22379888.0,8,above_p75,0.15512433972349512
EMP00896,Kawaca Nainggolan,IT Infrastructure,1,Staff,2022-06-03,2.58,12402964,L,25,S1,EMP00925,2.7,False,13310017.208333334,11886723.75,13056906.5,15087290.25,24,p25_to_p50,-0.05008403024100693
EMP00897,Embuh Waluyo,IT Infrastructure,1,Staff,2021-06-28,3.51,13066778,L,35,S1,EMP00925,1.6,False,13310017.208333334,11886723.75,13056906.5,15087290.25,24,p50_to_p75,0.0007560366615170293
EMP00898,"Lukita Suartini, S.Gz",IT Infrastructure,2,Senior Staff,2020-11-21,4.11,18907256,P,32,S1,EMP00925,2.4,False,16620116.0,14604368.5,16368357.0,18499152.0,24,above_p75,0.1551101921836138
EMP00899,"Puti Fitriani Rahmawati, M.Pd",IT Infrastructure,2,Senior Staff,2021-09-12,3.3,18473492,P,30,S2,EMP00925,2.5,False,16620116.0,14604368.5,16368357.0,18499152.0,24,p50_to_p75,0.12861003703670443
EMP00900,Jatmiko Pranowo,IT Infrastructure,2,Senior Staff,2020-07-25,4.44,18455342,L,49,S2,EMP00925,3.7,False,16620116.0,14604368.5,16368357.0,18499152.0,24,p50_to_p75,0.1275011902538538
EMP00901,"dr. Ilsa Budiman, S.Kom",IT Infrastructure,4,Lead,2023-05-14,1.63,20082730,L,37,S2,,3.6,False,21509233.375,20035578.0,21378827.5,22379888.0,8,p25_to_p50,-0.0606252845250751
EMP00902,Yono Lazuardi,IT Infrastructure,1,Staff,2019-01-21,5.94,15163028,P,32,D3,EMP00925,2.8,False,13310017.208333334,11886723.75,13056906.5,15087290.25,24,above_p75,0.16130325356928918
EMP00903,"Usyi Kuswandari, S.H.",IT Infrastructure,3,Specialist,2022-03-28,2.76,20120000,P,51,S1,EMP00925,4.0,False,18526158.714285713,17369114.5,18807089.0,19940836.5,14,above_p75,0.06980936815899579
EMP00904,"Rahmi Putra, S.Sos",IT Infrastructure,1,Staff,2019-06-29,5.51,16243986,L,35,S2,EMP00925,3.0,False,13310017.208333334,11886723.75,13056906.5,15087290.25,24,above_p75,0.24409146990521835
EMP00905,Kusuma Sinaga,IT Infrastructure,2,Senior Staff,2021-02-12,3.88,18581485,P,30,S1,EMP00925,2.9,True,16620116.0,14604368.5,16368357.0,18499152.0,24,above_p75,0.13520770594140877
EMP00906,"T. Harjasa Hastuti, M.Pd",IT Infrastructure,4,Lead,2022-11-08,2.15,22222034,L,26,S2,,3.3,True,21509233.375,20035578.0,21378827.5,22379888.0,8,p50_to_p75,0.03944119479891963
EMP00907,"Gatot Samosir, S.T.",IT Infrastructure,3,Specialist,2019-03-10,5.81,19403346,P,26,S2,EMP00925,2.9,False,18526158.714285713,17369114.5,18807089.0,19940836.5,14,p50_to_p75,0.031703843162543655
EMP00908,Oliva Mandasari,IT Infrastructure,1,Staff,2023-04-27,1.68,17064661,L,28,S2,EMP00925,3.7,False,13310017.208333334,11886723.75,13056906.5,15087290.25,24,above_p75,0.30694517878335115
EMP00909,Cinthia Halimah,IT Infrastructure,2,Senior Staff,2021-02-10,3.89,18672968,P,38,S1,EMP00925,2.6,False,16620116.0,14604368.5,16368357.0,18499152.0,24,above_p75,0.14079672138138238
EMP00910,"Tgk. Vinsen Putra, S.I.Kom",IT Infrastructure,3,Specialist,2020-07-27,4.43,18580470,L,37,S1,EMP00925,2.9,True,18526158.714285713,17369114.5,18807089.0,19940836.5,14,p25_to_p50,-0.012049658509086653
EMP00911,Laras Gunawan,IT Infrastructure,2,Senior Staff,2023-03-22,1.78,15763475,P,36,S1,EMP00925,3.8,True,16620116.0,14604368.5,16368357.0,18499152.0,24,p25_to_p50,-0.03695435039692744
EMP00912,R.A. Ulya Maulana,IT Infrastructure,2,Senior Staff,2020-06-12,4.55,18167494,L,33,S2,EMP00925,4.5,False,16620116.0,14604368.5,16368357.0,18499152.0,24,p50_to_p75,0.10991555230619665
EMP00913,Elon Puspasari,IT Infrastructure,3,Specialist,2020-07-15,4.46,16399062,L,47,S1,EMP00925,3.6,False,18526158.714285713,17369114.5,18807089.0,19940836.5,14,below_p25,-0.12803826259342954
EMP00914,Ir. Tantri Agustina,IT Infrastructure,1,Staff,2021-12-15,3.04,11976928,P,44,S1,EMP00925,4.5,False,13310017.208333334,11886723.75,13056906.5,15087290.25,24,p25_to_p50,-0.08271319856659769
EMP00915,Eva Napitupulu,IT Infrastructure,1,Staff,2019-12-12,5.05,13220164,P,36,S1,EMP00925,4.0,False,13310017.208333334,11886723.75,13056906.5,15087290.25,24,p50_to_p75,0.012503535963897727
EMP00916,Ghaliyati Wibowo,IT Infrastructure,1,Staff,2020-02-16,4.87,15082929,L,29,S1,EMP00925,4.8,False,13310017.208333334,11886723.75,13056906.5,15087290.25,24,p50_to_p75,0.1551686458044254
EMP00917,R.A. Najwa Pudjiastuti,IT Infrastructure,3,Specialist,2019-10-18,5.2,23421052,L,51,S1,EMP00925,3.3,False,18526158.714285713,17369114.5,18807089.0,19940836.5,14,above_p75,0.24533105575243463
EMP00918,"Warsa Sirait, S.T.",IT Infrastructure,1,Staff,2020-03-04,4.83,11324316,P,44,S1,EMP00925,4.0,False,13310017.208333334,11886723.75,13056906.5,15087290.25,24,below_p25,-0.13269532871358158
EMP00919,"drg. Nyoman Yuniar, M.Kom.",IT Infrastructure,2,Senior Staff,2023-11-05,1.16,23873520,P,41,S1,EMP00925,3.4,False,16620116.0,14604368.5,16368357.0,18499152.0,24,above_p75,0.45851657560987946
EMP00920,Ella Thamrin,IT Infrastructure,2,Senior Staff,2022-03-02,2.83,15655611,P,47,S2,EMP00925,2.3,False,16620116.0,14604368.5,16368357.0,18499152.0,24,p25_to_p50,-0.04354413824185286
EMP00921,Cahyono Palastri,IT Infrastructure,4,Lead,2023-07-22,1.45,22853450,P,31,D3,,3.3,True,21509233.375,20035578.0,21378827.5,22379888.0,8,above_p75,0.06897583602281275
EMP00922,Fitria Namaga,IT Infrastructure,3,Specialist,2020-04-01,4.75,20565350,P,39,S1,EMP00925,3.2,True,18526158.714285713,17369114.5,18807089.0,19940836.5,14,above_p75,0.09348926886026859
EMP00923,"Yusuf Halim, M.TI.",IT Infrastructure,4,Lead,2023-11-06,1.15,20855592,P,36,S1,,4.6,False,21509233.375,20035578.0,21378827.5,22379888.0,8,p25_to_p50,-0.024474471296426336
EMP00924,Salman Hutagalung,IT Infrastructure,1,Staff,2021-12-29,3.01,15276178,L,23,D3,EMP00925,4.8,True,13310017.208333334,11886723.75,13056906.5,15087290.25,24,above_p75,0.16996916536087625
EMP00925,"Hj. Alika Ardianto, S.Farm",IT Infrastructure,4,Lead,2022-05-07,2.65,19568672,L,30,S1,,2.8,False,21509233.375,20035578.0,21378827.5,22379888.0,8,below_p25,-0.08467047596506404
EMP00926,Saiful Usamah,IT Infrastructure,2,Senior Staff,2018-10-26,6.18,14716824,P,39,S1,EMP00925,3.3,False,16620116.0,14604368.5,16368357.0,18499152.0,24,p25_to_p50,-0.10089790930146501
EMP00927,Bagas Maryadi,IT Infrastructure,2,Senior Staff,2020-04-26,4.68,14209060,L,29,S2,EMP00925,3.8,False,16620116.0,14604368.5,16368357.0,18499152.0,24,below_p25,-0.13191898246109857
EMP00928,Darimin Mayasari,IT Infrastructure,1,Staff,2021-12-31,3.0,11994385,P,29,S1,EMP00925,3.8,False,13310017.208333334,11886723.75,13056906.5,15087290.25,24,p25_to_p50,-0.08137620499924696
EMP00929,Kasiyah Halim,IT Infrastructure,4,Lead,2020-10-08,4.23,21902063,P,48,S1,,4.2,True,21509233.375,20035578.0,21378827.5,22379888.0,8,p50_to_p75,0.024474471296426336
EMP00930,Hj. Salwa Susanti,IT Infrastructure,1,Staff,2018-11-24,6.1,13047035,P,42,S1,EMP00925,2.2,False,13310017.208333334,11886723.75,13056906.5,15087290.25,24,p25_to_p50,-0.0007560366615170293
EMP00931,Sakura Laksita,Research,1,Staff,2019-01-27,5.93,14517211,P,41,S2,EMP00942,4.4,False,16326023.772727273,15393277.0,16201754.5,17377658.0,22,below_p25,-0.10397290614420802
EMP00932,Adiarja Nasyidah,Research,1,Staff,2022-01-08,2.98,19621770,L,46,D3,EMP00942,3.4,False,16326023.772727273,15393277.0,16201754.5,17377658.0,22,above_p75,0.21108920641897147
EMP00933,dr. Adinata Budiyanto,Research,1,Staff,2023-10-03,1.25,16499492,L,51,S2,EMP00942,3.5,False,16326023.772727273,15393277.0,16201754.5,17377658.0,22,p50_to_p75,0.018376867764537477
EMP00934,H. Endra Nasyiah,Research,1,Staff,2018-08-06,6.4,19276939,L,51,D3,EMP00942,3.0,True,16326023.772727273,15393277.0,16201754.5,17377658.0,22,above_p75,0.18980564728344698
EMP00935,Anita Mardhiyah,Research,2,Senior Staff,2019-05-11,5.64,20626591,P,25,S1,EMP00942,3.9,True,20380715.25,18362872.25,20549245.5,23082799.5,28,p50_to_p75,0.003763909482710691
EMP00936,"Hj. Mala Nugroho, S.IP",Research,2,Senior Staff,2020-12-23,4.02,24085453,L,25,S3,EMP00942,3.3,False,20380715.25,18362872.25,20549245.5,23082799.5,28,above_p75,0.17208454198476533
EMP00937,Karna Maryadi,Research,1,Staff,2020-01-08,4.98,19926783,P,25,S1,EMP00942,3.9,False,16326023.772727273,15393277.0,16201754.5,17377658.0,22,above_p75,0.22991513048787401
EMP00938,Dadi Safitri,Research,1,Staff,2022-07-30,2.42,16312718,P,22,S1,EMP00942,3.7,False,16326023.772727273,15393277.0,16201754.5,17377658.0,22,p50_to_p75,0.006848857017306366
EMP00939,T. Rahman Thamrin,Research,2,Senior Staff,2021-11-22,3.11,22400997,P,42,S1,EMP00942,3.5,False,20380715.25,18362872.25,20549245.5,23082799.5,28,p50_to_p75,0.09011287056743762
EMP00940,Wulan Widodo,Research,4,Lead,2021-04-12,3.72,31151955,P,25,S1,,3.6,True,32204795.4,30923805.0,31151955.0,31969178.0,5,p50_to_p75,0.0
EMP00941,Hardi Waskita,Research,2,Senior Staff,2019-11-18,5.12,14583655,P,32,S1,EMP00942,2.9,True,20380715.25,18362872.25,20549245.5,23082799.5,28,below_p25,-0.29030703341395186
EMP00942,Padmi Prasasta,Research,4,Lead,2019-12-01,5.08,30923805,L,41,S1,,2.9,False,32204795.4,30923805.0,31151955.0,31969178.0,5,p25_to_p50,-0.007323777913777803
EMP00943,"Genta Salahudin, S.Pt",Research,3,Specialist,2019-09-08,5.31,22535372,L,50,S2,EMP00942,2.5,False,24502904.153846152,22535372.0,23560622.0,25680661.0,13,p25_to_p50,-0.04351540464424072
EMP00944,"Sidiq Yulianti, S.Gz",Research,3,Specialist,2018-11-17,6.12,25680661,P,29,S1,EMP00942,4.7,False,24502904.153846152,22535372.0,23560622.0,25680661.0,13,above_p75,0.08998230182547812
EMP00945,Halim Wibowo,Research,2,Senior Staff,2022-08-06,2.4,23145336,L,31,S2,EMP00942,3.1,True,20380715.25,18362872.25,20549245.5,23082799.5,28,above_p75,0.12633507639003097
EMP00946,Puspa Kusmawati,Research,1,Staff,2020-06-02,4.58,17023754,P,23,S1,EMP00942,3.2,False,16326023.772727273,15393277.0,16201754.5,17377658.0,22,p50_to_p75,0.05073521512747277
EMP00947,Makuta Anggriawan,Research,2,Senior Staff,2022-03-14,2.8,20667720,L,32,D3,EMP00942,4.2,False,20380715.25,18362872.25,20549245.5,23082799.5,28,p50_to_p75,0.005765394160092155
EMP00948,"Ella Hutasoit, M.Kom.",Research,3,Specialist,2022-11-18,2.12,27548986,L,48,S1,EMP00942,3.8,False,24502904.153846152,22535372.0,23560622.0,25680661.0,13,above_p75,0.16928092984981466
EMP00949,"drg. Septi Sitompul, M.Farm",Research,3,Specialist,2020-10-31,4.17,30379349,L,38,S1,EMP00942,2.4,True,24502904.153846152,22535372.0,23560622.0,25680661.0,13,above_p75,0.2894120112788194
EMP00950,"Puti Paris Gunarto, S.H.",Research,2,Senior Staff,2021-07-24,3.44,15830994,P,27,S1,EMP00942,3.9,True,20380715.25,18362872.25,20549245.5,23082799.5,28,below_p25,-0.22960704323669695
EMP00951,Umay Purnawati,Research,2,Senior Staff,2023-06-29,1.51,25762799,P,40,S1,EMP00942,1.5,False,20380715.25,18362872.25,20549245.5,23082799.5,28,above_p75,0.2537102152971991
EMP00952,Humaira Gunawan,Research,2,Senior Staff,2019-05-22,5.61,18121142,L,33,D3,EMP00942,3.3,False,20380715.25,18362872.25,20549245.5,23082799.5,28,below_p25,-0.11816022636938178
EMP00953,Mahdi Setiawan,Research,2,Senior Staff,2022-07-27,2.43,15404879,P,30,S2,EMP00942,3.8,False,20380715.25,18362872.25,20549245.5,23082799.5,28,below_p25,-0.25034332769054707
EMP00954,Drs. Maryadi Firmansyah,Research,1,Staff,2021-06-05,3.57,15133044,L,24,S1,EMP00942,2.6,False,16326023.772727273,15393277.0,16201754.5,17377658.0,22,below_p25,-0.0659626400338309
EMP00955,Wisnu Sihotang,Research,1,Staff,2023-03-12,1.81,15818171,P,32,S1,EMP00942,3.9,True,16326023.772727273,15393277.0,16201754.5,17377658.0,22,p25_to_p50,-0.023675429719664003
EMP00956,Yono Pranowo,Research,1,Staff,2019-10-04,5.24,16393788,P,35,S1,EMP00942,3.6,False,16326023.772727273,15393277.0,16201754.5,17377658.0,22,p50_to_p75,0.011852636083332826
EMP00957,R. Umi Widodo,Research,1,Staff,2019-05-18,5.62,16090791,L,24,S1,EMP00942,3.5,False,16326023.772727273,15393277.0,16201754.5,17377658.0,22,p25_to_p50,-0.006848857017306366
EMP00958,Eja Marpaung,Research,1,Staff,2020-09-18,4.28,15444944,L,49,S2,EMP00942,3.3,False,16326023.772727273,15393277.0,16201754.5,17377658.0,22,p25_to_p50,-0.04671163854507239
EMP00959,R.A. Qori Wibisono,Research,3,Specialist,2022-06-23,2.52,24816002,L,33,S1,EMP00942,4.0,False,24502904.153846152,22535372.0,23560622.0,25680661.0,13,p50_to_p75,0.053282973598914325
EMP00960,"Usman Namaga, S.Psi",Research,1,Staff,2019-06-10,5.56,10996742,L,33,S1,EMP00942,2.5,True,16326023.772727273,15393277.0,16201754.5,17377658.0,22,below_p25,-0.32126227440367644
EMP00961,Usyi Mandala,Research,2,Senior Staff,2022-05-04,2.66,19903061,P,23,S2,EMP00942,4.3,False,20380715.25,18362872.25,20549245.5,23082799.5,28,p25_to_p50,-0.03144565575412489
EMP00962,"H. Nyoman Hutapea, M.TI.",Research,5,Manager,2022-01-13,2.97,33940559,L,33,S2,,3.0,False,35725207.0,34832883.0,35725207.0,36617531.0,2,below_p25,-0.04995486800118471
EMP00963,"Jelita Habibi, S.IP",Research,1,Staff,2018-08-27,6.35,16834544,L,27,S1,EMP00942,2.9,False,16326023.772727273,15393277.0,16201754.5,17377658.0,22,p50_to_p75,0.039056850293590115
EMP00964,Gina Hutagalung,Research,2,Senior Staff,2023-10-22,1.19,20605290,P,48,S1,EMP00942,4.0,False,20380715.25,18362872.25,20549245.5,23082799.5,28,p50_to_p75,0.002727326412057319
EMP00965,Rahmi Susanti,Research,1,Staff,2020-07-04,4.49,14637917,P,30,S1,EMP00942,3.4,True,16326023.772727273,15393277.0,16201754.5,17377658.0,22,below_p25,-0.09652272536286116
EMP00966,drg. Vicky Simbolon,Research,3,Specialist,2023-04-03,1.75,22351459,L,25,S1,EMP00942,2.9,False,24502904.153846152,22535372.0,23560622.0,25680661.0,13,below_p25,-0.05132135306105246
EMP00967,Mahesa Saputra,Research,2,Senior Staff,2021-12-01,3.08,23487703,L,38,S1,EMP00942,2.2,False,20380715.25,18362872.25,20549245.5,23082799.5,28,above_p75,0.14299588274421074
EMP00968,"drg. Joko Pradana, S.I.Kom",Research,1,Staff,2023-04-08,1.73,15377001,P,29,S3,EMP00942,3.2,True,16326023.772727273,15393277.0,16201754.5,17377658.0,22,below_p25,-0.0509051967180468
EMP00969,dr. Ian Nashiruddin,Research,3,Specialist,2019-02-10,5.89,20095494,P,48,D3,EMP00942,2.1,False,24502904.153846152,22535372.0,23560622.0,25680661.0,13,below_p25,-0.14707285741437556
EMP00970,"Lanang Wijayanti, S.Sos",Research,2,Senior Staff,2020-09-03,4.33,21713744,L,28,S1,EMP00942,4.6,False,20380715.25,18362872.25,20549245.5,23082799.5,28,p50_to_p75,0.056668674282956036
EMP00971,Prasetyo Safitri,Research,2,Senior Staff,2021-05-31,3.59,15447382,L,34,S1,EMP00942,4.0,False,20380715.25,18362872.25,20549245.5,23082799.5,28,below_p25,-0.24827497924437178
EMP00972,Wirda Prayoga,Research,3,Specialist,2022-02-16,2.87,19950650,L,28,S1,EMP00942,3.9,False,24502904.153846152,22535372.0,23560622.0,25680661.0,13,below_p25,-0.15322057286942595
EMP00973,"Belinda Hutasoit, S.T.",Research,2,Senior Staff,2020-02-29,4.84,23061954,L,23,S1,EMP00942,2.8,False,20380715.25,18362872.25,20549245.5,23082799.5,28,p50_to_p75,0.12227740916327073
EMP00974,Harjasa Usada,Research,2,Senior Staff,2023-02-26,1.85,18582176,L,28,D3,EMP00942,3.3,False,20380715.25,18362872.25,20549245.5,23082799.5,28,p25_to_p50,-0.09572465811457652
EMP00975,Okta Wibisono,Research,2,Senior Staff,2019-03-10,5.81,17786159,L,41,S1,EMP00942,2.5,False,20380715.25,18362872.25,20549245.5,23082799.5,28,below_p25,-0.1344617007957786
EMP00976,Karen Kurniawan,Research,2,Senior Staff,2019-08-19,5.37,25106732,L,40,S1,EMP00942,4.0,True,20380715.25,18362872.25,20549245.5,23082799.5,28,above_p75,0.22178364164270653
EMP00977,Adhiarja Samosir,Research,3,Specialist,2023-05-15,1.63,23243271,L,25,S1,EMP00942,4.8,False,24502904.153846152,22535372.0,23560622.0,25680661.0,13,p25_to_p50,-0.013469551016097961
EMP00978,Karen Saputra,Research,1,Staff,2020-01-20,4.95,17495626,P,42,S3,EMP00942,3.8,False,16326023.772727273,15393277.0,16201754.5,17377658.0,22,above_p75,0.07985996208003275
EMP00979,Cahyadi Irawan,Research,1,Staff,2020-05-09,4.65,19956848,P,33,S2,EMP00942,2.8,False,16326023.772727273,15393277.0,16201754.5,17377658.0,22,above_p75,0.23177079371249576
EMP00980,Irfan Hassanah,Research,2,Senior Staff,2018-12-11,6.06,19100261,P,32,S1,EMP00942,3.7,False,20380715.25,18362872.25,20549245.5,23082799.5,28,p25_to_p50,-0.07051278354721102
EMP00981,Dr. Kambali Wasita,Research,1,Staff,2021-06-02,3.58,17506333,L,37,S2,EMP00942,3.4,False,16326023.772727273,15393277.0,16201754.5,17377658.0,22,above_p75,0.08052081643380042
EMP00982,Akarsana Irawan,Research,4,Lead,2020-02-21,4.86,31969178,P,29,S2,,3.0,False,32204795.4,30923805.0,31151955.0,31969178.0,5,above_p75,0.02623344184979723
EMP00983,Puspa Iswahyudi,Research,4,Lead,2019-03-01,5.84,27800468,L,38,S1,,4.5,False,32204795.4,30923805.0,31151955.0,31969178.0,5,below_p25,-0.10758512587733259
EMP00984,Ir. Violet Simbolon,Research,2,Senior Staff,2018-09-26,6.26,16786407,P,33,S1,EMP00942,3.9,False,20380715.25,18362872.25,20549245.5,23082799.5,28,below_p25,-0.18311321941236236
EMP00985,"drg. Amalia Siregar, S.Farm",Research,3,Specialist,2020-02-02,4.91,23886563,L,51,S1,EMP00942,2.5,False,24502904.153846152,22535372.0,23560622.0,25680661.0,13,p50_to_p75,0.013834142409313303
EMP00986,Victoria Hutasoit,Research,1,Staff,2023-03-01,1.84,12863489,L,32,D3,EMP00942,3.1,False,16326023.772727273,15393277.0,16201754.5,17377658.0,22,below_p25,-0.20604345658984033
EMP00987,"Putri Prasasta, M.Farm",Research,2,Senior Staff,2018-11-23,6.11,26678750,L,38,S1,EMP00942,2.9,False,20380715.25,18362872.25,20549245.5,23082799.5,28,above_p75,0.29828367664399164
EMP00988,R.M. Mahdi Wibowo,Research,3,Specialist,2019-05-14,5.63,23560622,P,50,S1,EMP00942,3.7,True,24502904.153846152,22535372.0,23560622.0,25680661.0,13,p50_to_p75,0.0
EMP00989,Cahyono Santoso,Research,3,Specialist,2020-07-17,4.46,22635580,P,51,S1,EMP00942,3.6,False,24502904.153846152,22535372.0,23560622.0,25680661.0,13,p25_to_p50,-0.03926220623547205
EMP00990,Hasna Lailasari,Research,2,Senior Staff,2019-08-06,5.4,18443449,P,23,S1,EMP00942,3.2,False,20380715.25,18362872.25,20549245.5,23082799.5,28,p25_to_p50,-0.10247561157415731
EMP00991,Atma Marbun,Research,5,Manager,2019-09-30,5.25,37509855,P,45,S1,,3.5,False,35725207.0,34832883.0,35725207.0,36617531.0,2,above_p75,0.04995486800118471
EMP00992,Ika Andriani,Research,1,Staff,2023-06-10,1.56,15442105,P,49,D3,EMP00942,3.6,False,16326023.772727273,15393277.0,16201754.5,17377658.0,22,p25_to_p50,-0.04688686648103451
EMP00993,Novi Hutagalung,Research,2,Senior Staff,2022-07-21,2.45,18499921,P,22,S1,EMP00942,4.5,True,20380715.25,18362872.25,20549245.5,23082799.5,28,p25_to_p50,-0.09972748147857789
EMP00994,Hafshah Prayoga,Research,2,Senior Staff,2019-06-26,5.52,19040549,P,51,S2,EMP00942,3.7,False,20380715.25,18362872.25,20549245.5,23082799.5,28,p25_to_p50,-0.07341858366527375
EMP00995,"Sari Lailasari, M.Ak",Research,3,Specialist,2019-07-26,5.43,31853745,P,32,D3,EMP00942,3.2,False,24502904.153846152,22535372.0,23560622.0,25680661.0,13,above_p75,0.3519908345373904
EMP00996,R.A. Michelle Kurniawan,Research,4,Lead,2020-09-02,4.33,39178571,L,28,S1,,3.7,False,32204795.4,30923805.0,31151955.0,31969178.0,5,above_p75,0.25766010512020837
EMP00997,Gadang Ardianto,Research,2,Senior Staff,2022-07-05,2.49,21496892,L,48,S2,EMP00942,3.1,True,20380715.25,18362872.25,20549245.5,23082799.5,28,p50_to_p75,0.0461158780744529
EMP00998,Juli Safitri,Research,2,Senior Staff,2018-08-16,6.38,23796830,P,50,S1,EMP00942,3.0,False,20380715.25,18362872.25,20549245.5,23082799.5,28,above_p75,0.158039111460321
EMP00999,Wani Sitompul,Research,1,Staff,2021-01-17,3.95,16002513,L,33,S1,EMP00942,3.5,False,16326023.772727273,15393277.0,16201754.5,17377658.0,22,p25_to_p50,-0.012297526172242642
EMP01000,Juli Astuti,Research,2,Senior Staff,2022-04-07,2.74,20493201,L,34,S2,EMP00942,3.4,True,20380715.25,18362872.25,20549245.5,23082799.5,28,p25_to_p50,-0.002727326412057319
