topic_0,topic_1,topic_2,topic_3,topic_4,topic_5,dominant_topic,employee_id,review_cycle
0.9821906,0.00405422,0.004607868,0.003924556,0.0023841178,0.0028386014,topic_0,EMP00001,2024-H1
0.0026295425,0.0040542143,0.0046078577,0.0039245505,0.9819452,0.0028385974,topic_4,EMP00001,2024-H2
0.0033281401,0.005131308,0.0058320393,0.9790983,0.0030175087,0.0035927352,topic_3,EMP00002,2024-H1
0.0028273717,0.98238266,0.004954522,0.0042198077,0.0025634794,0.0030521546,topic_1,EMP00002,2024-H2
0.0033281404,0.005131309,0.0058320463,0.9790983,0.003017509,0.0035927356,topic_3,EMP00003,2024-H1
0.0033281394,0.0051313075,0.0058320384,0.9790983,0.0030175082,0.0035927347,topic_3,EMP00003,2024-H2
0.0040444727,0.0062357457,0.9756505,0.0060363114,0.0036669825,0.004366018,topic_2,EMP00004,2024-H1
0.004044493,0.0062357774,0.97565037,0.006036342,0.003667001,0.00436604,topic_2,EMP00004,2024-H2
0.0028273729,0.98238266,0.0049545243,0.0042198095,0.0025634805,0.003052156,topic_1,EMP00005,2024-H1
0.0033281404,0.005131309,0.0058320463,0.9790983,0.003017509,0.0035927356,topic_3,EMP00005,2024-H2
0.0030573867,0.004713862,0.005357587,0.9807987,0.002772026,0.0033004563,topic_3,EMP00006,2024-H1
0.0040444722,0.0062357453,0.9756505,0.006036311,0.003666982,0.0043660174,topic_2,EMP00006,2024-H2
0.0024576357,0.9846865,0.004306625,0.0036679825,0.0022282526,0.0026530237,topic_1,EMP00007,2024-H1
0.0036515417,0.005629927,0.9780161,0.0054498683,0.0033107256,0.003941848,topic_2,EMP00007,2024-H2
0.0040444722,0.0062357453,0.9756505,0.006036311,0.003666982,0.0043660174,topic_2,EMP00008,2024-H1
0.0040444722,0.0062357453,0.9756505,0.006036311,0.003666982,0.0043660174,topic_2,EMP00008,2024-H2
0.9821906,0.0040542204,0.004607867,0.003924556,0.002384118,0.0028386016,topic_0,EMP00009,2024-H1
0.98085076,0.004359227,0.0049545257,0.0042198086,0.00256348,0.0030521553,topic_0,EMP00009,2024-H2
0.0024576124,0.0037891334,0.004306577,0.0036679476,0.98312575,0.0026529985,topic_4,EMP00010,2024-H1
0.98219043,0.004054266,0.0046079187,0.0039246003,0.0023841448,0.0028386337,topic_0,EMP00010,2024-H2
0.0033281446,0.005131316,0.005832047,0.004967203,0.0030175126,0.9777238,topic_5,EMP00011,2024-H1
0.9595472,0.009208893,0.010466459,0.00891437,0.0054153665,0.006447696,topic_0,EMP00011,2024-H2
0.0028275223,0.0043594586,0.0049547916,0.98224235,0.002563616,0.003052317,topic_3,EMP00012,2024-H1
0.0036518022,0.005630329,0.9780145,0.0054502576,0.0033109619,0.003942129,topic_2,EMP00012,2024-H2
0.0036515258,0.0056299022,0.9780162,0.0054498445,0.0033107111,0.0039418307,topic_2,EMP00013,2024-H1
0.003651542,0.0056299274,0.9780161,0.0054498687,0.0033107258,0.0039418484,topic_2,EMP00013,2024-H2
0.0040444722,0.0062357453,0.9756505,0.006036311,0.003666982,0.0043660174,topic_2,EMP00014,2024-H1
0.0028273729,0.98238266,0.0049545243,0.0042198095,0.0025634805,0.003052156,topic_1,EMP00014,2024-H2
0.0024576061,0.9846867,0.0043065674,0.0036679385,0.002228226,0.0026529918,topic_1,EMP00015,2024-H1
0.0024576054,0.9846867,0.004306566,0.0036679371,0.002228225,0.0026529909,topic_1,EMP00015,2024-H2
0.0033281401,0.005131308,0.0058320393,0.9790983,0.0030175087,0.0035927352,topic_3,EMP00016,2024-H1
0.0040444722,0.0062357453,0.9756505,0.006036311,0.003666982,0.0043660174,topic_2,EMP00016,2024-H2
0.003651559,0.0056299535,0.19509465,0.005449894,0.0033107412,0.78686315,topic_5,EMP00017,2024-H1
0.9595472,0.009208894,0.010466461,0.008914372,0.0054153674,0.006447697,topic_0,EMP00017,2024-H2
0.0024576369,0.9846865,0.004306621,0.0036679844,0.0022282538,0.0026530249,topic_1,EMP00018,2024-H1
0.0028274395,0.004359331,0.0049546473,0.9822428,0.0025635408,0.003052228,topic_3,EMP00018,2024-H2
0.002827373,0.98238266,0.004954531,0.00421981,0.0025634808,0.0030521562,topic_1,EMP00019,2024-H1
0.0030573867,0.004713862,0.005357587,0.9807987,0.002772026,0.0033004563,topic_3,EMP00019,2024-H2
0.0040444955,0.0062357862,0.0070873415,0.0060363463,0.97222996,0.0043660426,topic_4,EMP00020,2024-H1
0.9595472,0.009208894,0.010466461,0.008914372,0.0054153674,0.006447697,topic_0,EMP00020,2024-H2
0.0033281404,0.005131309,0.0058320463,0.9790983,0.003017509,0.0035927356,topic_3,EMP00021,2024-H1
0.0030573867,0.004713862,0.005357587,0.9807987,0.002772026,0.0033004563,topic_3,EMP00021,2024-H2
0.98219013,0.004054331,0.0046079927,0.0039246636,0.0023841832,0.0028386794,topic_0,EMP00022,2024-H1
0.0028274,0.0043592704,0.004954572,0.00421985,0.0025635052,0.9810754,topic_5,EMP00022,2024-H2
0.98085076,0.004359227,0.0049545257,0.0042198086,0.00256348,0.0030521553,topic_0,EMP00023,2024-H1
0.0026295427,0.004054215,0.004607858,0.003924551,0.9819452,0.0028385979,topic_4,EMP00023,2024-H2
0.0028274003,0.0043592704,0.0049545723,0.0042198505,0.0025635054,0.9810754,topic_5,EMP00024,2024-H1
0.0028273999,0.00435927,0.0049545714,0.0042198496,0.002563505,0.9810754,topic_5,EMP00024,2024-H2
0.0033281397,0.005131308,0.005832039,0.9790983,0.0030175084,0.003592735,topic_3,EMP00025,2024-H1
0.0040444722,0.0062357453,0.9756505,0.006036311,0.003666982,0.0043660174,topic_2,EMP00025,2024-H2
0.98085076,0.004359227,0.0049545257,0.0042198086,0.00256348,0.0030521553,topic_0,EMP00026,2024-H1
0.0030573874,0.004713864,0.005357588,0.0045631025,0.0027720267,0.979536,topic_5,EMP00026,2024-H2
0.9595472,0.009208894,0.010466461,0.008914372,0.0054153674,0.006447697,topic_0,EMP00027,2024-H1
0.0040444927,0.0062357765,0.97565037,0.006036341,0.0036670004,0.0043660398,topic_2,EMP00027,2024-H2
0.98085076,0.0043592276,0.0049545285,0.0042198086,0.0025634803,0.0030521555,topic_0,EMP00028,2024-H1
0.003328144,0.005131315,0.0058320463,0.0049672024,0.0030175122,0.9777238,topic_5,EMP00028,2024-H2
0.0026295623,0.004054245,0.004607895,0.9834856,0.0023841325,0.0028386188,topic_3,EMP00029,2024-H1
0.0036515156,0.005629887,0.97801626,0.005449829,0.003310702,0.00394182,topic_2,EMP00029,2024-H2
0.0036515414,0.0056299265,0.9780161,0.005449868,0.0033107253,0.0039418475,topic_2,EMP00030,2024-H1
0.002457635,0.9846865,0.004306619,0.0036679816,0.0022282521,0.002653023,topic_1,EMP00030,2024-H2
0.002827372,0.98238266,0.0049545225,0.0042198077,0.0025634796,0.0030521548,topic_1,EMP00031,2024-H1
0.0028273724,0.98238266,0.004954523,0.0042198086,0.00256348,0.0030521553,topic_1,EMP00031,2024-H2
0.98085076,0.004359227,0.0049545257,0.0042198086,0.00256348,0.0030521553,topic_0,EMP00032,2024-H1
0.98085076,0.004359227,0.0049545257,0.0042198086,0.00256348,0.0030521553,topic_0,EMP00032,2024-H2
0.0030574421,0.004713948,0.0053576846,0.004563184,0.0027720763,0.97953564,topic_5,EMP00033,2024-H1
0.0030574414,0.004713947,0.005357683,0.004563183,0.0027720756,0.97953564,topic_5,EMP00033,2024-H2
0.0026295932,0.0040542926,0.0046079475,0.9834854,0.0023841604,0.002838652,topic_3,EMP00034,2024-H1
0.0026296263,0.9836148,0.004608006,0.0039246758,0.0023841907,0.002838688,topic_1,EMP00034,2024-H2
0.0036515815,0.0056299884,0.97801584,0.005449928,0.0033107619,0.0039418912,topic_2,EMP00035,2024-H1
0.96506643,0.007952451,0.009038539,0.0076981033,0.0046765,0.0055679795,topic_0,EMP00035,2024-H2
0.0040444722,0.0062357453,0.9756505,0.006036311,0.003666982,0.0043660174,topic_2,EMP00036,2024-H1
0.0030573867,0.004713862,0.005357587,0.9807987,0.002772026,0.0033004563,topic_3,EMP00036,2024-H2
0.9595472,0.009208894,0.01046646,0.008914371,0.005415367,0.0064476966,topic_0,EMP00037,2024-H1
0.0030573874,0.004713864,0.005357588,0.0045631025,0.0027720267,0.979536,topic_5,EMP00037,2024-H2
0.9833548,0.0037891997,0.0043066554,0.0036680119,0.0022282705,0.0026530449,topic_0,EMP00038,2024-H1
0.0028278679,0.0043599918,0.0049553975,0.085375346,0.0025639292,0.8999175,topic_5,EMP00038,2024-H2
0.0030573867,0.004713862,0.005357587,0.9807987,0.002772026,0.0033004563,topic_3,EMP00039,2024-H1
0.0033281446,0.005131316,0.005832047,0.004967203,0.0030175126,0.9777238,topic_5,EMP00039,2024-H2
0.0028274294,0.004359316,0.0049546272,0.9822429,0.0025635317,0.0030522167,topic_3,EMP00040,2024-H1
0.0028274301,0.004359317,0.0049546333,0.9822429,0.0025635324,0.0030522177,topic_3,EMP00040,2024-H2
0.0036515156,0.005629887,0.97801626,0.005449829,0.003310702,0.00394182,topic_2,EMP00041,2024-H1
0.002457617,0.9846866,0.004306589,0.0036679546,0.0022282356,0.0026530034,topic_1,EMP00041,2024-H2
0.0026295455,0.98361534,0.004607863,0.0039245556,0.0023841173,0.002838601,topic_1,EMP00042,2024-H1
0.0033281404,0.005131309,0.0058320463,0.9790983,0.003017509,0.0035927356,topic_3,EMP00042,2024-H2
0.0040444722,0.0062357453,0.9756505,0.006036311,0.003666982,0.0043660174,topic_2,EMP00043,2024-H1
0.0028273722,0.98238266,0.004954523,0.004219808,0.0025634798,0.003052155,topic_1,EMP00043,2024-H2
0.0033281404,0.005131309,0.0058320463,0.9790983,0.003017509,0.0035927356,topic_3,EMP00044,2024-H1
0.0028273722,0.98238266,0.004954529,0.004219808,0.0025634798,0.003052155,topic_1,EMP00044,2024-H2
0.0033281443,0.0051313154,0.0058320467,0.0049672024,0.0030175124,0.9777238,topic_5,EMP00045,2024-H1
0.0033282065,0.0051314128,0.0058321557,0.9790979,0.0030175687,0.0035928069,topic_3,EMP00045,2024-H2
0.0033281401,0.005131308,0.0058320393,0.9790983,0.0030175087,0.0035927352,topic_3,EMP00046,2024-H1
0.0033281397,0.005131308,0.005832039,0.9790983,0.0030175084,0.003592735,topic_3,EMP00046,2024-H2
0.0040444722,0.0062357453,0.9756505,0.006036311,0.003666982,0.0043660174,topic_2,EMP00047,2024-H1
0.0040444722,0.0062357453,0.9756505,0.006036311,0.003666982,0.0043660174,topic_2,EMP00047,2024-H2
0.003651566,0.0056299646,0.97801596,0.0054499046,0.0033107477,0.0039418745,topic_2,EMP00048,2024-H1
0.0036515663,0.005629965,0.97801596,0.005449905,0.003310748,0.0039418745,topic_2,EMP00048,2024-H2
0.0026295446,0.98361534,0.004607861,0.0039245537,0.0023841164,0.0028385997,topic_1,EMP00049,2024-H1
0.0040444727,0.0062357457,0.9756505,0.0060363114,0.0036669825,0.004366018,topic_2,EMP00049,2024-H2
0.0026295455,0.98361534,0.004607863,0.0039245556,0.0023841173,0.002838601,topic_1,EMP00050,2024-H1
0.0040444722,0.0062357453,0.9756505,0.006036311,0.003666982,0.0043660174,topic_2,EMP00050,2024-H2
0.0033281404,0.005131309,0.0058320463,0.9790983,0.003017509,0.0035927356,topic_3,EMP00051,2024-H1
0.0026295455,0.98361534,0.004607863,0.003924555,0.0023841173,0.0028386007,topic_1,EMP00051,2024-H2
0.98085076,0.004359227,0.0049545257,0.0042198086,0.00256348,0.0030521553,topic_0,EMP00052,2024-H1
0.98085076,0.004359227,0.0049545257,0.0042198086,0.00256348,0.0030521553,topic_0,EMP00052,2024-H2
0.002629554,0.9836153,0.0046078786,0.0039245677,0.0023841248,0.0028386097,topic_1,EMP00053,2024-H1
0.0028273845,0.004359246,0.004954554,0.9822432,0.002563491,0.0030521685,topic_3,EMP00053,2024-H2
0.0028275212,0.0043594567,0.004954784,0.98224235,0.0025636149,0.003052316,topic_3,EMP00054,2024-H1
0.0036518015,0.0056303274,0.9780145,0.005450256,0.0033109612,0.0039421287,topic_2,EMP00054,2024-H2
0.0033281401,0.005131308,0.0058320393,0.9790983,0.0030175087,0.0035927352,topic_3,EMP00055,2024-H1
0.0040444722,0.0062357453,0.9756505,0.006036311,0.003666982,0.0043660174,topic_2,EMP00055,2024-H2
0.0030574973,0.0047140345,0.0053577814,0.980798,0.0027721263,0.0033005758,topic_3,EMP00056,2024-H1
0.0036516471,0.00563009,0.9780155,0.0054500257,0.0033108213,0.003941962,topic_2,EMP00056,2024-H2
0.0030574219,0.004713917,0.0053576487,0.0045631537,0.002772058,0.97953576,topic_5,EMP00057,2024-H1
0.9650942,0.007946151,0.009031277,0.007692014,0.0046728007,0.005563575,topic_0,EMP00057,2024-H2
0.003651582,0.0056299893,0.97801584,0.0054499283,0.003310762,0.0039418917,topic_2,EMP00058,2024-H1
0.9650942,0.007946157,0.009031286,0.00769202,0.0046728044,0.005563579,topic_0,EMP00058,2024-H2
0.002457759,0.9846857,0.004306845,0.0036681667,0.0022283646,0.002653157,topic_1,EMP00059,2024-H1
0.0036515498,0.0056299395,0.978016,0.0054498804,0.003310733,0.003941857,topic_2,EMP00059,2024-H2
0.0026295623,0.004054245,0.004607895,0.9834856,0.0023841325,0.0028386188,topic_3,EMP00060,2024-H1
0.003651516,0.0056298873,0.97801626,0.0054498296,0.0033107023,0.0039418205,topic_2,EMP00060,2024-H2
0.0024576164,0.9846866,0.0043065874,0.003667954,0.0022282351,0.0026530027,topic_1,EMP00061,2024-H1
0.003651516,0.0056298873,0.97801626,0.0054498296,0.0033107023,0.0039418205,topic_2,EMP00061,2024-H2
0.003328144,0.005131315,0.0058320463,0.0049672024,0.0030175122,0.9777238,topic_5,EMP00062,2024-H1
0.98085076,0.004359227,0.0049545257,0.0042198086,0.00256348,0.0030521553,topic_0,EMP00062,2024-H2
0.0030573867,0.004713862,0.005357587,0.9807987,0.002772026,0.0033004563,topic_3,EMP00063,2024-H1
0.0030573867,0.004713862,0.005357587,0.9807987,0.002772026,0.0033004563,topic_3,EMP00063,2024-H2
0.0040444722,0.0062357453,0.9756505,0.006036311,0.003666982,0.0043660174,topic_2,EMP00064,2024-H1
0.0033281404,0.005131309,0.0058320463,0.9790983,0.003017509,0.0035927356,topic_3,EMP00064,2024-H2
0.0030573867,0.004713862,0.005357587,0.9807987,0.002772026,0.0033004563,topic_3,EMP00065,2024-H1
0.0033281401,0.005131308,0.0058320393,0.9790983,0.0030175087,0.0035927352,topic_3,EMP00065,2024-H2
0.0036515498,0.0056299395,0.978016,0.0054498804,0.003310733,0.003941857,topic_2,EMP00066,2024-H1
0.002629627,0.9836148,0.004608008,0.003924677,0.0023841911,0.0028386887,topic_1,EMP00066,2024-H2
0.002827416,0.0043592947,0.0049546044,0.982243,0.0025635196,0.0030522023,topic_3,EMP00067,2024-H1
0.0024576618,0.9846863,0.0043066647,0.0036680214,0.0022282763,0.0026530519,topic_1,EMP00067,2024-H2
0.98085076,0.004359227,0.0049545257,0.0042198086,0.00256348,0.0030521553,topic_0,EMP00068,2024-H1
0.0026295427,0.004054215,0.004607858,0.003924551,0.9819452,0.0028385979,topic_4,EMP00068,2024-H2
0.0033281443,0.0051313154,0.0058320467,0.0049672024,0.0030175124,0.9777238,topic_5,EMP00069,2024-H1
0.0033281446,0.005131316,0.005832047,0.004967203,0.0030175126,0.9777238,topic_5,EMP00069,2024-H2
0.0040444722,0.0062357453,0.9756505,0.006036311,0.003666982,0.0043660174,topic_2,EMP00070,2024-H1
0.0030573867,0.004713862,0.005357587,0.9807987,0.002772026,0.0033004563,topic_3,EMP00070,2024-H2
0.0026295446,0.98361534,0.004607861,0.0039245537,0.0023841164,0.0028385997,topic_1,EMP00071,2024-H1
0.0028273729,0.98238266,0.0049545243,0.0042198095,0.0025634805,0.003052156,topic_1,EMP00071,2024-H2
0.0030573867,0.004713862,0.005357587,0.9807987,0.002772026,0.0033004563,topic_3,EMP00072,2024-H1
0.0030573867,0.004713862,0.005357587,0.9807987,0.002772026,0.0033004563,topic_3,EMP00072,2024-H2
0.002629547,0.98361534,0.0046078656,0.0039245575,0.0023841187,0.0028386023,topic_1,EMP00073,2024-H1
0.0028273717,0.98238266,0.004954528,0.0042198077,0.0025634794,0.0030521546,topic_1,EMP00073,2024-H2
0.0033281862,0.0051313792,0.0058321357,0.0049672653,0.0030175503,0.9777235,topic_5,EMP00074,2024-H1
0.9595472,0.009208893,0.010466459,0.00891437,0.0054153665,0.006447696,topic_0,EMP00074,2024-H2
0.0024575922,0.9846868,0.0043065418,0.0036679176,0.0022282132,0.0026529767,topic_1,EMP00075,2024-H1
0.0033281394,0.0051313075,0.0058320384,0.9790983,0.0030175082,0.0035927347,topic_3,EMP00075,2024-H2
0.0030575132,0.0047140582,0.0053578126,0.00456329,0.0027721408,0.97953516,topic_5,EMP00076,2024-H1
0.0036515668,0.0056299656,0.97801596,0.0054499055,0.0033107484,0.003941875,topic_2,EMP00076,2024-H2
0.98085076,0.004359227,0.0049545257,0.0042198086,0.00256348,0.0030521553,topic_0,EMP00077,2024-H1
0.98085076,0.004359227,0.0049545257,0.0042198086,0.00256348,0.0030521553,topic_0,EMP00077,2024-H2
0.0030573874,0.004713864,0.005357588,0.0045631025,0.0027720267,0.979536,topic_5,EMP00078,2024-H1
0.0026295423,0.004054214,0.004607857,0.0039245505,0.9819452,0.0028385972,topic_4,EMP00078,2024-H2
0.0033281401,0.005131308,0.0058320393,0.9790983,0.0030175087,0.0035927352,topic_3,EMP00079,2024-H1
0.0033281401,0.005131308,0.0058320393,0.9790983,0.0030175087,0.0035927352,topic_3,EMP00079,2024-H2
0.003328144,0.005131315,0.0058320463,0.0049672024,0.0030175122,0.9777238,topic_5,EMP00080,2024-H1
0.003328144,0.005131315,0.0058320463,0.0049672024,0.0030175122,0.9777238,topic_5,EMP00080,2024-H2
0.0028274157,0.0043592947,0.0049546044,0.982243,0.0025635194,0.003052202,topic_3,EMP00081,2024-H1
0.0036518022,0.0056303293,0.9780145,0.005450258,0.0033109619,0.003942129,topic_2,EMP00081,2024-H2
0.0040444722,0.0062357453,0.9756505,0.006036311,0.003666982,0.0043660174,topic_2,EMP00082,2024-H1
0.0040444722,0.0062357453,0.9756505,0.006036311,0.003666982,0.0043660174,topic_2,EMP00082,2024-H2
0.0040444722,0.0062357453,0.9756505,0.006036311,0.003666982,0.0043660174,topic_2,EMP00083,2024-H1
0.0026295446,0.98361534,0.004607861,0.0039245537,0.0023841164,0.0028385997,topic_1,EMP00083,2024-H2
0.0028273712,0.98238266,0.004954521,0.004219807,0.0025634791,0.003052154,topic_1,EMP00084,2024-H1
0.0040444722,0.0062357453,0.9756505,0.006036311,0.003666982,0.0043660174,topic_2,EMP00084,2024-H2
0.0040444927,0.0062357765,0.97565037,0.006036341,0.0036670004,0.0043660398,topic_2,EMP00085,2024-H1
0.0040444927,0.0062357765,0.97565037,0.006036341,0.0036670004,0.0043660398,topic_2,EMP00085,2024-H2
0.0024576,0.98468673,0.004306556,0.0036679294,0.0022282205,0.0026529853,topic_1,EMP00086,2024-H1
0.002629555,0.9836153,0.00460788,0.0039245696,0.002384126,0.0028386111,topic_1,EMP00086,2024-H2
0.002629543,0.004054215,0.0046078586,0.0039245514,0.9819452,0.002838598,topic_4,EMP00087,2024-H1
0.9821906,0.0040542204,0.0046078684,0.003924556,0.002384118,0.0028386016,topic_0,EMP00087,2024-H2
0.0033282065,0.0051314128,0.0058321557,0.9790979,0.0030175687,0.0035928069,topic_3,EMP00088,2024-H1
0.003328206,0.0051314123,0.0058321552,0.9790979,0.0030175685,0.0035928064,topic_3,EMP00088,2024-H2
0.0040444722,0.0062357453,0.9756505,0.006036311,0.003666982,0.0043660174,topic_2,EMP00089,2024-H1
0.0026295444,0.98361534,0.004607861,0.0039245533,0.0023841162,0.0028385995,topic_1,EMP00089,2024-H2
0.8306912,0.14234275,0.009033445,0.0076938444,0.0046739127,0.005564899,topic_0,EMP00090,2024-H1
0.0036516374,0.005630075,0.97801554,0.005450011,0.0033108124,0.0039419513,topic_2,EMP00090,2024-H2
0.0040444955,0.0062357853,0.0070873415,0.0060363463,0.97222996,0.0043660426,topic_4,EMP00091,2024-H1
0.9595472,0.009208894,0.010466461,0.008914372,0.0054153674,0.006447697,topic_0,EMP00091,2024-H2
0.0040444722,0.0062357453,0.9756505,0.006036311,0.003666982,0.0043660174,topic_2,EMP00092,2024-H1
0.0040444722,0.0062357453,0.9756505,0.006036311,0.003666982,0.0043660174,topic_2,EMP00092,2024-H2
0.0040444955,0.0062357844,0.0070873415,0.0060363463,0.97222996,0.0043660426,topic_4,EMP00093,2024-H1
0.0040444955,0.0062357853,0.0070873415,0.0060363463,0.97222996,0.0043660426,topic_4,EMP00093,2024-H2
0.0024575922,0.9846868,0.0043065418,0.0036679176,0.0022282132,0.0026529767,topic_1,EMP00094,2024-H1
0.0040444727,0.0062357457,0.9756505,0.0060363114,0.0036669825,0.004366018,topic_2,EMP00094,2024-H2
0.0026295444,0.98361534,0.004607861,0.0039245533,0.0023841162,0.0028385995,topic_1,EMP00095,2024-H1
0.0033281397,0.005131308,0.005832039,0.9790983,0.0030175084,0.003592735,topic_3,EMP00095,2024-H2
0.0024575922,0.9846868,0.0043065418,0.0036679176,0.0022282132,0.0026529767,topic_1,EMP00096,2024-H1
0.0040444722,0.0062357453,0.9756505,0.006036311,0.003666982,0.0043660174,topic_2,EMP00096,2024-H2
0.0040444727,0.0062357457,0.9756505,0.0060363114,0.0036669825,0.004366018,topic_2,EMP00097,2024-H1
0.0040444722,0.0062357453,0.9756505,0.006036311,0.003666982,0.0043660174,topic_2,EMP00097,2024-H2
0.0040444722,0.0062357453,0.9756505,0.006036311,0.003666982,0.0043660174,topic_2,EMP00098,2024-H1
0.0028273712,0.98238266,0.004954521,0.0042198068,0.002563479,0.003052154,topic_1,EMP00098,2024-H2
0.0036521617,0.005630888,0.10922365,0.005450794,0.8721,0.003942517,topic_4,EMP00099,2024-H1
0.0036515663,0.005629965,0.97801596,0.005449905,0.003310748,0.0039418745,topic_2,EMP00099,2024-H2
0.0030573874,0.004713864,0.005357588,0.0045631025,0.0027720267,0.979536,topic_5,EMP00100,2024-H1
0.98085076,0.004359227,0.0049545257,0.0042198086,0.00256348,0.0030521553,topic_0,EMP00100,2024-H2
0.002457618,0.9846866,0.0043065874,0.0036679562,0.0022282368,0.0026530046,topic_1,EMP00101,2024-H1
0.0036516206,0.005630049,0.9780156,0.0054499856,0.003310797,0.003941933,topic_2,EMP00101,2024-H2
0.0024577586,0.9846857,0.004306837,0.0036681662,0.002228364,0.0026531564,topic_1,EMP00102,2024-H1
0.0036515836,0.0056299916,0.97801584,0.0054499307,0.0033107635,0.003941893,topic_2,EMP00102,2024-H2
0.00365155,0.00562994,0.978016,0.005449881,0.0033107332,0.0039418573,topic_2,EMP00103,2024-H1
0.0036515498,0.0056299395,0.978016,0.0054498804,0.003310733,0.003941857,topic_2,EMP00103,2024-H2
0.0040444722,0.0062357453,0.9756505,0.006036311,0.003666982,0.0043660174,topic_2,EMP00104,2024-H1
0.0040444722,0.0062357453,0.9756505,0.006036311,0.003666982,0.0043660174,topic_2,EMP00104,2024-H2
0.0030573867,0.004713862,0.005357587,0.9807987,0.002772026,0.0033004563,topic_3,EMP00105,2024-H1
0.0040444927,0.0062357765,0.97565037,0.006036341,0.0036670004,0.0043660398,topic_2,EMP00105,2024-H2
0.0040444927,0.0062357765,0.97565037,0.006036341,0.0036670004,0.0043660398,topic_2,EMP00106,2024-H1
0.0033282065,0.0051314128,0.0058321557,0.9790979,0.0030175687,0.0035928069,topic_3,EMP00106,2024-H2
0.9595472,0.009208894,0.010466461,0.008914372,0.0054153674,0.006447697,topic_0,EMP00107,2024-H1
0.003328206,0.0051314123,0.0058321552,0.9790979,0.0030175685,0.0035928064,topic_3,EMP00107,2024-H2
0.0033281397,0.005131308,0.005832039,0.9790983,0.0030175084,0.003592735,topic_3,EMP00108,2024-H1
0.0040444722,0.0062357453,0.9756505,0.006036311,0.003666982,0.0043660174,topic_2,EMP00108,2024-H2
0.0028277496,0.004359809,0.004955184,0.004220372,0.085281186,0.8983557,topic_5,EMP00109,2024-H1
0.9650928,0.007946475,0.009031646,0.007692328,0.004672991,0.005563802,topic_0,EMP00109,2024-H2
0.0024575908,0.9846868,0.0043065394,0.0036679152,0.0022282118,0.0026529753,topic_1,EMP00110,2024-H1
0.0026295467,0.98361534,0.0046078647,0.003924557,0.0023841183,0.002838602,topic_1,EMP00110,2024-H2
0.0026295527,0.9836153,0.0046078763,0.003924566,0.0023841239,0.0028386083,topic_1,EMP00111,2024-H1
0.003651516,0.0056298873,0.97801626,0.0054498296,0.0033107023,0.0039418205,topic_2,EMP00111,2024-H2
0.0040444727,0.0062357457,0.9756505,0.0060363114,0.0036669825,0.004366018,topic_2,EMP00112,2024-H1
0.0026295446,0.98361534,0.004607861,0.0039245537,0.0023841164,0.0028385997,topic_1,EMP00112,2024-H2
0.0030575136,0.0047140587,0.0053578126,0.0045632906,0.002772141,0.97953516,topic_5,EMP00113,2024-H1
0.90527755,0.00794991,0.06883577,0.0076956474,0.004675008,0.005566203,topic_0,EMP00113,2024-H2
0.0023067743,0.9856265,0.004042257,0.0034428241,0.0020914718,0.0024901684,topic_1,EMP00114,2024-H1
0.0024576231,0.98468655,0.004306596,0.0036679637,0.0022282412,0.0026530102,topic_1,EMP00114,2024-H2
0.0036515677,0.005629967,0.0063988147,0.005449907,0.0033107493,0.975559,topic_5,EMP00115,2024-H1
0.004044493,0.0062357774,0.97565037,0.006036342,0.003667001,0.00436604,topic_2,EMP00115,2024-H2
0.0028273729,0.98238266,0.0049545243,0.0042198095,0.0025634805,0.003052156,topic_1,EMP00116,2024-H1
0.0033281401,0.005131308,0.0058320393,0.9790983,0.0030175087,0.0035927352,topic_3,EMP00116,2024-H2
0.0036515156,0.005629887,0.97801626,0.005449829,0.003310702,0.00394182,topic_2,EMP00117,2024-H1
0.003651516,0.0056298873,0.97801626,0.0054498296,0.0033107023,0.0039418205,topic_2,EMP00117,2024-H2
0.002827373,0.98238266,0.004954531,0.00421981,0.0025634808,0.0030521562,topic_1,EMP00118,2024-H1
0.0026295455,0.98361534,0.004607868,0.003924555,0.0023841173,0.0028386007,topic_1,EMP00118,2024-H2
0.002827372,0.98238266,0.0049545225,0.004219808,0.0025634796,0.0030521548,topic_1,EMP00119,2024-H1
0.0040444722,0.0062357453,0.9756505,0.006036311,0.003666982,0.0043660174,topic_2,EMP00119,2024-H2
0.002827373,0.98238266,0.004954531,0.00421981,0.0025634808,0.0030521562,topic_1,EMP00120,2024-H1
0.0026295446,0.98361534,0.004607861,0.0039245537,0.0023841164,0.0028385997,topic_1,EMP00120,2024-H2
0.0026295432,0.0040542153,0.0046078586,0.0039245514,0.9819452,0.002838598,topic_4,EMP00121,2024-H1
0.0026295427,0.0040542143,0.0046078577,0.003924551,0.9819452,0.0028385976,topic_4,EMP00121,2024-H2
0.0040444722,0.0062357453,0.9756505,0.006036311,0.003666982,0.0043660174,topic_2,EMP00122,2024-H1
0.0033281401,0.005131308,0.0058320393,0.9790983,0.0030175087,0.0035927352,topic_3,EMP00122,2024-H2
0.0023068925,0.98562574,0.0040424643,0.0034430008,0.0020915791,0.002490296,topic_1,EMP00123,2024-H1
0.002827522,0.0043594586,0.0049547856,0.98224235,0.0025636158,0.0030523168,topic_3,EMP00123,2024-H2
0.0030573874,0.004713864,0.005357588,0.0045631025,0.0027720267,0.979536,topic_5,EMP00124,2024-H1
0.98085076,0.0043592285,0.004954527,0.0042198095,0.0025634808,0.0030521562,topic_0,EMP00124,2024-H2
0.0036515505,0.0056299404,0.978016,0.0054498813,0.0033107335,0.0039418577,topic_2,EMP00125,2024-H1
0.0026295837,0.9836151,0.004607938,0.0039246124,0.0023841518,0.0028386419,topic_1,EMP00125,2024-H2
0.0036515815,0.0056299884,0.97801584,0.005449928,0.0033107619,0.0039418912,topic_2,EMP00126,2024-H1
0.0026295963,0.983615,0.004607965,0.0039246306,0.0023841632,0.0028386554,topic_1,EMP00126,2024-H2
0.002629546,0.98361534,0.0046078637,0.003924556,0.0023841178,0.0028386011,topic_1,EMP00127,2024-H1
0.0033281394,0.0051313075,0.0058320384,0.9790983,0.0030175082,0.0035927347,topic_3,EMP00127,2024-H2
0.0033281394,0.0051313075,0.0058320384,0.9790983,0.0030175082,0.0035927347,topic_3,EMP00128,2024-H1
0.0040444727,0.0062357457,0.9756505,0.0060363114,0.0036669825,0.004366018,topic_2,EMP00128,2024-H2
0.003328144,0.005131315,0.0058320463,0.0049672024,0.0030175122,0.9777238,topic_5,EMP00129,2024-H1
0.0033281446,0.005131316,0.005832047,0.004967203,0.0030175126,0.9777238,topic_5,EMP00129,2024-H2
0.00365155,0.00562994,0.978016,0.005449881,0.0033107332,0.0039418573,topic_2,EMP00130,2024-H1
0.0028275223,0.0043594586,0.0049547916,0.98224235,0.002563616,0.003052317,topic_3,EMP00130,2024-H2
0.0033282049,0.005131408,0.19888075,0.0049672932,0.0030175676,0.78467476,topic_5,EMP00131,2024-H1
0.0036515424,0.005629928,0.9780161,0.005449869,0.0033107263,0.003941849,topic_2,EMP00131,2024-H2
0.0024576366,0.9846865,0.0043066214,0.003667984,0.0022282535,0.0026530246,topic_1,EMP00132,2024-H1
0.0026295832,0.004054277,0.0046079303,0.98348546,0.0023841513,0.0028386414,topic_3,EMP00132,2024-H2
0.002457596,0.003789108,0.0043065487,0.0036679232,0.9831258,0.0026529809,topic_4,EMP00133,2024-H1
0.0028273887,0.004359253,0.004954553,0.0042198333,0.002563495,0.98107547,topic_5,EMP00133,2024-H2
0.0040444722,0.0062357453,0.9756505,0.006036311,0.003666982,0.0043660174,topic_2,EMP00134,2024-H1
0.0033281404,0.005131309,0.0058320463,0.9790983,0.003017509,0.0035927356,topic_3,EMP00134,2024-H2
0.002457758,0.9846857,0.0043068365,0.003668165,0.0022283634,0.0026531557,topic_1,EMP00135,2024-H1
0.0036515624,0.0056299586,0.97801596,0.005449899,0.0033107442,0.0039418703,topic_2,EMP00135,2024-H2
0.0030573867,0.004713862,0.005357587,0.9807987,0.002772026,0.0033004563,topic_3,EMP00136,2024-H1
0.0028273724,0.98238266,0.004954523,0.0042198086,0.00256348,0.0030521553,topic_1,EMP00136,2024-H2
0.0040444722,0.0062357453,0.9756505,0.006036311,0.003666982,0.0043660174,topic_2,EMP00137,2024-H1
0.0040444722,0.0062357453,0.9756505,0.006036311,0.003666982,0.0043660174,topic_2,EMP00137,2024-H2
0.0030573874,0.004713864,0.005357588,0.0045631025,0.0027720267,0.979536,topic_5,EMP00138,2024-H1
0.0033281443,0.0051313154,0.0058320467,0.0049672024,0.0030175124,0.9777238,topic_5,EMP00138,2024-H2
0.0040444927,0.0062357765,0.97565037,0.006036341,0.0036670004,0.0043660398,topic_2,EMP00139,2024-H1
0.0033281401,0.005131308,0.0058320393,0.9790983,0.0030175087,0.0035927352,topic_3,EMP00139,2024-H2
0.0024576623,0.9846863,0.00430667,0.003668022,0.0022282768,0.0026530523,topic_1,EMP00140,2024-H1
0.0036518027,0.0056303297,0.9780145,0.005450258,0.003310962,0.0039421297,topic_2,EMP00140,2024-H2
0.9595472,0.009208894,0.01046646,0.008914371,0.005415367,0.0064476966,topic_0,EMP00141,2024-H1
0.0033281446,0.005131316,0.005832047,0.004967203,0.0030175126,0.9777238,topic_5,EMP00141,2024-H2
0.0026295446,0.98361534,0.004607861,0.0039245537,0.0023841164,0.0028385997,topic_1,EMP00142,2024-H1
0.0040444927,0.0062357765,0.97565037,0.006036341,0.0036670004,0.0043660398,topic_2,EMP00142,2024-H2
0.0040444722,0.0062357453,0.9756505,0.006036311,0.003666982,0.0043660174,topic_2,EMP00143,2024-H1
0.0030573867,0.004713862,0.005357587,0.9807987,0.002772026,0.0033004563,topic_3,EMP00143,2024-H2
0.0023067545,0.98562664,0.004042223,0.0034427948,0.0020914539,0.002490147,topic_1,EMP00144,2024-H1
0.0028274297,0.004359316,0.004954628,0.9822429,0.002563532,0.0030522172,topic_3,EMP00144,2024-H2
0.0040444722,0.0062357453,0.9756505,0.006036311,0.003666982,0.0043660174,topic_2,EMP00145,2024-H1
0.0028273724,0.98238266,0.0049545295,0.0042198086,0.00256348,0.0030521553,topic_1,EMP00145,2024-H2
0.0026295427,0.0040542143,0.0046078577,0.003924551,0.9819452,0.0028385976,topic_4,EMP00146,2024-H1
0.0030573874,0.004713864,0.005357588,0.0045631025,0.0027720267,0.979536,topic_5,EMP00146,2024-H2
0.0030573874,0.004713864,0.005357588,0.0045631025,0.0027720267,0.979536,topic_5,EMP00147,2024-H1
0.002629543,0.004054215,0.0046078586,0.0039245514,0.9819452,0.002838598,topic_4,EMP00147,2024-H2
0.0023068094,0.9856263,0.004042321,0.0034428767,0.0020915037,0.0024902062,topic_1,EMP00148,2024-H1
0.0028276993,0.004359732,0.19315913,0.79403716,0.0025637764,0.0030525082,topic_3,EMP00148,2024-H2
0.0036516471,0.00563009,0.9780155,0.0054500257,0.0033108213,0.003941962,topic_2,EMP00149,2024-H1
0.9650942,0.007946151,0.009031278,0.007692014,0.0046728007,0.005563575,topic_0,EMP00149,2024-H2
0.0040444722,0.0062357453,0.9756505,0.006036311,0.003666982,0.0043660174,topic_2,EMP00150,2024-H1
0.0026295446,0.98361534,0.004607861,0.0039245537,0.0023841164,0.0028385997,topic_1,EMP00150,2024-H2
0.003651802,0.005630329,0.9780145,0.0054502576,0.0033109614,0.0039421287,topic_2,EMP00151,2024-H1
0.0026295967,0.983615,0.004607953,0.0039246315,0.0023841637,0.002838656,topic_1,EMP00151,2024-H2
0.0026295453,0.98361534,0.0046078674,0.0039245547,0.002384117,0.0028386004,topic_1,EMP00152,2024-H1
0.0033281401,0.005131308,0.0058320393,0.9790983,0.0030175087,0.0035927352,topic_3,EMP00152,2024-H2
0.0030573874,0.004713864,0.005357588,0.0045631025,0.0027720267,0.979536,topic_5,EMP00153,2024-H1
0.0030573874,0.004713864,0.005357588,0.0045631025,0.0027720267,0.979536,topic_5,EMP00153,2024-H2
0.0040444722,0.0062357453,0.9756505,0.006036311,0.003666982,0.0043660174,topic_2,EMP00154,2024-H1
0.0040444722,0.0062357453,0.9756505,0.006036311,0.003666982,0.0043660174,topic_2,EMP00154,2024-H2
0.0026295427,0.0040542143,0.0046078577,0.003924551,0.9819452,0.0028385976,topic_4,EMP00155,2024-H1
0.0030573874,0.004713864,0.005357588,0.0045631025,0.0027720267,0.979536,topic_5,EMP00155,2024-H2
0.0033281401,0.005131308,0.0058320393,0.9790983,0.0030175087,0.0035927352,topic_3,EMP00156,2024-H1
0.0040444722,0.0062357453,0.9756505,0.006036311,0.003666982,0.0043660174,topic_2,EMP00156,2024-H2
0.0033281401,0.005131308,0.0058320393,0.9790983,0.0030175087,0.0035927352,topic_3,EMP00157,2024-H1
0.0040444722,0.0062357453,0.9756505,0.006036311,0.003666982,0.0043660174,topic_2,EMP00157,2024-H2
0.98085076,0.0043592285,0.004954527,0.0042198095,0.0025634808,0.0030521562,topic_0,EMP00158,2024-H1
0.9821906,0.0040542204,0.004607867,0.003924556,0.002384118,0.0028386016,topic_0,EMP00158,2024-H2
0.0028275226,0.004359459,0.0049547935,0.98224235,0.002563616,0.0030523173,topic_3,EMP00159,2024-H1
0.0036516306,0.0056300643,0.97801554,0.005450001,0.0033108064,0.0039419443,topic_2,EMP00159,2024-H2
0.0028274297,0.0043593165,0.004954633,0.9822429,0.002563532,0.0030522172,topic_3,EMP00160,2024-H1
0.002629555,0.9836153,0.00460788,0.0039245696,0.002384126,0.0028386111,topic_1,EMP00160,2024-H2
0.002629737,0.98361415,0.004608201,0.003924841,0.0023842908,0.0028388074,topic_1,EMP00161,2024-H1
0.0036516306,0.0056300643,0.97801554,0.005450001,0.0033108064,0.0039419443,topic_2,EMP00161,2024-H2
0.0040444722,0.0062357453,0.9756505,0.006036311,0.003666982,0.0043660174,topic_2,EMP00162,2024-H1
0.0026295446,0.98361534,0.004607861,0.0039245537,0.0023841164,0.0028385997,topic_1,EMP00162,2024-H2
0.002827425,0.004359309,0.004954616,0.98224294,0.0025635278,0.0030522123,topic_3,EMP00163,2024-H1
0.003651799,0.0056303237,0.9780145,0.005450253,0.0033109589,0.0039421255,topic_2,EMP00163,2024-H2
0.0040444722,0.0062357453,0.9756505,0.006036311,0.003666982,0.0043660174,topic_2,EMP00164,2024-H1
0.0024575922,0.9846868,0.0043065418,0.0036679176,0.0022282132,0.0026529767,topic_1,EMP00164,2024-H2
0.0033281397,0.005131308,0.005832039,0.9790983,0.0030175084,0.003592735,topic_3,EMP00165,2024-H1
0.0030573867,0.004713862,0.005357587,0.9807987,0.002772026,0.0033004563,topic_3,EMP00165,2024-H2
0.9595472,0.009208894,0.01046646,0.008914371,0.005415367,0.0064476966,topic_0,EMP00166,2024-H1
0.004044493,0.0062357774,0.97565037,0.006036342,0.003667001,0.00436604,topic_2,EMP00166,2024-H2
0.0028273717,0.98238266,0.004954522,0.0042198077,0.0025634794,0.0030521546,topic_1,EMP00167,2024-H1
0.002629545,0.98361534,0.004607862,0.0039245547,0.0023841169,0.0028386002,topic_1,EMP00167,2024-H2
0.0036515505,0.0056299404,0.978016,0.0054498813,0.0033107335,0.0039418577,topic_2,EMP00168,2024-H1
0.0024576234,0.98468655,0.0043065976,0.0036679641,0.0022282414,0.0026530104,topic_1,EMP00168,2024-H2
0.0028275226,0.004359459,0.0049547884,0.98224235,0.0025636163,0.0030523175,topic_3,EMP00169,2024-H1
0.0036516306,0.0056300643,0.97801554,0.005450001,0.0033108064,0.0039419443,topic_2,EMP00169,2024-H2
0.9595472,0.009208894,0.01046646,0.008914371,0.005415367,0.0064476966,topic_0,EMP00170,2024-H1
0.0040444955,0.0062357844,0.0070873415,0.0060363463,0.97222996,0.0043660426,topic_4,EMP00170,2024-H2
0.0030573874,0.004713864,0.005357588,0.0045631025,0.0027720267,0.979536,topic_5,EMP00171,2024-H1
0.002629543,0.004054215,0.0046078586,0.0039245514,0.9819452,0.002838598,topic_4,EMP00171,2024-H2
0.0026295455,0.98361534,0.004607868,0.003924555,0.0023841173,0.0028386007,topic_1,EMP00172,2024-H1
0.0033281404,0.005131309,0.0058320463,0.9790983,0.003017509,0.0035927356,topic_3,EMP00172,2024-H2
0.0028273722,0.98238266,0.004954529,0.004219808,0.0025634798,0.003052155,topic_1,EMP00173,2024-H1
0.0026295441,0.98361534,0.0046078605,0.0039245533,0.0023841162,0.0028385993,topic_1,EMP00173,2024-H2
0.0040444722,0.0062357453,0.9756505,0.006036311,0.003666982,0.0043660174,topic_2,EMP00174,2024-H1
0.0033281401,0.0051313085,0.0058320393,0.9790983,0.0030175087,0.0035927352,topic_3,EMP00174,2024-H2
0.0030573874,0.004713864,0.005357588,0.0045631025,0.0027720267,0.979536,topic_5,EMP00175,2024-H1
0.002629543,0.004054215,0.0046078586,0.0039245514,0.9819452,0.002838598,topic_4,EMP00175,2024-H2
0.002629626,0.9836148,0.0046080044,0.0039246753,0.0023841902,0.0028386875,topic_1,EMP00176,2024-H1
0.002629626,0.9836148,0.0046080044,0.0039246758,0.0023841902,0.0028386875,topic_1,EMP00176,2024-H2
0.0030573867,0.004713862,0.005357587,0.9807987,0.002772026,0.0033004563,topic_3,EMP00177,2024-H1
0.0030573867,0.004713862,0.005357587,0.9807987,0.002772026,0.0033004563,topic_3,EMP00177,2024-H2
0.0030574973,0.0047140345,0.0053577824,0.980798,0.0027721263,0.0033005758,topic_3,EMP00178,2024-H1
0.0036515784,0.0056299837,0.97801584,0.005449923,0.003310759,0.003941888,topic_2,EMP00178,2024-H2
0.0040444722,0.0062357453,0.9756505,0.006036311,0.003666982,0.0043660174,topic_2,EMP00179,2024-H1
0.0033281446,0.005131316,0.005832047,0.004967203,0.0030175126,0.9777238,topic_5,EMP00179,2024-H2
0.0040444722,0.0062357453,0.9756505,0.006036311,0.003666982,0.0043660174,topic_2,EMP00180,2024-H1
0.0040444722,0.0062357453,0.9756505,0.006036311,0.003666982,0.0043660174,topic_2,EMP00180,2024-H2
0.0028274402,0.004359332,0.0049546435,0.9822428,0.0025635415,0.0030522284,topic_3,EMP00181,2024-H1
0.00282744,0.0043593314,0.0049546426,0.9822428,0.0025635413,0.0030522281,topic_3,EMP00181,2024-H2
0.0024576045,0.0037891213,0.0043065636,0.003667936,0.98312575,0.0026529902,topic_4,EMP00182,2024-H1
0.0024576043,0.0037891208,0.0043065627,0.0036679355,0.98312575,0.0026529897,topic_4,EMP00182,2024-H2
0.0033281862,0.0051313792,0.0058321357,0.0049672653,0.0030175503,0.9777235,topic_5,EMP00183,2024-H1
0.0036515594,0.005629954,0.19504339,0.0054498944,0.0033107416,0.78691447,topic_5,EMP00183,2024-H2
0.002457646,0.0037891853,0.004306639,0.0036679981,0.9831255,0.0026530346,topic_4,EMP00184,2024-H1
0.0028274166,0.004359296,0.004954603,0.0042198747,0.00256352,0.9810753,topic_5,EMP00184,2024-H2
0.0040444722,0.0062357453,0.9756505,0.006036311,0.003666982,0.0043660174,topic_2,EMP00185,2024-H1
0.0040444722,0.0062357453,0.9756505,0.006036311,0.003666982,0.0043660174,topic_2,EMP00185,2024-H2
0.0024575968,0.0037891094,0.004306551,0.0036679246,0.9831258,0.0026529818,topic_4,EMP00186,2024-H1
0.0024575973,0.00378911,0.004306552,0.0036679253,0.9831258,0.0026529822,topic_4,EMP00186,2024-H2
0.0026295432,0.0040542153,0.0046078586,0.0039245514,0.9819452,0.002838598,topic_4,EMP00187,2024-H1
0.0026295432,0.0040542153,0.0046078586,0.0039245514,0.9819452,0.002838598,topic_4,EMP00187,2024-H2
0.0033281404,0.005131309,0.0058320463,0.9790983,0.003017509,0.0035927356,topic_3,EMP00188,2024-H1
0.0040444722,0.0062357453,0.9756505,0.006036311,0.003666982,0.0043660174,topic_2,EMP00188,2024-H2
0.0040444722,0.0062357453,0.9756505,0.006036311,0.003666982,0.0043660174,topic_2,EMP00189,2024-H1
0.004044472,0.006235745,0.9756505,0.0060363105,0.0036669818,0.004366017,topic_2,EMP00189,2024-H2
0.0033281397,0.005131308,0.005832039,0.9790983,0.0030175084,0.003592735,topic_3,EMP00190,2024-H1
0.0040444722,0.0062357453,0.9756505,0.006036311,0.003666982,0.0043660174,topic_2,EMP00190,2024-H2
0.0040444727,0.0062357457,0.9756505,0.0060363114,0.0036669825,0.004366018,topic_2,EMP00191,2024-H1
0.0040444722,0.0062357453,0.9756505,0.006036311,0.003666982,0.0043660174,topic_2,EMP00191,2024-H2
0.0040444722,0.0062357453,0.9756505,0.006036311,0.003666982,0.0043660174,topic_2,EMP00192,2024-H1
0.0026295444,0.98361534,0.004607861,0.0039245533,0.0023841162,0.0028385995,topic_1,EMP00192,2024-H2
0.0030574126,0.0047139027,0.0053576324,0.00456314,0.0027720495,0.9795358,topic_5,EMP00193,2024-H1
0.0036515782,0.0056299833,0.006398835,0.0054499228,0.0033107586,0.97555894,topic_5,EMP00193,2024-H2
0.0030573874,0.004713864,0.005357588,0.0045631025,0.0027720267,0.979536,topic_5,EMP00194,2024-H1
0.0026295423,0.004054214,0.004607857,0.0039245505,0.9819452,0.0028385972,topic_4,EMP00194,2024-H2
0.98085076,0.004359227,0.0049545257,0.0042198086,0.00256348,0.0030521553,topic_0,EMP00195,2024-H1
0.98085076,0.004359227,0.0049545257,0.0042198086,0.00256348,0.0030521553,topic_0,EMP00195,2024-H2
0.002629604,0.004054309,0.0046079652,0.9834853,0.0023841702,0.0028386638,topic_3,EMP00196,2024-H1
0.002629604,0.0040543093,0.0046079652,0.9834853,0.0023841704,0.002838664,topic_3,EMP00196,2024-H2
0.003651516,0.0056298873,0.97801626,0.0054498296,0.0033107023,0.0039418205,topic_2,EMP00197,2024-H1
0.0036515156,0.005629887,0.97801626,0.005449829,0.003310702,0.00394182,topic_2,EMP00197,2024-H2
0.0036515498,0.0056299395,0.978016,0.0054498804,0.003310733,0.003941857,topic_2,EMP00198,2024-H1
0.002629627,0.9836148,0.004608008,0.003924677,0.0023841911,0.0028386887,topic_1,EMP00198,2024-H2
0.0033281397,0.005131308,0.005832039,0.9790983,0.0030175084,0.003592735,topic_3,EMP00199,2024-H1
0.0040444722,0.0062357453,0.9756505,0.006036311,0.003666982,0.0043660174,topic_2,EMP00199,2024-H2
0.98085076,0.004359227,0.0049545257,0.0042198086,0.00256348,0.0030521553,topic_0,EMP00200,2024-H1
0.0030573874,0.004713864,0.005357588,0.0045631025,0.0027720267,0.979536,topic_5,EMP00200,2024-H2
0.0033281397,0.005131308,0.005832039,0.9790983,0.0030175084,0.003592735,topic_3,EMP00201,2024-H1
0.0033281404,0.005131309,0.0058320463,0.9790983,0.003017509,0.0035927356,topic_3,EMP00201,2024-H2
0.0033281446,0.005131316,0.005832047,0.004967203,0.0030175126,0.9777238,topic_5,EMP00202,2024-H1
0.0036515687,0.005629969,0.00639882,0.0054499083,0.00331075,0.975559,topic_5,EMP00202,2024-H2
0.0028273726,0.98238266,0.0049545295,0.0042198086,0.0025634803,0.0030521555,topic_1,EMP00203,2024-H1
0.0028273722,0.98238266,0.004954523,0.004219808,0.0025634798,0.003052155,topic_1,EMP00203,2024-H2
0.0030573874,0.004713864,0.005357588,0.0045631025,0.0027720267,0.979536,topic_5,EMP00204,2024-H1
0.0026295432,0.0040542153,0.0046078586,0.0039245514,0.9819452,0.002838598,topic_4,EMP00204,2024-H2
0.002827372,0.98238266,0.0049545225,0.0042198077,0.0025634796,0.0030521548,topic_1,EMP00205,2024-H1
0.0028273729,0.98238266,0.004954524,0.0042198095,0.0025634803,0.0030521557,topic_1,EMP00205,2024-H2
0.0036515624,0.0056299586,0.97801596,0.005449899,0.0033107442,0.0039418703,topic_2,EMP00206,2024-H1
0.0028275226,0.0043594595,0.0049547954,0.98224235,0.0025636163,0.0030523175,topic_3,EMP00206,2024-H2
0.0030573874,0.004713864,0.005357588,0.0045631025,0.0027720267,0.979536,topic_5,EMP00207,2024-H1
0.98085076,0.0043592285,0.004954527,0.0042198095,0.0025634808,0.0030521562,topic_0,EMP00207,2024-H2
0.0030573874,0.004713864,0.005357588,0.0045631025,0.0027720267,0.979536,topic_5,EMP00208,2024-H1
0.0026295427,0.0040542143,0.0046078577,0.003924551,0.9819452,0.0028385976,topic_4,EMP00208,2024-H2
0.0028273943,0.004359261,0.004954567,0.9822431,0.0025634998,0.003052179,topic_3,EMP00209,2024-H1
0.0036515624,0.0056299586,0.97801596,0.0054498995,0.0033107442,0.0039418703,topic_2,EMP00209,2024-H2
0.0040444927,0.0062357765,0.97565037,0.006036341,0.0036670004,0.0043660398,topic_2,EMP00210,2024-H1
0.0040444955,0.0062357844,0.0070873415,0.0060363463,0.97222996,0.0043660426,topic_4,EMP00210,2024-H2
0.004044493,0.0062357774,0.97565037,0.006036342,0.003667001,0.00436604,topic_2,EMP00211,2024-H1
0.0040444927,0.0062357765,0.97565037,0.006036341,0.0036670004,0.0043660398,topic_2,EMP00211,2024-H2
0.0033281404,0.005131309,0.0058320463,0.9790983,0.003017509,0.0035927356,topic_3,EMP00212,2024-H1
0.0040444722,0.0062357453,0.9756505,0.006036311,0.003666982,0.0043660174,topic_2,EMP00212,2024-H2
0.003057387,0.0047138636,0.0053575872,0.0045631016,0.0027720262,0.979536,topic_5,EMP00213,2024-H1
0.98085076,0.004359227,0.0049545257,0.0042198086,0.00256348,0.0030521553,topic_0,EMP00213,2024-H2
0.0028273712,0.98238266,0.004954521,0.004219807,0.0025634791,0.003052154,topic_1,EMP00214,2024-H1
0.0040444722,0.0062357453,0.9756505,0.006036311,0.003666982,0.0043660174,topic_2,EMP00214,2024-H2
0.0036515258,0.0056299027,0.9780162,0.0054498445,0.0033107111,0.0039418307,topic_2,EMP00215,2024-H1
0.0026295555,0.9836153,0.0046078865,0.00392457,0.0023841262,0.0028386114,topic_1,EMP00215,2024-H2
0.0030573874,0.004713864,0.005357588,0.0045631025,0.0027720267,0.979536,topic_5,EMP00216,2024-H1
0.0026295423,0.004054214,0.004607857,0.0039245505,0.9819452,0.0028385972,topic_4,EMP00216,2024-H2
0.0030573867,0.004713862,0.005357587,0.9807987,0.002772026,0.0033004563,topic_3,EMP00217,2024-H1
0.0040444722,0.0062357453,0.9756505,0.006036311,0.003666982,0.0043660174,topic_2,EMP00217,2024-H2
0.0033281401,0.005131308,0.0058320393,0.9790983,0.0030175087,0.0035927352,topic_3,EMP00218,2024-H1
0.003328144,0.005131315,0.0058320463,0.0049672024,0.0030175122,0.9777238,topic_5,EMP00218,2024-H2
0.0040444727,0.0062357457,0.9756505,0.0060363114,0.0036669825,0.004366018,topic_2,EMP00219,2024-H1
0.0040444722,0.0062357453,0.9756505,0.006036311,0.003666982,0.0043660174,topic_2,EMP00219,2024-H2
0.0040444722,0.0062357453,0.9756505,0.006036311,0.003666982,0.0043660174,topic_2,EMP00220,2024-H1
0.0028273717,0.98238266,0.004954522,0.0042198077,0.0025634794,0.0030521546,topic_1,EMP00220,2024-H2
0.9595472,0.009208894,0.01046646,0.008914371,0.005415367,0.0064476966,topic_0,EMP00221,2024-H1
0.0033281858,0.005131379,0.005832135,0.004967265,0.00301755,0.9777235,topic_5,EMP00221,2024-H2
0.0040445207,0.0062358193,0.007087422,0.0060363826,0.0036670258,0.9729288,topic_5,EMP00222,2024-H1
0.0033281446,0.005131316,0.005832047,0.004967203,0.0030175126,0.9777238,topic_5,EMP00222,2024-H2
0.0040444955,0.0062357844,0.0070873415,0.0060363463,0.97222996,0.0043660426,topic_4,EMP00223,2024-H1
0.0040444955,0.006235785,0.0070873415,0.0060363463,0.97222996,0.0043660426,topic_4,EMP00223,2024-H2
0.0026295462,0.98361534,0.0046078637,0.003924556,0.0023841178,0.0028386014,topic_1,EMP00224,2024-H1
0.0030573867,0.004713862,0.005357587,0.9807987,0.002772026,0.0033004563,topic_3,EMP00224,2024-H2
0.0028278653,0.17164764,0.0049553933,0.8149525,0.0025639269,0.0030526873,topic_3,EMP00225,2024-H1
0.0024576182,0.9846866,0.004306588,0.0036679565,0.0022282368,0.0026530048,topic_1,EMP00225,2024-H2
0.002629572,0.00405426,0.0046079094,0.9834855,0.0023841413,0.0028386295,topic_3,EMP00226,2024-H1
0.0028274038,0.004359276,0.004954583,0.98224306,0.0025635085,0.0030521892,topic_3,EMP00226,2024-H2
0.8288043,0.007946982,0.009032226,0.14397904,0.0046732896,0.005564157,topic_0,EMP00227,2024-H1
0.0024578692,0.9160936,0.0043070284,0.072259806,0.0022284642,0.0026532756,topic_1,EMP00227,2024-H2
0.0033281443,0.0051313154,0.0058320467,0.0049672024,0.0030175124,0.9777238,topic_5,EMP00228,2024-H1
0.0033282065,0.0051314128,0.0058321557,0.9790979,0.0030175687,0.0035928069,topic_3,EMP00228,2024-H2
0.0028273917,0.0043592574,0.004954561,0.9822431,0.0025634978,0.0030521762,topic_3,EMP00229,2024-H1
0.0036515163,0.005629888,0.97801626,0.00544983,0.0033107025,0.0039418205,topic_2,EMP00229,2024-H2
0.0030573874,0.004713864,0.005357588,0.0045631025,0.0027720267,0.979536,topic_5,EMP00230,2024-H1
0.0030573874,0.004713864,0.005357588,0.0045631025,0.0027720267,0.979536,topic_5,EMP00230,2024-H2
0.0026295455,0.98361534,0.004607863,0.003924555,0.0023841173,0.002838601,topic_1,EMP00231,2024-H1
0.0040444722,0.0062357453,0.9756505,0.006036311,0.003666982,0.0043660174,topic_2,EMP00231,2024-H2
0.0033281404,0.005131309,0.0058320463,0.9790983,0.003017509,0.0035927356,topic_3,EMP00232,2024-H1
0.0030573867,0.004713862,0.005357587,0.9807987,0.002772026,0.0033004563,topic_3,EMP00232,2024-H2
0.0030573874,0.004713864,0.005357588,0.0045631025,0.0027720267,0.979536,topic_5,EMP00233,2024-H1
0.0030573874,0.004713864,0.005357588,0.0045631025,0.0027720267,0.979536,topic_5,EMP00233,2024-H2
0.0030573874,0.004713864,0.005357588,0.0045631025,0.0027720267,0.979536,topic_5,EMP00234,2024-H1
0.0030573874,0.004713864,0.005357588,0.0045631025,0.0027720267,0.979536,topic_5,EMP00234,2024-H2
0.8311791,0.0079475725,0.14294176,0.0076933885,0.0046736356,0.0055645695,topic_0,EMP00235,2024-H1
0.0036515668,0.0056299656,0.97801596,0.0054499055,0.0033107484,0.003941875,topic_2,EMP00235,2024-H2
0.9595472,0.009208894,0.010466461,0.008914372,0.0054153674,0.006447697,topic_0,EMP00236,2024-H1
0.0040444722,0.0062357453,0.9756505,0.006036311,0.003666982,0.0043660174,topic_2,EMP00236,2024-H2
0.0036515424,0.005629928,0.9780161,0.005449869,0.0033107263,0.003941849,topic_2,EMP00237,2024-H1
0.0036515386,0.005629925,0.006398747,0.0054498645,0.9749281,0.0039418447,topic_4,EMP00237,2024-H2
0.003651802,0.005630329,0.9780145,0.0054502566,0.0033109614,0.0039421287,topic_2,EMP00238,2024-H1
0.0026295944,0.98361504,0.004607949,0.0039246283,0.0023841616,0.0028386535,topic_1,EMP00238,2024-H2
0.0040445207,0.0062358193,0.007087406,0.0060363826,0.0036670258,0.9729288,topic_5,EMP00239,2024-H1
0.0033281443,0.0051313154,0.0058320467,0.0049672024,0.0030175124,0.9777238,topic_5,EMP00239,2024-H2
0.002827372,0.98238266,0.0049545225,0.004219808,0.0025634796,0.0030521548,topic_1,EMP00240,2024-H1
0.002827373,0.98238266,0.004954531,0.00421981,0.0025634808,0.0030521562,topic_1,EMP00240,2024-H2
0.0033281394,0.0051313075,0.0058320384,0.9790983,0.0030175082,0.0035927347,topic_3,EMP00241,2024-H1
0.0040444722,0.0062357453,0.9756505,0.006036311,0.003666982,0.0043660174,topic_2,EMP00241,2024-H2
0.98219055,0.00405424,0.0046078893,0.003924575,0.0023841297,0.0028386153,topic_0,EMP00242,2024-H1
0.98219055,0.004054241,0.0046078907,0.0039245766,0.0023841304,0.0028386163,topic_0,EMP00242,2024-H2
0.002629603,0.004054308,0.004607965,0.98348534,0.0023841695,0.0028386628,topic_3,EMP00243,2024-H1
0.0026295946,0.98361504,0.0046079503,0.0039246287,0.002384162,0.002838654,topic_1,EMP00243,2024-H2
0.0028273717,0.98238266,0.004954528,0.0042198077,0.0025634794,0.0030521546,topic_1,EMP00244,2024-H1
0.0040444722,0.0062357453,0.9756505,0.006036311,0.003666982,0.0043660174,topic_2,EMP00244,2024-H2
0.0028273724,0.98238266,0.004954523,0.0042198086,0.00256348,0.0030521553,topic_1,EMP00245,2024-H1
0.002827371,0.98238266,0.0049545206,0.0042198063,0.0025634787,0.0030521539,topic_1,EMP00245,2024-H2
0.0028273724,0.98238266,0.0049545295,0.0042198086,0.00256348,0.0030521553,topic_1,EMP00246,2024-H1
0.0028273717,0.98238266,0.004954522,0.0042198077,0.0025634794,0.0030521546,topic_1,EMP00246,2024-H2
0.0030573867,0.004713862,0.005357587,0.9807987,0.002772026,0.0033004563,topic_3,EMP00247,2024-H1
0.0040444722,0.0062357453,0.9756505,0.006036311,0.003666982,0.0043660174,topic_2,EMP00247,2024-H2
0.002827372,0.98238266,0.0049545225,0.0042198077,0.0025634796,0.0030521548,topic_1,EMP00248,2024-H1
0.0026295455,0.98361534,0.004607868,0.003924555,0.0023841173,0.0028386007,topic_1,EMP00248,2024-H2
0.0026295427,0.004054215,0.004607858,0.003924551,0.9819452,0.0028385979,topic_4,EMP00249,2024-H1
0.0030573874,0.004713864,0.005357588,0.0045631025,0.0027720267,0.979536,topic_5,EMP00249,2024-H2
0.002457591,0.9846868,0.00430654,0.0036679157,0.002228212,0.0026529755,topic_1,EMP00250,2024-H1
0.0028273726,0.98238266,0.0049545295,0.0042198086,0.0025634803,0.0030521555,topic_1,EMP00250,2024-H2
0.0030573867,0.004713862,0.005357587,0.9807987,0.002772026,0.0033004563,topic_3,EMP00251,2024-H1
0.0028273726,0.98238266,0.0049545295,0.0042198086,0.0025634803,0.0030521555,topic_1,EMP00251,2024-H2
0.0040444722,0.0062357453,0.9756505,0.006036311,0.003666982,0.0043660174,topic_2,EMP00252,2024-H1
0.0033281397,0.005131308,0.005832039,0.9790983,0.0030175084,0.003592735,topic_3,EMP00252,2024-H2
0.0030574002,0.0047138836,0.0053576115,0.0045631216,0.0027720383,0.97953594,topic_5,EMP00253,2024-H1
0.0036515426,0.005629929,0.9780161,0.0054498697,0.0033107265,0.0039418493,topic_2,EMP00253,2024-H2
0.0026296752,0.0040544188,0.004608093,0.98348486,0.0023842347,0.0028387406,topic_3,EMP00254,2024-H1
0.002629627,0.9836148,0.004608007,0.003924677,0.0023841911,0.0028386887,topic_1,EMP00254,2024-H2
0.0026295728,0.98361516,0.0046079145,0.003924596,0.002384142,0.0028386302,topic_1,EMP00255,2024-H1
0.003651516,0.0056298873,0.97801626,0.0054498296,0.0033107023,0.0039418205,topic_2,EMP00255,2024-H2
0.9821906,0.004054221,0.0046078674,0.003924557,0.0023841183,0.002838602,topic_0,EMP00256,2024-H1
0.0028273815,0.004359242,0.0049545397,0.0042198226,0.0025634882,0.9810755,topic_5,EMP00256,2024-H2
0.0040444722,0.0062357453,0.9756505,0.006036311,0.003666982,0.0043660174,topic_2,EMP00257,2024-H1
0.0040444722,0.0062357453,0.9756505,0.006036311,0.003666982,0.0043660174,topic_2,EMP00257,2024-H2
0.0028273712,0.98238266,0.004954521,0.004219807,0.0025634791,0.003052154,topic_1,EMP00258,2024-H1
0.0040444722,0.0062357453,0.9756505,0.006036311,0.003666982,0.0043660174,topic_2,EMP00258,2024-H2
0.0026297362,0.98361415,0.004608208,0.0039248397,0.00238429,0.0028388065,topic_1,EMP00259,2024-H1
0.0036515319,0.005629912,0.97801614,0.0054498534,0.0033107167,0.003941837,topic_2,EMP00259,2024-H2
0.0028274,0.0043592704,0.004954572,0.00421985,0.0025635052,0.9810754,topic_5,EMP00260,2024-H1
0.0028274,0.0043592704,0.004954572,0.00421985,0.0025635052,0.9810754,topic_5,EMP00260,2024-H2
0.0024576618,0.9846863,0.004306664,0.0036680214,0.0022282763,0.0026530519,topic_1,EMP00261,2024-H1
0.0028275226,0.0043594595,0.004954787,0.98224235,0.0025636163,0.0030523175,topic_3,EMP00261,2024-H2
0.002629582,0.9836151,0.004607938,0.00392461,0.0023841504,0.0028386402,topic_1,EMP00262,2024-H1
0.0036515358,0.005629918,0.97801614,0.00544986,0.0033107204,0.003941842,topic_2,EMP00262,2024-H2
0.0040444722,0.0062357453,0.9756505,0.006036311,0.003666982,0.0043660174,topic_2,EMP00263,2024-H1
0.0026295462,0.98361534,0.0046078637,0.003924556,0.0023841178,0.0028386014,topic_1,EMP00263,2024-H2
0.002629562,0.0040542446,0.004607893,0.9834856,0.0023841322,0.0028386186,topic_3,EMP00264,2024-H1
0.002457623,0.98468655,0.004306597,0.0036679637,0.0022282412,0.00265301,topic_1,EMP00264,2024-H2
0.004044493,0.0062357774,0.97565037,0.006036342,0.003667001,0.00436604,topic_2,EMP00265,2024-H1
0.004044493,0.0062357774,0.97565037,0.006036342,0.003667001,0.00436604,topic_2,EMP00265,2024-H2
0.0030573874,0.004713864,0.005357588,0.0045631025,0.0027720267,0.979536,topic_5,EMP00266,2024-H1
0.002629543,0.004054215,0.0046078586,0.0039245514,0.9819452,0.002838598,topic_4,EMP00266,2024-H2
0.0026295963,0.983615,0.00460796,0.0039246306,0.0023841632,0.0028386554,topic_1,EMP00267,2024-H1
0.003651562,0.005629958,0.97801596,0.0054498985,0.003310744,0.00394187,topic_2,EMP00267,2024-H2
0.0036515668,0.0056299656,0.97801596,0.0054499055,0.0033107484,0.003941875,topic_2,EMP00268,2024-H1
0.00365155,0.00562994,0.978016,0.005449881,0.0033107332,0.0039418573,topic_2,EMP00268,2024-H2
0.0026295462,0.98361534,0.0046078637,0.003924556,0.0023841178,0.0028386014,topic_1,EMP00269,2024-H1
0.0033281401,0.005131308,0.0058320393,0.9790983,0.0030175087,0.0035927352,topic_3,EMP00269,2024-H2
0.003651542,0.0056299274,0.9780161,0.0054498687,0.0033107258,0.0039418484,topic_2,EMP00270,2024-H1
0.0036515254,0.005629902,0.9780162,0.005449844,0.003310711,0.0039418307,topic_2,EMP00270,2024-H2
0.0024575975,0.0037891103,0.004306551,0.0036679255,0.9831258,0.0026529825,topic_4,EMP00271,2024-H1
0.0024575973,0.00378911,0.004306551,0.0036679253,0.9831258,0.0026529822,topic_4,EMP00271,2024-H2
0.002629596,0.98361504,0.004607957,0.0039246306,0.002384163,0.0028386551,topic_1,EMP00272,2024-H1
0.0028274155,0.004359294,0.0049545984,0.982243,0.002563519,0.0030522018,topic_3,EMP00272,2024-H2
0.98085076,0.004359227,0.0049545257,0.0042198086,0.00256348,0.0030521553,topic_0,EMP00273,2024-H1
0.0026295432,0.0040542153,0.0046078586,0.0039245514,0.9819452,0.002838598,topic_4,EMP00273,2024-H2
0.0026295453,0.98361534,0.0046078674,0.0039245547,0.002384117,0.0028386004,topic_1,EMP00274,2024-H1
0.0040444722,0.0062357453,0.9756505,0.006036311,0.003666982,0.0043660174,topic_2,EMP00274,2024-H2
0.0030573874,0.004713864,0.005357588,0.0045631025,0.0027720267,0.979536,topic_5,EMP00275,2024-H1
0.002629543,0.004054215,0.0046078586,0.0039245514,0.9819452,0.002838598,topic_4,EMP00275,2024-H2
0.0028275237,0.0043594604,0.0049547898,0.9822423,0.0025636172,0.0030523187,topic_3,EMP00276,2024-H1
0.0036516462,0.005630088,0.9780155,0.0054500243,0.0033108203,0.003941961,topic_2,EMP00276,2024-H2
0.0033281397,0.005131308,0.005832039,0.9790983,0.0030175084,0.003592735,topic_3,EMP00277,2024-H1
0.0026295446,0.98361534,0.004607861,0.0039245537,0.0023841164,0.0028385997,topic_1,EMP00277,2024-H2
0.0026295446,0.98361534,0.004607861,0.0039245537,0.0023841164,0.0028385997,topic_1,EMP00278,2024-H1
0.0033281404,0.005131309,0.0058320463,0.9790983,0.003017509,0.0035927356,topic_3,EMP00278,2024-H2
0.0026295462,0.98361534,0.0046078637,0.003924556,0.0023841178,0.0028386014,topic_1,EMP00279,2024-H1
0.0040444722,0.0062357453,0.9756505,0.006036311,0.003666982,0.0043660174,topic_2,EMP00279,2024-H2
0.0040444722,0.0062357453,0.9756505,0.006036311,0.003666982,0.0043660174,topic_2,EMP00280,2024-H1
0.0033281404,0.005131309,0.0058320463,0.9790983,0.003017509,0.0035927356,topic_3,EMP00280,2024-H2
0.002457591,0.9846868,0.0043065394,0.0036679155,0.002228212,0.0026529753,topic_1,EMP00281,2024-H1
0.0040444722,0.0062357453,0.9756505,0.006036311,0.003666982,0.0043660174,topic_2,EMP00281,2024-H2
0.0040444722,0.0062357453,0.9756505,0.006036311,0.003666982,0.0043660174,topic_2,EMP00282,2024-H1
0.0026295448,0.98361534,0.0046078614,0.0039245537,0.0023841166,0.0028386,topic_1,EMP00282,2024-H2
0.0026295453,0.98361534,0.0046078623,0.0039245547,0.002384117,0.0028386004,topic_1,EMP00283,2024-H1
0.0030573867,0.004713862,0.005357587,0.9807987,0.002772026,0.0033004563,topic_3,EMP00283,2024-H2
0.0028274157,0.0043592947,0.0049546007,0.982243,0.0025635194,0.003052202,topic_3,EMP00284,2024-H1
0.0036515417,0.005629927,0.9780161,0.0054498683,0.0033107256,0.003941848,topic_2,EMP00284,2024-H2
0.0036516292,0.0056300624,0.97801554,0.005449999,0.003310805,0.0039419425,topic_2,EMP00285,2024-H1
0.002629626,0.9836148,0.0046080053,0.0039246758,0.0023841904,0.0028386877,topic_1,EMP00285,2024-H2
0.0040444722,0.0062357453,0.9756505,0.006036311,0.003666982,0.0043660174,topic_2,EMP00286,2024-H1
0.0040444722,0.0062357453,0.9756505,0.006036311,0.003666982,0.0043660174,topic_2,EMP00286,2024-H2
0.0033281394,0.0051313075,0.0058320384,0.9790983,0.0030175082,0.0035927347,topic_3,EMP00287,2024-H1
0.0033281401,0.005131308,0.0058320393,0.9790983,0.0030175087,0.0035927352,topic_3,EMP00287,2024-H2
0.0040444722,0.0062357453,0.9756505,0.006036311,0.003666982,0.0043660174,topic_2,EMP00288,2024-H1
0.0030573867,0.004713862,0.005357587,0.9807987,0.002772026,0.0033004563,topic_3,EMP00288,2024-H2
0.0036515663,0.005629965,0.97801596,0.005449905,0.003310748,0.0039418745,topic_2,EMP00289,2024-H1
0.0036515663,0.005629965,0.97801596,0.005449905,0.003310748,0.0039418745,topic_2,EMP00289,2024-H2
0.0040444722,0.0062357453,0.9756505,0.006036311,0.003666982,0.0043660174,topic_2,EMP00290,2024-H1
0.0030573867,0.004713862,0.005357587,0.9807987,0.002772026,0.0033004563,topic_3,EMP00290,2024-H2
0.004044493,0.0062357774,0.97565037,0.006036342,0.003667001,0.00436604,topic_2,EMP00291,2024-H1
0.9595472,0.009208894,0.01046646,0.008914371,0.005415367,0.0064476966,topic_0,EMP00291,2024-H2
0.0040444722,0.0062357453,0.9756505,0.006036311,0.003666982,0.0043660174,topic_2,EMP00292,2024-H1
0.002629546,0.98361534,0.0046078637,0.003924556,0.0023841178,0.0028386011,topic_1,EMP00292,2024-H2
0.0026295448,0.98361534,0.004607862,0.003924554,0.0023841166,0.0028386002,topic_1,EMP00293,2024-H1
0.0040444722,0.0062357453,0.9756505,0.006036311,0.003666982,0.0043660174,topic_2,EMP00293,2024-H2
0.0033282065,0.0051314128,0.0058321557,0.9790979,0.0030175687,0.0035928069,topic_3,EMP00294,2024-H1
0.0040444927,0.0062357765,0.97565037,0.006036341,0.0036670004,0.0043660398,topic_2,EMP00294,2024-H2
0.0036515836,0.0056299916,0.97801584,0.0054499307,0.0033107635,0.003941893,topic_2,EMP00295,2024-H1
0.0026296254,0.9836148,0.0046080044,0.0039246744,0.0023841895,0.0028386868,topic_1,EMP00295,2024-H2
0.0024576345,0.9846865,0.0043066163,0.0036679807,0.0022282517,0.0026530225,topic_1,EMP00296,2024-H1
0.0036518027,0.0056303297,0.9780145,0.0054502576,0.003310962,0.0039421297,topic_2,EMP00296,2024-H2
0.0026295825,0.0040542763,0.004607928,0.98348546,0.0023841509,0.0028386407,topic_3,EMP00297,2024-H1
0.0028274155,0.0043592937,0.0049545984,0.982243,0.002563519,0.0030522018,topic_3,EMP00297,2024-H2
0.0028274169,0.0043592965,0.0049546026,0.004219875,0.0025635203,0.9810753,topic_5,EMP00298,2024-H1
0.0024576038,0.0037891201,0.0043065627,0.0036679348,0.9831258,0.0026529892,topic_4,EMP00298,2024-H2
0.0036515358,0.005629918,0.97801614,0.00544986,0.0033107204,0.003941842,topic_2,EMP00299,2024-H1
0.0036515363,0.0056299185,0.97801614,0.0054498604,0.0033107207,0.0039418424,topic_2,EMP00299,2024-H2
0.002827372,0.98238266,0.0049545225,0.004219808,0.0025634796,0.0030521548,topic_1,EMP00300,2024-H1
0.0040444722,0.0062357453,0.9756505,0.006036311,0.003666982,0.0043660174,topic_2,EMP00300,2024-H2
0.0036515677,0.005629967,0.006398814,0.005449907,0.0033107493,0.975559,topic_5,EMP00301,2024-H1
0.0040444955,0.006235785,0.0070873415,0.0060363463,0.97222996,0.0043660426,topic_4,EMP00301,2024-H2
0.0033282065,0.0051314128,0.0058321557,0.9790979,0.0030175687,0.0035928069,topic_3,EMP00302,2024-H1
0.0040444955,0.0062357844,0.0070873415,0.0060363463,0.97222996,0.0043660426,topic_4,EMP00302,2024-H2
0.98085076,0.0043592285,0.004954527,0.0042198095,0.0025634808,0.0030521562,topic_0,EMP00303,2024-H1
0.98085076,0.004359227,0.0049545257,0.0042198086,0.00256348,0.0030521553,topic_0,EMP00303,2024-H2
0.0040444722,0.0062357453,0.9756505,0.006036311,0.003666982,0.0043660174,topic_2,EMP00304,2024-H1
0.0030573867,0.004713862,0.005357587,0.9807987,0.002772026,0.0033004563,topic_3,EMP00304,2024-H2
0.9821906,0.0040542204,0.004607867,0.003924556,0.002384118,0.0028386016,topic_0,EMP00305,2024-H1
0.98085076,0.004359227,0.0049545257,0.0042198086,0.00256348,0.0030521553,topic_0,EMP00305,2024-H2
0.0028274776,0.00435939,0.0049547083,0.0042199655,0.0025635755,0.98107487,topic_5,EMP00306,2024-H1
0.9833548,0.0037891995,0.0043066544,0.0036680114,0.0022282703,0.0026530446,topic_0,EMP00306,2024-H2
0.0028273726,0.98238266,0.0049545295,0.0042198086,0.0025634803,0.0030521555,topic_1,EMP00307,2024-H1
0.0028273712,0.98238266,0.004954521,0.0042198068,0.002563479,0.003052154,topic_1,EMP00307,2024-H2
0.0040444722,0.0062357453,0.9756505,0.006036311,0.003666982,0.0043660174,topic_2,EMP00308,2024-H1
0.0040444722,0.0062357453,0.9756505,0.006036311,0.003666982,0.0043660174,topic_2,EMP00308,2024-H2
0.0030573867,0.004713862,0.005357587,0.9807987,0.002772026,0.0033004563,topic_3,EMP00309,2024-H1
0.002827372,0.98238266,0.0049545225,0.0042198077,0.0025634796,0.0030521548,topic_1,EMP00309,2024-H2
0.0033281401,0.005131308,0.0058320393,0.9790983,0.0030175087,0.0035927352,topic_3,EMP00310,2024-H1
0.0028273712,0.98238266,0.004954521,0.004219807,0.0025634791,0.003052154,topic_1,EMP00310,2024-H2
0.0033281401,0.005131308,0.0058320393,0.9790983,0.0030175087,0.0035927352,topic_3,EMP00311,2024-H1
0.0028273724,0.98238266,0.0049545295,0.0042198086,0.00256348,0.0030521553,topic_1,EMP00311,2024-H2
0.0026295448,0.98361534,0.004607862,0.003924554,0.0023841166,0.0028386002,topic_1,EMP00312,2024-H1
0.0028273717,0.98238266,0.004954522,0.0042198077,0.0025634794,0.0030521546,topic_1,EMP00312,2024-H2
0.0026297378,0.98361415,0.0046082023,0.0039248425,0.0023842915,0.0028388083,topic_1,EMP00313,2024-H1
0.0036516313,0.005630065,0.97801554,0.005450003,0.0033108068,0.003941945,topic_2,EMP00313,2024-H2
0.0024576124,0.0037891334,0.004306577,0.0036679476,0.98312575,0.0026529985,topic_4,EMP00314,2024-H1
0.002827417,0.0043592965,0.004954601,0.004219875,0.0025635206,0.9810753,topic_5,EMP00314,2024-H2
0.0030573867,0.004713862,0.005357587,0.9807987,0.002772026,0.0033004563,topic_3,EMP00315,2024-H1
0.0040444727,0.0062357457,0.9756505,0.0060363114,0.0036669825,0.004366018,topic_2,EMP00315,2024-H2
0.003651631,0.005630065,0.97801554,0.005450002,0.0033108066,0.0039419443,topic_2,EMP00316,2024-H1
0.0024576625,0.9846863,0.004306666,0.0036680226,0.002228277,0.0026530526,topic_1,EMP00316,2024-H2
0.002629545,0.98361534,0.004607862,0.0039245547,0.0023841169,0.0028386002,topic_1,EMP00317,2024-H1
0.0028273712,0.98238266,0.004954521,0.0042198068,0.002563479,0.003052154,topic_1,EMP00317,2024-H2
0.003651542,0.0056299274,0.9780161,0.0054498687,0.0033107258,0.0039418484,topic_2,EMP00318,2024-H1
0.0030574088,0.004713897,0.005357627,0.004563134,0.002772046,0.9795359,topic_5,EMP00318,2024-H2
0.0036518027,0.0056303297,0.9780145,0.005450258,0.003310962,0.0039421297,topic_2,EMP00319,2024-H1
0.00282744,0.0043593314,0.004954642,0.9822428,0.0025635413,0.0030522281,topic_3,EMP00319,2024-H2
0.0033281401,0.005131308,0.0058320393,0.9790983,0.0030175087,0.0035927352,topic_3,EMP00320,2024-H1
0.0040444722,0.0062357453,0.9756505,0.006036311,0.003666982,0.0043660174,topic_2,EMP00320,2024-H2
0.0024576038,0.0037891201,0.0043065627,0.0036679348,0.9831258,0.0026529892,topic_4,EMP00321,2024-H1
0.9821902,0.004054321,0.0046079843,0.003924654,0.002384177,0.002838672,topic_0,EMP00321,2024-H2
0.0033281397,0.005131308,0.005832039,0.9790983,0.0030175084,0.003592735,topic_3,EMP00322,2024-H1
0.0040444722,0.0062357453,0.9756505,0.006036311,0.003666982,0.0043660174,topic_2,EMP00322,2024-H2
0.0036518027,0.0056303297,0.9780145,0.0054502576,0.003310962,0.0039421297,topic_2,EMP00323,2024-H1
0.0026297378,0.98361415,0.0046082065,0.0039248425,0.0023842917,0.0028388086,topic_1,EMP00323,2024-H2
0.003057476,0.004714002,0.0053577456,0.9807981,0.002772107,0.0033005527,topic_3,EMP00324,2024-H1
0.0036515766,0.0056299837,0.006398816,0.005449921,0.9749278,0.0039418857,topic_4,EMP00324,2024-H2
0.14850116,0.0043595624,0.0049549052,0.8365683,0.0025636773,0.0030523902,topic_3,EMP00325,2024-H1
0.13768534,0.0040545315,0.004608219,0.8484288,0.002384301,0.0028388195,topic_3,EMP00325,2024-H2
0.003651633,0.005630068,0.97801554,0.0054500047,0.0033108084,0.0039419467,topic_2,EMP00326,2024-H1
0.83521914,0.007947416,0.009032728,0.13756268,0.0046735443,0.0055644605,topic_0,EMP00326,2024-H2
0.0033281446,0.005131316,0.005832047,0.004967203,0.0030175126,0.9777238,topic_5,EMP00327,2024-H1
0.0033281446,0.005131316,0.005832047,0.004967203,0.0030175126,0.9777238,topic_5,EMP00327,2024-H2
0.003057442,0.004713948,0.0053576846,0.0045631835,0.002772076,0.97953564,topic_5,EMP00328,2024-H1
0.0030574417,0.0047139474,0.005357684,0.004563183,0.0027720758,0.97953564,topic_5,EMP00328,2024-H2
0.0028275205,0.0043594562,0.0049547874,0.98224235,0.0025636142,0.0030523152,topic_3,EMP00329,2024-H1
0.002457624,0.98468655,0.004306599,0.0036679655,0.002228242,0.0026530114,topic_1,EMP00329,2024-H2
0.0026295527,0.9836153,0.0046078763,0.003924566,0.0023841239,0.0028386083,topic_1,EMP00330,2024-H1
0.0026295537,0.9836153,0.004607884,0.0039245677,0.0023841248,0.0028386095,topic_1,EMP00330,2024-H2
0.0026296254,0.9836148,0.004608003,0.003924675,0.0023841895,0.0028386868,topic_1,EMP00331,2024-H1
0.0023068083,0.9856263,0.004042317,0.0034428753,0.0020915028,0.002490205,topic_1,EMP00331,2024-H2
0.9595472,0.009208894,0.010466461,0.008914372,0.0054153674,0.006447697,topic_0,EMP00332,2024-H1
0.9595472,0.009208894,0.01046646,0.008914371,0.005415367,0.0064476966,topic_0,EMP00332,2024-H2
0.002827385,0.004359247,0.0049545467,0.0042198277,0.0025634915,0.98107547,topic_5,EMP00333,2024-H1
0.0024575943,0.0037891055,0.0043065464,0.0036679206,0.98312587,0.002652979,topic_4,EMP00333,2024-H2
0.0040444955,0.0062357844,0.0070873415,0.0060363463,0.97222996,0.0043660426,topic_4,EMP00334,2024-H1
0.9595472,0.009208893,0.010466459,0.00891437,0.0054153665,0.006447696,topic_0,EMP00334,2024-H2
0.0033281397,0.005131308,0.005832039,0.9790983,0.0030175084,0.003592735,topic_3,EMP00335,2024-H1
0.0028273712,0.98238266,0.004954521,0.0042198068,0.002563479,0.003052154,topic_1,EMP00335,2024-H2
0.0033281401,0.005131308,0.0058320393,0.9790983,0.0030175087,0.0035927352,topic_3,EMP00336,2024-H1
0.0026295462,0.98361534,0.0046078637,0.003924556,0.0023841178,0.0028386014,topic_1,EMP00336,2024-H2
0.0040444722,0.0062357453,0.9756505,0.006036311,0.003666982,0.0043660174,topic_2,EMP00337,2024-H1
0.0028273722,0.98238266,0.004954523,0.004219808,0.0025634798,0.003052155,topic_1,EMP00337,2024-H2
0.0030573867,0.004713862,0.005357587,0.9807987,0.002772026,0.0033004563,topic_3,EMP00338,2024-H1
0.0040444722,0.0062357453,0.9756505,0.006036311,0.003666982,0.0043660174,topic_2,EMP00338,2024-H2
0.0030573874,0.004713864,0.005357588,0.0045631025,0.0027720267,0.979536,topic_5,EMP00339,2024-H1
0.0026295423,0.004054214,0.004607857,0.0039245505,0.9819452,0.0028385972,topic_4,EMP00339,2024-H2
0.0030573874,0.004713864,0.005357588,0.0045631025,0.0027720267,0.979536,topic_5,EMP00340,2024-H1
0.0030573874,0.004713864,0.005357588,0.0045631025,0.0027720267,0.979536,topic_5,EMP00340,2024-H2
0.0040444722,0.0062357453,0.9756505,0.006036311,0.003666982,0.0043660174,topic_2,EMP00341,2024-H1
0.0028273729,0.98238266,0.0049545243,0.0042198095,0.0025634805,0.003052156,topic_1,EMP00341,2024-H2
0.002827417,0.0043592965,0.004954601,0.004219875,0.0025635206,0.9810753,topic_5,EMP00342,2024-H1
0.002827417,0.0043592965,0.004954601,0.004219875,0.0025635206,0.9810753,topic_5,EMP00342,2024-H2
0.0030573874,0.004713864,0.005357588,0.0045631025,0.0027720267,0.979536,topic_5,EMP00343,2024-H1
0.0026295425,0.0040542143,0.0046078577,0.0039245505,0.9819452,0.0028385974,topic_4,EMP00343,2024-H2
0.003651516,0.0056298873,0.97801626,0.0054498296,0.0033107023,0.0039418205,topic_2,EMP00344,2024-H1
0.003651516,0.0056298873,0.97801626,0.0054498296,0.0033107023,0.0039418205,topic_2,EMP00344,2024-H2
0.002457635,0.9846865,0.0043066167,0.0036679811,0.002228252,0.0026530228,topic_1,EMP00345,2024-H1
0.0026295953,0.98361504,0.004607956,0.0039246297,0.0023841625,0.0028386547,topic_1,EMP00345,2024-H2
0.0040445207,0.0062358193,0.007087406,0.0060363826,0.0036670258,0.9729288,topic_5,EMP00346,2024-H1
0.9595472,0.009208894,0.01046646,0.008914371,0.005415367,0.0064476966,topic_0,EMP00346,2024-H2
0.0033281397,0.005131308,0.005832039,0.9790983,0.0030175084,0.003592735,topic_3,EMP00347,2024-H1
0.0030573867,0.004713862,0.005357587,0.9807987,0.002772026,0.0033004563,topic_3,EMP00347,2024-H2
0.0033281404,0.005131309,0.0058320463,0.9790983,0.003017509,0.0035927356,topic_3,EMP00348,2024-H1
0.0028273722,0.98238266,0.004954523,0.004219808,0.0025634798,0.003052155,topic_1,EMP00348,2024-H2
0.0036515358,0.005629921,0.006398743,0.0054498604,0.9749281,0.003941842,topic_4,EMP00349,2024-H1
0.0036515365,0.0056299237,0.0063987444,0.0054498613,0.9749281,0.0039418424,topic_4,EMP00349,2024-H2
0.0036515326,0.005629913,0.97801614,0.0054498543,0.0033107172,0.003941838,topic_2,EMP00350,2024-H1
0.003651542,0.00562993,0.006398754,0.005449869,0.974928,0.0039418484,topic_4,EMP00350,2024-H2
0.003651559,0.0056299535,0.19504274,0.005449894,0.0033107412,0.78691506,topic_5,EMP00351,2024-H1
0.9595472,0.009208894,0.010466461,0.008914372,0.0054153674,0.006447697,topic_0,EMP00351,2024-H2
0.0028274162,0.004359295,0.0049546002,0.0042198743,0.0025635196,0.9810753,topic_5,EMP00352,2024-H1
0.0028274162,0.004359295,0.0049546002,0.0042198743,0.0025635196,0.9810753,topic_5,EMP00352,2024-H2
0.0040444722,0.0062357453,0.9756505,0.006036311,0.003666982,0.0043660174,topic_2,EMP00353,2024-H1
0.0033281401,0.005131308,0.0058320393,0.9790983,0.0030175087,0.0035927352,topic_3,EMP00353,2024-H2
0.0028274301,0.004359317,0.0049546333,0.9822429,0.0025635324,0.0030522177,topic_3,EMP00354,2024-H1
0.0026295555,0.9836153,0.004607887,0.00392457,0.0023841264,0.0028386116,topic_1,EMP00354,2024-H2
0.0026295423,0.004054214,0.004607857,0.0039245505,0.9819452,0.0028385972,topic_4,EMP00355,2024-H1
0.0040444927,0.0062357765,0.97565037,0.006036341,0.0036670004,0.0043660398,topic_2,EMP00355,2024-H2
0.0036515836,0.0056299916,0.97801584,0.0054499307,0.0033107635,0.003941893,topic_2,EMP00356,2024-H1
0.0036515836,0.0056299916,0.97801584,0.0054499307,0.0033107635,0.003941893,topic_2,EMP00356,2024-H2
0.003328144,0.005131315,0.0058320463,0.0049672024,0.0030175122,0.9777238,topic_5,EMP00357,2024-H1
0.003651559,0.0056299535,0.1950775,0.005449894,0.0033107412,0.7868803,topic_5,EMP00357,2024-H2
0.0040444722,0.0062357453,0.9756505,0.006036311,0.003666982,0.0043660174,topic_2,EMP00358,2024-H1
0.0028273722,0.98238266,0.004954523,0.004219808,0.0025634798,0.003052155,topic_1,EMP00358,2024-H2
0.0040444727,0.0062357457,0.9756505,0.0060363114,0.0036669825,0.004366018,topic_2,EMP00359,2024-H1
0.0026295448,0.98361534,0.0046078614,0.0039245537,0.0023841166,0.0028386,topic_1,EMP00359,2024-H2
0.98335505,0.0037891427,0.00430659,0.0036679565,0.002228237,0.002653005,topic_0,EMP00360,2024-H1
0.002457613,0.0037891343,0.004306578,0.0036679485,0.9831257,0.0026529992,topic_4,EMP00360,2024-H2
0.98085076,0.0043592285,0.004954527,0.0042198095,0.0025634808,0.0030521562,topic_0,EMP00361,2024-H1
0.0030573874,0.004713864,0.005357588,0.0045631025,0.0027720267,0.979536,topic_5,EMP00361,2024-H2
0.9650942,0.007946151,0.009031278,0.007692014,0.0046728007,0.005563575,topic_0,EMP00362,2024-H1
0.9650942,0.007946151,0.009031279,0.0076920143,0.0046728007,0.0055635753,topic_0,EMP00362,2024-H2
0.0030574042,0.0047138897,0.00535762,0.004563127,0.0027720418,0.9795359,topic_5,EMP00363,2024-H1
0.0024575943,0.0037891055,0.0043065464,0.0036679206,0.98312587,0.002652979,topic_4,EMP00363,2024-H2
0.0026295423,0.004054214,0.004607857,0.0039245505,0.9819452,0.0028385972,topic_4,EMP00364,2024-H1
0.0030573874,0.004713864,0.005357588,0.0045631025,0.0027720267,0.979536,topic_5,EMP00364,2024-H2
0.98085076,0.004359227,0.0049545257,0.0042198086,0.00256348,0.0030521553,topic_0,EMP00365,2024-H1
0.0026295427,0.004054215,0.004607858,0.003924551,0.9819452,0.0028385979,topic_4,EMP00365,2024-H2
0.0036515836,0.0056299916,0.97801584,0.0054499307,0.0033107635,0.003941893,topic_2,EMP00366,2024-H1
0.0028275226,0.0043594595,0.0049547893,0.98224235,0.0025636163,0.0030523175,topic_3,EMP00366,2024-H2
0.98219055,0.0040542358,0.004607884,0.003924571,0.0023841271,0.0028386123,topic_0,EMP00367,2024-H1
0.0024576455,0.0037891844,0.004306636,0.003667997,0.9831255,0.0026530342,topic_4,EMP00367,2024-H2
0.0033281401,0.005131308,0.0058320393,0.9790983,0.0030175087,0.0035927352,topic_3,EMP00368,2024-H1
0.0030573867,0.004713862,0.005357587,0.9807987,0.002772026,0.0033004563,topic_3,EMP00368,2024-H2
0.0026295455,0.98361534,0.004607863,0.003924555,0.0023841173,0.002838601,topic_1,EMP00369,2024-H1
0.0040444722,0.0062357453,0.9756505,0.006036311,0.003666982,0.0043660174,topic_2,EMP00369,2024-H2
0.0040444927,0.0062357765,0.97565037,0.006036341,0.0036670004,0.0043660398,topic_2,EMP00370,2024-H1
0.0026295455,0.98361534,0.004607863,0.003924555,0.0023841173,0.0028386007,topic_1,EMP00370,2024-H2
0.002827373,0.98238266,0.004954531,0.00421981,0.0025634808,0.0030521562,topic_1,EMP00371,2024-H1
0.0028273717,0.98238266,0.004954522,0.0042198077,0.0025634794,0.0030521546,topic_1,EMP00371,2024-H2
0.98085076,0.0043592285,0.004954527,0.0042198095,0.0025634808,0.0030521562,topic_0,EMP00372,2024-H1
0.98085076,0.0043592285,0.004954527,0.0042198095,0.0025634808,0.0030521562,topic_0,EMP00372,2024-H2
0.0040444722,0.0062357453,0.9756505,0.006036311,0.003666982,0.0043660174,topic_2,EMP00373,2024-H1
0.0026295453,0.98361534,0.0046078623,0.0039245547,0.002384117,0.0028386004,topic_1,EMP00373,2024-H2
0.0040444722,0.0062357453,0.9756505,0.006036311,0.003666982,0.0043660174,topic_2,EMP00374,2024-H1
0.0026295446,0.98361534,0.004607861,0.0039245537,0.0023841164,0.0028385997,topic_1,EMP00374,2024-H2
0.002457635,0.9846865,0.0043066167,0.0036679814,0.0022282521,0.002653023,topic_1,EMP00375,2024-H1
0.002306785,0.98562646,0.004042276,0.0034428402,0.0020914816,0.00249018,topic_1,EMP00375,2024-H2
0.0024576127,0.0037891339,0.0043065776,0.003667948,0.9831257,0.0026529988,topic_4,EMP00376,2024-H1
0.0024576127,0.0037891339,0.0043065776,0.003667948,0.9831257,0.0026529988,topic_4,EMP00376,2024-H2
0.003651647,0.005630089,0.9780155,0.005450025,0.003310821,0.0039419616,topic_2,EMP00377,2024-H1
0.003651656,0.0056301057,0.0063989535,0.0054500396,0.97492725,0.0039419713,topic_4,EMP00377,2024-H2
0.0026295432,0.0040542153,0.0046078586,0.0039245514,0.9819452,0.002838598,topic_4,EMP00378,2024-H1
0.0030573874,0.004713864,0.005357588,0.0045631025,0.0027720267,0.979536,topic_5,EMP00378,2024-H2
0.98085076,0.0043592285,0.004954527,0.0042198095,0.0025634808,0.0030521562,topic_0,EMP00379,2024-H1
0.0030573874,0.004713864,0.005357588,0.0045631025,0.0027720267,0.979536,topic_5,EMP00379,2024-H2
0.0040444722,0.0062357453,0.9756505,0.006036311,0.003666982,0.0043660174,topic_2,EMP00380,2024-H1
0.0026295464,0.98361534,0.0046078647,0.003924557,0.0023841183,0.0028386018,topic_1,EMP00380,2024-H2
0.98085076,0.004359227,0.0049545257,0.0042198086,0.00256348,0.0030521553,topic_0,EMP00381,2024-H1
0.0040444927,0.0062357765,0.97565037,0.006036341,0.0036670004,0.0043660398,topic_2,EMP00381,2024-H2
0.002827373,0.98238266,0.004954531,0.00421981,0.0025634808,0.0030521562,topic_1,EMP00382,2024-H1
0.0033281394,0.0051313075,0.0058320384,0.9790983,0.0030175082,0.0035927347,topic_3,EMP00382,2024-H2
0.003651526,0.005629903,0.9780162,0.005449845,0.0033107114,0.003941831,topic_2,EMP00383,2024-H1
0.003651526,0.005629903,0.9780162,0.005449845,0.0033107114,0.003941831,topic_2,EMP00383,2024-H2
0.0040444722,0.0062357453,0.9756505,0.006036311,0.003666982,0.0043660174,topic_2,EMP00384,2024-H1
0.0028273712,0.98238266,0.004954521,0.004219807,0.0025634791,0.003052154,topic_1,EMP00384,2024-H2
0.0026295444,0.98361534,0.004607861,0.0039245533,0.0023841162,0.0028385995,topic_1,EMP00385,2024-H1
0.0033281443,0.0051313154,0.0058320467,0.0049672024,0.0030175124,0.9777238,topic_5,EMP00385,2024-H2
0.0024576618,0.9846863,0.004306664,0.0036680214,0.0022282763,0.0026530519,topic_1,EMP00386,2024-H1
0.0023068083,0.9856263,0.004042317,0.003442875,0.0020915028,0.002490205,topic_1,EMP00386,2024-H2
0.0033281397,0.005131308,0.005832039,0.9790983,0.0030175084,0.003592735,topic_3,EMP00387,2024-H1
0.0026295448,0.98361534,0.0046078614,0.0039245537,0.0023841166,0.0028386,topic_1,EMP00387,2024-H2
0.002827372,0.98238266,0.0049545225,0.004219808,0.0025634796,0.0030521548,topic_1,EMP00388,2024-H1
0.0033281392,0.005131307,0.005832038,0.9790983,0.0030175077,0.0035927342,topic_3,EMP00388,2024-H2
0.002457591,0.9846868,0.00430654,0.0036679157,0.002228212,0.0026529755,topic_1,EMP00389,2024-H1
0.0033281443,0.0051313154,0.0058320467,0.0049672024,0.0030175124,0.9777238,topic_5,EMP00389,2024-H2
0.0026295723,0.00405426,0.00460791,0.9834855,0.0023841416,0.0028386295,topic_3,EMP00390,2024-H1
0.0028274038,0.004359276,0.0049545825,0.98224306,0.0025635085,0.0030521892,topic_3,EMP00390,2024-H2
0.0028273966,0.0043592644,0.0049545653,0.9822431,0.002563502,0.0030521813,topic_3,EMP00391,2024-H1
0.0028273966,0.0043592644,0.0049545653,0.9822431,0.002563502,0.0030521813,topic_3,EMP00391,2024-H2
0.0026295455,0.98361534,0.004607863,0.003924555,0.0023841173,0.0028386007,topic_1,EMP00392,2024-H1
0.002457591,0.9846868,0.00430654,0.0036679157,0.002228212,0.0026529755,topic_1,EMP00392,2024-H2
0.0040444722,0.0062357453,0.9756505,0.006036311,0.003666982,0.0043660174,topic_2,EMP00393,2024-H1
0.0040444722,0.0062357453,0.9756505,0.006036311,0.003666982,0.0043660174,topic_2,EMP00393,2024-H2
0.0040444722,0.0062357453,0.9756505,0.006036311,0.003666982,0.0043660174,topic_2,EMP00394,2024-H1
0.0040444722,0.0062357453,0.9756505,0.006036311,0.003666982,0.0043660174,topic_2,EMP00394,2024-H2
0.0028273722,0.98238266,0.004954523,0.004219808,0.0025634798,0.003052155,topic_1,EMP00395,2024-H1
0.0026295444,0.98361534,0.004607861,0.0039245533,0.0023841162,0.0028385995,topic_1,EMP00395,2024-H2
0.0026295444,0.98361534,0.004607861,0.0039245533,0.0023841162,0.0028385995,topic_1,EMP00396,2024-H1
0.0030573867,0.004713862,0.005357587,0.9807987,0.002772026,0.0033004563,topic_3,EMP00396,2024-H2
0.0040444722,0.0062357453,0.9756505,0.006036311,0.003666982,0.0043660174,topic_2,EMP00397,2024-H1
0.0030573867,0.004713862,0.005357587,0.9807987,0.002772026,0.0033004563,topic_3,EMP00397,2024-H2
0.0033281401,0.005131308,0.0058320393,0.9790983,0.0030175087,0.0035927352,topic_3,EMP00398,2024-H1
0.0040444722,0.0062357453,0.9756505,0.006036311,0.003666982,0.0043660174,topic_2,EMP00398,2024-H2
0.0028273717,0.98238266,0.004954522,0.0042198077,0.0025634794,0.0030521546,topic_1,EMP00399,2024-H1
0.004044493,0.0062357774,0.97565037,0.006036342,0.003667001,0.00436604,topic_2,EMP00399,2024-H2
0.0024577475,0.9846858,0.004306819,0.0036681495,0.0022283539,0.0026531443,topic_1,EMP00400,2024-H1
0.002827522,0.0043594586,0.0049547856,0.98224235,0.0025636158,0.0030523168,topic_3,EMP00400,2024-H2
0.1420641,0.004054744,0.004608459,0.8440493,0.0023844258,0.002838968,topic_3,EMP00401,2024-H1
0.0026297371,0.98361415,0.004608199,0.003924841,0.002384291,0.0028388076,topic_1,EMP00401,2024-H2
0.9821906,0.0040542204,0.004607867,0.003924556,0.002384118,0.0028386016,topic_0,EMP00402,2024-H1
0.0030573874,0.004713864,0.005357588,0.0045631025,0.0027720267,0.979536,topic_5,EMP00402,2024-H2
0.0033281404,0.005131309,0.0058320463,0.9790983,0.003017509,0.0035927356,topic_3,EMP00403,2024-H1
0.0040444722,0.0062357453,0.9756505,0.006036311,0.003666982,0.0043660174,topic_2,EMP00403,2024-H2
0.0033281397,0.005131308,0.005832039,0.9790983,0.0030175084,0.003592735,topic_3,EMP00404,2024-H1
0.0033281401,0.005131308,0.0058320393,0.9790983,0.0030175087,0.0035927352,topic_3,EMP00404,2024-H2
0.003651584,0.005629992,0.97801584,0.005449931,0.003310764,0.0039418936,topic_2,EMP00405,2024-H1
0.003651584,0.005629992,0.97801584,0.005449931,0.003310764,0.0039418936,topic_2,EMP00405,2024-H2
0.98085076,0.004359227,0.0049545257,0.0042198086,0.00256348,0.0030521553,topic_0,EMP00406,2024-H1
0.0026295425,0.0040542143,0.0046078577,0.0039245505,0.9819452,0.0028385974,topic_4,EMP00406,2024-H2
0.0030573874,0.004713864,0.005357588,0.0045631025,0.0027720267,0.979536,topic_5,EMP00407,2024-H1
0.0030573874,0.004713864,0.005357588,0.0045631025,0.0027720267,0.979536,topic_5,EMP00407,2024-H2
0.0033281446,0.005131316,0.005832047,0.004967203,0.0030175126,0.9777238,topic_5,EMP00408,2024-H1
0.0033282065,0.0051314128,0.0058321557,0.9790979,0.0030175687,0.0035928069,topic_3,EMP00408,2024-H2
0.0040444722,0.0062357453,0.9756505,0.006036311,0.003666982,0.0043660174,topic_2,EMP00409,2024-H1
0.0040444722,0.0062357453,0.9756505,0.006036311,0.003666982,0.0043660174,topic_2,EMP00409,2024-H2
0.0040444927,0.0062357765,0.97565037,0.006036341,0.0036670004,0.0043660398,topic_2,EMP00410,2024-H1
0.9595472,0.009208895,0.010466462,0.008914372,0.005415368,0.0064476975,topic_0,EMP00410,2024-H2
0.0033281401,0.0051313085,0.0058320393,0.9790983,0.0030175087,0.0035927352,topic_3,EMP00411,2024-H1
0.0033281404,0.005131309,0.0058320463,0.9790983,0.003017509,0.0035927356,topic_3,EMP00411,2024-H2
0.0040444722,0.0062357453,0.9756505,0.006036311,0.003666982,0.0043660174,topic_2,EMP00412,2024-H1
0.0033281394,0.0051313075,0.0058320384,0.9790983,0.0030175082,0.0035927347,topic_3,EMP00412,2024-H2
0.0028273917,0.0043592574,0.0049545583,0.9822431,0.0025634978,0.0030521762,topic_3,EMP00413,2024-H1
0.0036515358,0.005629918,0.97801614,0.00544986,0.0033107204,0.003941842,topic_2,EMP00413,2024-H2
0.91019225,0.0037892598,0.077469066,0.0036680698,0.0022283052,0.002653086,topic_0,EMP00414,2024-H1
0.0028273852,0.0043592476,0.004954547,0.0042198277,0.0025634917,0.98107547,topic_5,EMP00414,2024-H2
0.0024576355,0.9846865,0.0043066186,0.0036679823,0.0022282526,0.0026530235,topic_1,EMP00415,2024-H1
0.002629595,0.98361504,0.0046079513,0.003924629,0.0023841623,0.0028386542,topic_1,EMP00415,2024-H2
0.0028273729,0.98238266,0.0049545243,0.0042198095,0.0025634805,0.003052156,topic_1,EMP00416,2024-H1
0.0026295453,0.98361534,0.0046078623,0.0039245547,0.002384117,0.0028386004,topic_1,EMP00416,2024-H2
0.0036515677,0.005629967,0.0063988226,0.005449907,0.0033107493,0.975559,topic_5,EMP00417,2024-H1
0.004044493,0.0062357774,0.97565037,0.006036342,0.003667001,0.00436604,topic_2,EMP00417,2024-H2
0.0028274297,0.004359316,0.004954628,0.9822429,0.002563532,0.0030522172,topic_3,EMP00418,2024-H1
0.003651526,0.005629903,0.9780162,0.005449845,0.0033107114,0.003941831,topic_2,EMP00418,2024-H2
0.0040444722,0.0062357453,0.9756505,0.006036311,0.003666982,0.0043660174,topic_2,EMP00419,2024-H1
0.0033281446,0.005131316,0.005832047,0.004967203,0.0030175126,0.9777238,topic_5,EMP00419,2024-H2
0.002827373,0.98238266,0.004954531,0.00421981,0.0025634808,0.0030521562,topic_1,EMP00420,2024-H1
0.0033281397,0.005131308,0.005832039,0.9790983,0.0030175084,0.003592735,topic_3,EMP00420,2024-H2
0.0036515156,0.005629887,0.97801626,0.005449829,0.003310702,0.00394182,topic_2,EMP00421,2024-H1
0.0024575994,0.98468673,0.0043065553,0.0036679283,0.0022282198,0.0026529843,topic_1,EMP00421,2024-H2
0.0033281404,0.005131309,0.0058320463,0.9790983,0.003017509,0.0035927356,topic_3,EMP00422,2024-H1
0.0024575922,0.9846868,0.0043065418,0.0036679176,0.0022282132,0.0026529767,topic_1,EMP00422,2024-H2
0.0033281401,0.005131308,0.0058320393,0.9790983,0.0030175087,0.0035927352,topic_3,EMP00423,2024-H1
0.0040444722,0.0062357453,0.9756505,0.006036311,0.003666982,0.0043660174,topic_2,EMP00423,2024-H2
0.0033281397,0.005131308,0.005832039,0.9790983,0.0030175084,0.003592735,topic_3,EMP00424,2024-H1
0.0040444722,0.0062357453,0.9756505,0.006036311,0.003666982,0.0043660174,topic_2,EMP00424,2024-H2
0.0040444722,0.0062357453,0.9756505,0.006036311,0.003666982,0.0043660174,topic_2,EMP00425,2024-H1
0.0033281401,0.005131308,0.0058320393,0.9790983,0.0030175087,0.0035927352,topic_3,EMP00425,2024-H2
0.9595472,0.009208894,0.01046646,0.008914371,0.005415367,0.0064476966,topic_0,EMP00426,2024-H1
0.0033282065,0.0051314128,0.0058321557,0.9790979,0.0030175687,0.0035928069,topic_3,EMP00426,2024-H2
0.0040444722,0.0062357453,0.9756505,0.006036311,0.003666982,0.0043660174,topic_2,EMP00427,2024-H1
0.0026295441,0.98361534,0.0046078605,0.0039245533,0.0023841162,0.0028385993,topic_1,EMP00427,2024-H2
0.98085076,0.0043592285,0.004954527,0.0042198095,0.0025634808,0.0030521562,topic_0,EMP00428,2024-H1
0.98085076,0.004359227,0.0049545257,0.0042198086,0.00256348,0.0030521553,topic_0,EMP00428,2024-H2
0.0026296268,0.9836148,0.0046080137,0.0039246767,0.0023841911,0.0028386887,topic_1,EMP00429,2024-H1
0.8311841,0.007947575,0.1429368,0.0076933913,0.0046736374,0.0055645714,topic_0,EMP00429,2024-H2
0.0040444727,0.0062357457,0.9756505,0.0060363114,0.0036669825,0.004366018,topic_2,EMP00430,2024-H1
0.0040444722,0.0062357453,0.9756505,0.006036311,0.003666982,0.0043660174,topic_2,EMP00430,2024-H2
0.002457662,0.9846863,0.0043066656,0.0036680219,0.0022282766,0.002653052,topic_1,EMP00431,2024-H1
0.0036515999,0.005630017,0.9780157,0.005449955,0.0033107784,0.003941911,topic_2,EMP00431,2024-H2
0.0033281401,0.005131308,0.0058320393,0.9790983,0.0030175087,0.0035927352,topic_3,EMP00432,2024-H1
0.0040444722,0.0062357453,0.9756505,0.006036311,0.003666982,0.0043660174,topic_2,EMP00432,2024-H2
0.0040444722,0.0062357453,0.9756505,0.006036311,0.003666982,0.0043660174,topic_2,EMP00433,2024-H1
0.0040444722,0.0062357453,0.9756505,0.006036311,0.003666982,0.0043660174,topic_2,EMP00433,2024-H2
0.0026295423,0.004054214,0.004607857,0.0039245505,0.9819452,0.0028385972,topic_4,EMP00434,2024-H1
0.9821906,0.0040542204,0.004607867,0.003924556,0.002384118,0.0028386016,topic_0,EMP00434,2024-H2
0.0028273712,0.98238266,0.004954521,0.0042198068,0.002563479,0.003052154,topic_1,EMP00435,2024-H1
0.002457591,0.9846868,0.00430654,0.0036679157,0.002228212,0.0026529755,topic_1,EMP00435,2024-H2
0.0036521612,0.0056308853,0.10918091,0.005450794,0.87214273,0.003942517,topic_4,EMP00436,2024-H1
0.0036515663,0.005629965,0.97801596,0.005449905,0.003310748,0.0039418745,topic_2,EMP00436,2024-H2
0.0026295432,0.0040542153,0.0046078586,0.0039245514,0.9819452,0.002838598,topic_4,EMP00437,2024-H1
0.98085076,0.004359228,0.004954529,0.004219809,0.0025634803,0.0030521557,topic_0,EMP00437,2024-H2
0.0028274772,0.0043593897,0.0049547073,0.0042199655,0.002563575,0.98107487,topic_5,EMP00438,2024-H1
0.98219013,0.0040543303,0.004607992,0.0039246627,0.0023841828,0.0028386787,topic_0,EMP00438,2024-H2
0.0030573867,0.004713862,0.005357587,0.9807987,0.002772026,0.0033004563,topic_3,EMP00439,2024-H1
0.0033281443,0.0051313154,0.0058320467,0.0049672024,0.0030175124,0.9777238,topic_5,EMP00439,2024-H2
0.0033281397,0.005131308,0.005832039,0.9790983,0.0030175084,0.003592735,topic_3,EMP00440,2024-H1
0.002827371,0.98238266,0.0049545206,0.0042198063,0.0025634787,0.0030521539,topic_1,EMP00440,2024-H2
0.0028273712,0.98238266,0.004954521,0.0042198068,0.002563479,0.003052154,topic_1,EMP00441,2024-H1
0.002827371,0.98238266,0.0049545206,0.0042198063,0.0025634787,0.0030521539,topic_1,EMP00441,2024-H2
0.0028273729,0.98238266,0.0049545304,0.0042198095,0.0025634805,0.003052156,topic_1,EMP00442,2024-H1
0.0033281401,0.005131308,0.0058320393,0.9790983,0.0030175087,0.0035927352,topic_3,EMP00442,2024-H2
0.003651647,0.005630089,0.9780155,0.005450025,0.003310821,0.0039419616,topic_2,EMP00443,2024-H1
0.9833551,0.0037891276,0.004306573,0.0036679418,0.0022282281,0.0026529944,topic_0,EMP00443,2024-H2
0.0040444722,0.0062357453,0.9756505,0.006036311,0.003666982,0.0043660174,topic_2,EMP00444,2024-H1
0.0040444727,0.0062357457,0.9756505,0.0060363114,0.0036669825,0.004366018,topic_2,EMP00444,2024-H2
0.0024575922,0.9846868,0.0043065418,0.0036679176,0.0022282132,0.0026529767,topic_1,EMP00445,2024-H1
0.0026295444,0.98361534,0.004607861,0.0039245533,0.0023841162,0.0028385995,topic_1,EMP00445,2024-H2
0.0030573874,0.004713864,0.005357588,0.0045631025,0.0027720267,0.979536,topic_5,EMP00446,2024-H1
0.0026295432,0.0040542153,0.0046078586,0.0039245514,0.9819452,0.002838598,topic_4,EMP00446,2024-H2
0.0033281443,0.0051313154,0.0058320467,0.0049672024,0.0030175124,0.9777238,topic_5,EMP00447,2024-H1
0.004044493,0.0062357774,0.97565037,0.006036342,0.003667001,0.00436604,topic_2,EMP00447,2024-H2
0.0028273729,0.98238266,0.0049545243,0.0042198095,0.0025634805,0.003052156,topic_1,EMP00448,2024-H1
0.0028273724,0.98238266,0.004954523,0.0042198086,0.00256348,0.0030521553,topic_1,EMP00448,2024-H2
0.0033281446,0.005131316,0.005832047,0.004967203,0.0030175126,0.9777238,topic_5,EMP00449,2024-H1
0.0033281443,0.0051313154,0.0058320467,0.0049672024,0.0030175124,0.9777238,topic_5,EMP00449,2024-H2
0.0030573874,0.004713864,0.005357588,0.0045631025,0.0027720267,0.979536,topic_5,EMP00450,2024-H1
0.98085076,0.004359227,0.0049545257,0.0042198086,0.00256348,0.0030521553,topic_0,EMP00450,2024-H2
0.002827371,0.98238266,0.0049545206,0.0042198063,0.0025634787,0.0030521539,topic_1,EMP00451,2024-H1
0.0026295455,0.98361534,0.004607863,0.003924555,0.0023841173,0.0028386007,topic_1,EMP00451,2024-H2
0.0030573874,0.004713864,0.005357588,0.0045631025,0.0027720267,0.979536,topic_5,EMP00452,2024-H1
0.0026295425,0.0040542143,0.0046078577,0.0039245505,0.9819452,0.0028385974,topic_4,EMP00452,2024-H2
0.14206299,0.004054744,0.004608463,0.84405047,0.0023844256,0.0028389678,topic_3,EMP00453,2024-H1
0.00365163,0.0056300634,0.97801554,0.00545,0.0033108057,0.0039419434,topic_2,EMP00453,2024-H2
0.0040444722,0.0062357453,0.9756505,0.006036311,0.003666982,0.0043660174,topic_2,EMP00454,2024-H1
0.0030573867,0.004713862,0.005357587,0.9807987,0.002772026,0.0033004563,topic_3,EMP00454,2024-H2
0.8292895,0.14374667,0.009032681,0.007693209,0.0046735266,0.0055644396,topic_0,EMP00455,2024-H1
0.0030575132,0.0047140587,0.0053578084,0.00456329,0.0027721408,0.97953516,topic_5,EMP00455,2024-H2
0.0028273843,0.0043592458,0.0049545458,0.9822432,0.0025634908,0.0030521683,topic_3,EMP00456,2024-H1
0.0024575994,0.98468673,0.0043065553,0.0036679283,0.0022282198,0.0026529843,topic_1,EMP00456,2024-H2
0.0036515358,0.005629918,0.97801614,0.00544986,0.0033107204,0.003941842,topic_2,EMP00457,2024-H1
0.0026295825,0.9836151,0.00460793,0.0039246106,0.0023841509,0.0028386407,topic_1,EMP00457,2024-H2
0.004044472,0.006235745,0.9756505,0.0060363105,0.0036669818,0.004366017,topic_2,EMP00458,2024-H1
0.0040444722,0.0062357453,0.9756505,0.006036311,0.003666982,0.0043660174,topic_2,EMP00458,2024-H2
0.0026295453,0.98361534,0.0046078674,0.0039245547,0.002384117,0.0028386004,topic_1,EMP00459,2024-H1
0.0033281404,0.005131309,0.0058320463,0.9790983,0.003017509,0.0035927356,topic_3,EMP00459,2024-H2
0.0040444722,0.0062357453,0.9756505,0.006036311,0.003666982,0.0043660174,topic_2,EMP00460,2024-H1
0.9595472,0.009208894,0.010466461,0.008914372,0.0054153674,0.006447697,topic_0,EMP00460,2024-H2
0.9821906,0.004054222,0.004607869,0.003924558,0.002384119,0.0028386028,topic_0,EMP00461,2024-H1
0.0028273815,0.004359242,0.0049545397,0.0042198226,0.0025634882,0.9810755,topic_5,EMP00461,2024-H2
0.0030574214,0.004713916,0.0053576487,0.0045631533,0.0027720574,0.97953576,topic_5,EMP00462,2024-H1
0.0030574219,0.004713917,0.0053576496,0.0045631537,0.002772058,0.97953576,topic_5,EMP00462,2024-H2
0.0028275228,0.0043594595,0.004954794,0.98224235,0.0025636165,0.0030523178,topic_3,EMP00463,2024-H1
0.00365163,0.005630063,0.97801554,0.00545,0.0033108057,0.0039419434,topic_2,EMP00463,2024-H2
0.002457662,0.9846863,0.004306665,0.0036680219,0.0022282766,0.002653052,topic_1,EMP00464,2024-H1
0.002457662,0.9846863,0.004306665,0.0036680216,0.0022282766,0.002653052,topic_1,EMP00464,2024-H2
0.0030573867,0.004713862,0.005357587,0.9807987,0.002772026,0.0033004563,topic_3,EMP00465,2024-H1
0.002457591,0.9846868,0.0043065394,0.0036679155,0.002228212,0.0026529753,topic_1,EMP00465,2024-H2
0.002629572,0.00405426,0.0046079094,0.9834855,0.0023841413,0.0028386295,topic_3,EMP00466,2024-H1
0.0036518015,0.0056303274,0.9780145,0.005450257,0.0033109612,0.0039421287,topic_2,EMP00466,2024-H2
0.0040444722,0.0062357453,0.9756505,0.006036311,0.003666982,0.0043660174,topic_2,EMP00467,2024-H1
0.0040444722,0.0062357453,0.9756505,0.006036311,0.003666982,0.0043660174,topic_2,EMP00467,2024-H2
0.0036515426,0.005629929,0.9780161,0.0054498697,0.0033107265,0.0039418493,topic_2,EMP00468,2024-H1
0.0030574005,0.0047138846,0.005357612,0.004563122,0.0027720386,0.97953594,topic_5,EMP00468,2024-H2
0.0028273724,0.98238266,0.0049545295,0.0042198086,0.00256348,0.0030521553,topic_1,EMP00469,2024-H1
0.0040444722,0.0062357453,0.9756505,0.006036311,0.003666982,0.0043660174,topic_2,EMP00469,2024-H2
0.0028274404,0.0043593324,0.004954643,0.9822428,0.0025635415,0.0030522286,topic_3,EMP00470,2024-H1
0.9650928,0.007946477,0.009031653,0.0076923296,0.004672992,0.005563803,topic_0,EMP00470,2024-H2
0.0028275223,0.0043594586,0.004954787,0.98224235,0.002563616,0.003052317,topic_3,EMP00471,2024-H1
0.003651743,0.0056302375,0.9780149,0.005450169,0.003310908,0.0039420654,topic_2,EMP00471,2024-H2
0.0028273945,0.0043592616,0.0049545676,0.9822431,0.0025635,0.0030521792,topic_3,EMP00472,2024-H1
0.0036515624,0.0056299586,0.97801596,0.0054498995,0.0033107442,0.0039418703,topic_2,EMP00472,2024-H2
0.00282744,0.0043593314,0.004954642,0.9822428,0.0025635413,0.0030522281,topic_3,EMP00473,2024-H1
0.0036518022,0.0056303293,0.9780145,0.0054502576,0.0033109619,0.003942129,topic_2,EMP00473,2024-H2
0.002827425,0.0043593086,0.0049546156,0.98224294,0.0025635276,0.003052212,topic_3,EMP00474,2024-H1
0.82960343,0.007947595,0.009032922,0.14317779,0.004673649,0.005564585,topic_0,EMP00474,2024-H2
0.0040444722,0.0062357453,0.9756505,0.006036311,0.003666982,0.0043660174,topic_2,EMP00475,2024-H1
0.9595472,0.009208894,0.01046646,0.008914371,0.005415367,0.0064476966,topic_0,EMP00475,2024-H2
0.0024576623,0.9846863,0.004306664,0.0036680219,0.0022282766,0.0026530523,topic_1,EMP00476,2024-H1
0.0023068094,0.9856263,0.0040423186,0.0034428767,0.0020915037,0.0024902062,topic_1,EMP00476,2024-H2
0.0033281443,0.0051313154,0.0058320467,0.0049672024,0.0030175124,0.9777238,topic_5,EMP00477,2024-H1
0.0040444955,0.0062357844,0.0070873415,0.0060363463,0.97222996,0.0043660426,topic_4,EMP00477,2024-H2
0.0033281401,0.005131308,0.0058320393,0.9790983,0.0030175087,0.0035927352,topic_3,EMP00478,2024-H1
0.0040444722,0.0062357453,0.9756505,0.006036311,0.003666982,0.0043660174,topic_2,EMP00478,2024-H2
0.0028273724,0.98238266,0.004954523,0.0042198086,0.00256348,0.0030521553,topic_1,EMP00479,2024-H1
0.0028273715,0.98238266,0.0049545215,0.004219807,0.0025634794,0.0030521543,topic_1,EMP00479,2024-H2
0.98335516,0.0037891164,0.0043065604,0.0036679308,0.0022282214,0.0026529864,topic_0,EMP00480,2024-H1
0.98219055,0.0040542344,0.0046078837,0.00392457,0.0023841264,0.0028386116,topic_0,EMP00480,2024-H2
0.9066098,0.004054529,0.004608218,0.0039248555,0.077963784,0.002838818,topic_0,EMP00481,2024-H1
0.0028273999,0.00435927,0.0049545714,0.0042198496,0.002563505,0.9810754,topic_5,EMP00481,2024-H2
0.0040444722,0.0062357453,0.9756505,0.006036311,0.003666982,0.0043660174,topic_2,EMP00482,2024-H1
0.0030573867,0.004713862,0.005357587,0.9807987,0.002772026,0.0033004563,topic_3,EMP00482,2024-H2
0.002629562,0.9836152,0.0046078935,0.0039245803,0.0023841322,0.0028386186,topic_1,EMP00483,2024-H1
0.0024576075,0.9846867,0.0043065697,0.0036679409,0.0022282272,0.0026529934,topic_1,EMP00483,2024-H2
0.0028273843,0.0043592458,0.0049545458,0.9822432,0.0025634908,0.0030521683,topic_3,EMP00484,2024-H1
0.0036515319,0.005629912,0.97801614,0.0054498534,0.0033107167,0.003941837,topic_2,EMP00484,2024-H2
0.98085076,0.004359227,0.0049545257,0.0042198086,0.00256348,0.0030521553,topic_0,EMP00485,2024-H1
0.0030573874,0.004713864,0.005357588,0.0045631025,0.0027720267,0.979536,topic_5,EMP00485,2024-H2
0.0028273722,0.98238266,0.004954529,0.004219808,0.0025634798,0.003052155,topic_1,EMP00486,2024-H1
0.0028273712,0.98238266,0.004954521,0.0042198068,0.002563479,0.003052154,topic_1,EMP00486,2024-H2
0.0028273729,0.98238266,0.0049545243,0.0042198095,0.0025634805,0.003052156,topic_1,EMP00487,2024-H1
0.0028273712,0.98238266,0.004954521,0.0042198068,0.002563479,0.003052154,topic_1,EMP00487,2024-H2
0.0033281446,0.005131316,0.005832047,0.004967203,0.0030175126,0.9777238,topic_5,EMP00488,2024-H1
0.0028273712,0.98238266,0.004954521,0.004219807,0.0025634791,0.003052154,topic_1,EMP00488,2024-H2
0.0026295555,0.004054235,0.004607882,0.98348564,0.0023841264,0.0028386116,topic_3,EMP00489,2024-H1
0.0026295527,0.9836153,0.0046078763,0.003924566,0.0023841239,0.0028386083,topic_1,EMP00489,2024-H2
0.0030573867,0.004713862,0.005357587,0.9807987,0.002772026,0.0033004563,topic_3,EMP00490,2024-H1
0.0033281404,0.005131309,0.0058320463,0.9790983,0.003017509,0.0035927356,topic_3,EMP00490,2024-H2
0.0040444722,0.0062357453,0.9756505,0.006036311,0.003666982,0.0043660174,topic_2,EMP00491,2024-H1
0.0028273712,0.98238266,0.004954521,0.004219807,0.0025634791,0.003052154,topic_1,EMP00491,2024-H2
0.0040445207,0.0062358193,0.007087406,0.0060363826,0.0036670258,0.9729288,topic_5,EMP00492,2024-H1
0.0040444927,0.0062357765,0.97565037,0.006036341,0.0036670004,0.0043660398,topic_2,EMP00492,2024-H2
0.0030574414,0.004713947,0.0053576827,0.004563183,0.0027720756,0.97953564,topic_5,EMP00493,2024-H1
0.0036515766,0.0056299833,0.006398813,0.005449921,0.9749278,0.0039418857,topic_4,EMP00493,2024-H2
0.0040444722,0.0062357453,0.9756505,0.006036311,0.003666982,0.0043660174,topic_2,EMP00494,2024-H1
0.0040444722,0.0062357453,0.9756505,0.006036311,0.003666982,0.0043660174,topic_2,EMP00494,2024-H2
0.0040444927,0.0062357765,0.97565037,0.006036341,0.0036670004,0.0043660398,topic_2,EMP00495,2024-H1
0.0040444955,0.0062357853,0.0070873415,0.0060363463,0.97222996,0.0043660426,topic_4,EMP00495,2024-H2
0.0026295425,0.0040542143,0.0046078577,0.0039245505,0.9819452,0.0028385974,topic_4,EMP00496,2024-H1
0.98085076,0.0043592276,0.004954529,0.0042198086,0.0025634803,0.0030521555,topic_0,EMP00496,2024-H2
0.0030573874,0.004713864,0.005357588,0.0045631025,0.0027720267,0.979536,topic_5,EMP00497,2024-H1
0.0026295423,0.004054214,0.004607857,0.0039245505,0.9819452,0.0028385972,topic_4,EMP00497,2024-H2
0.0026295432,0.0040542153,0.0046078586,0.0039245514,0.9819452,0.002838598,topic_4,EMP00498,2024-H1
0.0026295425,0.0040542143,0.0046078577,0.0039245505,0.9819452,0.0028385974,topic_4,EMP00498,2024-H2
0.0033281401,0.005131308,0.0058320393,0.9790983,0.0030175087,0.0035927352,topic_3,EMP00499,2024-H1
0.0040444722,0.0062357453,0.9756505,0.006036311,0.003666982,0.0043660174,topic_2,EMP00499,2024-H2
0.0040444722,0.0062357453,0.9756505,0.006036311,0.003666982,0.0043660174,topic_2,EMP00500,2024-H1
0.002629546,0.98361534,0.0046078637,0.003924556,0.0023841178,0.0028386011,topic_1,EMP00500,2024-H2
0.9026271,0.0040543834,0.08417087,0.0039247144,0.0023842135,0.0028387152,topic_0,EMP00501,2024-H1
0.0024575943,0.0037891055,0.0043065464,0.0036679206,0.98312587,0.002652979,topic_4,EMP00501,2024-H2
0.0040444722,0.0062357453,0.9756505,0.006036311,0.003666982,0.0043660174,topic_2,EMP00502,2024-H1
0.0033281392,0.005131307,0.005832038,0.9790983,0.0030175077,0.0035927342,topic_3,EMP00502,2024-H2
0.98085076,0.004359227,0.0049545257,0.0042198086,0.00256348,0.0030521553,topic_0,EMP00503,2024-H1
0.0030573874,0.004713864,0.005357588,0.0045631025,0.0027720267,0.979536,topic_5,EMP00503,2024-H2
0.0036515624,0.0056299586,0.97801596,0.005449899,0.0033107442,0.0039418703,topic_2,EMP00504,2024-H1
0.0028274665,0.0043593724,0.0049546952,0.98224264,0.0025635653,0.003052257,topic_3,EMP00504,2024-H2
0.0030573867,0.004713862,0.005357587,0.9807987,0.002772026,0.0033004563,topic_3,EMP00505,2024-H1
0.0033281401,0.005131308,0.0058320393,0.9790983,0.0030175087,0.0035927352,topic_3,EMP00505,2024-H2
0.002629564,0.0040542474,0.0046078954,0.9834856,0.0023841339,0.0028386205,topic_3,EMP00506,2024-H1
0.002827394,0.0043592607,0.0049545616,0.9822431,0.0025634996,0.0030521788,topic_3,EMP00506,2024-H2
0.002457613,0.0037891343,0.004306578,0.0036679485,0.9831257,0.0026529992,topic_4,EMP00507,2024-H1
0.0028274779,0.0043593906,0.004954708,0.004219966,0.0025635757,0.98107487,topic_5,EMP00507,2024-H2
0.0030573874,0.004713864,0.005357588,0.0045631025,0.0027720267,0.979536,topic_5,EMP00508,2024-H1
0.98085076,0.004359229,0.0049545295,0.00421981,0.002563481,0.0030521564,topic_0,EMP00508,2024-H2
0.0028273724,0.98238266,0.0049545295,0.0042198086,0.00256348,0.0030521553,topic_1,EMP00509,2024-H1
0.0040444722,0.0062357453,0.9756505,0.006036311,0.003666982,0.0043660174,topic_2,EMP00509,2024-H2
0.0026295448,0.98361534,0.004607862,0.003924554,0.0023841166,0.0028386002,topic_1,EMP00510,2024-H1
0.0026295446,0.98361534,0.004607861,0.0039245537,0.0023841164,0.0028385997,topic_1,EMP00510,2024-H2
0.0040444722,0.0062357453,0.9756505,0.006036311,0.003666982,0.0043660174,topic_2,EMP00511,2024-H1
0.0040444722,0.0062357453,0.9756505,0.006036311,0.003666982,0.0043660174,topic_2,EMP00511,2024-H2
0.0040444722,0.0062357453,0.9756505,0.006036311,0.003666982,0.0043660174,topic_2,EMP00512,2024-H1
0.0040444727,0.0062357457,0.9756505,0.0060363114,0.0036669825,0.004366018,topic_2,EMP00512,2024-H2
0.98085076,0.0043592285,0.004954527,0.0042198095,0.0025634808,0.0030521562,topic_0,EMP00513,2024-H1
0.98085076,0.0043592285,0.004954527,0.0042198095,0.0025634808,0.0030521562,topic_0,EMP00513,2024-H2
0.0040444722,0.0062357453,0.9756505,0.006036311,0.003666982,0.0043660174,topic_2,EMP00514,2024-H1
0.0028273724,0.98238266,0.004954523,0.0042198086,0.00256348,0.0030521553,topic_1,EMP00514,2024-H2
0.0033281446,0.005131316,0.005832047,0.004967203,0.0030175126,0.9777238,topic_5,EMP00515,2024-H1
0.0040444722,0.0062357453,0.9756505,0.006036311,0.003666982,0.0043660174,topic_2,EMP00515,2024-H2
0.0040444722,0.0062357453,0.9756505,0.006036311,0.003666982,0.0043660174,topic_2,EMP00516,2024-H1
0.0026295462,0.98361534,0.0046078637,0.003924556,0.0023841178,0.0028386014,topic_1,EMP00516,2024-H2
0.9821906,0.0040542204,0.0046078684,0.003924556,0.002384118,0.0028386016,topic_0,EMP00517,2024-H1
0.0026295432,0.0040542153,0.0046078586,0.0039245514,0.9819452,0.002838598,topic_4,EMP00517,2024-H2
0.0030573867,0.004713862,0.005357587,0.9807987,0.002772026,0.0033004563,topic_3,EMP00518,2024-H1
0.0026295446,0.98361534,0.004607861,0.0039245537,0.0023841164,0.0028385997,topic_1,EMP00518,2024-H2
0.0040444722,0.0062357453,0.9756505,0.006036311,0.003666982,0.0043660174,topic_2,EMP00519,2024-H1
0.0040444722,0.0062357453,0.9756505,0.006036311,0.003666982,0.0043660174,topic_2,EMP00519,2024-H2
0.0040444722,0.0062357453,0.9756505,0.006036311,0.003666982,0.0043660174,topic_2,EMP00520,2024-H1
0.002827372,0.98238266,0.0049545225,0.004219808,0.0025634796,0.0030521548,topic_1,EMP00520,2024-H2
0.9821905,0.004054249,0.0046078996,0.003924584,0.0023841348,0.0028386216,topic_0,EMP00521,2024-H1
0.9833551,0.0037891273,0.004306572,0.0036679415,0.002228228,0.0026529941,topic_0,EMP00521,2024-H2
0.0033281446,0.005131316,0.005832047,0.004967203,0.0030175126,0.9777238,topic_5,EMP00522,2024-H1
0.0036515594,0.005629954,0.19507441,0.0054498944,0.0033107416,0.7868834,topic_5,EMP00522,2024-H2
0.9821906,0.004054222,0.004607869,0.003924558,0.002384119,0.0028386028,topic_0,EMP00523,2024-H1
0.0028273815,0.004359242,0.0049545397,0.0042198226,0.0025634882,0.9810755,topic_5,EMP00523,2024-H2
0.0024576613,0.9846863,0.004306663,0.0036680207,0.0022282759,0.0026530512,topic_1,EMP00524,2024-H1
0.0024576623,0.9846863,0.004306664,0.0036680223,0.0022282766,0.0026530523,topic_1,EMP00524,2024-H2
0.002629626,0.9836148,0.004608006,0.0039246758,0.0023841904,0.0028386877,topic_1,EMP00525,2024-H1
0.003651563,0.00562996,0.97801596,0.0054499,0.0033107449,0.003941871,topic_2,EMP00525,2024-H2
0.0036517978,0.0056303223,0.9780145,0.0054502515,0.003310958,0.0039421245,topic_2,EMP00526,2024-H1
0.002629738,0.98361415,0.0046082013,0.0039248434,0.002384292,0.0028388086,topic_1,EMP00526,2024-H2
0.9821905,0.0040542493,0.0046079,0.0039245845,0.002384135,0.0028386218,topic_0,EMP00527,2024-H1
0.9821905,0.0040542493,0.0046079,0.0039245845,0.002384135,0.0028386218,topic_0,EMP00527,2024-H2
0.0040444722,0.0062357453,0.9756505,0.006036311,0.003666982,0.0043660174,topic_2,EMP00528,2024-H1
0.0026295455,0.98361534,0.004607863,0.003924555,0.0023841173,0.0028386007,topic_1,EMP00528,2024-H2
0.0040444722,0.0062357453,0.9756505,0.006036311,0.003666982,0.0043660174,topic_2,EMP00529,2024-H1
0.0024575922,0.9846868,0.0043065418,0.0036679176,0.0022282132,0.0026529767,topic_1,EMP00529,2024-H2
0.0026295423,0.004054214,0.004607857,0.0039245505,0.9819452,0.0028385972,topic_4,EMP00530,2024-H1
0.0030573874,0.004713864,0.005357588,0.0045631025,0.0027720267,0.979536,topic_5,EMP00530,2024-H2
0.0026295467,0.98361534,0.0046078647,0.003924557,0.0023841183,0.002838602,topic_1,EMP00531,2024-H1
0.002827371,0.98238266,0.0049545206,0.0042198063,0.0025634787,0.0030521539,topic_1,EMP00531,2024-H2
0.0026295462,0.98361534,0.0046078637,0.003924556,0.0023841178,0.0028386014,topic_1,EMP00532,2024-H1
0.0024575908,0.9846868,0.0043065394,0.0036679152,0.0022282118,0.0026529753,topic_1,EMP00532,2024-H2
0.0040444927,0.0062357765,0.97565037,0.006036341,0.0036670004,0.0043660398,topic_2,EMP00533,2024-H1
0.0040445207,0.0062358193,0.007087406,0.0060363826,0.0036670258,0.9729288,topic_5,EMP00533,2024-H2
0.0033281401,0.005131308,0.0058320393,0.9790983,0.0030175087,0.0035927352,topic_3,EMP00534,2024-H1
0.0040444722,0.0062357453,0.9756505,0.006036311,0.003666982,0.0043660174,topic_2,EMP00534,2024-H2
0.0036515128,0.0056298827,0.87949723,0.10396891,0.0033106995,0.003941817,topic_2,EMP00535,2024-H1
0.002629544,0.004054216,0.00460786,0.9834857,0.0023841157,0.002838599,topic_3,EMP00535,2024-H2
0.0026295432,0.0040542153,0.0046078586,0.0039245514,0.9819452,0.002838598,topic_4,EMP00536,2024-H1
0.9821906,0.0040542204,0.004607867,0.003924556,0.002384118,0.0028386016,topic_0,EMP00536,2024-H2
0.0040444722,0.0062357453,0.9756505,0.006036311,0.003666982,0.0043660174,topic_2,EMP00537,2024-H1
0.002827373,0.98238266,0.004954531,0.00421981,0.0025634808,0.0030521562,topic_1,EMP00537,2024-H2
0.15294825,0.004359637,0.004954991,0.832121,0.0025637203,0.0030524416,topic_3,EMP00538,2024-H1
0.0036516304,0.005630064,0.97801554,0.0054500005,0.003310806,0.003941944,topic_2,EMP00538,2024-H2
0.0040444727,0.0062357457,0.9756505,0.0060363114,0.0036669825,0.004366018,topic_2,EMP00539,2024-H1
0.0026295448,0.98361534,0.004607862,0.003924554,0.0023841166,0.0028386002,topic_1,EMP00539,2024-H2
0.0026295432,0.0040542153,0.0046078586,0.0039245514,0.9819452,0.002838598,topic_4,EMP00540,2024-H1
0.98085076,0.004359227,0.0049545257,0.0042198086,0.00256348,0.0030521553,topic_0,EMP00540,2024-H2
0.0026296752,0.0040544188,0.0046080905,0.98348486,0.0023842347,0.0028387406,topic_3,EMP00541,2024-H1
0.0036518013,0.005630327,0.9780145,0.0054502557,0.003310961,0.0039421283,topic_2,EMP00541,2024-H2
0.0036515156,0.005629887,0.97801626,0.005449829,0.003310702,0.00394182,topic_2,EMP00542,2024-H1
0.0024575994,0.98468673,0.0043065553,0.0036679283,0.0022282198,0.0026529843,topic_1,EMP00542,2024-H2
0.002827372,0.98238266,0.0049545225,0.004219808,0.0025634796,0.0030521548,topic_1,EMP00543,2024-H1
0.0028273717,0.98238266,0.004954522,0.0042198077,0.0025634794,0.0030521546,topic_1,EMP00543,2024-H2
0.0033281397,0.005131308,0.005832039,0.9790983,0.0030175084,0.003592735,topic_3,EMP00544,2024-H1
0.0028273729,0.98238266,0.0049545243,0.0042198095,0.0025634805,0.003052156,topic_1,EMP00544,2024-H2
0.0030575136,0.0047140587,0.00535781,0.0045632906,0.002772141,0.97953516,topic_5,EMP00545,2024-H1
0.0036518185,0.005630354,0.9780144,0.0054502813,0.0033109765,0.003942147,topic_2,EMP00545,2024-H2
0.002827371,0.98238266,0.0049545206,0.0042198063,0.0025634787,0.0030521539,topic_1,EMP00546,2024-H1
0.0040444722,0.0062357453,0.9756505,0.006036311,0.003666982,0.0043660174,topic_2,EMP00546,2024-H2
0.0033281446,0.005131316,0.005832047,0.004967203,0.0030175126,0.9777238,topic_5,EMP00547,2024-H1
0.0033281446,0.005131316,0.005832047,0.004967203,0.0030175126,0.9777238,topic_5,EMP00547,2024-H2
0.0033281401,0.005131308,0.0058320393,0.9790983,0.0030175087,0.0035927352,topic_3,EMP00548,2024-H1
0.0040444722,0.0062357453,0.9756505,0.006036311,0.003666982,0.0043660174,topic_2,EMP00548,2024-H2
0.0030574768,0.004714001,0.0053577633,0.004563236,0.0027721077,0.9795354,topic_5,EMP00549,2024-H1
0.0030574414,0.004713947,0.005357683,0.004563183,0.0027720756,0.97953564,topic_5,EMP00549,2024-H2
0.002306786,0.98562646,0.0040422785,0.0034428416,0.0020914823,0.002490181,topic_1,EMP00550,2024-H1
0.003651582,0.0056299893,0.97801584,0.0054499283,0.003310762,0.0039418917,topic_2,EMP00550,2024-H2
0.0026295427,0.0040542143,0.0046078577,0.003924551,0.9819452,0.0028385976,topic_4,EMP00551,2024-H1
0.98085076,0.004359227,0.0049545257,0.0042198086,0.00256348,0.0030521553,topic_0,EMP00551,2024-H2
0.9595472,0.009208893,0.010466459,0.00891437,0.0054153665,0.006447696,topic_0,EMP00552,2024-H1
0.0033282065,0.0051314128,0.0058321557,0.9790979,0.0030175687,0.0035928069,topic_3,EMP00552,2024-H2
0.0033281404,0.005131309,0.0058320463,0.9790983,0.003017509,0.0035927356,topic_3,EMP00553,2024-H1
0.0033281404,0.005131309,0.0058320463,0.9790983,0.003017509,0.0035927356,topic_3,EMP00553,2024-H2
0.0030573874,0.004713864,0.005357588,0.0045631025,0.0027720267,0.979536,topic_5,EMP00554,2024-H1
0.002629543,0.004054215,0.0046078586,0.0039245514,0.9819452,0.002838598,topic_4,EMP00554,2024-H2
0.0026295555,0.0040542344,0.004607882,0.98348564,0.0023841262,0.0028386114,topic_3,EMP00555,2024-H1
0.0024575992,0.98468673,0.0043065595,0.0036679278,0.0022282195,0.002652984,topic_1,EMP00555,2024-H2
0.0040444727,0.0062357457,0.9756505,0.0060363114,0.0036669825,0.004366018,topic_2,EMP00556,2024-H1
0.0026295462,0.98361534,0.0046078637,0.003924556,0.0023841178,0.0028386014,topic_1,EMP00556,2024-H2
0.0028273729,0.98238266,0.0049545243,0.0042198095,0.0025634805,0.003052156,topic_1,EMP00557,2024-H1
0.002827373,0.98238266,0.004954531,0.00421981,0.0025634808,0.0030521562,topic_1,EMP00557,2024-H2
0.0036515251,0.0056299013,0.9780162,0.0054498436,0.0033107107,0.0039418302,topic_2,EMP00558,2024-H1
0.002306759,0.9856266,0.004042231,0.003442801,0.0020914578,0.0024901517,topic_1,EMP00558,2024-H2
0.0033281401,0.005131308,0.0058320393,0.9790983,0.0030175087,0.0035927352,topic_3,EMP00559,2024-H1
0.0033281397,0.005131308,0.005832039,0.9790983,0.0030175084,0.003592735,topic_3,EMP00559,2024-H2
0.8292121,0.007947319,0.0090326145,0.1435701,0.0046734866,0.0055643916,topic_0,EMP00560,2024-H1
0.003057468,0.0047139893,0.0053577297,0.9807982,0.0027720996,0.003300544,topic_3,EMP00560,2024-H2
0.90262663,0.0040543834,0.08417133,0.0039247144,0.0023842135,0.0028387152,topic_0,EMP00561,2024-H1
0.0024575943,0.0037891055,0.0043065464,0.0036679206,0.98312587,0.002652979,topic_4,EMP00561,2024-H2
0.0040444722,0.0062357453,0.9756505,0.006036311,0.003666982,0.0043660174,topic_2,EMP00562,2024-H1
0.0028273722,0.98238266,0.004954523,0.0042198086,0.0025634798,0.003052155,topic_1,EMP00562,2024-H2
0.0040444722,0.0062357453,0.9756505,0.006036311,0.003666982,0.0043660174,topic_2,EMP00563,2024-H1
0.0033281404,0.005131309,0.0058320463,0.9790983,0.003017509,0.0035927356,topic_3,EMP00563,2024-H2
0.0026296265,0.9836148,0.0046080123,0.003924676,0.0023841907,0.0028386882,topic_1,EMP00564,2024-H1
0.002629626,0.0040543433,0.0046080053,0.98348516,0.0023841904,0.0028386877,topic_3,EMP00564,2024-H2
0.0040444722,0.0062357453,0.9756505,0.006036311,0.003666982,0.0043660174,topic_2,EMP00565,2024-H1
0.0040444722,0.0062357453,0.9756505,0.006036311,0.003666982,0.0043660174,topic_2,EMP00565,2024-H2
0.0026295448,0.98361534,0.004607862,0.003924554,0.0023841166,0.0028386002,topic_1,EMP00566,2024-H1
0.0028273724,0.98238266,0.0049545295,0.0042198086,0.00256348,0.0030521553,topic_1,EMP00566,2024-H2
0.002827372,0.98238266,0.0049545225,0.0042198077,0.0025634796,0.0030521548,topic_1,EMP00567,2024-H1
0.0033281404,0.005131309,0.0058320463,0.9790983,0.003017509,0.0035927356,topic_3,EMP00567,2024-H2
0.0040444722,0.0062357453,0.9756505,0.006036311,0.003666982,0.0043660174,topic_2,EMP00568,2024-H1
0.0028273708,0.98238266,0.00495452,0.0042198063,0.0025634784,0.0030521536,topic_1,EMP00568,2024-H2
0.004044493,0.0062357774,0.97565037,0.006036342,0.003667001,0.00436604,topic_2,EMP00569,2024-H1
0.0033282065,0.0051314128,0.0058321557,0.9790979,0.0030175687,0.0035928069,topic_3,EMP00569,2024-H2
0.0024576623,0.9846863,0.004306666,0.0036680223,0.0022282768,0.0026530523,topic_1,EMP00570,2024-H1
0.003651584,0.005629992,0.97801584,0.005449931,0.003310764,0.0039418936,topic_2,EMP00570,2024-H2
0.0024576462,0.0037891853,0.004306637,0.003667998,0.9831255,0.0026530349,topic_4,EMP00571,2024-H1
0.98219043,0.004054265,0.0046079187,0.0039246,0.0023841446,0.0028386333,topic_0,EMP00571,2024-H2
0.0028273729,0.98238266,0.0049545304,0.0042198095,0.0025634805,0.003052156,topic_1,EMP00572,2024-H1
0.0030573867,0.004713862,0.005357587,0.9807987,0.002772026,0.0033004563,topic_3,EMP00572,2024-H2
0.0024576623,0.9846863,0.004306666,0.0036680223,0.0022282768,0.0026530523,topic_1,EMP00573,2024-H1
0.003651578,0.005629983,0.9780159,0.0054499228,0.0033107584,0.003941887,topic_2,EMP00573,2024-H2
0.0033281401,0.005131308,0.0058320393,0.9790983,0.0030175087,0.0035927352,topic_3,EMP00574,2024-H1
0.0026295458,0.98361534,0.0046078633,0.0039245556,0.0023841176,0.0028386011,topic_1,EMP00574,2024-H2
0.0026295823,0.9836151,0.004607933,0.00392461,0.0023841506,0.0028386405,topic_1,EMP00575,2024-H1
0.0028275226,0.004359459,0.0049547865,0.98224235,0.002563616,0.0030523173,topic_3,EMP00575,2024-H2
0.003057457,0.0047139707,0.005357723,0.0045632063,0.0027720898,0.9795355,topic_5,EMP00576,2024-H1
0.0036516506,0.0056300974,0.006398942,0.0054500313,0.9749273,0.0039419658,topic_4,EMP00576,2024-H2
0.0026295455,0.98361534,0.004607868,0.003924555,0.0023841173,0.0028386007,topic_1,EMP00577,2024-H1
0.0033281397,0.005131308,0.005832039,0.9790983,0.0030175084,0.003592735,topic_3,EMP00577,2024-H2
0.0040444722,0.0062357453,0.9756505,0.006036311,0.003666982,0.0043660174,topic_2,EMP00578,2024-H1
0.002457591,0.9846868,0.00430654,0.0036679157,0.002228212,0.0026529755,topic_1,EMP00578,2024-H2
0.0040444722,0.0062357453,0.9756505,0.006036311,0.003666982,0.0043660174,topic_2,EMP00579,2024-H1
0.0026295448,0.98361534,0.004607862,0.003924554,0.0023841166,0.0028386002,topic_1,EMP00579,2024-H2
0.0033281404,0.005131309,0.0058320463,0.9790983,0.003017509,0.0035927356,topic_3,EMP00580,2024-H1
0.0040444722,0.0062357453,0.9756505,0.006036311,0.003666982,0.0043660174,topic_2,EMP00580,2024-H2
0.003651516,0.0056298873,0.97801626,0.0054498296,0.0033107023,0.0039418205,topic_2,EMP00581,2024-H1
0.003651516,0.0056298873,0.97801626,0.0054498296,0.0033107023,0.0039418205,topic_2,EMP00581,2024-H2
0.0033281397,0.005131308,0.005832039,0.9790983,0.0030175084,0.003592735,topic_3,EMP00582,2024-H1
0.0033281401,0.005131308,0.0058320393,0.9790983,0.0030175087,0.0035927352,topic_3,EMP00582,2024-H2
0.0036515156,0.005629887,0.97801626,0.005449829,0.003310702,0.00394182,topic_2,EMP00583,2024-H1
0.003651516,0.0056298873,0.97801626,0.0054498296,0.0033107023,0.0039418205,topic_2,EMP00583,2024-H2
0.0026295467,0.98361534,0.0046078647,0.003924557,0.0023841183,0.002838602,topic_1,EMP00584,2024-H1
0.0040444722,0.0062357453,0.9756505,0.006036311,0.003666982,0.0043660174,topic_2,EMP00584,2024-H2
0.0040444722,0.0062357453,0.9756505,0.006036311,0.003666982,0.0043660174,topic_2,EMP00585,2024-H1
0.0026295455,0.98361534,0.004607863,0.003924555,0.0023841173,0.0028386007,topic_1,EMP00585,2024-H2
0.003328144,0.005131315,0.0058320463,0.0049672024,0.0030175122,0.9777238,topic_5,EMP00586,2024-H1
0.0040444927,0.0062357765,0.97565037,0.006036341,0.0036670004,0.0043660398,topic_2,EMP00586,2024-H2
0.0033281394,0.0051313075,0.0058320384,0.9790983,0.0030175082,0.0035927347,topic_3,EMP00587,2024-H1
0.0033281404,0.005131309,0.0058320463,0.9790983,0.003017509,0.0035927356,topic_3,EMP00587,2024-H2
0.0028274085,0.004359283,0.004954589,0.98224306,0.0025635127,0.0030521944,topic_3,EMP00588,2024-H1
0.002629563,0.9836152,0.004607895,0.003924581,0.0023841332,0.0028386195,topic_1,EMP00588,2024-H2
0.0040444722,0.0062357453,0.9756505,0.006036311,0.003666982,0.0043660174,topic_2,EMP00589,2024-H1
0.0033281404,0.005131309,0.0058320463,0.9790983,0.003017509,0.0035927356,topic_3,EMP00589,2024-H2
0.0024577586,0.9846857,0.0043068347,0.003668166,0.002228364,0.0026531564,topic_1,EMP00590,2024-H1
0.0036518027,0.0056303297,0.9780145,0.0054502576,0.003310962,0.0039421297,topic_2,EMP00590,2024-H2
0.98085076,0.004359227,0.0049545257,0.0042198086,0.00256348,0.0030521553,topic_0,EMP00591,2024-H1
0.98085076,0.0043592285,0.004954527,0.0042198095,0.0025634808,0.0030521562,topic_0,EMP00591,2024-H2
0.98219055,0.00405424,0.0046078893,0.003924575,0.0023841297,0.0028386153,topic_0,EMP00592,2024-H1
0.98219055,0.00405424,0.0046078893,0.003924575,0.0023841297,0.0028386153,topic_0,EMP00592,2024-H2
0.004044496,0.006235785,0.007087342,0.0060363472,0.97222996,0.004366043,topic_4,EMP00593,2024-H1
0.004044495,0.006235784,0.0070873406,0.006036346,0.97222996,0.004366042,topic_4,EMP00593,2024-H2
0.002629546,0.98361534,0.0046078637,0.003924556,0.0023841178,0.0028386011,topic_1,EMP00594,2024-H1
0.0033281397,0.005131308,0.005832039,0.9790983,0.0030175084,0.003592735,topic_3,EMP00594,2024-H2
0.0026295555,0.004054235,0.004607882,0.98348564,0.0023841264,0.0028386116,topic_3,EMP00595,2024-H1
0.0036515156,0.005629887,0.97801626,0.005449829,0.003310702,0.00394182,topic_2,EMP00595,2024-H2
0.0026295432,0.0040542153,0.0046078586,0.0039245514,0.9819452,0.002838598,topic_4,EMP00596,2024-H1
0.98085076,0.0043592285,0.004954527,0.0042198095,0.0025634808,0.0030521562,topic_0,EMP00596,2024-H2
0.0033281404,0.005131309,0.0058320463,0.9790983,0.003017509,0.0035927356,topic_3,EMP00597,2024-H1
0.0033281404,0.005131309,0.0058320463,0.9790983,0.003017509,0.0035927356,topic_3,EMP00597,2024-H2
0.0036515163,0.005629888,0.97801626,0.00544983,0.0033107025,0.0039418205,topic_2,EMP00598,2024-H1
0.0028273922,0.0043592583,0.004954566,0.9822431,0.002563498,0.0030521767,topic_3,EMP00598,2024-H2
0.002629604,0.0040543093,0.004607966,0.9834853,0.0023841702,0.0028386638,topic_3,EMP00599,2024-H1
0.0026296268,0.9836148,0.0046080127,0.0039246767,0.002384191,0.0028386884,topic_1,EMP00599,2024-H2
0.9833548,0.0037891995,0.004306654,0.0036680114,0.0022282703,0.0026530446,topic_0,EMP00600,2024-H1
0.0028273999,0.0043592704,0.0049545714,0.0042198496,0.002563505,0.9810754,topic_5,EMP00600,2024-H2
0.0033281401,0.005131308,0.0058320393,0.9790983,0.0030175087,0.0035927352,topic_3,EMP00601,2024-H1
0.0040444722,0.0062357453,0.9756505,0.006036311,0.003666982,0.0043660174,topic_2,EMP00601,2024-H2
0.0030573867,0.004713862,0.005357587,0.9807987,0.002772026,0.0033004563,topic_3,EMP00602,2024-H1
0.0026295462,0.98361534,0.0046078637,0.003924556,0.0023841178,0.0028386014,topic_1,EMP00602,2024-H2
0.0030573874,0.004713864,0.005357588,0.0045631025,0.0027720267,0.979536,topic_5,EMP00603,2024-H1
0.002629543,0.004054215,0.0046078586,0.0039245514,0.9819452,0.002838598,topic_4,EMP00603,2024-H2
0.0040444727,0.0062357457,0.9756505,0.0060363114,0.0036669825,0.004366018,topic_2,EMP00604,2024-H1
0.0028273729,0.98238266,0.0049545243,0.0042198095,0.0025634805,0.003052156,topic_1,EMP00604,2024-H2
0.0028273708,0.98238266,0.00495452,0.0042198063,0.0025634784,0.0030521536,topic_1,EMP00605,2024-H1
0.0033281397,0.005131308,0.005832039,0.9790983,0.0030175084,0.003592735,topic_3,EMP00605,2024-H2
0.002827372,0.98238266,0.0049545225,0.0042198077,0.0025634796,0.0030521548,topic_1,EMP00606,2024-H1
0.0033281401,0.005131308,0.0058320393,0.9790983,0.0030175087,0.0035927352,topic_3,EMP00606,2024-H2
0.98085076,0.0043592285,0.004954527,0.0042198095,0.0025634808,0.0030521562,topic_0,EMP00607,2024-H1
0.0026295432,0.0040542153,0.0046078586,0.0039245514,0.9819452,0.002838598,topic_4,EMP00607,2024-H2
0.0040444722,0.0062357453,0.9756505,0.006036311,0.003666982,0.0043660174,topic_2,EMP00608,2024-H1
0.0033281394,0.0051313075,0.0058320384,0.9790983,0.0030175082,0.0035927347,topic_3,EMP00608,2024-H2
0.0036515982,0.005630014,0.9780158,0.0054499526,0.0033107768,0.003941909,topic_2,EMP00609,2024-H1
0.0030575483,0.004714112,0.0053578857,0.004563343,0.0027721724,0.9795349,topic_5,EMP00609,2024-H2
0.0026295425,0.0040542143,0.0046078577,0.0039245505,0.9819452,0.0028385974,topic_4,EMP00610,2024-H1
0.0030573874,0.004713864,0.005357588,0.0045631025,0.0027720267,0.979536,topic_5,EMP00610,2024-H2
0.0040444727,0.0062357457,0.9756505,0.0060363114,0.0036669825,0.004366018,topic_2,EMP00611,2024-H1
0.0033281401,0.005131308,0.0058320393,0.9790983,0.0030175087,0.0035927352,topic_3,EMP00611,2024-H2
0.0040444722,0.0062357453,0.9756505,0.006036311,0.003666982,0.0043660174,topic_2,EMP00612,2024-H1
0.0026295467,0.98361534,0.0046078647,0.003924557,0.0023841183,0.002838602,topic_1,EMP00612,2024-H2
0.0040444727,0.0062357457,0.9756505,0.0060363114,0.0036669825,0.004366018,topic_2,EMP00613,2024-H1
0.0033281401,0.0051313085,0.0058320393,0.9790983,0.0030175087,0.0035927352,topic_3,EMP00613,2024-H2
0.0026295432,0.0040542153,0.0046078586,0.0039245514,0.9819452,0.002838598,topic_4,EMP00614,2024-H1
0.9595472,0.009208894,0.010466461,0.008914372,0.0054153674,0.006447697,topic_0,EMP00614,2024-H2
0.0033281397,0.005131308,0.005832039,0.9790983,0.0030175084,0.003592735,topic_3,EMP00615,2024-H1
0.0040444722,0.0062357453,0.9756505,0.006036311,0.003666982,0.0043660174,topic_2,EMP00615,2024-H2
0.0033281401,0.005131308,0.0058320393,0.9790983,0.0030175087,0.0035927352,topic_3,EMP00616,2024-H1
0.0033281397,0.005131308,0.005832039,0.9790983,0.0030175084,0.003592735,topic_3,EMP00616,2024-H2
0.0033281404,0.005131309,0.0058320463,0.9790983,0.003017509,0.0035927356,topic_3,EMP00617,2024-H1
0.0033281443,0.0051313154,0.0058320467,0.0049672024,0.0030175124,0.9777238,topic_5,EMP00617,2024-H2
0.9821906,0.0040542204,0.004607867,0.003924556,0.002384118,0.0028386016,topic_0,EMP00618,2024-H1
0.0030573874,0.004713864,0.005357588,0.0045631025,0.0027720267,0.979536,topic_5,EMP00618,2024-H2
0.0036515156,0.005629887,0.97801626,0.005449829,0.003310702,0.00394182,topic_2,EMP00619,2024-H1
0.0030574044,0.00471389,0.0053576203,0.0045631276,0.002772042,0.9795359,topic_5,EMP00619,2024-H2
0.0036515319,0.005629912,0.97801614,0.0054498534,0.0033107167,0.003941837,topic_2,EMP00620,2024-H1
0.002827384,0.0043592458,0.0049545453,0.9822432,0.0025634908,0.003052168,topic_3,EMP00620,2024-H2
0.0024577593,0.9846857,0.0043068356,0.0036681674,0.0022283648,0.002653157,topic_1,EMP00621,2024-H1
0.002629604,0.004054309,0.0046079657,0.9834853,0.0023841702,0.0028386638,topic_3,EMP00621,2024-H2
0.9821906,0.00405422,0.004607869,0.003924556,0.0023841178,0.0028386014,topic_0,EMP00622,2024-H1
0.0030573874,0.004713864,0.005357588,0.0045631025,0.0027720267,0.979536,topic_5,EMP00622,2024-H2
0.0040444727,0.0062357457,0.9756505,0.0060363114,0.0036669825,0.004366018,topic_2,EMP00623,2024-H1
0.0033281446,0.005131316,0.005832047,0.004967203,0.0030175126,0.9777238,topic_5,EMP00623,2024-H2
0.0040444722,0.0062357453,0.9756505,0.006036311,0.003666982,0.0043660174,topic_2,EMP00624,2024-H1
0.002827371,0.98238266,0.0049545206,0.0042198063,0.0025634787,0.0030521539,topic_1,EMP00624,2024-H2
0.0026295462,0.98361534,0.0046078637,0.003924556,0.0023841178,0.0028386014,topic_1,EMP00625,2024-H1
0.0040444722,0.0062357453,0.9756505,0.006036311,0.003666982,0.0043660174,topic_2,EMP00625,2024-H2
0.0040444927,0.0062357765,0.97565037,0.006036341,0.0036670004,0.0043660398,topic_2,EMP00626,2024-H1
0.004044493,0.0062357774,0.97565037,0.006036342,0.003667001,0.00436604,topic_2,EMP00626,2024-H2
0.0028273712,0.98238266,0.004954521,0.0042198068,0.002563479,0.003052154,topic_1,EMP00627,2024-H1
0.0033281392,0.005131307,0.005832038,0.9790983,0.0030175077,0.0035927342,topic_3,EMP00627,2024-H2
0.0033281394,0.0051313075,0.0058320384,0.9790983,0.0030175082,0.0035927347,topic_3,EMP00628,2024-H1
0.0028273712,0.98238266,0.004954521,0.004219807,0.0025634791,0.003052154,topic_1,EMP00628,2024-H2
0.0036518022,0.0056303293,0.9780145,0.0054502585,0.0033109619,0.003942129,topic_2,EMP00629,2024-H1
0.0028273966,0.004359265,0.004954566,0.9822431,0.0025635022,0.0030521816,topic_3,EMP00629,2024-H2
0.0030573874,0.004713864,0.005357588,0.0045631025,0.0027720267,0.979536,topic_5,EMP00630,2024-H1
0.9821906,0.0040542204,0.004607867,0.003924556,0.002384118,0.0028386016,topic_0,EMP00630,2024-H2
0.0040444722,0.0062357453,0.9756505,0.006036311,0.003666982,0.0043660174,topic_2,EMP00631,2024-H1
0.0040444722,0.0062357453,0.9756505,0.006036311,0.003666982,0.0043660174,topic_2,EMP00631,2024-H2
0.0040444722,0.0062357453,0.9756505,0.006036311,0.003666982,0.0043660174,topic_2,EMP00632,2024-H1
0.0026295455,0.98361534,0.004607868,0.003924555,0.0023841173,0.0028386007,topic_1,EMP00632,2024-H2
0.0026295453,0.98361534,0.0046078623,0.0039245547,0.002384117,0.0028386004,topic_1,EMP00633,2024-H1
0.002629546,0.98361534,0.0046078637,0.003924556,0.0023841178,0.0028386011,topic_1,EMP00633,2024-H2
0.98219055,0.0040542353,0.0046078847,0.003924571,0.002384127,0.0028386123,topic_0,EMP00634,2024-H1
0.002457596,0.0037891078,0.0043065487,0.003667923,0.9831258,0.0026529806,topic_4,EMP00634,2024-H2
0.0030574217,0.0047139167,0.0053576482,0.0045631533,0.0027720577,0.97953576,topic_5,EMP00635,2024-H1
0.0036515908,0.0056300024,0.006398855,0.0054499414,0.00331077,0.9755588,topic_5,EMP00635,2024-H2
0.002457662,0.9846863,0.0043066647,0.0036680223,0.0022282766,0.002653052,topic_1,EMP00636,2024-H1
0.0036518027,0.0056303297,0.9780145,0.0054502585,0.003310962,0.0039421297,topic_2,EMP00636,2024-H2
0.0033281404,0.005131309,0.0058320463,0.9790983,0.003017509,0.0035927356,topic_3,EMP00637,2024-H1
0.0040444722,0.0062357453,0.9756505,0.006036311,0.003666982,0.0043660174,topic_2,EMP00637,2024-H2
0.0040444722,0.0062357453,0.9756505,0.006036311,0.003666982,0.0043660174,topic_2,EMP00638,2024-H1
0.0033281404,0.005131309,0.0058320463,0.9790983,0.003017509,0.0035927356,topic_3,EMP00638,2024-H2
0.0028273922,0.0043592583,0.0049545635,0.9822431,0.002563498,0.0030521767,topic_3,EMP00639,2024-H1
0.0024576238,0.98468655,0.0043065986,0.0036679653,0.0022282419,0.002653011,topic_1,EMP00639,2024-H2
0.0026297376,0.98361415,0.004608209,0.0039248425,0.0023842915,0.002838808,topic_1,EMP00640,2024-H1
0.0036515833,0.005629991,0.97801584,0.00544993,0.0033107633,0.003941893,topic_2,EMP00640,2024-H2
0.0024576003,0.98468673,0.004306557,0.0036679297,0.0022282205,0.0026529855,topic_1,EMP00641,2024-H1
0.0028273845,0.004359246,0.0049545523,0.9822432,0.002563491,0.0030521685,topic_3,EMP00641,2024-H2
0.0030573874,0.004713864,0.005357588,0.0045631025,0.0027720267,0.979536,topic_5,EMP00642,2024-H1
0.002629543,0.004054215,0.0046078586,0.0039245514,0.9819452,0.002838598,topic_4,EMP00642,2024-H2
0.0036515414,0.0056299265,0.9780161,0.005449868,0.0033107253,0.0039418475,topic_2,EMP00643,2024-H1
0.002629583,0.0040542767,0.00460793,0.98348546,0.0023841513,0.0028386412,topic_3,EMP00643,2024-H2
0.0036523466,0.005631168,0.19255942,0.005451071,0.0033114552,0.7893945,topic_5,EMP00644,2024-H1
0.0030574733,0.0047139977,0.0053577395,0.9807982,0.0027721045,0.00330055,topic_3,EMP00644,2024-H2
0.0040444722,0.0062357453,0.9756505,0.006036311,0.003666982,0.0043660174,topic_2,EMP00645,2024-H1
0.0033281404,0.005131309,0.0058320463,0.9790983,0.003017509,0.0035927356,topic_3,EMP00645,2024-H2
0.0026297374,0.98361415,0.004608206,0.0039248415,0.0023842913,0.0028388079,topic_1,EMP00646,2024-H1
0.9650921,0.007946623,0.009031816,0.007692471,0.004673078,0.005563905,topic_0,EMP00646,2024-H2
0.0024576369,0.9846865,0.0043066214,0.0036679844,0.0022282538,0.0026530249,topic_1,EMP00647,2024-H1
0.0024576357,0.9846865,0.0043066195,0.0036679825,0.0022282526,0.0026530237,topic_1,EMP00647,2024-H2
0.0026297902,0.0040545966,0.14409849,0.84399396,0.0023843392,0.002838865,topic_3,EMP00648,2024-H1
0.0028275708,0.0043595335,0.1932983,0.7938986,0.0025636598,0.0030523695,topic_3,EMP00648,2024-H2
0.0033281443,0.0051313154,0.0058320467,0.0049672024,0.0030175124,0.9777238,topic_5,EMP00649,2024-H1
0.0040444722,0.0062357453,0.9756505,0.006036311,0.003666982,0.0043660174,topic_2,EMP00649,2024-H2
0.0033281401,0.005131308,0.0058320393,0.9790983,0.0030175087,0.0035927352,topic_3,EMP00650,2024-H1
0.0040444722,0.0062357453,0.9756505,0.006036311,0.003666982,0.0043660174,topic_2,EMP00650,2024-H2
0.0040444722,0.0062357453,0.9756505,0.006036311,0.003666982,0.0043660174,topic_2,EMP00651,2024-H1
0.0026295446,0.98361534,0.004607861,0.0039245537,0.0023841164,0.0028385997,topic_1,EMP00651,2024-H2
0.0028273712,0.98238266,0.004954521,0.0042198068,0.002563479,0.003052154,topic_1,EMP00652,2024-H1
0.0040444722,0.0062357453,0.9756505,0.006036311,0.003666982,0.0043660174,topic_2,EMP00652,2024-H2
0.0028280956,0.08678127,0.004955815,0.0042208885,0.0025641357,0.89864975,topic_5,EMP00653,2024-H1
0.9038917,0.0040548663,0.08290474,0.003925181,0.0023844973,0.0028390533,topic_0,EMP00653,2024-H2
0.0026295653,0.9836152,0.004607903,0.0039245845,0.0023841353,0.002838622,topic_1,EMP00654,2024-H1
0.0026295653,0.9836152,0.004607903,0.0039245845,0.0023841353,0.002838622,topic_1,EMP00654,2024-H2
0.98219043,0.0040542665,0.0046079196,0.0039246012,0.0023841453,0.0028386342,topic_0,EMP00655,2024-H1
0.98335505,0.003789143,0.00430659,0.0036679567,0.002228237,0.002653005,topic_0,EMP00655,2024-H2
0.002457609,0.9846867,0.004306571,0.0036679425,0.0022282284,0.0026529946,topic_1,EMP00656,2024-H1
0.002457609,0.9846867,0.004306576,0.0036679425,0.0022282284,0.0026529948,topic_1,EMP00656,2024-H2
0.0024575975,0.0037891103,0.004306551,0.0036679255,0.9831258,0.0026529825,topic_4,EMP00657,2024-H1
0.90660655,0.004054529,0.004608218,0.0039248555,0.07796698,0.002838818,topic_0,EMP00657,2024-H2
0.0028274038,0.004359276,0.0049545825,0.98224306,0.0025635085,0.0030521892,topic_3,EMP00658,2024-H1
0.0026295723,0.00405426,0.00460791,0.9834855,0.0023841416,0.0028386295,topic_3,EMP00658,2024-H2
0.002457623,0.98468655,0.004306596,0.0036679634,0.0022282412,0.00265301,topic_1,EMP00659,2024-H1
0.0036518022,0.0056303297,0.9780145,0.0054502576,0.0033109619,0.003942129,topic_2,EMP00659,2024-H2
0.002827522,0.0043594586,0.004954786,0.98224235,0.0025636158,0.0030523168,topic_3,EMP00660,2024-H1
0.0024576632,0.9846863,0.004306667,0.003668024,0.0022282777,0.0026530535,topic_1,EMP00660,2024-H2
0.0026295455,0.98361534,0.004607863,0.003924555,0.0023841173,0.0028386007,topic_1,EMP00661,2024-H1
0.0040444722,0.0062357453,0.9756505,0.006036311,0.003666982,0.0043660174,topic_2,EMP00661,2024-H2
0.004044493,0.0062357774,0.97565037,0.006036342,0.003667001,0.00436604,topic_2,EMP00662,2024-H1
0.9595472,0.009208894,0.010466461,0.008914372,0.0054153674,0.006447697,topic_0,EMP00662,2024-H2
0.0026295455,0.98361534,0.004607863,0.003924555,0.0023841173,0.0028386007,topic_1,EMP00663,2024-H1
0.0030573867,0.004713862,0.005357587,0.9807987,0.002772026,0.0033004563,topic_3,EMP00663,2024-H2
0.0028273724,0.98238266,0.004954523,0.0042198086,0.00256348,0.0030521553,topic_1,EMP00664,2024-H1
0.0033281401,0.005131308,0.0058320393,0.9790983,0.0030175087,0.0035927352,topic_3,EMP00664,2024-H2
0.0033281404,0.005131309,0.0058320463,0.9790983,0.003017509,0.0035927356,topic_3,EMP00665,2024-H1
0.0040444722,0.0062357453,0.9756505,0.006036311,0.003666982,0.0043660174,topic_2,EMP00665,2024-H2
0.0028274169,0.0043592965,0.0049546026,0.004219875,0.0025635203,0.9810753,topic_5,EMP00666,2024-H1
0.002457604,0.0037891204,0.0043065627,0.003667935,0.98312575,0.0026529895,topic_4,EMP00666,2024-H2
0.002827373,0.98238266,0.004954531,0.00421981,0.0025634808,0.0030521562,topic_1,EMP00667,2024-H1
0.0033281397,0.005131308,0.005832039,0.9790983,0.0030175084,0.003592735,topic_3,EMP00667,2024-H2
0.0028274169,0.004359296,0.0049546007,0.004219875,0.0025635203,0.9810753,topic_5,EMP00668,2024-H1
0.98219043,0.0040542665,0.0046079196,0.0039246012,0.0023841453,0.0028386342,topic_0,EMP00668,2024-H2
0.0033281404,0.005131309,0.0058320463,0.9790983,0.003017509,0.0035927356,topic_3,EMP00669,2024-H1
0.0028273724,0.98238266,0.004954523,0.0042198086,0.00256348,0.0030521553,topic_1,EMP00669,2024-H2
0.0028274397,0.0043593314,0.004954642,0.9822428,0.002563541,0.003052228,topic_3,EMP00670,2024-H1
0.0036516304,0.005630064,0.97801554,0.005450001,0.003310806,0.003941944,topic_2,EMP00670,2024-H2
0.0040444722,0.0062357453,0.9756505,0.006036311,0.003666982,0.0043660174,topic_2,EMP00671,2024-H1
0.0033281443,0.0051313154,0.0058320467,0.0049672024,0.0030175124,0.9777238,topic_5,EMP00671,2024-H2
0.0026295455,0.98361534,0.004607868,0.003924555,0.0023841173,0.0028386007,topic_1,EMP00672,2024-H1
0.0033281446,0.005131316,0.005832047,0.004967203,0.0030175126,0.9777238,topic_5,EMP00672,2024-H2
0.0026295455,0.98361534,0.004607863,0.003924555,0.0023841173,0.0028386007,topic_1,EMP00673,2024-H1
0.002457592,0.9846868,0.0043065413,0.0036679173,0.002228213,0.0026529764,topic_1,EMP00673,2024-H2
0.0040444927,0.0062357765,0.97565037,0.006036341,0.0036670004,0.0043660398,topic_2,EMP00674,2024-H1
0.98085076,0.0043592285,0.004954527,0.0042198095,0.0025634808,0.0030521562,topic_0,EMP00674,2024-H2
0.002457608,0.9846867,0.0043065697,0.003667941,0.0022282277,0.002652994,topic_1,EMP00675,2024-H1
0.0026295644,0.9836152,0.004607896,0.003924583,0.0023841343,0.0028386211,topic_1,EMP00675,2024-H2
0.003651579,0.005629984,0.97801584,0.0054499237,0.0033107593,0.003941888,topic_2,EMP00676,2024-H1
0.0036515624,0.0056299586,0.97801596,0.005449899,0.0033107442,0.0039418703,topic_2,EMP00676,2024-H2
0.0040444722,0.0062357453,0.9756505,0.006036311,0.003666982,0.0043660174,topic_2,EMP00677,2024-H1
0.0026295448,0.98361534,0.0046078614,0.0039245537,0.0023841166,0.0028386,topic_1,EMP00677,2024-H2
0.0024575968,0.0037891094,0.004306551,0.0036679246,0.9831258,0.0026529818,topic_4,EMP00678,2024-H1
0.0024575973,0.00378911,0.004306552,0.0036679253,0.9831258,0.0026529822,topic_4,EMP00678,2024-H2
0.0026295467,0.98361534,0.0046078647,0.003924557,0.0023841183,0.002838602,topic_1,EMP00679,2024-H1
0.0033281397,0.005131308,0.005832039,0.9790983,0.0030175084,0.003592735,topic_3,EMP00679,2024-H2
0.0026295446,0.98361534,0.004607861,0.0039245537,0.0023841164,0.0028385997,topic_1,EMP00680,2024-H1
0.0024575922,0.9846868,0.0043065418,0.0036679176,0.0022282132,0.0026529767,topic_1,EMP00680,2024-H2
0.0028273712,0.98238266,0.004954521,0.004219807,0.0025634791,0.003052154,topic_1,EMP00681,2024-H1
0.0026295455,0.98361534,0.004607863,0.003924555,0.0023841173,0.0028386007,topic_1,EMP00681,2024-H2
0.0040444722,0.0062357453,0.9756505,0.006036311,0.003666982,0.0043660174,topic_2,EMP00682,2024-H1
0.0030573867,0.004713862,0.005357587,0.9807987,0.002772026,0.0033004563,topic_3,EMP00682,2024-H2
0.003057409,0.004713897,0.0053576273,0.0045631346,0.0027720463,0.9795359,topic_5,EMP00683,2024-H1
0.0030574435,0.0047139497,0.005357701,0.004563186,0.0027720775,0.97953564,topic_5,EMP00683,2024-H2
0.0033281397,0.005131308,0.005832039,0.9790983,0.0030175084,0.003592735,topic_3,EMP00684,2024-H1
0.002457591,0.9846868,0.00430654,0.0036679157,0.002228212,0.0026529755,topic_1,EMP00684,2024-H2
0.0030573874,0.004713864,0.005357588,0.0045631025,0.0027720267,0.979536,topic_5,EMP00685,2024-H1
0.9821906,0.0040542204,0.004607867,0.003924556,0.002384118,0.0028386016,topic_0,EMP00685,2024-H2
0.0040444722,0.0062357453,0.9756505,0.006036311,0.003666982,0.0043660174,topic_2,EMP00686,2024-H1
0.0033281401,0.005131308,0.0058320393,0.9790983,0.0030175087,0.0035927352,topic_3,EMP00686,2024-H2
0.0033281397,0.005131308,0.005832039,0.9790983,0.0030175084,0.003592735,topic_3,EMP00687,2024-H1
0.0040444722,0.0062357453,0.9756505,0.006036311,0.003666982,0.0043660174,topic_2,EMP00687,2024-H2
0.0030573874,0.004713864,0.005357588,0.0045631025,0.0027720267,0.979536,topic_5,EMP00688,2024-H1
0.98085076,0.004359227,0.0049545257,0.0042198086,0.00256348,0.0030521553,topic_0,EMP00688,2024-H2
0.002457591,0.9846868,0.0043065394,0.0036679155,0.002228212,0.0026529753,topic_1,EMP00689,2024-H1
0.002629546,0.98361534,0.0046078637,0.003924556,0.0023841178,0.0028386011,topic_1,EMP00689,2024-H2
0.0033281401,0.0051313085,0.0058320393,0.9790983,0.0030175087,0.0035927352,topic_3,EMP00690,2024-H1
0.0030573867,0.004713862,0.005357587,0.9807987,0.002772026,0.0033004563,topic_3,EMP00690,2024-H2
0.0028273712,0.98238266,0.004954521,0.0042198068,0.002563479,0.003052154,topic_1,EMP00691,2024-H1
0.0028273722,0.98238266,0.004954523,0.004219808,0.0025634798,0.003052155,topic_1,EMP00691,2024-H2
0.0033281401,0.005131308,0.0058320393,0.9790983,0.0030175087,0.0035927352,topic_3,EMP00692,2024-H1
0.0040444722,0.0062357453,0.9756505,0.006036311,0.003666982,0.0043660174,topic_2,EMP00692,2024-H2
0.0033281401,0.005131308,0.0058320393,0.9790983,0.0030175087,0.0035927352,topic_3,EMP00693,2024-H1
0.0033281401,0.005131308,0.0058320393,0.9790983,0.0030175087,0.0035927352,topic_3,EMP00693,2024-H2
0.0028273712,0.98238266,0.004954521,0.0042198068,0.002563479,0.003052154,topic_1,EMP00694,2024-H1
0.0033281401,0.005131308,0.0058320393,0.9790983,0.0030175087,0.0035927352,topic_3,EMP00694,2024-H2
0.0036515358,0.005629921,0.006398743,0.0054498604,0.9749281,0.003941842,topic_4,EMP00695,2024-H1
0.8304187,0.007946447,0.009031646,0.14236647,0.004672972,0.0055637793,topic_0,EMP00695,2024-H2
0.0030573867,0.004713862,0.005357587,0.9807987,0.002772026,0.0033004563,topic_3,EMP00696,2024-H1
0.0026295455,0.98361534,0.004607868,0.003924555,0.0023841173,0.0028386007,topic_1,EMP00696,2024-H2
0.0036515156,0.005629887,0.97801626,0.005449829,0.003310702,0.00394182,topic_2,EMP00697,2024-H1
0.0028273917,0.0043592574,0.00495456,0.9822431,0.0025634978,0.0030521762,topic_3,EMP00697,2024-H2
0.0040444722,0.0062357453,0.9756505,0.006036311,0.003666982,0.0043660174,topic_2,EMP00698,2024-H1
0.0028273726,0.98238266,0.0049545295,0.0042198086,0.0025634803,0.0030521555,topic_1,EMP00698,2024-H2
0.0036516306,0.0056300643,0.97801554,0.005450001,0.0033108064,0.0039419443,topic_2,EMP00699,2024-H1
0.002629627,0.9836148,0.0046080067,0.003924677,0.0023841911,0.0028386887,topic_1,EMP00699,2024-H2
0.9595472,0.009208894,0.010466461,0.008914372,0.0054153674,0.006447697,topic_0,EMP00700,2024-H1
0.0040444955,0.0062357844,0.0070873415,0.0060363463,0.97222996,0.0043660426,topic_4,EMP00700,2024-H2
0.0036516304,0.005630064,0.97801554,0.0054500005,0.003310806,0.003941944,topic_2,EMP00701,2024-H1
0.002457758,0.9846857,0.004306834,0.0036681648,0.0022283634,0.0026531557,topic_1,EMP00701,2024-H2
0.0040444722,0.0062357453,0.9756505,0.006036311,0.003666982,0.0043660174,topic_2,EMP00702,2024-H1
0.0040444722,0.0062357453,0.9756505,0.006036311,0.003666982,0.0043660174,topic_2,EMP00702,2024-H2
0.0028273724,0.98238266,0.0049545295,0.0042198086,0.00256348,0.0030521553,topic_1,EMP00703,2024-H1
0.0033281397,0.005131308,0.005832039,0.9790983,0.0030175084,0.003592735,topic_3,EMP00703,2024-H2
0.0026295453,0.98361534,0.0046078623,0.003924555,0.002384117,0.0028386004,topic_1,EMP00704,2024-H1
0.0030573867,0.004713862,0.005357587,0.9807987,0.002772026,0.0033004563,topic_3,EMP00704,2024-H2
0.0040444722,0.0062357453,0.9756505,0.006036311,0.003666982,0.0043660174,topic_2,EMP00705,2024-H1
0.0030573867,0.004713862,0.005357587,0.9807987,0.002772026,0.0033004563,topic_3,EMP00705,2024-H2
0.0040444722,0.0062357453,0.9756505,0.006036311,0.003666982,0.0043660174,topic_2,EMP00706,2024-H1
0.9595472,0.009208894,0.01046646,0.008914371,0.005415367,0.0064476966,topic_0,EMP00706,2024-H2
0.0033281446,0.005131316,0.005832047,0.004967203,0.0030175126,0.9777238,topic_5,EMP00707,2024-H1
0.004044493,0.0062357774,0.97565037,0.006036342,0.003667001,0.00436604,topic_2,EMP00707,2024-H2
0.0040444722,0.0062357453,0.9756505,0.006036311,0.003666982,0.0043660174,topic_2,EMP00708,2024-H1
0.0040444722,0.0062357453,0.9756505,0.006036311,0.003666982,0.0043660174,topic_2,EMP00708,2024-H2
0.003328144,0.005131315,0.0058320463,0.0049672024,0.0030175122,0.9777238,topic_5,EMP00709,2024-H1
0.0040444927,0.0062357765,0.97565037,0.006036341,0.0036670004,0.0043660398,topic_2,EMP00709,2024-H2
0.9026677,0.004054384,0.08413025,0.003924715,0.0023842137,0.0028387157,topic_0,EMP00710,2024-H1
0.0028273852,0.0043592476,0.004954547,0.0042198277,0.0025634917,0.98107547,topic_5,EMP00710,2024-H2
0.0024575994,0.98468673,0.0043065553,0.0036679283,0.0022282198,0.0026529843,topic_1,EMP00711,2024-H1
0.0024575982,0.98468673,0.004306553,0.0036679266,0.0022282186,0.0026529832,topic_1,EMP00711,2024-H2
0.002827371,0.98238266,0.0049545206,0.0042198063,0.0025634787,0.0030521539,topic_1,EMP00712,2024-H1
0.0033281397,0.005131308,0.005832039,0.9790983,0.0030175084,0.003592735,topic_3,EMP00712,2024-H2
0.002827428,0.0043593133,0.00495463,0.98224294,0.0025635303,0.0030522153,topic_3,EMP00713,2024-H1
0.8297865,0.007947666,0.009033021,0.14299455,0.0046736905,0.005564634,topic_0,EMP00713,2024-H2
0.0026295448,0.98361534,0.0046078614,0.0039245537,0.0023841166,0.0028386,topic_1,EMP00714,2024-H1
0.0040444722,0.0062357453,0.9756505,0.006036311,0.003666982,0.0043660174,topic_2,EMP00714,2024-H2
0.0040444927,0.0062357765,0.97565037,0.006036341,0.0036670004,0.0043660398,topic_2,EMP00715,2024-H1
0.0040444722,0.0062357453,0.9756505,0.006036311,0.003666982,0.0043660174,topic_2,EMP00715,2024-H2
0.0040444722,0.0062357453,0.9756505,0.006036311,0.003666982,0.0043660174,topic_2,EMP00716,2024-H1
0.0040444722,0.0062357453,0.9756505,0.006036311,0.003666982,0.0043660174,topic_2,EMP00716,2024-H2
0.0028274779,0.00435939,0.004954709,0.004219966,0.0025635757,0.98107487,topic_5,EMP00717,2024-H1
0.0024576467,0.0037891862,0.004306638,0.0036679988,0.9831255,0.0026530356,topic_4,EMP00717,2024-H2
0.98085076,0.004359227,0.0049545257,0.0042198086,0.00256348,0.0030521553,topic_0,EMP00718,2024-H1
0.9821906,0.00405422,0.0046078674,0.003924556,0.0023841178,0.0028386014,topic_0,EMP00718,2024-H2
0.0040444727,0.0062357457,0.9756505,0.0060363114,0.0036669825,0.004366018,topic_2,EMP00719,2024-H1
0.0026295455,0.98361534,0.004607863,0.003924555,0.0023841173,0.0028386007,topic_1,EMP00719,2024-H2
0.0026295953,0.98361504,0.0046079503,0.003924629,0.0023841625,0.0028386544,topic_1,EMP00720,2024-H1
0.0023067847,0.98562646,0.0040422757,0.0034428397,0.0020914814,0.0024901798,topic_1,EMP00720,2024-H2
0.0040444722,0.0062357453,0.9756505,0.006036311,0.003666982,0.0043660174,topic_2,EMP00721,2024-H1
0.0033281401,0.005131308,0.0058320393,0.9790983,0.0030175087,0.0035927352,topic_3,EMP00721,2024-H2
0.003328144,0.005131315,0.0058320463,0.0049672024,0.0030175122,0.9777238,topic_5,EMP00722,2024-H1
0.004044493,0.0062357774,0.97565037,0.006036342,0.003667001,0.00436604,topic_2,EMP00722,2024-H2
0.004044493,0.0062357774,0.97565037,0.006036342,0.003667001,0.00436604,topic_2,EMP00723,2024-H1
0.9595472,0.009208895,0.010466462,0.008914372,0.005415368,0.0064476975,topic_0,EMP00723,2024-H2
0.0036515836,0.0056299916,0.97801584,0.0054499307,0.0033107635,0.003941893,topic_2,EMP00724,2024-H1
0.0036515836,0.0056299916,0.97801584,0.0054499307,0.0033107635,0.003941893,topic_2,EMP00724,2024-H2
0.0030573867,0.004713862,0.005357587,0.9807987,0.002772026,0.0033004563,topic_3,EMP00725,2024-H1
0.0024575924,0.9846868,0.004306542,0.003667918,0.0022282135,0.002652977,topic_1,EMP00725,2024-H2
0.0030573867,0.004713862,0.005357587,0.9807987,0.002772026,0.0033004563,topic_3,EMP00726,2024-H1
0.0040444722,0.0062357453,0.9756505,0.006036311,0.003666982,0.0043660174,topic_2,EMP00726,2024-H2
0.0028273726,0.98238266,0.0049545295,0.0042198086,0.0025634803,0.0030521555,topic_1,EMP00727,2024-H1
0.0040444722,0.0062357453,0.9756505,0.006036311,0.003666982,0.0043660174,topic_2,EMP00727,2024-H2
0.0040444722,0.0062357453,0.9756505,0.006036311,0.003666982,0.0043660174,topic_2,EMP00728,2024-H1
0.0033281401,0.005131308,0.0058320393,0.9790983,0.0030175087,0.0035927352,topic_3,EMP00728,2024-H2
0.0033281397,0.005131308,0.005832039,0.9790983,0.0030175084,0.003592735,topic_3,EMP00729,2024-H1
0.0028273712,0.98238266,0.004954521,0.004219807,0.0025634791,0.003052154,topic_1,EMP00729,2024-H2
0.0033283369,0.0051316116,0.0058324006,0.00496749,0.003017687,0.97772247,topic_5,EMP00730,2024-H1
0.0036519298,0.27684134,0.006399434,0.0054504494,0.7037146,0.003942267,topic_4,EMP00730,2024-H2
0.0026295432,0.0040542153,0.0046078586,0.0039245514,0.9819452,0.002838598,topic_4,EMP00731,2024-H1
0.98085076,0.004359227,0.0049545257,0.0042198086,0.00256348,0.0030521553,topic_0,EMP00731,2024-H2
0.0036515426,0.005629929,0.9780161,0.0054498697,0.0033107265,0.0039418493,topic_2,EMP00732,2024-H1
0.9650947,0.007946044,0.009031157,0.0076919105,0.004672738,0.0055635003,topic_0,EMP00732,2024-H2
0.0026295448,0.98361534,0.004607862,0.003924554,0.0023841166,0.0028386002,topic_1,EMP00733,2024-H1
0.9595472,0.009208894,0.010466461,0.008914372,0.0054153674,0.006447697,topic_0,EMP00733,2024-H2
0.0026295462,0.98361534,0.0046078637,0.003924556,0.0023841178,0.0028386014,topic_1,EMP00734,2024-H1
0.0040444722,0.0062357453,0.9756505,0.006036311,0.003666982,0.0043660174,topic_2,EMP00734,2024-H2
0.0030573867,0.004713862,0.005357587,0.9807987,0.002772026,0.0033004563,topic_3,EMP00735,2024-H1
0.0030573867,0.004713862,0.005357587,0.9807987,0.002772026,0.0033004563,topic_3,EMP00735,2024-H2
0.0033281397,0.005131308,0.005832039,0.9790983,0.0030175084,0.003592735,topic_3,EMP00736,2024-H1
0.002629546,0.98361534,0.0046078637,0.003924556,0.0023841178,0.0028386011,topic_1,EMP00736,2024-H2
0.0030573867,0.004713862,0.005357587,0.9807987,0.002772026,0.0033004563,topic_3,EMP00737,2024-H1
0.0040444722,0.0062357453,0.9756505,0.006036311,0.003666982,0.0043660174,topic_2,EMP00737,2024-H2
0.0024576453,0.0037891841,0.0043066354,0.0036679967,0.9831255,0.0026530342,topic_4,EMP00738,2024-H1
0.0030575139,0.004714059,0.0053578103,0.004563291,0.0027721412,0.97953516,topic_5,EMP00738,2024-H2
0.0033281401,0.005131308,0.0058320393,0.9790983,0.0030175087,0.0035927352,topic_3,EMP00739,2024-H1
0.0026295462,0.98361534,0.0046078637,0.003924556,0.0023841178,0.0028386014,topic_1,EMP00739,2024-H2
0.0030574047,0.0047138906,0.005357621,0.004563128,0.0027720423,0.9795359,topic_5,EMP00740,2024-H1
0.003651532,0.0056299125,0.97801614,0.005449854,0.003310717,0.0039418377,topic_2,EMP00740,2024-H2
0.0028273724,0.98238266,0.0049545295,0.0042198086,0.00256348,0.0030521553,topic_1,EMP00741,2024-H1
0.9595472,0.009208894,0.010466461,0.008914372,0.0054153674,0.006447697,topic_0,EMP00741,2024-H2
0.0030574007,0.0047138846,0.005357612,0.0045631225,0.0027720388,0.97953594,topic_5,EMP00742,2024-H1
0.9650947,0.007946045,0.009031158,0.007691911,0.0046727383,0.005563501,topic_0,EMP00742,2024-H2
0.0033281404,0.005131309,0.0058320463,0.9790983,0.003017509,0.0035927356,topic_3,EMP00743,2024-H1
0.0026295455,0.98361534,0.004607868,0.003924555,0.0023841173,0.0028386007,topic_1,EMP00743,2024-H2
0.0033281404,0.005131309,0.0058320463,0.9790983,0.003017509,0.0035927356,topic_3,EMP00744,2024-H1
0.0033281404,0.005131309,0.0058320463,0.9790983,0.003017509,0.0035927356,topic_3,EMP00744,2024-H2
0.0040444722,0.0062357453,0.9756505,0.006036311,0.003666982,0.0043660174,topic_2,EMP00745,2024-H1
0.0028273712,0.98238266,0.004954521,0.004219807,0.0025634791,0.003052154,topic_1,EMP00745,2024-H2
0.0028274085,0.004359283,0.004954589,0.98224306,0.0025635127,0.0030521944,topic_3,EMP00746,2024-H1
0.0024576061,0.9846867,0.0043065674,0.0036679385,0.002228226,0.0026529918,topic_1,EMP00746,2024-H2
0.0040444722,0.0062357453,0.9756505,0.006036311,0.003666982,0.0043660174,topic_2,EMP00747,2024-H1
0.0040444722,0.0062357453,0.9756505,0.006036311,0.003666982,0.0043660174,topic_2,EMP00747,2024-H2
0.0028274406,0.0043593324,0.0049546524,0.9822428,0.0025635418,0.0030522288,topic_3,EMP00748,2024-H1
0.0036515999,0.005630017,0.9780157,0.005449955,0.0033107784,0.003941911,topic_2,EMP00748,2024-H2
0.0033281401,0.005131308,0.0058320393,0.9790983,0.0030175087,0.0035927352,topic_3,EMP00749,2024-H1
0.0033281397,0.005131308,0.005832039,0.9790983,0.0030175084,0.003592735,topic_3,EMP00749,2024-H2
0.0024577589,0.9846857,0.0043068365,0.0036681667,0.0022283643,0.0026531566,topic_1,EMP00750,2024-H1
0.0036516164,0.0056300424,0.97801566,0.00544998,0.0033107933,0.003941929,topic_2,EMP00750,2024-H2
0.0033281404,0.005131309,0.0058320463,0.9790983,0.003017509,0.0035927356,topic_3,EMP00751,2024-H1
0.0026295455,0.98361534,0.004607863,0.0039245556,0.0023841173,0.002838601,topic_1,EMP00751,2024-H2
0.0026295446,0.98361534,0.004607861,0.0039245537,0.0023841164,0.0028385997,topic_1,EMP00752,2024-H1
0.0033281401,0.005131308,0.0058320393,0.9790983,0.0030175087,0.0035927352,topic_3,EMP00752,2024-H2
0.0028273712,0.98238266,0.004954521,0.0042198068,0.002563479,0.003052154,topic_1,EMP00753,2024-H1
0.0030573867,0.004713862,0.005357587,0.9807987,0.002772026,0.0033004563,topic_3,EMP00753,2024-H2
0.0024575952,0.0037891068,0.0043065473,0.003667922,0.9831258,0.00265298,topic_4,EMP00754,2024-H1
0.0024575954,0.003789107,0.004306548,0.0036679222,0.9831258,0.0026529802,topic_4,EMP00754,2024-H2
0.0040444722,0.0062357453,0.9756505,0.006036311,0.003666982,0.0043660174,topic_2,EMP00755,2024-H1
0.0033281397,0.005131308,0.005832039,0.9790983,0.0030175084,0.003592735,topic_3,EMP00755,2024-H2
0.0033281404,0.005131309,0.0058320463,0.9790983,0.003017509,0.0035927356,topic_3,EMP00756,2024-H1
0.0040444722,0.0062357453,0.9756505,0.006036311,0.003666982,0.0043660174,topic_2,EMP00756,2024-H2
0.0036515417,0.005629927,0.9780161,0.0054498683,0.0033107256,0.003941848,topic_2,EMP00757,2024-H1
0.0036515417,0.005629927,0.9780161,0.0054498683,0.0033107256,0.003941848,topic_2,EMP00757,2024-H2
0.0036516306,0.0056300643,0.97801554,0.0054500015,0.0033108064,0.0039419443,topic_2,EMP00758,2024-H1
0.002827425,0.0043593086,0.004954616,0.98224294,0.0025635278,0.0030522123,topic_3,EMP00758,2024-H2
0.002629543,0.004054215,0.0046078586,0.0039245514,0.9819452,0.002838598,topic_4,EMP00759,2024-H1
0.0030573874,0.004713864,0.005357588,0.0045631025,0.0027720267,0.979536,topic_5,EMP00759,2024-H2
0.0040444722,0.0062357453,0.9756505,0.006036311,0.003666982,0.0043660174,topic_2,EMP00760,2024-H1
0.0033281394,0.0051313075,0.0058320384,0.9790983,0.0030175082,0.0035927347,topic_3,EMP00760,2024-H2
0.002629543,0.004054215,0.0046078586,0.0039245514,0.9819452,0.002838598,topic_4,EMP00761,2024-H1
0.0030573874,0.004713864,0.005357588,0.0045631025,0.0027720267,0.979536,topic_5,EMP00761,2024-H2
0.0030573867,0.004713862,0.005357587,0.9807987,0.002772026,0.0033004563,topic_3,EMP00762,2024-H1
0.0033281404,0.005131309,0.0058320463,0.9790983,0.003017509,0.0035927356,topic_3,EMP00762,2024-H2
0.002457591,0.9846868,0.00430654,0.0036679157,0.002228212,0.0026529755,topic_1,EMP00763,2024-H1
0.0040444722,0.0062357453,0.9756505,0.006036311,0.003666982,0.0043660174,topic_2,EMP00763,2024-H2
0.0040444722,0.0062357453,0.9756505,0.006036311,0.003666982,0.0043660174,topic_2,EMP00764,2024-H1
0.0040444722,0.0062357453,0.9756505,0.006036311,0.003666982,0.0043660174,topic_2,EMP00764,2024-H2
0.98085076,0.004359227,0.0049545257,0.0042198086,0.00256348,0.0030521553,topic_0,EMP00765,2024-H1
0.98085076,0.0043592285,0.004954527,0.0042198095,0.0025634808,0.0030521562,topic_0,EMP00765,2024-H2
0.0040444722,0.0062357453,0.9756505,0.006036311,0.003666982,0.0043660174,topic_2,EMP00766,2024-H1
0.0033281401,0.005131308,0.0058320393,0.9790983,0.0030175087,0.0035927352,topic_3,EMP00766,2024-H2
0.0036516306,0.0056300643,0.97801554,0.0054500015,0.0033108064,0.0039419443,topic_2,EMP00767,2024-H1
0.00282744,0.0043593314,0.0049546426,0.9822428,0.0025635413,0.0030522281,topic_3,EMP00767,2024-H2
0.0040444722,0.0062357453,0.9756505,0.006036311,0.003666982,0.0043660174,topic_2,EMP00768,2024-H1
0.002457591,0.9846868,0.00430654,0.0036679157,0.002228212,0.0026529755,topic_1,EMP00768,2024-H2
0.0036515836,0.0056299916,0.97801584,0.0054499307,0.0033107635,0.003941893,topic_2,EMP00769,2024-H1
0.0028274404,0.0043593324,0.004954644,0.9822428,0.0025635415,0.0030522286,topic_3,EMP00769,2024-H2
0.0040444722,0.0062357453,0.9756505,0.006036311,0.003666982,0.0043660174,topic_2,EMP00770,2024-H1
0.0033281404,0.005131309,0.0058320463,0.9790983,0.003017509,0.0035927356,topic_3,EMP00770,2024-H2
0.0033281401,0.005131308,0.0058320393,0.9790983,0.0030175087,0.0035927352,topic_3,EMP00771,2024-H1
0.0033281404,0.005131309,0.0058320463,0.9790983,0.003017509,0.0035927356,topic_3,EMP00771,2024-H2
0.98219055,0.0040542353,0.0046078847,0.003924571,0.002384127,0.0028386123,topic_0,EMP00772,2024-H1
0.98219055,0.0040542358,0.004607885,0.0039245714,0.0023841274,0.0028386125,topic_0,EMP00772,2024-H2
0.0026295455,0.98361534,0.004607863,0.003924555,0.0023841173,0.0028386007,topic_1,EMP00773,2024-H1
0.0040444722,0.0062357453,0.9756505,0.006036311,0.003666982,0.0043660174,topic_2,EMP00773,2024-H2
0.0030573874,0.004713864,0.005357588,0.0045631025,0.0027720267,0.979536,topic_5,EMP00774,2024-H1
0.0030573874,0.004713864,0.005357588,0.0045631025,0.0027720267,0.979536,topic_5,EMP00774,2024-H2
0.0026295625,0.9836152,0.0046079005,0.0039245803,0.0023841327,0.002838619,topic_1,EMP00775,2024-H1
0.002827409,0.004359284,0.004954597,0.98224306,0.0025635131,0.0030521946,topic_3,EMP00775,2024-H2
0.002457591,0.9846868,0.00430654,0.0036679157,0.002228212,0.0026529755,topic_1,EMP00776,2024-H1
0.0033281397,0.005131308,0.005832039,0.9790983,0.0030175084,0.003592735,topic_3,EMP00776,2024-H2
0.002629543,0.004054215,0.0046078586,0.0039245514,0.9819452,0.002838598,topic_4,EMP00777,2024-H1
0.0030573874,0.004713864,0.005357588,0.0045631025,0.0027720267,0.979536,topic_5,EMP00777,2024-H2
0.0028274166,0.004359296,0.0049546068,0.0042198747,0.00256352,0.9810753,topic_5,EMP00778,2024-H1
0.98335505,0.003789143,0.004306594,0.003667957,0.002228237,0.002653005,topic_0,EMP00778,2024-H2
0.0030573874,0.004713864,0.005357588,0.0045631025,0.0027720267,0.979536,topic_5,EMP00779,2024-H1
0.0030573874,0.004713864,0.005357588,0.0045631025,0.0027720267,0.979536,topic_5,EMP00779,2024-H2
0.0033281404,0.005131309,0.0058320463,0.9790983,0.003017509,0.0035927356,topic_3,EMP00780,2024-H1
0.0028273726,0.98238266,0.0049545295,0.0042198086,0.0025634803,0.0030521555,topic_1,EMP00780,2024-H2
0.0026295825,0.0040542763,0.0046079275,0.98348546,0.0023841509,0.0028386407,topic_3,EMP00781,2024-H1
0.0028274152,0.0043592937,0.004954598,0.982243,0.0025635187,0.0030522016,topic_3,EMP00781,2024-H2
0.0033281446,0.005131316,0.005832047,0.004967203,0.0030175126,0.9777238,topic_5,EMP00782,2024-H1
0.0026295444,0.98361534,0.004607861,0.0039245533,0.0023841162,0.0028385995,topic_1,EMP00782,2024-H2
0.0028274253,0.004359309,0.0049546217,0.98224294,0.002563528,0.0030522125,topic_3,EMP00783,2024-H1
0.0026295907,0.0040542884,0.0046079424,0.9834854,0.0023841583,0.0028386496,topic_3,EMP00783,2024-H2
0.002629543,0.004054215,0.0046078586,0.0039245514,0.9819452,0.002838598,topic_4,EMP00784,2024-H1
0.98085076,0.0043592285,0.004954527,0.0042198095,0.0025634808,0.0030521562,topic_0,EMP00784,2024-H2
0.0033282065,0.0051314128,0.0058321557,0.9790979,0.0030175687,0.0035928069,topic_3,EMP00785,2024-H1
0.0040444927,0.0062357765,0.97565037,0.006036341,0.0036670004,0.0043660398,topic_2,EMP00785,2024-H2
0.0030573874,0.004713864,0.005357588,0.0045631025,0.0027720267,0.979536,topic_5,EMP00786,2024-H1
0.0026295432,0.0040542153,0.0046078586,0.0039245514,0.9819452,0.002838598,topic_4,EMP00786,2024-H2
0.0036515784,0.0056299837,0.97801584,0.005449923,0.003310759,0.003941888,topic_2,EMP00787,2024-H1
0.0028274003,0.0043592704,0.0049545728,0.0042198505,0.0025635054,0.9810754,topic_5,EMP00787,2024-H2
0.0033281404,0.005131309,0.0058320463,0.9790983,0.003017509,0.0035927356,topic_3,EMP00788,2024-H1
0.0040444722,0.0062357453,0.9756505,0.006036311,0.003666982,0.0043660174,topic_2,EMP00788,2024-H2
0.0026295444,0.98361534,0.004607861,0.0039245533,0.0023841162,0.0028385995,topic_1,EMP00789,2024-H1
0.003328144,0.005131315,0.0058320463,0.0049672024,0.0030175122,0.9777238,topic_5,EMP00789,2024-H2
0.0028273722,0.98238266,0.004954529,0.004219808,0.0025634798,0.003052155,topic_1,EMP00790,2024-H1
0.002629547,0.98361534,0.0046078656,0.0039245575,0.0023841187,0.0028386023,topic_1,EMP00790,2024-H2
0.98085076,0.0043592276,0.0049545285,0.0042198086,0.0025634803,0.0030521555,topic_0,EMP00791,2024-H1
0.0026295425,0.0040542143,0.0046078577,0.0039245505,0.9819452,0.0028385974,topic_4,EMP00791,2024-H2
0.0033281401,0.005131308,0.0058320393,0.9790983,0.0030175087,0.0035927352,topic_3,EMP00792,2024-H1
0.0033281401,0.005131308,0.0058320393,0.9790983,0.0030175087,0.0035927352,topic_3,EMP00792,2024-H2
0.0033281397,0.005131308,0.005832039,0.9790983,0.0030175084,0.003592735,topic_3,EMP00793,2024-H1
0.0028273722,0.98238266,0.004954529,0.004219808,0.0025634798,0.003052155,topic_1,EMP00793,2024-H2
0.0026295423,0.004054214,0.004607857,0.0039245505,0.9819452,0.0028385972,topic_4,EMP00794,2024-H1
0.9821906,0.0040542204,0.004607867,0.003924556,0.002384118,0.0028386016,topic_0,EMP00794,2024-H2
0.0028273717,0.98238266,0.004954528,0.0042198077,0.0025634794,0.0030521546,topic_1,EMP00795,2024-H1
0.0040444727,0.0062357457,0.9756505,0.0060363114,0.0036669825,0.004366018,topic_2,EMP00795,2024-H2
0.0028274814,0.0043593957,0.0049547143,0.004219971,0.0025635788,0.98107487,topic_5,EMP00796,2024-H1
0.0024576462,0.0037891853,0.0043066368,0.003667998,0.9831255,0.0026530349,topic_4,EMP00796,2024-H2
0.0026295455,0.98361534,0.004607863,0.003924555,0.0023841173,0.0028386007,topic_1,EMP00797,2024-H1
0.0033281401,0.0051313085,0.0058320393,0.9790983,0.0030175087,0.0035927352,topic_3,EMP00797,2024-H2
0.0033281401,0.005131308,0.0058320393,0.9790983,0.0030175087,0.0035927352,topic_3,EMP00798,2024-H1
0.0030573867,0.004713862,0.005357587,0.9807987,0.002772026,0.0033004563,topic_3,EMP00798,2024-H2
0.0028273726,0.98238266,0.0049545295,0.0042198086,0.0025634803,0.0030521555,topic_1,EMP00799,2024-H1
0.0026295455,0.98361534,0.004607863,0.003924555,0.0023841173,0.0028386007,topic_1,EMP00799,2024-H2
0.0026295825,0.0040542763,0.0046079275,0.98348546,0.0023841509,0.0028386407,topic_3,EMP00800,2024-H1
0.0026296258,0.9836148,0.004608004,0.0039246753,0.00238419,0.0028386875,topic_1,EMP00800,2024-H2
0.0033281397,0.005131308,0.005832039,0.9790983,0.0030175084,0.003592735,topic_3,EMP00801,2024-H1
0.0033281404,0.005131309,0.0058320463,0.9790983,0.003017509,0.0035927356,topic_3,EMP00801,2024-H2
0.0030573874,0.004713864,0.005357588,0.0045631025,0.0027720267,0.979536,topic_5,EMP00802,2024-H1
0.9595472,0.009208894,0.01046646,0.008914371,0.005415367,0.0064476966,topic_0,EMP00802,2024-H2
0.0026295446,0.98361534,0.004607861,0.0039245537,0.0023841164,0.0028385997,topic_1,EMP00803,2024-H1
0.0033281401,0.005131308,0.0058320393,0.9790983,0.0030175087,0.0035927352,topic_3,EMP00803,2024-H2
0.0033281443,0.0051313154,0.0058320467,0.0049672024,0.0030175124,0.9777238,topic_5,EMP00804,2024-H1
0.9595472,0.009208894,0.01046646,0.008914371,0.005415367,0.0064476966,topic_0,EMP00804,2024-H2
0.0040444727,0.0062357457,0.9756505,0.0060363114,0.0036669825,0.004366018,topic_2,EMP00805,2024-H1
0.0040444722,0.0062357453,0.9756505,0.006036311,0.003666982,0.0043660174,topic_2,EMP00805,2024-H2
0.004044493,0.0062357774,0.97565037,0.006036342,0.003667001,0.00436604,topic_2,EMP00806,2024-H1
0.0033281446,0.005131316,0.005832047,0.004967203,0.0030175126,0.9777238,topic_5,EMP00806,2024-H2
0.0033281392,0.005131307,0.005832038,0.9790983,0.0030175077,0.0035927342,topic_3,EMP00807,2024-H1
0.0033281401,0.005131308,0.0058320393,0.9790983,0.0030175087,0.0035927352,topic_3,EMP00807,2024-H2
0.0028274301,0.004359317,0.0049546333,0.9822429,0.0025635324,0.0030522177,topic_3,EMP00808,2024-H1
0.003651526,0.005629903,0.9780162,0.005449845,0.0033107114,0.003941831,topic_2,EMP00808,2024-H2
0.0028273726,0.98238266,0.0049545295,0.0042198086,0.0025634803,0.0030521555,topic_1,EMP00809,2024-H1
0.0040444722,0.0062357453,0.9756505,0.006036311,0.003666982,0.0043660174,topic_2,EMP00809,2024-H2
0.003651516,0.0056298873,0.97801626,0.0054498296,0.0033107023,0.0039418205,topic_2,EMP00810,2024-H1
0.0024576166,0.9846866,0.0043065883,0.0036679541,0.0022282354,0.0026530032,topic_1,EMP00810,2024-H2
0.003651578,0.005629983,0.9780159,0.0054499228,0.0033107584,0.003941887,topic_2,EMP00811,2024-H1
0.0036515782,0.0056299833,0.9780159,0.005449923,0.0033107586,0.0039418875,topic_2,EMP00811,2024-H2
0.0028274297,0.004359316,0.0049546277,0.9822429,0.002563532,0.003052217,topic_3,EMP00812,2024-H1
0.003651526,0.005629903,0.9780162,0.005449845,0.0033107114,0.003941831,topic_2,EMP00812,2024-H2
0.0036515153,0.0056298864,0.97801626,0.0054498287,0.0033107016,0.0039418195,topic_2,EMP00813,2024-H1
0.0026295541,0.9836153,0.0046078847,0.003924568,0.0023841253,0.0028386102,topic_1,EMP00813,2024-H2
0.0040444722,0.0062357453,0.9756505,0.006036311,0.003666982,0.0043660174,topic_2,EMP00814,2024-H1
0.0040444727,0.0062357457,0.9756505,0.0060363114,0.0036669825,0.004366018,topic_2,EMP00814,2024-H2
0.9821906,0.0040542204,0.004607867,0.003924556,0.002384118,0.0028386016,topic_0,EMP00815,2024-H1
0.9821906,0.00405422,0.004607869,0.003924556,0.0023841178,0.0028386014,topic_0,EMP00815,2024-H2
0.003057513,0.0047140573,0.005357809,0.0045632897,0.0027721405,0.97953516,topic_5,EMP00816,2024-H1
0.0024576457,0.0037891846,0.004306636,0.0036679972,0.9831255,0.0026530344,topic_4,EMP00816,2024-H2
0.0040444955,0.0062357844,0.0070873415,0.0060363463,0.97222996,0.0043660426,topic_4,EMP00817,2024-H1
0.0040444927,0.0062357765,0.97565037,0.006036341,0.0036670004,0.0043660398,topic_2,EMP00817,2024-H2
0.0033281404,0.005131309,0.0058320463,0.9790983,0.003017509,0.0035927356,topic_3,EMP00818,2024-H1
0.0033281446,0.005131316,0.005832047,0.004967203,0.0030175126,0.9777238,topic_5,EMP00818,2024-H2
0.0036515386,0.0056299255,0.006398747,0.0054498645,0.9749281,0.0039418447,topic_4,EMP00819,2024-H1
0.0030574638,0.0047139833,0.005357724,0.98079824,0.0027720958,0.0033005397,topic_3,EMP00819,2024-H2
0.0033281446,0.005131316,0.005832047,0.004967203,0.0030175126,0.9777238,topic_5,EMP00820,2024-H1
0.004044493,0.0062357774,0.97565037,0.006036342,0.003667001,0.00436604,topic_2,EMP00820,2024-H2
0.0026296254,0.9836148,0.0046080044,0.0039246744,0.0023841895,0.0028386868,topic_1,EMP00821,2024-H1
0.0036515999,0.005630017,0.9780157,0.005449955,0.0033107784,0.003941911,topic_2,EMP00821,2024-H2
0.0033281401,0.005131308,0.0058320393,0.9790983,0.0030175087,0.0035927352,topic_3,EMP00822,2024-H1
0.0033281401,0.005131308,0.0058320393,0.9790983,0.0030175087,0.0035927352,topic_3,EMP00822,2024-H2
0.0033281397,0.005131308,0.005832039,0.9790983,0.0030175084,0.003592735,topic_3,EMP00823,2024-H1
0.0040444722,0.0062357453,0.9756505,0.006036311,0.003666982,0.0043660174,topic_2,EMP00823,2024-H2
0.0030574417,0.0047139474,0.005357683,0.004563183,0.0027720758,0.97953564,topic_5,EMP00824,2024-H1
0.0036515768,0.005629985,0.0063988124,0.0054499214,0.9749278,0.003941886,topic_4,EMP00824,2024-H2
0.0040444722,0.0062357453,0.9756505,0.006036311,0.003666982,0.0043660174,topic_2,EMP00825,2024-H1
0.0026295455,0.98361534,0.004607863,0.003924555,0.0023841173,0.0028386007,topic_1,EMP00825,2024-H2
0.0026295432,0.0040542153,0.0046078586,0.0039245514,0.9819452,0.002838598,topic_4,EMP00826,2024-H1
0.0030573874,0.004713864,0.005357588,0.0045631025,0.0027720267,0.979536,topic_5,EMP00826,2024-H2
0.0026295462,0.98361534,0.004607864,0.0039245565,0.002384118,0.0028386016,topic_1,EMP00827,2024-H1
0.9595472,0.009208894,0.010466461,0.008914372,0.0054153674,0.006447697,topic_0,EMP00827,2024-H2
0.8302212,0.007947981,0.14389838,0.0076937843,0.004673876,0.0055648554,topic_0,EMP00828,2024-H1
0.002629626,0.9836148,0.004608006,0.0039246758,0.0023841904,0.0028386877,topic_1,EMP00828,2024-H2
0.0033281446,0.005131316,0.005832047,0.004967203,0.0030175126,0.9777238,topic_5,EMP00829,2024-H1
0.0033282065,0.0051314128,0.0058321557,0.9790979,0.0030175687,0.0035928069,topic_3,EMP00829,2024-H2
0.0024576453,0.003789184,0.0043066344,0.0036679965,0.9831255,0.002653034,topic_4,EMP00830,2024-H1
0.0028273922,0.0043592583,0.004954558,0.004219838,0.002563498,0.98107547,topic_5,EMP00830,2024-H2
0.0040444722,0.0062357453,0.9756505,0.006036311,0.003666982,0.0043660174,topic_2,EMP00831,2024-H1
0.0040444722,0.0062357453,0.9756505,0.006036311,0.003666982,0.0043660174,topic_2,EMP00831,2024-H2
0.0024576036,0.0037891197,0.004306562,0.0036679343,0.9831258,0.002652989,topic_4,EMP00832,2024-H1
0.0024576043,0.0037891208,0.0043065627,0.0036679355,0.98312575,0.0026529897,topic_4,EMP00832,2024-H2
0.0028274779,0.0043593906,0.004954709,0.004219966,0.0025635757,0.98107487,topic_5,EMP00833,2024-H1
0.0024576457,0.0037891846,0.004306636,0.0036679972,0.9831255,0.0026530344,topic_4,EMP00833,2024-H2
0.004044493,0.0062357774,0.97565037,0.006036342,0.003667001,0.00436604,topic_2,EMP00834,2024-H1
0.0040444955,0.0062357853,0.0070873415,0.0060363463,0.97222996,0.0043660426,topic_4,EMP00834,2024-H2
0.0030573877,0.0047138645,0.0053575886,0.004563103,0.002772027,0.979536,topic_5,EMP00835,2024-H1
0.98085076,0.004359227,0.0049545257,0.0042198086,0.00256348,0.0030521553,topic_0,EMP00835,2024-H2
0.002457613,0.0037891343,0.004306578,0.0036679485,0.9831257,0.0026529992,topic_4,EMP00836,2024-H1
0.9833551,0.0037891273,0.004306572,0.0036679415,0.002228228,0.0026529941,topic_0,EMP00836,2024-H2
0.9833552,0.0037891034,0.0043065464,0.0036679183,0.0022282137,0.0026529774,topic_0,EMP00837,2024-H1
0.0024576124,0.0037891339,0.0043065795,0.0036679478,0.98312575,0.0026529985,topic_4,EMP00837,2024-H2
0.98219013,0.00405433,0.004607992,0.0039246627,0.0023841825,0.0028386784,topic_0,EMP00838,2024-H1
0.0028273924,0.0043592583,0.0049545583,0.0042198384,0.0025634982,0.98107547,topic_5,EMP00838,2024-H2
0.004044493,0.0062357774,0.97565037,0.006036342,0.003667001,0.00436604,topic_2,EMP00839,2024-H1
0.0036515684,0.0056299684,0.006398815,0.005449908,0.0033107498,0.975559,topic_5,EMP00839,2024-H2
0.0036515358,0.005629918,0.97801614,0.00544986,0.0033107204,0.003941842,topic_2,EMP00840,2024-H1
0.0028273917,0.0043592574,0.0049545583,0.9822431,0.0025634978,0.0030521762,topic_3,EMP00840,2024-H2
0.0040444722,0.0062357453,0.9756505,0.006036311,0.003666982,0.0043660174,topic_2,EMP00841,2024-H1
0.0033281446,0.005131316,0.005832047,0.004967203,0.0030175126,0.9777238,topic_5,EMP00841,2024-H2
0.0036515156,0.005629887,0.97801626,0.005449829,0.003310702,0.00394182,topic_2,EMP00842,2024-H1
0.0026295537,0.9836153,0.004607878,0.0039245677,0.0023841248,0.0028386095,topic_1,EMP00842,2024-H2
0.0036516304,0.005630064,0.97801554,0.005450001,0.003310806,0.003941944,topic_2,EMP00843,2024-H1
0.0028274253,0.004359309,0.0049546165,0.98224294,0.002563528,0.0030522125,topic_3,EMP00843,2024-H2
0.0024575992,0.98468673,0.0043065543,0.0036679278,0.0022282195,0.0026529843,topic_1,EMP00844,2024-H1
0.0024575999,0.98468673,0.0043065557,0.0036679287,0.00222822,0.002652985,topic_1,EMP00844,2024-H2
0.9650939,0.00794622,0.009031358,0.007692081,0.0046728416,0.0055636237,topic_0,EMP00845,2024-H1
0.003651584,0.005629992,0.97801584,0.005449931,0.003310764,0.0039418936,topic_2,EMP00845,2024-H2
0.0026295458,0.98361534,0.0046078633,0.0039245556,0.0023841176,0.0028386011,topic_1,EMP00846,2024-H1
0.0026295462,0.98361534,0.0046078637,0.003924556,0.0023841178,0.0028386014,topic_1,EMP00846,2024-H2
0.0026295432,0.0040542153,0.0046078586,0.0039245514,0.9819452,0.002838598,topic_4,EMP00847,2024-H1
0.0026295432,0.0040542153,0.0046078586,0.0039245514,0.9819452,0.002838598,topic_4,EMP00847,2024-H2
0.002629546,0.98361534,0.0046078637,0.003924556,0.0023841178,0.0028386011,topic_1,EMP00848,2024-H1
0.0033281397,0.005131308,0.005832039,0.9790983,0.0030175084,0.003592735,topic_3,EMP00848,2024-H2
0.98085076,0.0043592285,0.004954527,0.0042198095,0.0025634808,0.0030521562,topic_0,EMP00849,2024-H1
0.98085076,0.0043592285,0.004954527,0.0042198095,0.0025634808,0.0030521562,topic_0,EMP00849,2024-H2
0.0040444722,0.0062357453,0.9756505,0.006036311,0.003666982,0.0043660174,topic_2,EMP00850,2024-H1
0.0026295462,0.98361534,0.0046078637,0.003924556,0.0023841178,0.0028386014,topic_1,EMP00850,2024-H2
0.002827373,0.98238266,0.004954531,0.00421981,0.0025634808,0.0030521562,topic_1,EMP00851,2024-H1
0.0033281404,0.005131309,0.0058320463,0.9790983,0.003017509,0.0035927356,topic_3,EMP00851,2024-H2
0.0033281446,0.005131316,0.005832047,0.004967203,0.0030175126,0.9777238,topic_5,EMP00852,2024-H1
0.0026295427,0.004054215,0.004607858,0.003924551,0.9819452,0.0028385979,topic_4,EMP00852,2024-H2
0.9821906,0.0040542204,0.004607867,0.003924556,0.002384118,0.0028386016,topic_0,EMP00853,2024-H1
0.0030573874,0.004713864,0.005357588,0.0045631025,0.0027720267,0.979536,topic_5,EMP00853,2024-H2
0.9595472,0.009208894,0.01046646,0.008914371,0.005415367,0.0064476966,topic_0,EMP00854,2024-H1
0.9595472,0.009208894,0.010466461,0.008914372,0.0054153674,0.006447697,topic_0,EMP00854,2024-H2
0.002629543,0.004054215,0.0046078586,0.0039245514,0.9819452,0.002838598,topic_4,EMP00855,2024-H1
0.98085076,0.0043592285,0.004954527,0.0042198095,0.0025634808,0.0030521562,topic_0,EMP00855,2024-H2
0.002827372,0.98238266,0.0049545225,0.0042198077,0.0025634796,0.0030521548,topic_1,EMP00856,2024-H1
0.0040444927,0.0062357765,0.97565037,0.006036341,0.0036670004,0.0043660398,topic_2,EMP00856,2024-H2
0.98085076,0.004359227,0.0049545257,0.0042198086,0.00256348,0.0030521553,topic_0,EMP00857,2024-H1
0.98085076,0.0043592285,0.004954527,0.0042198095,0.0025634808,0.0030521562,topic_0,EMP00857,2024-H2
0.0028274294,0.004359316,0.0049546272,0.9822429,0.0025635317,0.0030522167,topic_3,EMP00858,2024-H1
0.9650947,0.007946045,0.009031158,0.007691911,0.0046727383,0.005563501,topic_0,EMP00858,2024-H2
0.0033281443,0.0051313154,0.0058320467,0.0049672024,0.0030175124,0.9777238,topic_5,EMP00859,2024-H1
0.9595472,0.009208893,0.010466459,0.00891437,0.0054153665,0.006447696,topic_0,EMP00859,2024-H2
0.0028273724,0.98238266,0.0049545295,0.0042198086,0.00256348,0.0030521553,topic_1,EMP00860,2024-H1
0.0040444927,0.0062357765,0.97565037,0.006036341,0.0036670004,0.0043660398,topic_2,EMP00860,2024-H2
0.0040444722,0.0062357453,0.9756505,0.006036311,0.003666982,0.0043660174,topic_2,EMP00861,2024-H1
0.0040444722,0.0062357453,0.9756505,0.006036311,0.003666982,0.0043660174,topic_2,EMP00861,2024-H2
0.0028275226,0.004359459,0.004954788,0.98224235,0.002563616,0.0030523173,topic_3,EMP00862,2024-H1
0.0030575134,0.0047140582,0.0053578108,0.0045632906,0.002772141,0.97953516,topic_5,EMP00862,2024-H2
0.9650943,0.00794612,0.009031241,0.007691983,0.004672782,0.0055635525,topic_0,EMP00863,2024-H1
0.98219055,0.00405424,0.0046078893,0.003924575,0.0023841297,0.0028386153,topic_0,EMP00863,2024-H2
0.002827373,0.98238266,0.004954531,0.00421981,0.0025634808,0.0030521562,topic_1,EMP00864,2024-H1
0.0040444722,0.0062357453,0.9756505,0.006036311,0.003666982,0.0043660174,topic_2,EMP00864,2024-H2
0.002457591,0.9846868,0.00430654,0.0036679157,0.002228212,0.0026529755,topic_1,EMP00865,2024-H1
0.0026295467,0.98361534,0.0046078647,0.003924557,0.0023841183,0.002838602,topic_1,EMP00865,2024-H2
0.0028273712,0.98238266,0.004954521,0.004219807,0.0025634791,0.003052154,topic_1,EMP00866,2024-H1
0.0033281404,0.005131309,0.0058320463,0.9790983,0.003017509,0.0035927356,topic_3,EMP00866,2024-H2
0.0030573874,0.004713864,0.005357588,0.0045631025,0.0027720267,0.979536,topic_5,EMP00867,2024-H1
0.0033281443,0.0051313154,0.0058320467,0.0049672024,0.0030175124,0.9777238,topic_5,EMP00867,2024-H2
0.98335505,0.0037891436,0.004306591,0.0036679574,0.0022282375,0.0026530055,topic_0,EMP00868,2024-H1
0.0024576127,0.0037891339,0.0043065776,0.003667948,0.9831257,0.0026529988,topic_4,EMP00868,2024-H2
0.0030573867,0.004713862,0.005357587,0.9807987,0.002772026,0.0033004563,topic_3,EMP00869,2024-H1
0.0033281401,0.005131308,0.0058320393,0.9790983,0.0030175087,0.0035927352,topic_3,EMP00869,2024-H2
0.004044472,0.006235745,0.9756505,0.0060363105,0.0036669818,0.004366017,topic_2,EMP00870,2024-H1
0.0026295455,0.98361534,0.004607863,0.003924555,0.0023841173,0.0028386007,topic_1,EMP00870,2024-H2
0.0040444727,0.0062357457,0.9756505,0.0060363114,0.0036669825,0.004366018,topic_2,EMP00871,2024-H1
0.0040444722,0.0062357453,0.9756505,0.006036311,0.003666982,0.0043660174,topic_2,EMP00871,2024-H2
0.0030573867,0.004713862,0.005357587,0.9807987,0.002772026,0.0033004563,topic_3,EMP00872,2024-H1
0.0040444722,0.0062357453,0.9756505,0.006036311,0.003666982,0.0043660174,topic_2,EMP00872,2024-H2
0.0030573867,0.004713862,0.005357587,0.9807987,0.002772026,0.0033004563,topic_3,EMP00873,2024-H1
0.0040444727,0.0062357457,0.9756505,0.0060363114,0.0036669825,0.004366018,topic_2,EMP00873,2024-H2
0.0036516292,0.0056300624,0.97801554,0.0054499996,0.003310805,0.0039419425,topic_2,EMP00874,2024-H1
0.0028274157,0.0043592947,0.0049546044,0.982243,0.0025635194,0.003052202,topic_3,EMP00874,2024-H2
0.0036515526,0.0056299437,0.978016,0.0054498846,0.0033107353,0.0039418596,topic_2,EMP00875,2024-H1
0.0030574417,0.0047139474,0.0053576855,0.0045631835,0.0027720758,0.97953564,topic_5,EMP00875,2024-H2
0.0033281401,0.005131308,0.0058320393,0.9790983,0.0030175087,0.0035927352,topic_3,EMP00876,2024-H1
0.0040444722,0.0062357453,0.9756505,0.006036311,0.003666982,0.0043660174,topic_2,EMP00876,2024-H2
0.0026295441,0.98361534,0.0046078605,0.0039245533,0.0023841162,0.0028385993,topic_1,EMP00877,2024-H1
0.0040444722,0.0062357453,0.9756505,0.006036311,0.003666982,0.0043660174,topic_2,EMP00877,2024-H2
0.0024575922,0.9846868,0.0043065418,0.0036679176,0.0022282132,0.0026529767,topic_1,EMP00878,2024-H1
0.0026295462,0.98361534,0.0046078637,0.003924556,0.0023841178,0.0028386014,topic_1,EMP00878,2024-H2
0.0040444722,0.0062357453,0.9756505,0.006036311,0.003666982,0.0043660174,topic_2,EMP00879,2024-H1
0.0030573867,0.004713862,0.005357587,0.9807987,0.002772026,0.0033004563,topic_3,EMP00879,2024-H2
0.98085076,0.004359227,0.0049545257,0.0042198086,0.00256348,0.0030521553,topic_0,EMP00880,2024-H1
0.0026295432,0.0040542153,0.0046078586,0.0039245514,0.9819452,0.002838598,topic_4,EMP00880,2024-H2
0.0028273922,0.0043592583,0.0049545593,0.9822431,0.002563498,0.0030521767,topic_3,EMP00881,2024-H1
0.0028273924,0.0043592583,0.0049545644,0.9822431,0.0025634982,0.003052177,topic_3,EMP00881,2024-H2
0.0030573874,0.004713864,0.005357588,0.0045631025,0.0027720267,0.979536,topic_5,EMP00882,2024-H1
0.9821906,0.0040542204,0.004607867,0.003924556,0.002384118,0.0028386016,topic_0,EMP00882,2024-H2
0.0033282065,0.0051314128,0.0058321557,0.9790979,0.0030175687,0.0035928069,topic_3,EMP00883,2024-H1
0.0033281858,0.005131379,0.005832136,0.004967265,0.00301755,0.9777235,topic_5,EMP00883,2024-H2
0.0036515156,0.005629887,0.97801626,0.005449829,0.003310702,0.00394182,topic_2,EMP00884,2024-H1
0.0028273917,0.0043592574,0.0049545607,0.9822431,0.0025634978,0.0030521762,topic_3,EMP00884,2024-H2
0.0033281404,0.005131309,0.0058320463,0.9790983,0.003017509,0.0035927356,topic_3,EMP00885,2024-H1
0.0026295448,0.98361534,0.004607862,0.003924554,0.0023841166,0.0028386002,topic_1,EMP00885,2024-H2
0.0033281443,0.0051313154,0.0058320467,0.0049672024,0.0030175124,0.9777238,topic_5,EMP00886,2024-H1
0.0033281397,0.005131308,0.005832039,0.9790983,0.0030175084,0.003592735,topic_3,EMP00886,2024-H2
0.0026297576,0.90976596,0.0046082465,0.07777292,0.0023843097,0.0028388298,topic_1,EMP00887,2024-H1
0.0036515624,0.0056299586,0.97801596,0.0054498995,0.0033107442,0.0039418703,topic_2,EMP00887,2024-H2
0.0030573874,0.004713864,0.005357588,0.0045631025,0.0027720267,0.979536,topic_5,EMP00888,2024-H1
0.0030573874,0.004713864,0.005357588,0.0045631025,0.0027720267,0.979536,topic_5,EMP00888,2024-H2
0.0026295453,0.98361534,0.0046078674,0.0039245547,0.002384117,0.0028386004,topic_1,EMP00889,2024-H1
0.0026295448,0.98361534,0.004607862,0.003924554,0.0023841166,0.0028386002,topic_1,EMP00889,2024-H2
0.0033282065,0.0051314128,0.0058321557,0.9790979,0.0030175687,0.0035928069,topic_3,EMP00890,2024-H1
0.0036515677,0.005629967,0.006398817,0.005449907,0.0033107493,0.975559,topic_5,EMP00890,2024-H2
0.002827382,0.0043592425,0.00495454,0.004219823,0.0025634887,0.9810755,topic_5,EMP00891,2024-H1
0.9821906,0.004054221,0.0046078674,0.003924557,0.0023841183,0.002838602,topic_0,EMP00891,2024-H2
0.0036515624,0.0056299586,0.97801596,0.0054498995,0.0033107442,0.0039418703,topic_2,EMP00892,2024-H1
0.002629564,0.0040542474,0.0046078954,0.9834856,0.0023841339,0.0028386205,topic_3,EMP00892,2024-H2
0.0033282065,0.0051314128,0.0058321557,0.9790979,0.0030175687,0.0035928069,topic_3,EMP00893,2024-H1
0.0033282065,0.0051314128,0.0058321557,0.9790979,0.0030175687,0.0035928069,topic_3,EMP00893,2024-H2
0.98085076,0.0043592285,0.004954527,0.0042198095,0.0025634808,0.0030521562,topic_0,EMP00894,2024-H1
0.98085076,0.004359227,0.0049545257,0.0042198086,0.00256348,0.0030521553,topic_0,EMP00894,2024-H2
0.98085076,0.004359227,0.0049545257,0.0042198086,0.00256348,0.0030521553,topic_0,EMP00895,2024-H1
0.0030573874,0.004713864,0.005357588,0.0045631025,0.0027720267,0.979536,topic_5,EMP00895,2024-H2
0.0028273729,0.98238266,0.0049545243,0.0042198095,0.0025634805,0.003052156,topic_1,EMP00896,2024-H1
0.0033281394,0.0051313075,0.0058320384,0.9790983,0.0030175082,0.0035927347,topic_3,EMP00896,2024-H2
0.003651559,0.0056299535,0.19509348,0.005449894,0.0033107412,0.78686434,topic_5,EMP00897,2024-H1
0.0033282065,0.0051314128,0.0058321557,0.9790979,0.0030175687,0.0035928069,topic_3,EMP00897,2024-H2
0.0040444955,0.0062357844,0.0070873415,0.0060363463,0.97222996,0.0043660426,topic_4,EMP00898,2024-H1
0.0033281446,0.005131316,0.005832047,0.004967203,0.0030175126,0.9777238,topic_5,EMP00898,2024-H2
0.002457616,0.9846866,0.004306587,0.0036679532,0.0022282347,0.0026530023,topic_1,EMP00899,2024-H1
0.0036515163,0.005629888,0.97801626,0.00544983,0.0033107025,0.0039418205,topic_2,EMP00899,2024-H2
0.0040444722,0.0062357453,0.9756505,0.006036311,0.003666982,0.0043660174,topic_2,EMP00900,2024-H1
0.0033281401,0.005131308,0.0058320393,0.9790983,0.0030175087,0.0035927352,topic_3,EMP00900,2024-H2
0.0030573867,0.004713862,0.005357587,0.9807987,0.002772026,0.0033004563,topic_3,EMP00901,2024-H1
0.0024575922,0.9846868,0.0043065418,0.0036679176,0.0022282132,0.0026529767,topic_1,EMP00901,2024-H2
0.002457635,0.9846865,0.0043066167,0.0036679816,0.0022282521,0.002653023,topic_1,EMP00902,2024-H1
0.00282744,0.004359332,0.004954642,0.9822428,0.0025635413,0.0030522281,topic_3,EMP00902,2024-H2
0.0028274779,0.00435939,0.004954708,0.004219966,0.0025635757,0.98107487,topic_5,EMP00903,2024-H1
0.9833548,0.0037891995,0.004306654,0.0036680116,0.0022282703,0.0026530446,topic_0,EMP00903,2024-H2
0.002629547,0.98361534,0.004607865,0.0039245575,0.0023841185,0.0028386023,topic_1,EMP00904,2024-H1
0.0040444722,0.0062357453,0.9756505,0.006036311,0.003666982,0.0043660174,topic_2,EMP00904,2024-H2
0.0033281397,0.005131308,0.005832039,0.9790983,0.0030175084,0.003592735,topic_3,EMP00905,2024-H1
0.0040444927,0.0062357765,0.97565037,0.006036341,0.0036670004,0.0043660398,topic_2,EMP00905,2024-H2
0.0040444722,0.0062357453,0.9756505,0.006036311,0.003666982,0.0043660174,topic_2,EMP00906,2024-H1
0.9595472,0.009208894,0.010466461,0.008914372,0.0054153674,0.006447697,topic_0,EMP00906,2024-H2
0.0033281397,0.005131308,0.005832039,0.9790983,0.0030175084,0.003592735,topic_3,EMP00907,2024-H1
0.0040444722,0.0062357453,0.9756505,0.006036311,0.003666982,0.0043660174,topic_2,EMP00907,2024-H2
0.003651584,0.005629992,0.97801584,0.005449931,0.003310764,0.0039418936,topic_2,EMP00908,2024-H1
0.0036515836,0.0056299916,0.97801584,0.0054499307,0.0033107635,0.003941893,topic_2,EMP00908,2024-H2
0.0036518022,0.0056303293,0.9780145,0.005450257,0.0033109619,0.003942129,topic_2,EMP00909,2024-H1
0.0024576366,0.9846865,0.0043066195,0.003667984,0.0022282535,0.0026530246,topic_1,EMP00909,2024-H2
0.0036515424,0.005629928,0.9780161,0.005449869,0.0033107263,0.003941849,topic_2,EMP00910,2024-H1
0.0036515254,0.005629902,0.9780162,0.005449844,0.003310711,0.0039418307,topic_2,EMP00910,2024-H2
0.0040444927,0.0062357765,0.97565037,0.006036341,0.0036670004,0.0043660398,topic_2,EMP00911,2024-H1
0.0026295448,0.98361534,0.0046078614,0.0039245537,0.0023841166,0.0028386,topic_1,EMP00911,2024-H2
0.9821906,0.0040542204,0.004607867,0.003924556,0.002384118,0.0028386016,topic_0,EMP00912,2024-H1
0.0030573874,0.004713864,0.005357588,0.0045631025,0.0027720267,0.979536,topic_5,EMP00912,2024-H2
0.0028273708,0.98238266,0.00495452,0.0042198063,0.0025634784,0.0030521536,topic_1,EMP00913,2024-H1
0.0030573867,0.004713862,0.005357587,0.9807987,0.002772026,0.0033004563,topic_3,EMP00913,2024-H2
0.0026295432,0.0040542153,0.0046078586,0.0039245514,0.9819452,0.002838598,topic_4,EMP00914,2024-H1
0.0030573874,0.004713864,0.005357588,0.0045631025,0.0027720267,0.979536,topic_5,EMP00914,2024-H2
0.0028274774,0.0043593897,0.004954708,0.0042199655,0.0025635753,0.98107487,topic_5,EMP00915,2024-H1
0.9074517,0.0040547657,0.004608489,0.0039250846,0.07712099,0.0028389837,topic_0,EMP00915,2024-H2
0.0026295425,0.0040542143,0.0046078577,0.0039245505,0.9819452,0.0028385974,topic_4,EMP00916,2024-H1
0.0030573874,0.004713864,0.005357588,0.0045631025,0.0027720267,0.979536,topic_5,EMP00916,2024-H2
0.0040444722,0.0062357453,0.9756505,0.006036311,0.003666982,0.0043660174,topic_2,EMP00917,2024-H1
0.002629546,0.98361534,0.0046078637,0.003924556,0.0023841178,0.0028386011,topic_1,EMP00917,2024-H2
0.0030573874,0.004713864,0.005357588,0.0045631025,0.0027720267,0.979536,topic_5,EMP00918,2024-H1
0.9821906,0.0040542204,0.004607867,0.003924556,0.002384118,0.0028386016,topic_0,EMP00918,2024-H2
0.0024575994,0.98468673,0.0043065553,0.0036679283,0.0022282198,0.0026529846,topic_1,EMP00919,2024-H1
0.0036515265,0.0056299036,0.9780162,0.0054498455,0.0033107118,0.0039418316,topic_2,EMP00919,2024-H2
0.003057468,0.0047139893,0.0053577293,0.9807982,0.0027720996,0.003300544,topic_3,EMP00920,2024-H1
0.8292097,0.007947322,0.009032613,0.14357255,0.004673489,0.0055643944,topic_0,EMP00920,2024-H2
0.0040444727,0.0062357457,0.9756505,0.0060363114,0.0036669825,0.004366018,topic_2,EMP00921,2024-H1
0.9595472,0.009208893,0.010466459,0.00891437,0.0054153665,0.006447696,topic_0,EMP00921,2024-H2
0.0028273724,0.98238266,0.0049545295,0.0042198086,0.00256348,0.0030521553,topic_1,EMP00922,2024-H1
0.0040444722,0.0062357453,0.9756505,0.006036311,0.003666982,0.0043660174,topic_2,EMP00922,2024-H2
0.0030573874,0.004713864,0.005357588,0.0045631025,0.0027720267,0.979536,topic_5,EMP00923,2024-H1
0.0026295432,0.0040542153,0.0046078586,0.0039245514,0.9819452,0.002838598,topic_4,EMP00923,2024-H2
0.98085076,0.004359227,0.0049545257,0.0042198086,0.00256348,0.0030521553,topic_0,EMP00924,2024-H1
0.0026295432,0.0040542153,0.0046078586,0.0039245514,0.9819452,0.002838598,topic_4,EMP00924,2024-H2
0.002827372,0.98238266,0.0049545225,0.0042198077,0.0025634796,0.0030521548,topic_1,EMP00925,2024-H1
0.0040444722,0.0062357453,0.9756505,0.006036311,0.003666982,0.0043660174,topic_2,EMP00925,2024-H2
0.0028273724,0.98238266,0.0049545295,0.0042198086,0.00256348,0.0030521553,topic_1,EMP00926,2024-H1
0.0026295453,0.98361534,0.0046078623,0.003924555,0.002384117,0.0028386004,topic_1,EMP00926,2024-H2
0.0033281404,0.005131309,0.0058320463,0.9790983,0.003017509,0.0035927356,topic_3,EMP00927,2024-H1
0.0040444727,0.0062357457,0.9756505,0.0060363114,0.0036669825,0.004366018,topic_2,EMP00927,2024-H2
0.0028273722,0.98238266,0.004954523,0.0042198086,0.0025634798,0.003052155,topic_1,EMP00928,2024-H1
0.0040444722,0.0062357453,0.9756505,0.006036311,0.003666982,0.0043660174,topic_2,EMP00928,2024-H2
0.98085076,0.004359227,0.0049545257,0.0042198086,0.00256348,0.0030521553,topic_0,EMP00929,2024-H1
0.98085076,0.004359227,0.0049545257,0.0042198086,0.00256348,0.0030521553,topic_0,EMP00929,2024-H2
0.0033282065,0.0051314128,0.0058321557,0.9790979,0.0030175687,0.0035928069,topic_3,EMP00930,2024-H1
0.004044496,0.006235786,0.007087342,0.0060363472,0.97222996,0.004366043,topic_4,EMP00930,2024-H2
0.0026295423,0.004054214,0.004607857,0.0039245505,0.9819452,0.0028385972,topic_4,EMP00931,2024-H1
0.0030573874,0.004713864,0.005357588,0.0045631025,0.0027720267,0.979536,topic_5,EMP00931,2024-H2
0.0028273726,0.98238266,0.0049545234,0.0042198086,0.0025634803,0.0030521555,topic_1,EMP00932,2024-H1
0.0028273722,0.98238266,0.004954523,0.004219808,0.0025634798,0.003052155,topic_1,EMP00932,2024-H2
0.0040444722,0.0062357453,0.9756505,0.006036311,0.003666982,0.0043660174,topic_2,EMP00933,2024-H1
0.0040444722,0.0062357453,0.9756505,0.006036311,0.003666982,0.0043660174,topic_2,EMP00933,2024-H2
0.9595472,0.009208894,0.01046646,0.008914371,0.005415367,0.0064476966,topic_0,EMP00934,2024-H1
0.0040444722,0.0062357453,0.9756505,0.006036311,0.003666982,0.0043660174,topic_2,EMP00934,2024-H2
0.0030574219,0.004713917,0.0053576487,0.0045631537,0.002772058,0.97953576,topic_5,EMP00935,2024-H1
0.002827523,0.00435946,0.0049547916,0.98224235,0.0025636167,0.003052318,topic_3,EMP00935,2024-H2
0.0040444722,0.0062357453,0.9756505,0.006036311,0.003666982,0.0043660174,topic_2,EMP00936,2024-H1
0.0028273726,0.98238266,0.0049545295,0.0042198086,0.0025634803,0.0030521555,topic_1,EMP00936,2024-H2
0.0030573867,0.004713862,0.005357587,0.9807987,0.002772026,0.0033004563,topic_3,EMP00937,2024-H1
0.0026295453,0.98361534,0.0046078623,0.003924555,0.002384117,0.0028386004,topic_1,EMP00937,2024-H2
0.0030573867,0.004713862,0.005357587,0.9807987,0.002772026,0.0033004563,topic_3,EMP00938,2024-H1
0.0033281401,0.005131308,0.0058320393,0.9790983,0.0030175087,0.0035927352,topic_3,EMP00938,2024-H2
0.0033281404,0.005131309,0.0058320463,0.9790983,0.003017509,0.0035927356,topic_3,EMP00939,2024-H1
0.0033281401,0.005131308,0.0058320393,0.9790983,0.0030175087,0.0035927352,topic_3,EMP00939,2024-H2
0.0040444722,0.0062357453,0.9756505,0.006036311,0.003666982,0.0043660174,topic_2,EMP00940,2024-H1
0.002827371,0.98238266,0.0049545206,0.0042198063,0.0025634787,0.0030521539,topic_1,EMP00940,2024-H2
0.0040444727,0.0062357457,0.9756505,0.0060363114,0.0036669825,0.004366018,topic_2,EMP00941,2024-H1
0.004044493,0.0062357774,0.97565037,0.006036342,0.003667001,0.00436604,topic_2,EMP00941,2024-H2
0.0030573867,0.004713862,0.005357587,0.9807987,0.002772026,0.0033004563,topic_3,EMP00942,2024-H1
0.002629546,0.98361534,0.0046078637,0.003924556,0.0023841178,0.0028386011,topic_1,EMP00942,2024-H2
0.003651631,0.005630065,0.97801554,0.0054500015,0.0033108066,0.0039419443,topic_2,EMP00943,2024-H1
0.002629626,0.9836148,0.0046080053,0.0039246758,0.0023841904,0.0028386877,topic_1,EMP00943,2024-H2
0.0026295425,0.0040542143,0.0046078577,0.0039245505,0.9819452,0.0028385974,topic_4,EMP00944,2024-H1
0.0030573874,0.004713864,0.005357588,0.0045631025,0.0027720267,0.979536,topic_5,EMP00944,2024-H2
0.002630061,0.0040550143,0.14368692,0.8444043,0.0023845846,0.0028391574,topic_3,EMP00945,2024-H1
0.0030575132,0.0047140582,0.005357812,0.00456329,0.0027721408,0.97953516,topic_5,EMP00945,2024-H2
0.0026296042,0.0040543093,0.0046079657,0.9834853,0.0023841704,0.0028386642,topic_3,EMP00946,2024-H1
0.0028274404,0.004359332,0.004954642,0.9822428,0.0025635415,0.0030522286,topic_3,EMP00946,2024-H2
0.0030573874,0.004713864,0.005357588,0.0045631025,0.0027720267,0.979536,topic_5,EMP00947,2024-H1
0.0026295432,0.0040542153,0.0046078586,0.0039245514,0.9819452,0.002838598,topic_4,EMP00947,2024-H2
0.0028274152,0.0043592937,0.004954598,0.982243,0.0025635187,0.0030522016,topic_3,EMP00948,2024-H1
0.0028274157,0.0043592947,0.0049546044,0.982243,0.0025635194,0.003052202,topic_3,EMP00948,2024-H2
0.9650947,0.007946045,0.009031158,0.0076919114,0.0046727383,0.005563501,topic_0,EMP00949,2024-H1
0.0036515598,0.0056299553,0.0063988017,0.0054498953,0.003310742,0.97555906,topic_5,EMP00949,2024-H2
0.0030574417,0.0047139474,0.0053576897,0.0045631835,0.0027720758,0.97953564,topic_5,EMP00950,2024-H1
0.9650939,0.007946222,0.009031374,0.007692083,0.004672842,0.005563624,topic_0,EMP00950,2024-H2
0.004044493,0.0062357774,0.97565037,0.006036342,0.003667001,0.00436604,topic_2,EMP00951,2024-H1
0.0040445207,0.0062358193,0.007087406,0.0060363826,0.0036670258,0.9729288,topic_5,EMP00951,2024-H2
0.0040444722,0.0062357453,0.9756505,0.006036311,0.003666982,0.0043660174,topic_2,EMP00952,2024-H1
0.0040444722,0.0062357453,0.9756505,0.006036311,0.003666982,0.0043660174,topic_2,EMP00952,2024-H2
0.0040444722,0.0062357453,0.9756505,0.006036311,0.003666982,0.0043660174,topic_2,EMP00953,2024-H1
0.0040444722,0.0062357453,0.9756505,0.006036311,0.003666982,0.0043660174,topic_2,EMP00953,2024-H2
0.0024575987,0.98468673,0.0043065543,0.0036679276,0.002228219,0.0026529839,topic_1,EMP00954,2024-H1
0.0028273843,0.0043592458,0.0049545458,0.9822432,0.0025634908,0.0030521683,topic_3,EMP00954,2024-H2
0.0040444722,0.0062357453,0.9756505,0.006036311,0.003666982,0.0043660174,topic_2,EMP00955,2024-H1
0.003328144,0.005131315,0.0058320463,0.0049672024,0.0030175122,0.9777238,topic_5,EMP00955,2024-H2
0.0023067861,0.98562646,0.004042278,0.003442842,0.0020914825,0.0024901812,topic_1,EMP00956,2024-H1
0.0024576357,0.9846865,0.004306618,0.0036679825,0.0022282526,0.0026530237,topic_1,EMP00956,2024-H2
0.0040444722,0.0062357453,0.9756505,0.006036311,0.003666982,0.0043660174,topic_2,EMP00957,2024-H1
0.0033281397,0.005131308,0.005832039,0.9790983,0.0030175084,0.003592735,topic_3,EMP00957,2024-H2
0.0033281397,0.005131308,0.005832039,0.9790983,0.0030175084,0.003592735,topic_3,EMP00958,2024-H1
0.0040444727,0.0062357457,0.9756505,0.0060363114,0.0036669825,0.004366018,topic_2,EMP00958,2024-H2
0.0026295427,0.0040542143,0.0046078577,0.003924551,0.9819452,0.0028385976,topic_4,EMP00959,2024-H1
0.0026295432,0.0040542153,0.0046078586,0.0039245514,0.9819452,0.002838598,topic_4,EMP00959,2024-H2
0.0040444722,0.0062357453,0.9756505,0.006036311,0.003666982,0.0043660174,topic_2,EMP00960,2024-H1
0.0033281401,0.005131308,0.0058320393,0.9790983,0.0030175087,0.0035927352,topic_3,EMP00960,2024-H2
0.002457613,0.0037891343,0.004306578,0.0036679485,0.9831257,0.0026529992,topic_4,EMP00961,2024-H1
0.002457613,0.003789134,0.004306578,0.0036679483,0.9831257,0.002652999,topic_4,EMP00961,2024-H2
0.002629546,0.98361534,0.0046078637,0.003924556,0.0023841178,0.0028386011,topic_1,EMP00962,2024-H1
0.0040444722,0.0062357453,0.9756505,0.006036311,0.003666982,0.0043660174,topic_2,EMP00962,2024-H2
0.0033281404,0.005131309,0.0058320463,0.9790983,0.003017509,0.0035927356,topic_3,EMP00963,2024-H1
0.0040444722,0.0062357453,0.9756505,0.006036311,0.003666982,0.0043660174,topic_2,EMP00963,2024-H2
0.0030573874,0.004713864,0.005357588,0.0045631025,0.0027720267,0.979536,topic_5,EMP00964,2024-H1
0.0030573874,0.004713864,0.005357588,0.0045631025,0.0027720267,0.979536,topic_5,EMP00964,2024-H2
0.0033281401,0.0051313085,0.0058320393,0.9790983,0.0030175087,0.0035927352,topic_3,EMP00965,2024-H1
0.0033281404,0.005131309,0.0058320463,0.9790983,0.003017509,0.0035927356,topic_3,EMP00965,2024-H2
0.0024576,0.98468673,0.004306556,0.0036679292,0.0022282205,0.0026529853,topic_1,EMP00966,2024-H1
0.0028274297,0.0043593165,0.004954633,0.9822429,0.002563532,0.0030522172,topic_3,EMP00966,2024-H2
0.0033281443,0.0051313154,0.0058320467,0.0049672024,0.0030175124,0.9777238,topic_5,EMP00967,2024-H1
0.0040444955,0.006235786,0.0070873415,0.0060363463,0.97222996,0.0043660426,topic_4,EMP00967,2024-H2
0.9650947,0.007946045,0.009031158,0.007691911,0.0046727383,0.005563501,topic_0,EMP00968,2024-H1
0.0024575992,0.98468673,0.0043065543,0.0036679278,0.0022282195,0.0026529843,topic_1,EMP00968,2024-H2
0.0040444955,0.0062357844,0.0070873415,0.0060363463,0.97222996,0.0043660426,topic_4,EMP00969,2024-H1
0.003328144,0.005131315,0.0058320463,0.0049672024,0.0030175122,0.9777238,topic_5,EMP00969,2024-H2
0.0026295427,0.0040542143,0.0046078577,0.003924551,0.9819452,0.0028385976,topic_4,EMP00970,2024-H1
0.0026295432,0.0040542153,0.0046078586,0.0039245514,0.9819452,0.002838598,topic_4,EMP00970,2024-H2
0.0026295432,0.0040542153,0.0046078586,0.0039245514,0.9819452,0.002838598,topic_4,EMP00971,2024-H1
0.0026295423,0.004054214,0.004607857,0.0039245505,0.9819452,0.0028385972,topic_4,EMP00971,2024-H2
0.0028276346,0.0043596323,0.1549791,0.8322175,0.0025637178,0.0030524384,topic_3,EMP00972,2024-H1
0.0036515319,0.005629912,0.97801614,0.0054498534,0.0033107167,0.003941837,topic_2,EMP00972,2024-H2
0.0040444727,0.0062357457,0.9756505,0.0060363114,0.0036669825,0.004366018,topic_2,EMP00973,2024-H1
0.0026295448,0.98361534,0.0046078614,0.0039245537,0.0023841166,0.0028386,topic_1,EMP00973,2024-H2
0.0040444722,0.0062357453,0.9756505,0.006036311,0.003666982,0.0043660174,topic_2,EMP00974,2024-H1
0.002457591,0.9846868,0.00430654,0.0036679157,0.002228212,0.0026529755,topic_1,EMP00974,2024-H2
0.002827373,0.98238266,0.004954531,0.00421981,0.0025634808,0.0030521562,topic_1,EMP00975,2024-H1
0.0040444722,0.0062357453,0.9756505,0.006036311,0.003666982,0.0043660174,topic_2,EMP00975,2024-H2
0.98085076,0.004359227,0.0049545257,0.0042198086,0.00256348,0.0030521553,topic_0,EMP00976,2024-H1
0.0033281443,0.0051313154,0.0058320467,0.0049672024,0.0030175124,0.9777238,topic_5,EMP00976,2024-H2
0.0026295427,0.004054215,0.004607858,0.003924551,0.9819452,0.0028385979,topic_4,EMP00977,2024-H1
0.0030573874,0.004713864,0.005357588,0.0045631025,0.0027720267,0.979536,topic_5,EMP00977,2024-H2
0.0040444722,0.0062357453,0.9756505,0.006036311,0.003666982,0.0043660174,topic_2,EMP00978,2024-H1
0.002629546,0.98361534,0.0046078637,0.003924556,0.0023841178,0.0028386011,topic_1,EMP00978,2024-H2
0.0040444722,0.0062357453,0.9756505,0.006036311,0.003666982,0.0043660174,topic_2,EMP00979,2024-H1
0.0040444722,0.0062357453,0.9756505,0.006036311,0.003666982,0.0043660174,topic_2,EMP00979,2024-H2
0.0028274152,0.0043592937,0.004954598,0.982243,0.0025635187,0.0030522016,topic_3,EMP00980,2024-H1
0.0028274155,0.004359294,0.004954599,0.982243,0.0025635192,0.003052202,topic_3,EMP00980,2024-H2
0.0040444722,0.0062357453,0.9756505,0.006036311,0.003666982,0.0043660174,topic_2,EMP00981,2024-H1
0.0040444722,0.0062357453,0.9756505,0.006036311,0.003666982,0.0043660174,topic_2,EMP00981,2024-H2
0.002629545,0.98361534,0.004607862,0.0039245547,0.0023841169,0.0028386002,topic_1,EMP00982,2024-H1
0.0040444722,0.0062357453,0.9756505,0.006036311,0.003666982,0.0043660174,topic_2,EMP00982,2024-H2
0.0024576124,0.0037891336,0.0043065776,0.0036679478,0.98312575,0.0026529985,topic_4,EMP00983,2024-H1
0.002457613,0.0037891343,0.004306578,0.0036679485,0.9831257,0.0026529992,topic_4,EMP00983,2024-H2
0.0033281394,0.0051313075,0.0058320384,0.9790983,0.0030175082,0.0035927347,topic_3,EMP00984,2024-H1
0.0033281397,0.005131308,0.005832039,0.9790983,0.0030175084,0.003592735,topic_3,EMP00984,2024-H2
0.002629555,0.9836153,0.00460788,0.0039245696,0.002384126,0.0028386111,topic_1,EMP00985,2024-H1
0.0024576008,0.98468673,0.004306557,0.0036679304,0.002228221,0.002652986,topic_1,EMP00985,2024-H2
0.0033281394,0.0051313075,0.0058320384,0.9790983,0.0030175082,0.0035927347,topic_3,EMP00986,2024-H1
0.0040444722,0.0062357453,0.9756505,0.006036311,0.003666982,0.0043660174,topic_2,EMP00986,2024-H2
0.0030573867,0.004713862,0.005357587,0.9807987,0.002772026,0.0033004563,topic_3,EMP00987,2024-H1
0.0030573867,0.004713862,0.005357587,0.9807987,0.002772026,0.0033004563,topic_3,EMP00987,2024-H2
0.0040444927,0.0062357765,0.97565037,0.006036341,0.0036670004,0.0043660398,topic_2,EMP00988,2024-H1
0.0026295453,0.98361534,0.0046078623,0.003924555,0.002384117,0.0028386004,topic_1,EMP00988,2024-H2
0.002827372,0.98238266,0.0049545225,0.004219808,0.0025634796,0.0030521548,topic_1,EMP00989,2024-H1
0.0040444722,0.0062357453,0.9756505,0.006036311,0.003666982,0.0043660174,topic_2,EMP00989,2024-H2
0.0033281401,0.005131308,0.0058320393,0.9790983,0.0030175087,0.0035927352,topic_3,EMP00990,2024-H1
0.0026295462,0.98361534,0.0046078637,0.003924556,0.0023841178,0.0028386014,topic_1,EMP00990,2024-H2
0.0040444722,0.0062357453,0.9756505,0.006036311,0.003666982,0.0043660174,topic_2,EMP00991,2024-H1
0.002629546,0.98361534,0.0046078637,0.003924556,0.0023841178,0.0028386011,topic_1,EMP00991,2024-H2
0.0024576627,0.9846863,0.0043066656,0.0036680228,0.002228277,0.0026530528,topic_1,EMP00992,2024-H1
0.0036518027,0.0056303297,0.9780145,0.005450258,0.003310962,0.0039421297,topic_2,EMP00992,2024-H2
0.0036516462,0.005630088,0.9780155,0.0054500243,0.0033108203,0.003941961,topic_2,EMP00993,2024-H1
0.98219013,0.0040543345,0.004607998,0.003924667,0.002384185,0.0028386815,topic_0,EMP00993,2024-H2
0.0028273968,0.0043592653,0.0049545714,0.9822431,0.0025635022,0.0030521818,topic_3,EMP00994,2024-H1
0.0028273966,0.004359265,0.004954566,0.9822431,0.0025635022,0.0030521816,topic_3,EMP00994,2024-H2
0.0040444727,0.0062357457,0.9756505,0.0060363114,0.0036669825,0.004366018,topic_2,EMP00995,2024-H1
0.0033281404,0.005131309,0.0058320463,0.9790983,0.003017509,0.0035927356,topic_3,EMP00995,2024-H2
0.0026295448,0.98361534,0.004607862,0.003924554,0.0023841166,0.0028386002,topic_1,EMP00996,2024-H1
0.0040444722,0.0062357453,0.9756505,0.006036311,0.003666982,0.0043660174,topic_2,EMP00996,2024-H2
0.0033281446,0.005131316,0.005832047,0.004967203,0.0030175126,0.9777238,topic_5,EMP00997,2024-H1
0.0024575922,0.9846868,0.0043065418,0.0036679176,0.0022282132,0.0026529767,topic_1,EMP00997,2024-H2
0.0028274178,0.0043592975,0.0049546035,0.982243,0.0025635213,0.0030522044,topic_3,EMP00998,2024-H1
0.0026295844,0.004054279,0.0046079312,0.9834854,0.0023841525,0.0028386428,topic_3,EMP00998,2024-H2
0.0030573867,0.004713862,0.005357587,0.9807987,0.002772026,0.0033004563,topic_3,EMP00999,2024-H1
0.002629546,0.98361534,0.0046078637,0.003924556,0.0023841178,0.0028386011,topic_1,EMP00999,2024-H2
0.8352168,0.007947416,0.009032728,0.13756505,0.0046735443,0.0055644605,topic_0,EMP01000,2024-H1
0.0030575127,0.004714057,0.0053578094,0.0045632897,0.0027721403,0.97953516,topic_5,EMP01000,2024-H2
