review_id,employee_id,review_cycle,review_date,reviewer_id,rating,review_text,word_count
REV000001,EMP00001,2024-H1,2024-06-15,EMP00155,5,Performa Balidin luar biasa sepanjang kuartal ini. Berhasil menyelesaikan proyek optimasi pipeline data lebih awal dari jadwal dengan kualitas melebihi ekspektasi. Kontribusi pada tim sangat signifikan.,26
REV000002,EMP00001,2024-H2,2024-12-15,EMP00155,5,Balidin menunjukkan growth mindset yang kuat. Inisiatif dalam mengembangkan proses baru berhasil meningkatkan efisiensi tim sebesar 14%. Sangat direkomendasikan untuk program fast-track.,22
REV000003,EMP00002,2024-H1,2024-06-15,EMP00155,4,"Darmana telah bekerja dengan baik dalam tanggung jawab rutinnya. Area pengembangan utama: technical depth. Dengan bimbingan yang tepat, Darmana berpotensi mencapai level berikutnya.",23
REV000004,EMP00002,2024-H2,2024-12-15,EMP00155,3,Darmana memenuhi sebagian besar target yang ditetapkan. Perlu pengembangan lebih lanjut dalam hal presentasi. Disarankan mengikuti pelatihan leadership fundamental untuk mendukung pertumbuhan karier.,23
REV000005,EMP00003,2024-H1,2024-06-15,EMP00155,4,"Ciaobella telah bekerja dengan baik dalam tanggung jawab rutinnya. Area pengembangan utama: stakeholder communication. Dengan bimbingan yang tepat, Ciaobella berpotensi mencapai level berikutnya.",23
REV000006,EMP00003,2024-H2,2024-12-15,EMP00155,3,"Ciaobella telah bekerja dengan baik dalam tanggung jawab rutinnya. Area pengembangan utama: time management. Dengan bimbingan yang tepat, Ciaobella berpotensi mencapai level berikutnya.",23
REV000007,EMP00004,2024-H1,2024-06-15,EMP00155,4,Secara keseluruhan Lantar menunjukkan performa yang adequate. Beberapa deliverable perlu peningkatan dari sisi kualitas. Komunikasi dengan stakeholder perlu diperkuat.,19
REV000008,EMP00004,2024-H2,2024-12-15,EMP00155,3,"Dalam diskusi 1-on-1, Lantar menyampaikan rasa kurang puas dengan beban kerja saat ini. Perlu perhatian HRD untuk mencegah potensi turnover.",20
REV000009,EMP00005,2024-H1,2024-06-15,EMP00155,3,Among memenuhi sebagian besar target yang ditetapkan. Perlu pengembangan lebih lanjut dalam hal presentasi. Disarankan mengikuti pelatihan communication workshop untuk mendukung pertumbuhan karier.,23
REV000010,EMP00005,2024-H2,2024-12-15,EMP00155,4,"Among telah bekerja dengan baik dalam tanggung jawab rutinnya. Area pengembangan utama: stakeholder communication. Dengan bimbingan yang tepat, Among berpotensi mencapai level berikutnya.",23
REV000011,EMP00006,2024-H1,2024-06-15,EMP00155,3,"Daruna telah bekerja dengan baik dalam tanggung jawab rutinnya. Area pengembangan utama: cross-functional collaboration. Dengan bimbingan yang tepat, Daruna berpotensi mencapai level berikutnya.",23
REV000012,EMP00006,2024-H2,2024-12-15,EMP00155,4,Secara keseluruhan Daruna menunjukkan performa yang adequate. Beberapa deliverable perlu peningkatan dari sisi kualitas. Komunikasi dengan stakeholder perlu diperkuat.,19
REV000013,EMP00007,2024-H1,2024-06-15,EMP00155,3,Cut memenuhi sebagian besar target yang ditetapkan. Perlu pengembangan lebih lanjut dalam hal komunikasi. Disarankan mengikuti pelatihan data analytics bootcamp untuk mendukung pertumbuhan karier.,24
REV000014,EMP00007,2024-H2,2024-12-15,EMP00155,4,Secara keseluruhan Cut menunjukkan performa yang adequate. Beberapa deliverable perlu peningkatan dari sisi kualitas. Komunikasi dengan stakeholder perlu diperkuat.,19
REV000015,EMP00008,2024-H1,2024-06-15,EMP00155,3,Secara keseluruhan Sadina menunjukkan performa yang adequate. Beberapa deliverable perlu peningkatan dari sisi kualitas. Komunikasi dengan stakeholder perlu diperkuat.,19
REV000016,EMP00008,2024-H2,2024-12-15,EMP00155,4,Secara keseluruhan Sadina menunjukkan performa yang adequate. Beberapa deliverable perlu peningkatan dari sisi kualitas. Komunikasi dengan stakeholder perlu diperkuat.,19
REV000017,EMP00009,2024-H1,2024-06-15,EMP00155,4,Performa Ikin luar biasa sepanjang kuartal ini. Berhasil menyelesaikan proyek optimasi pipeline data lebih awal dari jadwal dengan kualitas melebihi ekspektasi. Kontribusi pada tim sangat signifikan.,26
REV000018,EMP00009,2024-H2,2024-12-15,EMP00155,5,Performa Ikin luar biasa sepanjang kuartal ini. Berhasil menyelesaikan proyek peluncuran produk baru lebih awal dari jadwal dengan kualitas melebihi ekspektasi. Kontribusi pada tim sangat signifikan.,26
REV000019,EMP00010,2024-H1,2024-06-15,EMP00155,4,Yessi menunjukkan growth mindset yang kuat. Inisiatif dalam mengembangkan proses baru berhasil meningkatkan efisiensi tim sebesar 27%. Sangat direkomendasikan untuk program fast-track.,22
REV000020,EMP00010,2024-H2,2024-12-15,EMP00155,4,Performa Yessi luar biasa sepanjang kuartal ini. Berhasil menyelesaikan proyek peluncuran produk baru lebih awal dari jadwal dengan kualitas melebihi ekspektasi. Kontribusi pada tim sangat signifikan.,26
REV000021,EMP00011,2024-H1,2024-06-15,EMP00155,2,KH. beberapa kali mengekspresikan kekhawatiran terkait kompensasi dan jenjang karier. Disarankan untuk dilakukan retention conversation secepatnya.,16
REV000022,EMP00011,2024-H2,2024-12-15,EMP00155,2,KH. tampak kurang engaged dalam beberapa bulan terakhir. Absensi dalam team meeting meningkat. Perlu investigasi lebih lanjut.,17
REV000023,EMP00012,2024-H1,2024-06-15,EMP00155,3,"Eva telah bekerja dengan baik dalam tanggung jawab rutinnya. Area pengembangan utama: stakeholder communication. Dengan bimbingan yang tepat, Eva berpotensi mencapai level berikutnya.",23
REV000024,EMP00012,2024-H2,2024-12-15,EMP00155,3,Secara keseluruhan Eva menunjukkan performa yang adequate. Beberapa deliverable perlu peningkatan dari sisi kualitas. Komunikasi dengan stakeholder perlu diperkuat.,19
REV000025,EMP00013,2024-H1,2024-06-15,EMP00155,4,Secara keseluruhan Tgk. menunjukkan performa yang adequate. Beberapa deliverable perlu peningkatan dari sisi kualitas. Komunikasi dengan stakeholder perlu diperkuat.,19
REV000026,EMP00013,2024-H2,2024-12-15,EMP00155,4,"Dalam diskusi 1-on-1, Tgk. menyampaikan rasa kurang puas dengan beban kerja saat ini. Perlu perhatian HRD untuk mencegah potensi turnover.",20
REV000027,EMP00014,2024-H1,2024-06-15,EMP00155,3,Secara keseluruhan Gatot menunjukkan performa yang adequate. Beberapa deliverable perlu peningkatan dari sisi kualitas. Komunikasi dengan stakeholder perlu diperkuat.,19
REV000028,EMP00014,2024-H2,2024-12-15,EMP00155,4,Gatot memenuhi sebagian besar target yang ditetapkan. Perlu pengembangan lebih lanjut dalam hal presentasi. Disarankan mengikuti pelatihan communication workshop untuk mendukung pertumbuhan karier.,23
REV000029,EMP00015,2024-H1,2024-06-15,EMP00155,3,Tgk. memenuhi sebagian besar target yang ditetapkan. Perlu pengembangan lebih lanjut dalam hal presentasi. Disarankan mengikuti pelatihan data analytics bootcamp untuk mendukung pertumbuhan karier.,24
REV000030,EMP00015,2024-H2,2024-12-15,EMP00155,3,Tgk. memenuhi sebagian besar target yang ditetapkan. Perlu pengembangan lebih lanjut dalam hal leadership. Disarankan mengikuti pelatihan data analytics bootcamp untuk mendukung pertumbuhan karier.,24
REV000031,EMP00016,2024-H1,2024-06-15,EMP00155,3,"Michelle telah bekerja dengan baik dalam tanggung jawab rutinnya. Area pengembangan utama: technical depth. Dengan bimbingan yang tepat, Michelle berpotensi mencapai level berikutnya.",23
REV000032,EMP00016,2024-H2,2024-12-15,EMP00155,3,Secara keseluruhan Michelle menunjukkan performa yang adequate. Beberapa deliverable perlu peningkatan dari sisi kualitas. Komunikasi dengan stakeholder perlu diperkuat.,19
REV000033,EMP00017,2024-H1,2024-06-15,EMP00155,1,"Terdapat beberapa concern terkait performa Cindy, khususnya dalam hal ketepatan waktu deliverable. Perlu perhatian khusus dan rencana perbaikan yang konkret.",20
REV000034,EMP00017,2024-H2,2024-12-15,EMP00155,3,Cindy tampak kurang engaged dalam beberapa bulan terakhir. Absensi dalam team meeting meningkat. Perlu investigasi lebih lanjut.,17
REV000035,EMP00018,2024-H1,2024-06-15,,3,Yance memenuhi sebagian besar target yang ditetapkan. Perlu pengembangan lebih lanjut dalam hal project management. Disarankan mengikuti pelatihan communication workshop untuk mendukung pertumbuhan karier.,24
REV000036,EMP00018,2024-H2,2024-12-15,,3,"Yance telah bekerja dengan baik dalam tanggung jawab rutinnya. Area pengembangan utama: stakeholder communication. Dengan bimbingan yang tepat, Yance berpotensi mencapai level berikutnya.",23
REV000037,EMP00019,2024-H1,2024-06-15,EMP00155,3,dr. memenuhi sebagian besar target yang ditetapkan. Perlu pengembangan lebih lanjut dalam hal komunikasi. Disarankan mengikuti pelatihan communication workshop untuk mendukung pertumbuhan karier.,23
REV000038,EMP00019,2024-H2,2024-12-15,EMP00155,4,"dr. telah bekerja dengan baik dalam tanggung jawab rutinnya. Area pengembangan utama: cross-functional collaboration. Dengan bimbingan yang tepat, dr. berpotensi mencapai level berikutnya.",23
REV000039,EMP00020,2024-H1,2024-06-15,EMP00155,3,Betania belum mencapai target yang ditetapkan. Perlu improvement plan yang lebih terstruktur dalam 3 bulan ke depan. Disarankan untuk diskusi 1-on-1 lebih intensif.,23
REV000040,EMP00020,2024-H2,2024-12-15,EMP00155,2,Betania tampak kurang engaged dalam beberapa bulan terakhir. Absensi dalam team meeting meningkat. Perlu investigasi lebih lanjut.,17
REV000041,EMP00021,2024-H1,2024-06-15,,4,"T. telah bekerja dengan baik dalam tanggung jawab rutinnya. Area pengembangan utama: stakeholder communication. Dengan bimbingan yang tepat, T. berpotensi mencapai level berikutnya.",23
REV000042,EMP00021,2024-H2,2024-12-15,,3,"T. telah bekerja dengan baik dalam tanggung jawab rutinnya. Area pengembangan utama: cross-functional collaboration. Dengan bimbingan yang tepat, T. berpotensi mencapai level berikutnya.",23
REV000043,EMP00022,2024-H1,2024-06-15,EMP00155,5,Performa Indah luar biasa sepanjang kuartal ini. Berhasil menyelesaikan proyek migrasi sistem lebih awal dari jadwal dengan kualitas melebihi ekspektasi. Kontribusi pada tim sangat signifikan.,25
REV000044,EMP00022,2024-H2,2024-12-15,EMP00155,5,Indah secara konsisten melampaui target yang ditetapkan. Kemampuan teknis dan kepemimpinan tim sangat menonjol. Rekomendasikan untuk promosi ke level berikutnya dalam 6 bulan ke depan.,25
REV000045,EMP00023,2024-H1,2024-06-15,EMP00155,5,Performa Rafid luar biasa sepanjang kuartal ini. Berhasil menyelesaikan proyek restrukturisasi SOP lebih awal dari jadwal dengan kualitas melebihi ekspektasi. Kontribusi pada tim sangat signifikan.,25
REV000046,EMP00023,2024-H2,2024-12-15,EMP00155,4,Rafid menunjukkan growth mindset yang kuat. Inisiatif dalam mengembangkan proses baru berhasil meningkatkan efisiensi tim sebesar 14%. Sangat direkomendasikan untuk program fast-track.,22
REV000047,EMP00024,2024-H1,2024-06-15,EMP00155,5,Kamila secara konsisten melampaui target yang ditetapkan. Kemampuan teknis dan kepemimpinan tim sangat menonjol. Rekomendasikan untuk promosi ke level berikutnya dalam 6 bulan ke depan.,25
REV000048,EMP00024,2024-H2,2024-12-15,EMP00155,5,Kamila secara konsisten melampaui target yang ditetapkan. Kemampuan teknis dan kepemimpinan tim sangat menonjol. Rekomendasikan untuk promosi ke level berikutnya dalam 6 bulan ke depan.,25
REV000049,EMP00025,2024-H1,2024-06-15,EMP00155,3,"Emas telah bekerja dengan baik dalam tanggung jawab rutinnya. Area pengembangan utama: time management. Dengan bimbingan yang tepat, Emas berpotensi mencapai level berikutnya.",23
REV000050,EMP00025,2024-H2,2024-12-15,EMP00155,4,Secara keseluruhan Emas menunjukkan performa yang adequate. Beberapa deliverable perlu peningkatan dari sisi kualitas. Komunikasi dengan stakeholder perlu diperkuat.,19
REV000051,EMP00026,2024-H1,2024-06-15,EMP00155,4,Performa Hj. luar biasa sepanjang kuartal ini. Berhasil menyelesaikan proyek restrukturisasi SOP lebih awal dari jadwal dengan kualitas melebihi ekspektasi. Kontribusi pada tim sangat signifikan.,25
REV000052,EMP00026,2024-H2,2024-12-15,EMP00155,5,Hj. secara konsisten melampaui target yang ditetapkan. Kemampuan teknis dan kepemimpinan tim sangat menonjol. Rekomendasikan untuk promosi ke level berikutnya dalam 6 bulan ke depan.,25
REV000053,EMP00027,2024-H1,2024-06-15,EMP00155,5,Hesti tampak kurang engaged dalam beberapa bulan terakhir. Absensi dalam team meeting meningkat. Perlu investigasi lebih lanjut.,17
REV000054,EMP00027,2024-H2,2024-12-15,EMP00155,4,"Dalam diskusi 1-on-1, Hesti menyampaikan rasa kurang puas dengan beban kerja saat ini. Perlu perhatian HRD untuk mencegah potensi turnover.",20
REV000055,EMP00028,2024-H1,2024-06-15,EMP00155,4,Performa Humaira luar biasa sepanjang kuartal ini. Berhasil menyelesaikan proyek restrukturisasi SOP lebih awal dari jadwal dengan kualitas melebihi ekspektasi. Kontribusi pada tim sangat signifikan.,25
REV000056,EMP00028,2024-H2,2024-12-15,EMP00155,5,Humaira beberapa kali mengekspresikan kekhawatiran terkait kompensasi dan jenjang karier. Disarankan untuk dilakukan retention conversation secepatnya.,16
REV000057,EMP00029,2024-H1,2024-06-15,,3,"Puti telah bekerja dengan baik dalam tanggung jawab rutinnya. Area pengembangan utama: cross-functional collaboration. Dengan bimbingan yang tepat, Puti berpotensi mencapai level berikutnya.",23
REV000058,EMP00029,2024-H2,2024-12-15,,4,Secara keseluruhan Puti menunjukkan performa yang adequate. Beberapa deliverable perlu peningkatan dari sisi kualitas. Komunikasi dengan stakeholder perlu diperkuat.,19
REV000059,EMP00030,2024-H1,2024-06-15,,4,Secara keseluruhan Cut menunjukkan performa yang adequate. Beberapa deliverable perlu peningkatan dari sisi kualitas. Komunikasi dengan stakeholder perlu diperkuat.,19
REV000060,EMP00030,2024-H2,2024-12-15,,3,Cut memenuhi sebagian besar target yang ditetapkan. Perlu pengembangan lebih lanjut dalam hal analisis data. Disarankan mengikuti pelatihan leadership fundamental untuk mendukung pertumbuhan karier.,24
REV000061,EMP00031,2024-H1,2024-06-15,EMP00155,3,Hasna memenuhi sebagian besar target yang ditetapkan. Perlu pengembangan lebih lanjut dalam hal presentasi. Disarankan mengikuti pelatihan leadership fundamental untuk mendukung pertumbuhan karier.,23
REV000062,EMP00031,2024-H2,2024-12-15,EMP00155,4,Hasna memenuhi sebagian besar target yang ditetapkan. Perlu pengembangan lebih lanjut dalam hal presentasi. Disarankan mengikuti pelatihan agile methodology untuk mendukung pertumbuhan karier.,23
REV000063,EMP00032,2024-H1,2024-06-15,EMP00155,5,Performa Vino luar biasa sepanjang kuartal ini. Berhasil menyelesaikan proyek restrukturisasi SOP lebih awal dari jadwal dengan kualitas melebihi ekspektasi. Kontribusi pada tim sangat signifikan.,25
REV000064,EMP00032,2024-H2,2024-12-15,EMP00155,5,Performa Vino luar biasa sepanjang kuartal ini. Berhasil menyelesaikan proyek restrukturisasi SOP lebih awal dari jadwal dengan kualitas melebihi ekspektasi. Kontribusi pada tim sangat signifikan.,25
REV000065,EMP00033,2024-H1,2024-06-15,EMP00155,4,Iriana beberapa kali mengekspresikan kekhawatiran terkait kompensasi dan jenjang karier. Disarankan untuk dilakukan retention conversation secepatnya.,16
REV000066,EMP00033,2024-H2,2024-12-15,EMP00155,3,Iriana beberapa kali mengekspresikan kekhawatiran terkait kompensasi dan jenjang karier. Disarankan untuk dilakukan retention conversation secepatnya.,16
REV000067,EMP00034,2024-H1,2024-06-15,,3,"Syahrini telah bekerja dengan baik dalam tanggung jawab rutinnya. Area pengembangan utama: cross-functional collaboration. Dengan bimbingan yang tepat, Syahrini berpotensi mencapai level berikutnya.",23
REV000068,EMP00034,2024-H2,2024-12-15,,3,Syahrini memenuhi sebagian besar target yang ditetapkan. Perlu pengembangan lebih lanjut dalam hal presentasi. Disarankan mengikuti pelatihan agile methodology untuk mendukung pertumbuhan karier.,23
REV000069,EMP00035,2024-H1,2024-06-15,EMP00155,2,"Dalam diskusi 1-on-1, Eman menyampaikan rasa kurang puas dengan beban kerja saat ini. Perlu perhatian HRD untuk mencegah potensi turnover.",20
REV000070,EMP00035,2024-H2,2024-12-15,EMP00155,3,Eman tampak kurang engaged dalam beberapa bulan terakhir. Absensi dalam team meeting meningkat. Perlu investigasi lebih lanjut.,17
REV000071,EMP00036,2024-H1,2024-06-15,EMP00155,4,Secara keseluruhan Panca menunjukkan performa yang adequate. Beberapa deliverable perlu peningkatan dari sisi kualitas. Komunikasi dengan stakeholder perlu diperkuat.,19
REV000072,EMP00036,2024-H2,2024-12-15,EMP00155,4,"Panca telah bekerja dengan baik dalam tanggung jawab rutinnya. Area pengembangan utama: cross-functional collaboration. Dengan bimbingan yang tepat, Panca berpotensi mencapai level berikutnya.",23
REV000073,EMP00037,2024-H1,2024-06-15,EMP00155,5,T. tampak kurang engaged dalam beberapa bulan terakhir. Absensi dalam team meeting meningkat. Perlu investigasi lebih lanjut.,17
REV000074,EMP00037,2024-H2,2024-12-15,EMP00155,5,T. secara konsisten melampaui target yang ditetapkan. Kemampuan teknis dan kepemimpinan tim sangat menonjol. Rekomendasikan untuk promosi ke level berikutnya dalam 6 bulan ke depan.,25
REV000075,EMP00038,2024-H1,2024-06-15,EMP00155,5,Performa Restu luar biasa sepanjang kuartal ini. Berhasil menyelesaikan proyek optimasi pipeline data lebih awal dari jadwal dengan kualitas melebihi ekspektasi. Kontribusi pada tim sangat signifikan.,26
REV000076,EMP00038,2024-H2,2024-12-15,EMP00155,4,Restu secara konsisten melampaui target yang ditetapkan. Kemampuan teknis dan kepemimpinan tim sangat menonjol. Rekomendasikan untuk promosi ke level berikutnya dalam 6 bulan ke depan.,25
REV000077,EMP00039,2024-H1,2024-06-15,EMP00155,4,"Gawati telah bekerja dengan baik dalam tanggung jawab rutinnya. Area pengembangan utama: cross-functional collaboration. Dengan bimbingan yang tepat, Gawati berpotensi mencapai level berikutnya.",23
REV000078,EMP00039,2024-H2,2024-12-15,EMP00155,3,Gawati beberapa kali mengekspresikan kekhawatiran terkait kompensasi dan jenjang karier. Disarankan untuk dilakukan retention conversation secepatnya.,16
REV000079,EMP00040,2024-H1,2024-06-15,EMP00155,3,"drg. telah bekerja dengan baik dalam tanggung jawab rutinnya. Area pengembangan utama: time management. Dengan bimbingan yang tepat, drg. berpotensi mencapai level berikutnya.",23
REV000080,EMP00040,2024-H2,2024-12-15,EMP00155,4,"drg. telah bekerja dengan baik dalam tanggung jawab rutinnya. Area pengembangan utama: stakeholder communication. Dengan bimbingan yang tepat, drg. berpotensi mencapai level berikutnya.",23
REV000081,EMP00041,2024-H1,2024-06-15,,4,Secara keseluruhan Puti menunjukkan performa yang adequate. Beberapa deliverable perlu peningkatan dari sisi kualitas. Komunikasi dengan stakeholder perlu diperkuat.,19
REV000082,EMP00041,2024-H2,2024-12-15,,3,Puti memenuhi sebagian besar target yang ditetapkan. Perlu pengembangan lebih lanjut dalam hal project management. Disarankan mengikuti pelatihan leadership fundamental untuk mendukung pertumbuhan karier.,24
REV000083,EMP00042,2024-H1,2024-06-15,EMP00155,3,Ir. memenuhi sebagian besar target yang ditetapkan. Perlu pengembangan lebih lanjut dalam hal project management. Disarankan mengikuti pelatihan leadership fundamental untuk mendukung pertumbuhan karier.,24
REV000084,EMP00042,2024-H2,2024-12-15,EMP00155,3,"Ir. telah bekerja dengan baik dalam tanggung jawab rutinnya. Area pengembangan utama: stakeholder communication. Dengan bimbingan yang tepat, Ir. berpotensi mencapai level berikutnya.",23
REV000085,EMP00043,2024-H1,2024-06-15,EMP00155,3,Secara keseluruhan Kezia menunjukkan performa yang adequate. Beberapa deliverable perlu peningkatan dari sisi kualitas. Komunikasi dengan stakeholder perlu diperkuat.,19
REV000086,EMP00043,2024-H2,2024-12-15,EMP00155,4,Kezia memenuhi sebagian besar target yang ditetapkan. Perlu pengembangan lebih lanjut dalam hal presentasi. Disarankan mengikuti pelatihan leadership fundamental untuk mendukung pertumbuhan karier.,23
REV000087,EMP00044,2024-H1,2024-06-15,,4,"Paris telah bekerja dengan baik dalam tanggung jawab rutinnya. Area pengembangan utama: stakeholder communication. Dengan bimbingan yang tepat, Paris berpotensi mencapai level berikutnya.",23
REV000088,EMP00044,2024-H2,2024-12-15,,3,Paris memenuhi sebagian besar target yang ditetapkan. Perlu pengembangan lebih lanjut dalam hal komunikasi. Disarankan mengikuti pelatihan leadership fundamental untuk mendukung pertumbuhan karier.,23
REV000089,EMP00045,2024-H1,2024-06-15,EMP00155,3,Dt. beberapa kali mengekspresikan kekhawatiran terkait kompensasi dan jenjang karier. Disarankan untuk dilakukan retention conversation secepatnya.,16
REV000090,EMP00045,2024-H2,2024-12-15,EMP00155,2,Dt. menghadapi tantangan dalam memenuhi ekspektasi peran saat ini. Perlu evaluasi ulang mengenai kesesuaian role dengan strengths yang dimiliki.,19
REV000091,EMP00046,2024-H1,2024-06-15,EMP00155,3,"Timbul telah bekerja dengan baik dalam tanggung jawab rutinnya. Area pengembangan utama: technical depth. Dengan bimbingan yang tepat, Timbul berpotensi mencapai level berikutnya.",23
REV000092,EMP00046,2024-H2,2024-12-15,EMP00155,3,"Timbul telah bekerja dengan baik dalam tanggung jawab rutinnya. Area pengembangan utama: time management. Dengan bimbingan yang tepat, Timbul berpotensi mencapai level berikutnya.",23
REV000093,EMP00047,2024-H1,2024-06-15,EMP00155,4,Secara keseluruhan Ir. menunjukkan performa yang adequate. Beberapa deliverable perlu peningkatan dari sisi kualitas. Komunikasi dengan stakeholder perlu diperkuat.,19
REV000094,EMP00047,2024-H2,2024-12-15,EMP00155,3,Secara keseluruhan Ir. menunjukkan performa yang adequate. Beberapa deliverable perlu peningkatan dari sisi kualitas. Komunikasi dengan stakeholder perlu diperkuat.,19
REV000095,EMP00048,2024-H1,2024-06-15,EMP00155,4,"Dalam diskusi 1-on-1, Endah menyampaikan rasa kurang puas dengan beban kerja saat ini. Perlu perhatian HRD untuk mencegah potensi turnover.",20
REV000096,EMP00048,2024-H2,2024-12-15,EMP00155,5,"Dalam diskusi 1-on-1, Endah menyampaikan rasa kurang puas dengan beban kerja saat ini. Perlu perhatian HRD untuk mencegah potensi turnover.",20
REV000097,EMP00049,2024-H1,2024-06-15,EMP00155,4,Xanana memenuhi sebagian besar target yang ditetapkan. Perlu pengembangan lebih lanjut dalam hal leadership. Disarankan mengikuti pelatihan data analytics bootcamp untuk mendukung pertumbuhan karier.,24
REV000098,EMP00049,2024-H2,2024-12-15,EMP00155,3,Secara keseluruhan Xanana menunjukkan performa yang adequate. Beberapa deliverable perlu peningkatan dari sisi kualitas. Komunikasi dengan stakeholder perlu diperkuat.,19
REV000099,EMP00050,2024-H1,2024-06-15,EMP00155,3,KH. memenuhi sebagian besar target yang ditetapkan. Perlu pengembangan lebih lanjut dalam hal analisis data. Disarankan mengikuti pelatihan communication workshop untuk mendukung pertumbuhan karier.,24
REV000100,EMP00050,2024-H2,2024-12-15,EMP00155,3,Secara keseluruhan KH. menunjukkan performa yang adequate. Beberapa deliverable perlu peningkatan dari sisi kualitas. Komunikasi dengan stakeholder perlu diperkuat.,19
REV000101,EMP00051,2024-H1,2024-06-15,EMP00155,3,"Tedi telah bekerja dengan baik dalam tanggung jawab rutinnya. Area pengembangan utama: stakeholder communication. Dengan bimbingan yang tepat, Tedi berpotensi mencapai level berikutnya.",23
REV000102,EMP00051,2024-H2,2024-12-15,EMP00155,3,Tedi memenuhi sebagian besar target yang ditetapkan. Perlu pengembangan lebih lanjut dalam hal analisis data. Disarankan mengikuti pelatihan communication workshop untuk mendukung pertumbuhan karier.,24
REV000103,EMP00052,2024-H1,2024-06-15,EMP00155,5,Performa Zaenab luar biasa sepanjang kuartal ini. Berhasil menyelesaikan proyek restrukturisasi SOP lebih awal dari jadwal dengan kualitas melebihi ekspektasi. Kontribusi pada tim sangat signifikan.,25
REV000104,EMP00052,2024-H2,2024-12-15,EMP00155,5,Performa Zaenab luar biasa sepanjang kuartal ini. Berhasil menyelesaikan proyek restrukturisasi SOP lebih awal dari jadwal dengan kualitas melebihi ekspektasi. Kontribusi pada tim sangat signifikan.,25
REV000105,EMP00053,2024-H1,2024-06-15,EMP00155,4,Drs. memenuhi sebagian besar target yang ditetapkan. Perlu pengembangan lebih lanjut dalam hal presentasi. Disarankan mengikuti pelatihan agile methodology untuk mendukung pertumbuhan karier.,23
REV000106,EMP00053,2024-H2,2024-12-15,EMP00155,3,"Drs. telah bekerja dengan baik dalam tanggung jawab rutinnya. Area pengembangan utama: stakeholder communication. Dengan bimbingan yang tepat, Drs. berpotensi mencapai level berikutnya.",23
REV000107,EMP00054,2024-H1,2024-06-15,EMP00155,3,"Vanesa telah bekerja dengan baik dalam tanggung jawab rutinnya. Area pengembangan utama: time management. Dengan bimbingan yang tepat, Vanesa berpotensi mencapai level berikutnya.",23
REV000108,EMP00054,2024-H2,2024-12-15,EMP00155,3,Secara keseluruhan Vanesa menunjukkan performa yang adequate. Beberapa deliverable perlu peningkatan dari sisi kualitas. Komunikasi dengan stakeholder perlu diperkuat.,19
REV000109,EMP00055,2024-H1,2024-06-15,EMP00155,4,"KH. telah bekerja dengan baik dalam tanggung jawab rutinnya. Area pengembangan utama: technical depth. Dengan bimbingan yang tepat, KH. berpotensi mencapai level berikutnya.",23
REV000110,EMP00055,2024-H2,2024-12-15,EMP00155,3,Secara keseluruhan KH. menunjukkan performa yang adequate. Beberapa deliverable perlu peningkatan dari sisi kualitas. Komunikasi dengan stakeholder perlu diperkuat.,19
REV000111,EMP00056,2024-H1,2024-06-15,,2,Liman menghadapi tantangan dalam memenuhi ekspektasi peran saat ini. Perlu evaluasi ulang mengenai kesesuaian role dengan strengths yang dimiliki.,19
REV000112,EMP00056,2024-H2,2024-12-15,,1,"Dalam diskusi 1-on-1, Liman menyampaikan rasa kurang puas dengan beban kerja saat ini. Perlu perhatian HRD untuk mencegah potensi turnover.",20
REV000113,EMP00057,2024-H1,2024-06-15,EMP00155,3,Anita beberapa kali mengekspresikan kekhawatiran terkait kompensasi dan jenjang karier. Disarankan untuk dilakukan retention conversation secepatnya.,16
REV000114,EMP00057,2024-H2,2024-12-15,EMP00155,1,Anita tampak kurang engaged dalam beberapa bulan terakhir. Absensi dalam team meeting meningkat. Perlu investigasi lebih lanjut.,17
REV000115,EMP00058,2024-H1,2024-06-15,EMP00155,4,Secara keseluruhan Yance menunjukkan performa yang adequate. Beberapa deliverable perlu peningkatan dari sisi kualitas. Komunikasi dengan stakeholder perlu diperkuat.,19
REV000116,EMP00058,2024-H2,2024-12-15,EMP00155,3,Yance tampak kurang engaged dalam beberapa bulan terakhir. Absensi dalam team meeting meningkat. Perlu investigasi lebih lanjut.,17
REV000117,EMP00059,2024-H1,2024-06-15,EMP00155,3,Asmianto memenuhi sebagian besar target yang ditetapkan. Perlu pengembangan lebih lanjut dalam hal komunikasi. Disarankan mengikuti pelatihan data analytics bootcamp untuk mendukung pertumbuhan karier.,24
REV000118,EMP00059,2024-H2,2024-12-15,EMP00155,4,Secara keseluruhan Asmianto menunjukkan performa yang adequate. Beberapa deliverable perlu peningkatan dari sisi kualitas. Komunikasi dengan stakeholder perlu diperkuat.,19
REV000119,EMP00060,2024-H1,2024-06-15,EMP00155,3,"Puti telah bekerja dengan baik dalam tanggung jawab rutinnya. Area pengembangan utama: cross-functional collaboration. Dengan bimbingan yang tepat, Puti berpotensi mencapai level berikutnya.",23
REV000120,EMP00060,2024-H2,2024-12-15,EMP00155,4,Secara keseluruhan Puti menunjukkan performa yang adequate. Beberapa deliverable perlu peningkatan dari sisi kualitas. Komunikasi dengan stakeholder perlu diperkuat.,19
REV000121,EMP00061,2024-H1,2024-06-15,EMP00155,3,Puti memenuhi sebagian besar target yang ditetapkan. Perlu pengembangan lebih lanjut dalam hal presentasi. Disarankan mengikuti pelatihan data analytics bootcamp untuk mendukung pertumbuhan karier.,24
REV000122,EMP00061,2024-H2,2024-12-15,EMP00155,3,Secara keseluruhan Puti menunjukkan performa yang adequate. Beberapa deliverable perlu peningkatan dari sisi kualitas. Komunikasi dengan stakeholder perlu diperkuat.,19
REV000123,EMP00062,2024-H1,2024-06-15,EMP00155,4,Maryanto beberapa kali mengekspresikan kekhawatiran terkait kompensasi dan jenjang karier. Disarankan untuk dilakukan retention conversation secepatnya.,16
REV000124,EMP00062,2024-H2,2024-12-15,EMP00155,5,Performa Maryanto luar biasa sepanjang kuartal ini. Berhasil menyelesaikan proyek peluncuran produk baru lebih awal dari jadwal dengan kualitas melebihi ekspektasi. Kontribusi pada tim sangat signifikan.,26
REV000125,EMP00063,2024-H1,2024-06-15,,4,"R.M. telah bekerja dengan baik dalam tanggung jawab rutinnya. Area pengembangan utama: cross-functional collaboration. Dengan bimbingan yang tepat, R.M. berpotensi mencapai level berikutnya.",23
REV000126,EMP00063,2024-H2,2024-12-15,,4,"R.M. telah bekerja dengan baik dalam tanggung jawab rutinnya. Area pengembangan utama: cross-functional collaboration. Dengan bimbingan yang tepat, R.M. berpotensi mencapai level berikutnya.",23
REV000127,EMP00064,2024-H1,2024-06-15,EMP00155,4,Secara keseluruhan Ir. menunjukkan performa yang adequate. Beberapa deliverable perlu peningkatan dari sisi kualitas. Komunikasi dengan stakeholder perlu diperkuat.,19
REV000128,EMP00064,2024-H2,2024-12-15,EMP00155,3,"Ir. telah bekerja dengan baik dalam tanggung jawab rutinnya. Area pengembangan utama: stakeholder communication. Dengan bimbingan yang tepat, Ir. berpotensi mencapai level berikutnya.",23
REV000129,EMP00065,2024-H1,2024-06-15,EMP00155,3,"H. telah bekerja dengan baik dalam tanggung jawab rutinnya. Area pengembangan utama: cross-functional collaboration. Dengan bimbingan yang tepat, H. berpotensi mencapai level berikutnya.",23
REV000130,EMP00065,2024-H2,2024-12-15,EMP00155,3,"H. telah bekerja dengan baik dalam tanggung jawab rutinnya. Area pengembangan utama: technical depth. Dengan bimbingan yang tepat, H. berpotensi mencapai level berikutnya.",23
REV000131,EMP00066,2024-H1,2024-06-15,EMP00155,4,Secara keseluruhan Salsabila menunjukkan performa yang adequate. Beberapa deliverable perlu peningkatan dari sisi kualitas. Komunikasi dengan stakeholder perlu diperkuat.,19
REV000132,EMP00066,2024-H2,2024-12-15,EMP00155,3,Salsabila memenuhi sebagian besar target yang ditetapkan. Perlu pengembangan lebih lanjut dalam hal presentasi. Disarankan mengikuti pelatihan communication workshop untuk mendukung pertumbuhan karier.,23
REV000133,EMP00067,2024-H1,2024-06-15,EMP00155,4,"Maida telah bekerja dengan baik dalam tanggung jawab rutinnya. Area pengembangan utama: stakeholder communication. Dengan bimbingan yang tepat, Maida berpotensi mencapai level berikutnya.",23
REV000134,EMP00067,2024-H2,2024-12-15,EMP00155,4,Maida memenuhi sebagian besar target yang ditetapkan. Perlu pengembangan lebih lanjut dalam hal analisis data. Disarankan mengikuti pelatihan agile methodology untuk mendukung pertumbuhan karier.,24
REV000135,EMP00068,2024-H1,2024-06-15,EMP00155,5,Performa Devi luar biasa sepanjang kuartal ini. Berhasil menyelesaikan proyek peluncuran produk baru lebih awal dari jadwal dengan kualitas melebihi ekspektasi. Kontribusi pada tim sangat signifikan.,26
REV000136,EMP00068,2024-H2,2024-12-15,EMP00155,4,Devi menunjukkan growth mindset yang kuat. Inisiatif dalam mengembangkan proses baru berhasil meningkatkan efisiensi tim sebesar 26%. Sangat direkomendasikan untuk program fast-track.,22
REV000137,EMP00069,2024-H1,2024-06-15,EMP00155,2,Atma beberapa kali mengekspresikan kekhawatiran terkait kompensasi dan jenjang karier. Disarankan untuk dilakukan retention conversation secepatnya.,16
REV000138,EMP00069,2024-H2,2024-12-15,EMP00155,2,Atma beberapa kali mengekspresikan kekhawatiran terkait kompensasi dan jenjang karier. Disarankan untuk dilakukan retention conversation secepatnya.,16
REV000139,EMP00070,2024-H1,2024-06-15,EMP00155,3,Secara keseluruhan Lanjar menunjukkan performa yang adequate. Beberapa deliverable perlu peningkatan dari sisi kualitas. Komunikasi dengan stakeholder perlu diperkuat.,19
REV000140,EMP00070,2024-H2,2024-12-15,EMP00155,3,"Lanjar telah bekerja dengan baik dalam tanggung jawab rutinnya. Area pengembangan utama: cross-functional collaboration. Dengan bimbingan yang tepat, Lanjar berpotensi mencapai level berikutnya.",23
REV000141,EMP00071,2024-H1,2024-06-15,EMP00155,3,Lanjar memenuhi sebagian besar target yang ditetapkan. Perlu pengembangan lebih lanjut dalam hal analisis data. Disarankan mengikuti pelatihan leadership fundamental untuk mendukung pertumbuhan karier.,24
REV000142,EMP00071,2024-H2,2024-12-15,EMP00155,3,Lanjar memenuhi sebagian besar target yang ditetapkan. Perlu pengembangan lebih lanjut dalam hal presentasi. Disarankan mengikuti pelatihan communication workshop untuk mendukung pertumbuhan karier.,23
REV000143,EMP00072,2024-H1,2024-06-15,EMP00155,4,"Bagus telah bekerja dengan baik dalam tanggung jawab rutinnya. Area pengembangan utama: cross-functional collaboration. Dengan bimbingan yang tepat, Bagus berpotensi mencapai level berikutnya.",23
REV000144,EMP00072,2024-H2,2024-12-15,EMP00155,3,"Bagus telah bekerja dengan baik dalam tanggung jawab rutinnya. Area pengembangan utama: cross-functional collaboration. Dengan bimbingan yang tepat, Bagus berpotensi mencapai level berikutnya.",23
REV000145,EMP00073,2024-H1,2024-06-15,EMP00155,4,Dartono memenuhi sebagian besar target yang ditetapkan. Perlu pengembangan lebih lanjut dalam hal project management. Disarankan mengikuti pelatihan communication workshop untuk mendukung pertumbuhan karier.,24
REV000146,EMP00073,2024-H2,2024-12-15,EMP00155,3,Dartono memenuhi sebagian besar target yang ditetapkan. Perlu pengembangan lebih lanjut dalam hal komunikasi. Disarankan mengikuti pelatihan leadership fundamental untuk mendukung pertumbuhan karier.,23
REV000147,EMP00074,2024-H1,2024-06-15,EMP00155,3,"Terdapat beberapa concern terkait performa Satya, khususnya dalam hal kolaborasi lintas tim. Perlu perhatian khusus dan rencana perbaikan yang konkret.",20
REV000148,EMP00074,2024-H2,2024-12-15,EMP00155,2,Satya tampak kurang engaged dalam beberapa bulan terakhir. Absensi dalam team meeting meningkat. Perlu investigasi lebih lanjut.,17
REV000149,EMP00075,2024-H1,2024-06-15,EMP00155,3,Kamidin memenuhi sebagian besar target yang ditetapkan. Perlu pengembangan lebih lanjut dalam hal project management. Disarankan mengikuti pelatihan data analytics bootcamp untuk mendukung pertumbuhan karier.,25
REV000150,EMP00075,2024-H2,2024-12-15,EMP00155,3,"Kamidin telah bekerja dengan baik dalam tanggung jawab rutinnya. Area pengembangan utama: time management. Dengan bimbingan yang tepat, Kamidin berpotensi mencapai level berikutnya.",23
REV000151,EMP00076,2024-H1,2024-06-15,EMP00155,3,Salsabila beberapa kali mengekspresikan kekhawatiran terkait kompensasi dan jenjang karier. Disarankan untuk dilakukan retention conversation secepatnya.,16
REV000152,EMP00076,2024-H2,2024-12-15,EMP00155,3,"Dalam diskusi 1-on-1, Salsabila menyampaikan rasa kurang puas dengan beban kerja saat ini. Perlu perhatian HRD untuk mencegah potensi turnover.",20
REV000153,EMP00077,2024-H1,2024-06-15,EMP00155,5,Performa Kayun luar biasa sepanjang kuartal ini. Berhasil menyelesaikan proyek peluncuran produk baru lebih awal dari jadwal dengan kualitas melebihi ekspektasi. Kontribusi pada tim sangat signifikan.,26
REV000154,EMP00077,2024-H2,2024-12-15,EMP00155,4,Performa Kayun luar biasa sepanjang kuartal ini. Berhasil menyelesaikan proyek peluncuran produk baru lebih awal dari jadwal dengan kualitas melebihi ekspektasi. Kontribusi pada tim sangat signifikan.,26
REV000155,EMP00078,2024-H1,2024-06-15,,5,Queen secara konsisten melampaui target yang ditetapkan. Kemampuan teknis dan kepemimpinan tim sangat menonjol. Rekomendasikan untuk promosi ke level berikutnya dalam 6 bulan ke depan.,25
REV000156,EMP00078,2024-H2,2024-12-15,,5,Queen menunjukkan growth mindset yang kuat. Inisiatif dalam mengembangkan proses baru berhasil meningkatkan efisiensi tim sebesar 11%. Sangat direkomendasikan untuk program fast-track.,22
REV000157,EMP00079,2024-H1,2024-06-15,EMP00155,3,"Purwanto telah bekerja dengan baik dalam tanggung jawab rutinnya. Area pengembangan utama: technical depth. Dengan bimbingan yang tepat, Purwanto berpotensi mencapai level berikutnya.",23
REV000158,EMP00079,2024-H2,2024-12-15,EMP00155,3,"Purwanto telah bekerja dengan baik dalam tanggung jawab rutinnya. Area pengembangan utama: technical depth. Dengan bimbingan yang tepat, Purwanto berpotensi mencapai level berikutnya.",23
REV000159,EMP00080,2024-H1,2024-06-15,EMP00155,1,dr. beberapa kali mengekspresikan kekhawatiran terkait kompensasi dan jenjang karier. Disarankan untuk dilakukan retention conversation secepatnya.,16
REV000160,EMP00080,2024-H2,2024-12-15,EMP00155,1,dr. beberapa kali mengekspresikan kekhawatiran terkait kompensasi dan jenjang karier. Disarankan untuk dilakukan retention conversation secepatnya.,16
REV000161,EMP00081,2024-H1,2024-06-15,EMP00155,3,"Irfan telah bekerja dengan baik dalam tanggung jawab rutinnya. Area pengembangan utama: stakeholder communication. Dengan bimbingan yang tepat, Irfan berpotensi mencapai level berikutnya.",23
REV000162,EMP00081,2024-H2,2024-12-15,EMP00155,3,Secara keseluruhan Irfan menunjukkan performa yang adequate. Beberapa deliverable perlu peningkatan dari sisi kualitas. Komunikasi dengan stakeholder perlu diperkuat.,19
REV000163,EMP00082,2024-H1,2024-06-15,EMP00155,4,Secara keseluruhan Nadia menunjukkan performa yang adequate. Beberapa deliverable perlu peningkatan dari sisi kualitas. Komunikasi dengan stakeholder perlu diperkuat.,19
REV000164,EMP00082,2024-H2,2024-12-15,EMP00155,4,Secara keseluruhan Nadia menunjukkan performa yang adequate. Beberapa deliverable perlu peningkatan dari sisi kualitas. Komunikasi dengan stakeholder perlu diperkuat.,19
REV000165,EMP00083,2024-H1,2024-06-15,EMP00155,3,Secara keseluruhan Martani menunjukkan performa yang adequate. Beberapa deliverable perlu peningkatan dari sisi kualitas. Komunikasi dengan stakeholder perlu diperkuat.,19
REV000166,EMP00083,2024-H2,2024-12-15,EMP00155,3,Martani memenuhi sebagian besar target yang ditetapkan. Perlu pengembangan lebih lanjut dalam hal analisis data. Disarankan mengikuti pelatihan leadership fundamental untuk mendukung pertumbuhan karier.,24
REV000167,EMP00084,2024-H1,2024-06-15,EMP00155,4,Hadi memenuhi sebagian besar target yang ditetapkan. Perlu pengembangan lebih lanjut dalam hal leadership. Disarankan mengikuti pelatihan agile methodology untuk mendukung pertumbuhan karier.,23
REV000168,EMP00084,2024-H2,2024-12-15,EMP00155,3,Secara keseluruhan Hadi menunjukkan performa yang adequate. Beberapa deliverable perlu peningkatan dari sisi kualitas. Komunikasi dengan stakeholder perlu diperkuat.,19
REV000169,EMP00085,2024-H1,2024-06-15,EMP00155,3,"Dalam diskusi 1-on-1, R. menyampaikan rasa kurang puas dengan beban kerja saat ini. Perlu perhatian HRD untuk mencegah potensi turnover.",20
REV000170,EMP00085,2024-H2,2024-12-15,EMP00155,1,"Dalam diskusi 1-on-1, R. menyampaikan rasa kurang puas dengan beban kerja saat ini. Perlu perhatian HRD untuk mencegah potensi turnover.",20
REV000171,EMP00086,2024-H1,2024-06-15,EMP00155,4,drg. memenuhi sebagian besar target yang ditetapkan. Perlu pengembangan lebih lanjut dalam hal analisis data. Disarankan mengikuti pelatihan communication workshop untuk mendukung pertumbuhan karier.,24
REV000172,EMP00086,2024-H2,2024-12-15,EMP00155,4,drg. memenuhi sebagian besar target yang ditetapkan. Perlu pengembangan lebih lanjut dalam hal presentasi. Disarankan mengikuti pelatihan agile methodology untuk mendukung pertumbuhan karier.,23
REV000173,EMP00087,2024-H1,2024-06-15,EMP00155,4,Estiawan menunjukkan growth mindset yang kuat. Inisiatif dalam mengembangkan proses baru berhasil meningkatkan efisiensi tim sebesar 9%. Sangat direkomendasikan untuk program fast-track.,22
REV000174,EMP00087,2024-H2,2024-12-15,EMP00155,5,Performa Estiawan luar biasa sepanjang kuartal ini. Berhasil menyelesaikan proyek optimasi pipeline data lebih awal dari jadwal dengan kualitas melebihi ekspektasi. Kontribusi pada tim sangat signifikan.,26
REV000175,EMP00088,2024-H1,2024-06-15,EMP00155,3,Taufan menghadapi tantangan dalam memenuhi ekspektasi peran saat ini. Perlu evaluasi ulang mengenai kesesuaian role dengan strengths yang dimiliki.,19
REV000176,EMP00088,2024-H2,2024-12-15,EMP00155,2,Taufan menghadapi tantangan dalam memenuhi ekspektasi peran saat ini. Perlu evaluasi ulang mengenai kesesuaian role dengan strengths yang dimiliki.,19
REV000177,EMP00089,2024-H1,2024-06-15,EMP00155,3,Secara keseluruhan Yani menunjukkan performa yang adequate. Beberapa deliverable perlu peningkatan dari sisi kualitas. Komunikasi dengan stakeholder perlu diperkuat.,19
REV000178,EMP00089,2024-H2,2024-12-15,EMP00155,4,Yani memenuhi sebagian besar target yang ditetapkan. Perlu pengembangan lebih lanjut dalam hal analisis data. Disarankan mengikuti pelatihan leadership fundamental untuk mendukung pertumbuhan karier.,24
REV000179,EMP00090,2024-H1,2024-06-15,EMP00155,2,Asirwanda tampak kurang engaged dalam beberapa bulan terakhir. Absensi dalam team meeting meningkat. Perlu investigasi lebih lanjut.,17
REV000180,EMP00090,2024-H2,2024-12-15,EMP00155,1,"Dalam diskusi 1-on-1, Asirwanda menyampaikan rasa kurang puas dengan beban kerja saat ini. Perlu perhatian HRD untuk mencegah potensi turnover.",20
REV000181,EMP00091,2024-H1,2024-06-15,EMP00155,3,Dt. belum mencapai target yang ditetapkan. Perlu improvement plan yang lebih terstruktur dalam 3 bulan ke depan. Disarankan untuk diskusi 1-on-1 lebih intensif.,23
REV000182,EMP00091,2024-H2,2024-12-15,EMP00155,3,Dt. tampak kurang engaged dalam beberapa bulan terakhir. Absensi dalam team meeting meningkat. Perlu investigasi lebih lanjut.,17
REV000183,EMP00092,2024-H1,2024-06-15,EMP00155,3,Secara keseluruhan Hasim menunjukkan performa yang adequate. Beberapa deliverable perlu peningkatan dari sisi kualitas. Komunikasi dengan stakeholder perlu diperkuat.,19
REV000184,EMP00092,2024-H2,2024-12-15,EMP00155,3,Secara keseluruhan Hasim menunjukkan performa yang adequate. Beberapa deliverable perlu peningkatan dari sisi kualitas. Komunikasi dengan stakeholder perlu diperkuat.,19
REV000185,EMP00093,2024-H1,2024-06-15,,2,Gabriella belum mencapai target yang ditetapkan. Perlu improvement plan yang lebih terstruktur dalam 3 bulan ke depan. Disarankan untuk diskusi 1-on-1 lebih intensif.,23
REV000186,EMP00093,2024-H2,2024-12-15,,3,Gabriella belum mencapai target yang ditetapkan. Perlu improvement plan yang lebih terstruktur dalam 3 bulan ke depan. Disarankan untuk diskusi 1-on-1 lebih intensif.,23
REV000187,EMP00094,2024-H1,2024-06-15,EMP00155,3,Catur memenuhi sebagian besar target yang ditetapkan. Perlu pengembangan lebih lanjut dalam hal project management. Disarankan mengikuti pelatihan data analytics bootcamp untuk mendukung pertumbuhan karier.,25
REV000188,EMP00094,2024-H2,2024-12-15,EMP00155,4,Secara keseluruhan Catur menunjukkan performa yang adequate. Beberapa deliverable perlu peningkatan dari sisi kualitas. Komunikasi dengan stakeholder perlu diperkuat.,19
REV000189,EMP00095,2024-H1,2024-06-15,EMP00155,3,Harsaya memenuhi sebagian besar target yang ditetapkan. Perlu pengembangan lebih lanjut dalam hal leadership. Disarankan mengikuti pelatihan data analytics bootcamp untuk mendukung pertumbuhan karier.,24
REV000190,EMP00095,2024-H2,2024-12-15,EMP00155,4,"Harsaya telah bekerja dengan baik dalam tanggung jawab rutinnya. Area pengembangan utama: time management. Dengan bimbingan yang tepat, Harsaya berpotensi mencapai level berikutnya.",23
REV000191,EMP00096,2024-H1,2024-06-15,EMP00155,3,KH. memenuhi sebagian besar target yang ditetapkan. Perlu pengembangan lebih lanjut dalam hal project management. Disarankan mengikuti pelatihan data analytics bootcamp untuk mendukung pertumbuhan karier.,25
REV000192,EMP00096,2024-H2,2024-12-15,EMP00155,3,Secara keseluruhan KH. menunjukkan performa yang adequate. Beberapa deliverable perlu peningkatan dari sisi kualitas. Komunikasi dengan stakeholder perlu diperkuat.,19
REV000193,EMP00097,2024-H1,2024-06-15,EMP00155,4,Secara keseluruhan Uchita menunjukkan performa yang adequate. Beberapa deliverable perlu peningkatan dari sisi kualitas. Komunikasi dengan stakeholder perlu diperkuat.,19
REV000194,EMP00097,2024-H2,2024-12-15,EMP00155,3,Secara keseluruhan Uchita menunjukkan performa yang adequate. Beberapa deliverable perlu peningkatan dari sisi kualitas. Komunikasi dengan stakeholder perlu diperkuat.,19
REV000195,EMP00098,2024-H1,2024-06-15,EMP00155,4,Secara keseluruhan Dadap menunjukkan performa yang adequate. Beberapa deliverable perlu peningkatan dari sisi kualitas. Komunikasi dengan stakeholder perlu diperkuat.,19
REV000196,EMP00098,2024-H2,2024-12-15,EMP00155,4,Dadap memenuhi sebagian besar target yang ditetapkan. Perlu pengembangan lebih lanjut dalam hal leadership. Disarankan mengikuti pelatihan leadership fundamental untuk mendukung pertumbuhan karier.,23
REV000197,EMP00099,2024-H1,2024-06-15,EMP00155,3,Asmianto belum mencapai target yang ditetapkan. Perlu improvement plan yang lebih terstruktur dalam 3 bulan ke depan. Disarankan untuk diskusi 1-on-1 lebih intensif.,23
REV000198,EMP00099,2024-H2,2024-12-15,EMP00155,2,"Dalam diskusi 1-on-1, Asmianto menyampaikan rasa kurang puas dengan beban kerja saat ini. Perlu perhatian HRD untuk mencegah potensi turnover.",20
REV000199,EMP00100,2024-H1,2024-06-15,EMP00155,5,Puput secara konsisten melampaui target yang ditetapkan. Kemampuan teknis dan kepemimpinan tim sangat menonjol. Rekomendasikan untuk promosi ke level berikutnya dalam 6 bulan ke depan.,25
REV000200,EMP00100,2024-H2,2024-12-15,EMP00155,5,Performa Puput luar biasa sepanjang kuartal ini. Berhasil menyelesaikan proyek peluncuran produk baru lebih awal dari jadwal dengan kualitas melebihi ekspektasi. Kontribusi pada tim sangat signifikan.,26
REV000201,EMP00101,2024-H1,2024-06-15,EMP00155,4,Asirwanda memenuhi sebagian besar target yang ditetapkan. Perlu pengembangan lebih lanjut dalam hal project management. Disarankan mengikuti pelatihan agile methodology untuk mendukung pertumbuhan karier.,24
REV000202,EMP00101,2024-H2,2024-12-15,EMP00155,3,Secara keseluruhan Asirwanda menunjukkan performa yang adequate. Beberapa deliverable perlu peningkatan dari sisi kualitas. Komunikasi dengan stakeholder perlu diperkuat.,19
REV000203,EMP00102,2024-H1,2024-06-15,EMP00155,4,Olivia memenuhi sebagian besar target yang ditetapkan. Perlu pengembangan lebih lanjut dalam hal analisis data. Disarankan mengikuti pelatihan agile methodology untuk mendukung pertumbuhan karier.,24
REV000204,EMP00102,2024-H2,2024-12-15,EMP00155,3,Secara keseluruhan Olivia menunjukkan performa yang adequate. Beberapa deliverable perlu peningkatan dari sisi kualitas. Komunikasi dengan stakeholder perlu diperkuat.,19
REV000205,EMP00103,2024-H1,2024-06-15,EMP00155,4,Secara keseluruhan Asmianto menunjukkan performa yang adequate. Beberapa deliverable perlu peningkatan dari sisi kualitas. Komunikasi dengan stakeholder perlu diperkuat.,19
REV000206,EMP00103,2024-H2,2024-12-15,EMP00155,3,Secara keseluruhan Asmianto menunjukkan performa yang adequate. Beberapa deliverable perlu peningkatan dari sisi kualitas. Komunikasi dengan stakeholder perlu diperkuat.,19
REV000207,EMP00104,2024-H1,2024-06-15,EMP00155,4,Secara keseluruhan Soleh menunjukkan performa yang adequate. Beberapa deliverable perlu peningkatan dari sisi kualitas. Komunikasi dengan stakeholder perlu diperkuat.,19
REV000208,EMP00104,2024-H2,2024-12-15,EMP00155,4,Secara keseluruhan Soleh menunjukkan performa yang adequate. Beberapa deliverable perlu peningkatan dari sisi kualitas. Komunikasi dengan stakeholder perlu diperkuat.,19
REV000209,EMP00105,2024-H1,2024-06-15,EMP00155,3,"Legawa telah bekerja dengan baik dalam tanggung jawab rutinnya. Area pengembangan utama: cross-functional collaboration. Dengan bimbingan yang tepat, Legawa berpotensi mencapai level berikutnya.",23
REV000210,EMP00105,2024-H2,2024-12-15,EMP00155,4,"Dalam diskusi 1-on-1, Legawa menyampaikan rasa kurang puas dengan beban kerja saat ini. Perlu perhatian HRD untuk mencegah potensi turnover.",20
REV000211,EMP00106,2024-H1,2024-06-15,EMP00155,2,"Dalam diskusi 1-on-1, Setya menyampaikan rasa kurang puas dengan beban kerja saat ini. Perlu perhatian HRD untuk mencegah potensi turnover.",20
REV000212,EMP00106,2024-H2,2024-12-15,EMP00155,3,Setya menghadapi tantangan dalam memenuhi ekspektasi peran saat ini. Perlu evaluasi ulang mengenai kesesuaian role dengan strengths yang dimiliki.,19
REV000213,EMP00107,2024-H1,2024-06-15,EMP00155,3,Wardaya tampak kurang engaged dalam beberapa bulan terakhir. Absensi dalam team meeting meningkat. Perlu investigasi lebih lanjut.,17
REV000214,EMP00107,2024-H2,2024-12-15,EMP00155,2,Wardaya menghadapi tantangan dalam memenuhi ekspektasi peran saat ini. Perlu evaluasi ulang mengenai kesesuaian role dengan strengths yang dimiliki.,19
REV000215,EMP00108,2024-H1,2024-06-15,EMP00155,4,"Labuh telah bekerja dengan baik dalam tanggung jawab rutinnya. Area pengembangan utama: time management. Dengan bimbingan yang tepat, Labuh berpotensi mencapai level berikutnya.",23
REV000216,EMP00108,2024-H2,2024-12-15,EMP00155,3,Secara keseluruhan Labuh menunjukkan performa yang adequate. Beberapa deliverable perlu peningkatan dari sisi kualitas. Komunikasi dengan stakeholder perlu diperkuat.,19
REV000217,EMP00109,2024-H1,2024-06-15,EMP00155,5,Lukman secara konsisten melampaui target yang ditetapkan. Kemampuan teknis dan kepemimpinan tim sangat menonjol. Rekomendasikan untuk promosi ke level berikutnya dalam 6 bulan ke depan.,25
REV000218,EMP00109,2024-H2,2024-12-15,EMP00155,5,Lukman tampak kurang engaged dalam beberapa bulan terakhir. Absensi dalam team meeting meningkat. Perlu investigasi lebih lanjut.,17
REV000219,EMP00110,2024-H1,2024-06-15,EMP00155,3,Sakura memenuhi sebagian besar target yang ditetapkan. Perlu pengembangan lebih lanjut dalam hal analisis data. Disarankan mengikuti pelatihan data analytics bootcamp untuk mendukung pertumbuhan karier.,25
REV000220,EMP00110,2024-H2,2024-12-15,EMP00155,3,Sakura memenuhi sebagian besar target yang ditetapkan. Perlu pengembangan lebih lanjut dalam hal project management. Disarankan mengikuti pelatihan communication workshop untuk mendukung pertumbuhan karier.,24
REV000221,EMP00111,2024-H1,2024-06-15,EMP00155,3,Drs. memenuhi sebagian besar target yang ditetapkan. Perlu pengembangan lebih lanjut dalam hal leadership. Disarankan mengikuti pelatihan leadership fundamental untuk mendukung pertumbuhan karier.,23
REV000222,EMP00111,2024-H2,2024-12-15,EMP00155,4,Secara keseluruhan Drs. menunjukkan performa yang adequate. Beberapa deliverable perlu peningkatan dari sisi kualitas. Komunikasi dengan stakeholder perlu diperkuat.,19
REV000223,EMP00112,2024-H1,2024-06-15,EMP00155,4,Secara keseluruhan Mulyono menunjukkan performa yang adequate. Beberapa deliverable perlu peningkatan dari sisi kualitas. Komunikasi dengan stakeholder perlu diperkuat.,19
REV000224,EMP00112,2024-H2,2024-12-15,EMP00155,3,Mulyono memenuhi sebagian besar target yang ditetapkan. Perlu pengembangan lebih lanjut dalam hal leadership. Disarankan mengikuti pelatihan data analytics bootcamp untuk mendukung pertumbuhan karier.,24
REV000225,EMP00113,2024-H1,2024-06-15,EMP00155,3,Eman beberapa kali mengekspresikan kekhawatiran terkait kompensasi dan jenjang karier. Disarankan untuk dilakukan retention conversation secepatnya.,16
REV000226,EMP00113,2024-H2,2024-12-15,EMP00155,3,Eman tampak kurang engaged dalam beberapa bulan terakhir. Absensi dalam team meeting meningkat. Perlu investigasi lebih lanjut.,17
REV000227,EMP00114,2024-H1,2024-06-15,,3,Mumpuni memenuhi sebagian besar target yang ditetapkan. Perlu pengembangan lebih lanjut dalam hal analisis data. Disarankan mengikuti pelatihan data analytics bootcamp untuk mendukung pertumbuhan karier.,25
REV000228,EMP00114,2024-H2,2024-12-15,,4,Mumpuni memenuhi sebagian besar target yang ditetapkan. Perlu pengembangan lebih lanjut dalam hal analisis data. Disarankan mengikuti pelatihan agile methodology untuk mendukung pertumbuhan karier.,24
REV000229,EMP00115,2024-H1,2024-06-15,EMP00155,3,"Terdapat beberapa concern terkait performa Michelle, khususnya dalam hal dokumentasi pekerjaan. Perlu perhatian khusus dan rencana perbaikan yang konkret.",19
REV000230,EMP00115,2024-H2,2024-12-15,EMP00155,3,"Dalam diskusi 1-on-1, Michelle menyampaikan rasa kurang puas dengan beban kerja saat ini. Perlu perhatian HRD untuk mencegah potensi turnover.",20
REV000231,EMP00116,2024-H1,2024-06-15,EMP00155,4,R. memenuhi sebagian besar target yang ditetapkan. Perlu pengembangan lebih lanjut dalam hal presentasi. Disarankan mengikuti pelatihan communication workshop untuk mendukung pertumbuhan karier.,23
REV000232,EMP00116,2024-H2,2024-12-15,EMP00155,3,"R. telah bekerja dengan baik dalam tanggung jawab rutinnya. Area pengembangan utama: technical depth. Dengan bimbingan yang tepat, R. berpotensi mencapai level berikutnya.",23
REV000233,EMP00117,2024-H1,2024-06-15,EMP00155,4,Secara keseluruhan Puti menunjukkan performa yang adequate. Beberapa deliverable perlu peningkatan dari sisi kualitas. Komunikasi dengan stakeholder perlu diperkuat.,19
REV000234,EMP00117,2024-H2,2024-12-15,EMP00155,4,Secara keseluruhan Puti menunjukkan performa yang adequate. Beberapa deliverable perlu peningkatan dari sisi kualitas. Komunikasi dengan stakeholder perlu diperkuat.,19
REV000235,EMP00118,2024-H1,2024-06-15,EMP00155,3,Jono memenuhi sebagian besar target yang ditetapkan. Perlu pengembangan lebih lanjut dalam hal komunikasi. Disarankan mengikuti pelatihan communication workshop untuk mendukung pertumbuhan karier.,23
REV000236,EMP00118,2024-H2,2024-12-15,EMP00155,3,Jono memenuhi sebagian besar target yang ditetapkan. Perlu pengembangan lebih lanjut dalam hal komunikasi. Disarankan mengikuti pelatihan data analytics bootcamp untuk mendukung pertumbuhan karier.,24
REV000237,EMP00119,2024-H1,2024-06-15,EMP00155,3,Wardi memenuhi sebagian besar target yang ditetapkan. Perlu pengembangan lebih lanjut dalam hal leadership. Disarankan mengikuti pelatihan communication workshop untuk mendukung pertumbuhan karier.,23
REV000238,EMP00119,2024-H2,2024-12-15,EMP00155,3,Secara keseluruhan Wardi menunjukkan performa yang adequate. Beberapa deliverable perlu peningkatan dari sisi kualitas. Komunikasi dengan stakeholder perlu diperkuat.,19
REV000239,EMP00120,2024-H1,2024-06-15,EMP00155,4,Tasnim memenuhi sebagian besar target yang ditetapkan. Perlu pengembangan lebih lanjut dalam hal komunikasi. Disarankan mengikuti pelatihan communication workshop untuk mendukung pertumbuhan karier.,23
REV000240,EMP00120,2024-H2,2024-12-15,EMP00155,3,Tasnim memenuhi sebagian besar target yang ditetapkan. Perlu pengembangan lebih lanjut dalam hal analisis data. Disarankan mengikuti pelatihan leadership fundamental untuk mendukung pertumbuhan karier.,24
REV000241,EMP00121,2024-H1,2024-06-15,EMP00155,5,Intan menunjukkan growth mindset yang kuat. Inisiatif dalam mengembangkan proses baru berhasil meningkatkan efisiensi tim sebesar 23%. Sangat direkomendasikan untuk program fast-track.,22
REV000242,EMP00121,2024-H2,2024-12-15,EMP00155,4,Intan menunjukkan growth mindset yang kuat. Inisiatif dalam mengembangkan proses baru berhasil meningkatkan efisiensi tim sebesar 25%. Sangat direkomendasikan untuk program fast-track.,22
REV000243,EMP00122,2024-H1,2024-06-15,EMP00155,3,Secara keseluruhan Zahra menunjukkan performa yang adequate. Beberapa deliverable perlu peningkatan dari sisi kualitas. Komunikasi dengan stakeholder perlu diperkuat.,19
REV000244,EMP00122,2024-H2,2024-12-15,EMP00155,3,"Zahra telah bekerja dengan baik dalam tanggung jawab rutinnya. Area pengembangan utama: technical depth. Dengan bimbingan yang tepat, Zahra berpotensi mencapai level berikutnya.",23
REV000245,EMP00123,2024-H1,2024-06-15,,3,Ilsa memenuhi sebagian besar target yang ditetapkan. Perlu pengembangan lebih lanjut dalam hal analisis data. Disarankan mengikuti pelatihan data analytics bootcamp untuk mendukung pertumbuhan karier.,25
REV000246,EMP00123,2024-H2,2024-12-15,,3,"Ilsa telah bekerja dengan baik dalam tanggung jawab rutinnya. Area pengembangan utama: time management. Dengan bimbingan yang tepat, Ilsa berpotensi mencapai level berikutnya.",23
REV000247,EMP00124,2024-H1,2024-06-15,,5,Mulyanto secara konsisten melampaui target yang ditetapkan. Kemampuan teknis dan kepemimpinan tim sangat menonjol. Rekomendasikan untuk promosi ke level berikutnya dalam 6 bulan ke depan.,25
REV000248,EMP00124,2024-H2,2024-12-15,,5,Performa Mulyanto luar biasa sepanjang kuartal ini. Berhasil menyelesaikan proyek migrasi sistem lebih awal dari jadwal dengan kualitas melebihi ekspektasi. Kontribusi pada tim sangat signifikan.,25
REV000249,EMP00125,2024-H1,2024-06-15,EMP00155,4,Secara keseluruhan Salimah menunjukkan performa yang adequate. Beberapa deliverable perlu peningkatan dari sisi kualitas. Komunikasi dengan stakeholder perlu diperkuat.,19
REV000250,EMP00125,2024-H2,2024-12-15,EMP00155,4,Salimah memenuhi sebagian besar target yang ditetapkan. Perlu pengembangan lebih lanjut dalam hal komunikasi. Disarankan mengikuti pelatihan communication workshop untuk mendukung pertumbuhan karier.,23
REV000251,EMP00126,2024-H1,2024-06-15,EMP00155,4,"Dalam diskusi 1-on-1, Eman menyampaikan rasa kurang puas dengan beban kerja saat ini. Perlu perhatian HRD untuk mencegah potensi turnover.",20
REV000252,EMP00126,2024-H2,2024-12-15,EMP00155,3,Eman memenuhi sebagian besar target yang ditetapkan. Perlu pengembangan lebih lanjut dalam hal komunikasi. Disarankan mengikuti pelatihan agile methodology untuk mendukung pertumbuhan karier.,23
REV000253,EMP00127,2024-H1,2024-06-15,EMP00155,3,Paiman memenuhi sebagian besar target yang ditetapkan. Perlu pengembangan lebih lanjut dalam hal project management. Disarankan mengikuti pelatihan leadership fundamental untuk mendukung pertumbuhan karier.,24
REV000254,EMP00127,2024-H2,2024-12-15,EMP00155,3,"Paiman telah bekerja dengan baik dalam tanggung jawab rutinnya. Area pengembangan utama: time management. Dengan bimbingan yang tepat, Paiman berpotensi mencapai level berikutnya.",23
REV000255,EMP00128,2024-H1,2024-06-15,EMP00155,4,"Empluk telah bekerja dengan baik dalam tanggung jawab rutinnya. Area pengembangan utama: time management. Dengan bimbingan yang tepat, Empluk berpotensi mencapai level berikutnya.",23
REV000256,EMP00128,2024-H2,2024-12-15,EMP00155,4,Secara keseluruhan Empluk menunjukkan performa yang adequate. Beberapa deliverable perlu peningkatan dari sisi kualitas. Komunikasi dengan stakeholder perlu diperkuat.,19
REV000257,EMP00129,2024-H1,2024-06-15,EMP00155,2,R.A. beberapa kali mengekspresikan kekhawatiran terkait kompensasi dan jenjang karier. Disarankan untuk dilakukan retention conversation secepatnya.,16
REV000258,EMP00129,2024-H2,2024-12-15,EMP00155,1,R.A. beberapa kali mengekspresikan kekhawatiran terkait kompensasi dan jenjang karier. Disarankan untuk dilakukan retention conversation secepatnya.,16
REV000259,EMP00130,2024-H1,2024-06-15,EMP00155,3,Secara keseluruhan Mahfud menunjukkan performa yang adequate. Beberapa deliverable perlu peningkatan dari sisi kualitas. Komunikasi dengan stakeholder perlu diperkuat.,19
REV000260,EMP00130,2024-H2,2024-12-15,EMP00155,4,"Mahfud telah bekerja dengan baik dalam tanggung jawab rutinnya. Area pengembangan utama: time management. Dengan bimbingan yang tepat, Mahfud berpotensi mencapai level berikutnya.",23
REV000261,EMP00131,2024-H1,2024-06-15,EMP00155,1,"Terdapat beberapa concern terkait performa Tgk., khususnya dalam hal ketepatan waktu deliverable. Perlu perhatian khusus dan rencana perbaikan yang konkret.",20
REV000262,EMP00131,2024-H2,2024-12-15,EMP00155,3,"Dalam diskusi 1-on-1, Tgk. menyampaikan rasa kurang puas dengan beban kerja saat ini. Perlu perhatian HRD untuk mencegah potensi turnover.",20
REV000263,EMP00132,2024-H1,2024-06-15,EMP00155,4,Cut memenuhi sebagian besar target yang ditetapkan. Perlu pengembangan lebih lanjut dalam hal project management. Disarankan mengikuti pelatihan agile methodology untuk mendukung pertumbuhan karier.,24
REV000264,EMP00132,2024-H2,2024-12-15,EMP00155,3,"Cut telah bekerja dengan baik dalam tanggung jawab rutinnya. Area pengembangan utama: cross-functional collaboration. Dengan bimbingan yang tepat, Cut berpotensi mencapai level berikutnya.",23
REV000265,EMP00133,2024-H1,2024-06-15,EMP00155,5,Tgk. menunjukkan growth mindset yang kuat. Inisiatif dalam mengembangkan proses baru berhasil meningkatkan efisiensi tim sebesar 10%. Sangat direkomendasikan untuk program fast-track.,22
REV000266,EMP00133,2024-H2,2024-12-15,EMP00155,4,Tgk. secara konsisten melampaui target yang ditetapkan. Kemampuan teknis dan kepemimpinan tim sangat menonjol. Rekomendasikan untuk promosi ke level berikutnya dalam 6 bulan ke depan.,25
REV000267,EMP00134,2024-H1,2024-06-15,EMP00155,3,Secara keseluruhan R.M. menunjukkan performa yang adequate. Beberapa deliverable perlu peningkatan dari sisi kualitas. Komunikasi dengan stakeholder perlu diperkuat.,19
REV000268,EMP00134,2024-H2,2024-12-15,EMP00155,3,"R.M. telah bekerja dengan baik dalam tanggung jawab rutinnya. Area pengembangan utama: stakeholder communication. Dengan bimbingan yang tepat, R.M. berpotensi mencapai level berikutnya.",23
REV000269,EMP00135,2024-H1,2024-06-15,EMP00155,3,Maimunah memenuhi sebagian besar target yang ditetapkan. Perlu pengembangan lebih lanjut dalam hal leadership. Disarankan mengikuti pelatihan data analytics bootcamp untuk mendukung pertumbuhan karier.,24
REV000270,EMP00135,2024-H2,2024-12-15,EMP00155,3,Secara keseluruhan Maimunah menunjukkan performa yang adequate. Beberapa deliverable perlu peningkatan dari sisi kualitas. Komunikasi dengan stakeholder perlu diperkuat.,19
REV000271,EMP00136,2024-H1,2024-06-15,EMP00155,3,"Dt. telah bekerja dengan baik dalam tanggung jawab rutinnya. Area pengembangan utama: cross-functional collaboration. Dengan bimbingan yang tepat, Dt. berpotensi mencapai level berikutnya.",23
REV000272,EMP00136,2024-H2,2024-12-15,EMP00155,4,Dt. memenuhi sebagian besar target yang ditetapkan. Perlu pengembangan lebih lanjut dalam hal presentasi. Disarankan mengikuti pelatihan agile methodology untuk mendukung pertumbuhan karier.,23
REV000273,EMP00137,2024-H1,2024-06-15,EMP00155,3,Secara keseluruhan Eka menunjukkan performa yang adequate. Beberapa deliverable perlu peningkatan dari sisi kualitas. Komunikasi dengan stakeholder perlu diperkuat.,19
REV000274,EMP00137,2024-H2,2024-12-15,EMP00155,3,Secara keseluruhan Eka menunjukkan performa yang adequate. Beberapa deliverable perlu peningkatan dari sisi kualitas. Komunikasi dengan stakeholder perlu diperkuat.,19
REV000275,EMP00138,2024-H1,2024-06-15,EMP00155,4,dr. secara konsisten melampaui target yang ditetapkan. Kemampuan teknis dan kepemimpinan tim sangat menonjol. Rekomendasikan untuk promosi ke level berikutnya dalam 6 bulan ke depan.,25
REV000276,EMP00138,2024-H2,2024-12-15,EMP00155,5,dr. beberapa kali mengekspresikan kekhawatiran terkait kompensasi dan jenjang karier. Disarankan untuk dilakukan retention conversation secepatnya.,16
REV000277,EMP00139,2024-H1,2024-06-15,EMP00155,3,"Dalam diskusi 1-on-1, Dian menyampaikan rasa kurang puas dengan beban kerja saat ini. Perlu perhatian HRD untuk mencegah potensi turnover.",20
REV000278,EMP00139,2024-H2,2024-12-15,EMP00155,4,"Dian telah bekerja dengan baik dalam tanggung jawab rutinnya. Area pengembangan utama: technical depth. Dengan bimbingan yang tepat, Dian berpotensi mencapai level berikutnya.",23
REV000279,EMP00140,2024-H1,2024-06-15,EMP00155,3,Karimah memenuhi sebagian besar target yang ditetapkan. Perlu pengembangan lebih lanjut dalam hal komunikasi. Disarankan mengikuti pelatihan data analytics bootcamp untuk mendukung pertumbuhan karier.,24
REV000280,EMP00140,2024-H2,2024-12-15,EMP00155,4,Secara keseluruhan Karimah menunjukkan performa yang adequate. Beberapa deliverable perlu peningkatan dari sisi kualitas. Komunikasi dengan stakeholder perlu diperkuat.,19
REV000281,EMP00141,2024-H1,2024-06-15,,3,Fathonah tampak kurang engaged dalam beberapa bulan terakhir. Absensi dalam team meeting meningkat. Perlu investigasi lebih lanjut.,17
REV000282,EMP00141,2024-H2,2024-12-15,,4,Fathonah beberapa kali mengekspresikan kekhawatiran terkait kompensasi dan jenjang karier. Disarankan untuk dilakukan retention conversation secepatnya.,16
REV000283,EMP00142,2024-H1,2024-06-15,EMP00155,3,Mulyanto memenuhi sebagian besar target yang ditetapkan. Perlu pengembangan lebih lanjut dalam hal analisis data. Disarankan mengikuti pelatihan agile methodology untuk mendukung pertumbuhan karier.,24
REV000284,EMP00142,2024-H2,2024-12-15,EMP00155,3,"Dalam diskusi 1-on-1, Mulyanto menyampaikan rasa kurang puas dengan beban kerja saat ini. Perlu perhatian HRD untuk mencegah potensi turnover.",20
REV000285,EMP00143,2024-H1,2024-06-15,EMP00155,3,Secara keseluruhan Victoria menunjukkan performa yang adequate. Beberapa deliverable perlu peningkatan dari sisi kualitas. Komunikasi dengan stakeholder perlu diperkuat.,19
REV000286,EMP00143,2024-H2,2024-12-15,EMP00155,3,"Victoria telah bekerja dengan baik dalam tanggung jawab rutinnya. Area pengembangan utama: cross-functional collaboration. Dengan bimbingan yang tepat, Victoria berpotensi mencapai level berikutnya.",23
REV000287,EMP00144,2024-H1,2024-06-15,EMP00155,3,drg. memenuhi sebagian besar target yang ditetapkan. Perlu pengembangan lebih lanjut dalam hal project management. Disarankan mengikuti pelatihan data analytics bootcamp untuk mendukung pertumbuhan karier.,25
REV000288,EMP00144,2024-H2,2024-12-15,EMP00155,4,"drg. telah bekerja dengan baik dalam tanggung jawab rutinnya. Area pengembangan utama: technical depth. Dengan bimbingan yang tepat, drg. berpotensi mencapai level berikutnya.",23
REV000289,EMP00145,2024-H1,2024-06-15,EMP00155,4,Secara keseluruhan R. menunjukkan performa yang adequate. Beberapa deliverable perlu peningkatan dari sisi kualitas. Komunikasi dengan stakeholder perlu diperkuat.,19
REV000290,EMP00145,2024-H2,2024-12-15,EMP00155,3,R. memenuhi sebagian besar target yang ditetapkan. Perlu pengembangan lebih lanjut dalam hal komunikasi. Disarankan mengikuti pelatihan agile methodology untuk mendukung pertumbuhan karier.,23
REV000291,EMP00146,2024-H1,2024-06-15,EMP00155,5,Cemani menunjukkan growth mindset yang kuat. Inisiatif dalam mengembangkan proses baru berhasil meningkatkan efisiensi tim sebesar 29%. Sangat direkomendasikan untuk program fast-track.,22
REV000292,EMP00146,2024-H2,2024-12-15,EMP00155,5,Cemani secara konsisten melampaui target yang ditetapkan. Kemampuan teknis dan kepemimpinan tim sangat menonjol. Rekomendasikan untuk promosi ke level berikutnya dalam 6 bulan ke depan.,25
REV000293,EMP00147,2024-H1,2024-06-15,EMP00155,5,dr. secara konsisten melampaui target yang ditetapkan. Kemampuan teknis dan kepemimpinan tim sangat menonjol. Rekomendasikan untuk promosi ke level berikutnya dalam 6 bulan ke depan.,25
REV000294,EMP00147,2024-H2,2024-12-15,EMP00155,5,dr. menunjukkan growth mindset yang kuat. Inisiatif dalam mengembangkan proses baru berhasil meningkatkan efisiensi tim sebesar 8%. Sangat direkomendasikan untuk program fast-track.,22
REV000295,EMP00148,2024-H1,2024-06-15,EMP00155,4,Endah memenuhi sebagian besar target yang ditetapkan. Perlu pengembangan lebih lanjut dalam hal project management. Disarankan mengikuti pelatihan data analytics bootcamp untuk mendukung pertumbuhan karier.,25
REV000296,EMP00148,2024-H2,2024-12-15,EMP00155,4,"Endah telah bekerja dengan baik dalam tanggung jawab rutinnya. Area pengembangan utama: stakeholder communication. Dengan bimbingan yang tepat, Endah berpotensi mencapai level berikutnya.",23
REV000297,EMP00149,2024-H1,2024-06-15,,2,"Dalam diskusi 1-on-1, Ani menyampaikan rasa kurang puas dengan beban kerja saat ini. Perlu perhatian HRD untuk mencegah potensi turnover.",20
REV000298,EMP00149,2024-H2,2024-12-15,,2,Ani tampak kurang engaged dalam beberapa bulan terakhir. Absensi dalam team meeting meningkat. Perlu investigasi lebih lanjut.,17
REV000299,EMP00150,2024-H1,2024-06-15,EMP00155,3,Secara keseluruhan Daliono menunjukkan performa yang adequate. Beberapa deliverable perlu peningkatan dari sisi kualitas. Komunikasi dengan stakeholder perlu diperkuat.,19
REV000300,EMP00150,2024-H2,2024-12-15,EMP00155,3,Daliono memenuhi sebagian besar target yang ditetapkan. Perlu pengembangan lebih lanjut dalam hal analisis data. Disarankan mengikuti pelatihan leadership fundamental untuk mendukung pertumbuhan karier.,24
REV000301,EMP00151,2024-H1,2024-06-15,EMP00155,3,Secara keseluruhan Ina menunjukkan performa yang adequate. Beberapa deliverable perlu peningkatan dari sisi kualitas. Komunikasi dengan stakeholder perlu diperkuat.,19
REV000302,EMP00151,2024-H2,2024-12-15,EMP00155,4,Ina memenuhi sebagian besar target yang ditetapkan. Perlu pengembangan lebih lanjut dalam hal presentasi. Disarankan mengikuti pelatihan communication workshop untuk mendukung pertumbuhan karier.,23
REV000303,EMP00152,2024-H1,2024-06-15,EMP00155,3,Ajiono memenuhi sebagian besar target yang ditetapkan. Perlu pengembangan lebih lanjut dalam hal komunikasi. Disarankan mengikuti pelatihan data analytics bootcamp untuk mendukung pertumbuhan karier.,24
REV000304,EMP00152,2024-H2,2024-12-15,EMP00155,3,"Ajiono telah bekerja dengan baik dalam tanggung jawab rutinnya. Area pengembangan utama: technical depth. Dengan bimbingan yang tepat, Ajiono berpotensi mencapai level berikutnya.",23
REV000305,EMP00153,2024-H1,2024-06-15,EMP00155,5,Heru secara konsisten melampaui target yang ditetapkan. Kemampuan teknis dan kepemimpinan tim sangat menonjol. Rekomendasikan untuk promosi ke level berikutnya dalam 6 bulan ke depan.,25
REV000306,EMP00153,2024-H2,2024-12-15,EMP00155,5,Heru secara konsisten melampaui target yang ditetapkan. Kemampuan teknis dan kepemimpinan tim sangat menonjol. Rekomendasikan untuk promosi ke level berikutnya dalam 6 bulan ke depan.,25
REV000307,EMP00154,2024-H1,2024-06-15,EMP00155,3,Secara keseluruhan Zelaya menunjukkan performa yang adequate. Beberapa deliverable perlu peningkatan dari sisi kualitas. Komunikasi dengan stakeholder perlu diperkuat.,19
REV000308,EMP00154,2024-H2,2024-12-15,EMP00155,4,Secara keseluruhan Zelaya menunjukkan performa yang adequate. Beberapa deliverable perlu peningkatan dari sisi kualitas. Komunikasi dengan stakeholder perlu diperkuat.,19
REV000309,EMP00155,2024-H1,2024-06-15,,4,T. menunjukkan growth mindset yang kuat. Inisiatif dalam mengembangkan proses baru berhasil meningkatkan efisiensi tim sebesar 20%. Sangat direkomendasikan untuk program fast-track.,22
REV000310,EMP00155,2024-H2,2024-12-15,,5,T. secara konsisten melampaui target yang ditetapkan. Kemampuan teknis dan kepemimpinan tim sangat menonjol. Rekomendasikan untuk promosi ke level berikutnya dalam 6 bulan ke depan.,25
REV000311,EMP00156,2024-H1,2024-06-15,EMP00155,3,"Shania telah bekerja dengan baik dalam tanggung jawab rutinnya. Area pengembangan utama: technical depth. Dengan bimbingan yang tepat, Shania berpotensi mencapai level berikutnya.",23
REV000312,EMP00156,2024-H2,2024-12-15,EMP00155,4,Secara keseluruhan Shania menunjukkan performa yang adequate. Beberapa deliverable perlu peningkatan dari sisi kualitas. Komunikasi dengan stakeholder perlu diperkuat.,19
REV000313,EMP00157,2024-H1,2024-06-15,EMP00155,4,"Ana telah bekerja dengan baik dalam tanggung jawab rutinnya. Area pengembangan utama: technical depth. Dengan bimbingan yang tepat, Ana berpotensi mencapai level berikutnya.",23
REV000314,EMP00157,2024-H2,2024-12-15,EMP00155,4,Secara keseluruhan Ana menunjukkan performa yang adequate. Beberapa deliverable perlu peningkatan dari sisi kualitas. Komunikasi dengan stakeholder perlu diperkuat.,19
REV000315,EMP00158,2024-H1,2024-06-15,EMP00155,4,Performa Elma luar biasa sepanjang kuartal ini. Berhasil menyelesaikan proyek migrasi sistem lebih awal dari jadwal dengan kualitas melebihi ekspektasi. Kontribusi pada tim sangat signifikan.,25
REV000316,EMP00158,2024-H2,2024-12-15,EMP00155,5,Performa Elma luar biasa sepanjang kuartal ini. Berhasil menyelesaikan proyek optimasi pipeline data lebih awal dari jadwal dengan kualitas melebihi ekspektasi. Kontribusi pada tim sangat signifikan.,26
REV000317,EMP00159,2024-H1,2024-06-15,EMP00155,4,"Ani telah bekerja dengan baik dalam tanggung jawab rutinnya. Area pengembangan utama: stakeholder communication. Dengan bimbingan yang tepat, Ani berpotensi mencapai level berikutnya.",23
REV000318,EMP00159,2024-H2,2024-12-15,EMP00155,4,Secara keseluruhan Ani menunjukkan performa yang adequate. Beberapa deliverable perlu peningkatan dari sisi kualitas. Komunikasi dengan stakeholder perlu diperkuat.,19
REV000319,EMP00160,2024-H1,2024-06-15,EMP00155,3,"drg. telah bekerja dengan baik dalam tanggung jawab rutinnya. Area pengembangan utama: stakeholder communication. Dengan bimbingan yang tepat, drg. berpotensi mencapai level berikutnya.",23
REV000320,EMP00160,2024-H2,2024-12-15,EMP00155,3,drg. memenuhi sebagian besar target yang ditetapkan. Perlu pengembangan lebih lanjut dalam hal leadership. Disarankan mengikuti pelatihan communication workshop untuk mendukung pertumbuhan karier.,23
REV000321,EMP00161,2024-H1,2024-06-15,EMP00155,3,Rachel memenuhi sebagian besar target yang ditetapkan. Perlu pengembangan lebih lanjut dalam hal leadership. Disarankan mengikuti pelatihan communication workshop untuk mendukung pertumbuhan karier.,23
REV000322,EMP00161,2024-H2,2024-12-15,EMP00155,4,Secara keseluruhan Rachel menunjukkan performa yang adequate. Beberapa deliverable perlu peningkatan dari sisi kualitas. Komunikasi dengan stakeholder perlu diperkuat.,19
REV000323,EMP00162,2024-H1,2024-06-15,EMP00155,3,Secara keseluruhan Harsana menunjukkan performa yang adequate. Beberapa deliverable perlu peningkatan dari sisi kualitas. Komunikasi dengan stakeholder perlu diperkuat.,19
REV000324,EMP00162,2024-H2,2024-12-15,EMP00155,3,Harsana memenuhi sebagian besar target yang ditetapkan. Perlu pengembangan lebih lanjut dalam hal analisis data. Disarankan mengikuti pelatihan leadership fundamental untuk mendukung pertumbuhan karier.,24
REV000325,EMP00163,2024-H1,2024-06-15,EMP00155,3,"Dodo telah bekerja dengan baik dalam tanggung jawab rutinnya. Area pengembangan utama: time management. Dengan bimbingan yang tepat, Dodo berpotensi mencapai level berikutnya.",23
REV000326,EMP00163,2024-H2,2024-12-15,EMP00155,4,Secara keseluruhan Dodo menunjukkan performa yang adequate. Beberapa deliverable perlu peningkatan dari sisi kualitas. Komunikasi dengan stakeholder perlu diperkuat.,19
REV000327,EMP00164,2024-H1,2024-06-15,EMP00155,4,Secara keseluruhan Maya menunjukkan performa yang adequate. Beberapa deliverable perlu peningkatan dari sisi kualitas. Komunikasi dengan stakeholder perlu diperkuat.,19
REV000328,EMP00164,2024-H2,2024-12-15,EMP00155,3,Maya memenuhi sebagian besar target yang ditetapkan. Perlu pengembangan lebih lanjut dalam hal project management. Disarankan mengikuti pelatihan data analytics bootcamp untuk mendukung pertumbuhan karier.,25
REV000329,EMP00165,2024-H1,2024-06-15,EMP00155,4,"Dr. telah bekerja dengan baik dalam tanggung jawab rutinnya. Area pengembangan utama: time management. Dengan bimbingan yang tepat, Dr. berpotensi mencapai level berikutnya.",23
REV000330,EMP00165,2024-H2,2024-12-15,EMP00155,4,"Dr. telah bekerja dengan baik dalam tanggung jawab rutinnya. Area pengembangan utama: cross-functional collaboration. Dengan bimbingan yang tepat, Dr. berpotensi mencapai level berikutnya.",23
REV000331,EMP00166,2024-H1,2024-06-15,EMP00155,3,Mala tampak kurang engaged dalam beberapa bulan terakhir. Absensi dalam team meeting meningkat. Perlu investigasi lebih lanjut.,17
REV000332,EMP00166,2024-H2,2024-12-15,EMP00155,3,"Dalam diskusi 1-on-1, Mala menyampaikan rasa kurang puas dengan beban kerja saat ini. Perlu perhatian HRD untuk mencegah potensi turnover.",20
REV000333,EMP00167,2024-H1,2024-06-15,EMP00155,3,Viman memenuhi sebagian besar target yang ditetapkan. Perlu pengembangan lebih lanjut dalam hal presentasi. Disarankan mengikuti pelatihan leadership fundamental untuk mendukung pertumbuhan karier.,23
REV000334,EMP00167,2024-H2,2024-12-15,EMP00155,4,Viman memenuhi sebagian besar target yang ditetapkan. Perlu pengembangan lebih lanjut dalam hal presentasi. Disarankan mengikuti pelatihan data analytics bootcamp untuk mendukung pertumbuhan karier.,24
REV000335,EMP00168,2024-H1,2024-06-15,EMP00155,4,Secara keseluruhan Salimah menunjukkan performa yang adequate. Beberapa deliverable perlu peningkatan dari sisi kualitas. Komunikasi dengan stakeholder perlu diperkuat.,19
REV000336,EMP00168,2024-H2,2024-12-15,EMP00155,3,Salimah memenuhi sebagian besar target yang ditetapkan. Perlu pengembangan lebih lanjut dalam hal leadership. Disarankan mengikuti pelatihan data analytics bootcamp untuk mendukung pertumbuhan karier.,24
REV000337,EMP00169,2024-H1,2024-06-15,EMP00155,3,"Ifa telah bekerja dengan baik dalam tanggung jawab rutinnya. Area pengembangan utama: technical depth. Dengan bimbingan yang tepat, Ifa berpotensi mencapai level berikutnya.",23
REV000338,EMP00169,2024-H2,2024-12-15,EMP00155,4,Secara keseluruhan Ifa menunjukkan performa yang adequate. Beberapa deliverable perlu peningkatan dari sisi kualitas. Komunikasi dengan stakeholder perlu diperkuat.,19
REV000339,EMP00170,2024-H1,2024-06-15,EMP00155,1,Hasan tampak kurang engaged dalam beberapa bulan terakhir. Absensi dalam team meeting meningkat. Perlu investigasi lebih lanjut.,17
REV000340,EMP00170,2024-H2,2024-12-15,EMP00155,1,Hasan belum mencapai target yang ditetapkan. Perlu improvement plan yang lebih terstruktur dalam 3 bulan ke depan. Disarankan untuk diskusi 1-on-1 lebih intensif.,23
REV000341,EMP00171,2024-H1,2024-06-15,EMP00155,5,Ida secara konsisten melampaui target yang ditetapkan. Kemampuan teknis dan kepemimpinan tim sangat menonjol. Rekomendasikan untuk promosi ke level berikutnya dalam 6 bulan ke depan.,25
REV000342,EMP00171,2024-H2,2024-12-15,EMP00155,4,Ida menunjukkan growth mindset yang kuat. Inisiatif dalam mengembangkan proses baru berhasil meningkatkan efisiensi tim sebesar 16%. Sangat direkomendasikan untuk program fast-track.,22
REV000343,EMP00172,2024-H1,2024-06-15,EMP00155,3,Imam memenuhi sebagian besar target yang ditetapkan. Perlu pengembangan lebih lanjut dalam hal komunikasi. Disarankan mengikuti pelatihan data analytics bootcamp untuk mendukung pertumbuhan karier.,24
REV000344,EMP00172,2024-H2,2024-12-15,EMP00155,4,"Imam telah bekerja dengan baik dalam tanggung jawab rutinnya. Area pengembangan utama: stakeholder communication. Dengan bimbingan yang tepat, Imam berpotensi mencapai level berikutnya.",23
REV000345,EMP00173,2024-H1,2024-06-15,EMP00155,3,Shania memenuhi sebagian besar target yang ditetapkan. Perlu pengembangan lebih lanjut dalam hal komunikasi. Disarankan mengikuti pelatihan leadership fundamental untuk mendukung pertumbuhan karier.,23
REV000346,EMP00173,2024-H2,2024-12-15,EMP00155,4,Shania memenuhi sebagian besar target yang ditetapkan. Perlu pengembangan lebih lanjut dalam hal leadership. Disarankan mengikuti pelatihan data analytics bootcamp untuk mendukung pertumbuhan karier.,24
REV000347,EMP00174,2024-H1,2024-06-15,EMP00155,4,Secara keseluruhan Ir. menunjukkan performa yang adequate. Beberapa deliverable perlu peningkatan dari sisi kualitas. Komunikasi dengan stakeholder perlu diperkuat.,19
REV000348,EMP00174,2024-H2,2024-12-15,EMP00155,4,"Ir. telah bekerja dengan baik dalam tanggung jawab rutinnya. Area pengembangan utama: time management. Dengan bimbingan yang tepat, Ir. berpotensi mencapai level berikutnya.",23
REV000349,EMP00175,2024-H1,2024-06-15,EMP00155,5,Dt. secara konsisten melampaui target yang ditetapkan. Kemampuan teknis dan kepemimpinan tim sangat menonjol. Rekomendasikan untuk promosi ke level berikutnya dalam 6 bulan ke depan.,25
REV000350,EMP00175,2024-H2,2024-12-15,EMP00155,5,Dt. menunjukkan growth mindset yang kuat. Inisiatif dalam mengembangkan proses baru berhasil meningkatkan efisiensi tim sebesar 26%. Sangat direkomendasikan untuk program fast-track.,22
REV000351,EMP00176,2024-H1,2024-06-15,EMP00155,3,Irfan memenuhi sebagian besar target yang ditetapkan. Perlu pengembangan lebih lanjut dalam hal presentasi. Disarankan mengikuti pelatihan leadership fundamental untuk mendukung pertumbuhan karier.,23
REV000352,EMP00176,2024-H2,2024-12-15,EMP00155,3,Irfan memenuhi sebagian besar target yang ditetapkan. Perlu pengembangan lebih lanjut dalam hal leadership. Disarankan mengikuti pelatihan communication workshop untuk mendukung pertumbuhan karier.,23
REV000353,EMP00177,2024-H1,2024-06-15,EMP00155,4,"Hj. telah bekerja dengan baik dalam tanggung jawab rutinnya. Area pengembangan utama: cross-functional collaboration. Dengan bimbingan yang tepat, Hj. berpotensi mencapai level berikutnya.",23
REV000354,EMP00177,2024-H2,2024-12-15,EMP00155,3,"Hj. telah bekerja dengan baik dalam tanggung jawab rutinnya. Area pengembangan utama: cross-functional collaboration. Dengan bimbingan yang tepat, Hj. berpotensi mencapai level berikutnya.",23
REV000355,EMP00178,2024-H1,2024-06-15,EMP00155,3,Maimunah menghadapi tantangan dalam memenuhi ekspektasi peran saat ini. Perlu evaluasi ulang mengenai kesesuaian role dengan strengths yang dimiliki.,19
REV000356,EMP00178,2024-H2,2024-12-15,EMP00155,3,"Dalam diskusi 1-on-1, Maimunah menyampaikan rasa kurang puas dengan beban kerja saat ini. Perlu perhatian HRD untuk mencegah potensi turnover.",20
REV000357,EMP00179,2024-H1,2024-06-15,,3,Secara keseluruhan Kajen menunjukkan performa yang adequate. Beberapa deliverable perlu peningkatan dari sisi kualitas. Komunikasi dengan stakeholder perlu diperkuat.,19
REV000358,EMP00179,2024-H2,2024-12-15,,4,Kajen beberapa kali mengekspresikan kekhawatiran terkait kompensasi dan jenjang karier. Disarankan untuk dilakukan retention conversation secepatnya.,16
REV000359,EMP00180,2024-H1,2024-06-15,EMP00155,3,Secara keseluruhan KH. menunjukkan performa yang adequate. Beberapa deliverable perlu peningkatan dari sisi kualitas. Komunikasi dengan stakeholder perlu diperkuat.,19
REV000360,EMP00180,2024-H2,2024-12-15,EMP00155,3,Secara keseluruhan KH. menunjukkan performa yang adequate. Beberapa deliverable perlu peningkatan dari sisi kualitas. Komunikasi dengan stakeholder perlu diperkuat.,19
REV000361,EMP00181,2024-H1,2024-06-15,EMP00155,3,"Oliva telah bekerja dengan baik dalam tanggung jawab rutinnya. Area pengembangan utama: technical depth. Dengan bimbingan yang tepat, Oliva berpotensi mencapai level berikutnya.",23
REV000362,EMP00181,2024-H2,2024-12-15,EMP00155,4,"Oliva telah bekerja dengan baik dalam tanggung jawab rutinnya. Area pengembangan utama: technical depth. Dengan bimbingan yang tepat, Oliva berpotensi mencapai level berikutnya.",23
REV000363,EMP00182,2024-H1,2024-06-15,,4,Lukman menunjukkan growth mindset yang kuat. Inisiatif dalam mengembangkan proses baru berhasil meningkatkan efisiensi tim sebesar 16%. Sangat direkomendasikan untuk program fast-track.,22
REV000364,EMP00182,2024-H2,2024-12-15,,5,Lukman menunjukkan growth mindset yang kuat. Inisiatif dalam mengembangkan proses baru berhasil meningkatkan efisiensi tim sebesar 16%. Sangat direkomendasikan untuk program fast-track.,22
REV000365,EMP00183,2024-H1,2024-06-15,EMP00155,2,"Terdapat beberapa concern terkait performa R.A., khususnya dalam hal kolaborasi lintas tim. Perlu perhatian khusus dan rencana perbaikan yang konkret.",20
REV000366,EMP00183,2024-H2,2024-12-15,EMP00155,2,"Terdapat beberapa concern terkait performa R.A., khususnya dalam hal ketepatan waktu deliverable. Perlu perhatian khusus dan rencana perbaikan yang konkret.",20
REV000367,EMP00184,2024-H1,2024-06-15,EMP00155,5,Sutan menunjukkan growth mindset yang kuat. Inisiatif dalam mengembangkan proses baru berhasil meningkatkan efisiensi tim sebesar 8%. Sangat direkomendasikan untuk program fast-track.,22
REV000368,EMP00184,2024-H2,2024-12-15,EMP00155,4,Sutan secara konsisten melampaui target yang ditetapkan. Kemampuan teknis dan kepemimpinan tim sangat menonjol. Rekomendasikan untuk promosi ke level berikutnya dalam 6 bulan ke depan.,25
REV000369,EMP00185,2024-H1,2024-06-15,EMP00155,3,Secara keseluruhan Jaswadi menunjukkan performa yang adequate. Beberapa deliverable perlu peningkatan dari sisi kualitas. Komunikasi dengan stakeholder perlu diperkuat.,19
REV000370,EMP00185,2024-H2,2024-12-15,EMP00155,4,Secara keseluruhan Jaswadi menunjukkan performa yang adequate. Beberapa deliverable perlu peningkatan dari sisi kualitas. Komunikasi dengan stakeholder perlu diperkuat.,19
REV000371,EMP00186,2024-H1,2024-06-15,EMP00155,5,Puti menunjukkan growth mindset yang kuat. Inisiatif dalam mengembangkan proses baru berhasil meningkatkan efisiensi tim sebesar 15%. Sangat direkomendasikan untuk program fast-track.,22
REV000372,EMP00186,2024-H2,2024-12-15,EMP00155,4,Puti menunjukkan growth mindset yang kuat. Inisiatif dalam mengembangkan proses baru berhasil meningkatkan efisiensi tim sebesar 26%. Sangat direkomendasikan untuk program fast-track.,22
REV000373,EMP00187,2024-H1,2024-06-15,EMP00155,5,Nasim menunjukkan growth mindset yang kuat. Inisiatif dalam mengembangkan proses baru berhasil meningkatkan efisiensi tim sebesar 27%. Sangat direkomendasikan untuk program fast-track.,22
REV000374,EMP00187,2024-H2,2024-12-15,EMP00155,5,Nasim menunjukkan growth mindset yang kuat. Inisiatif dalam mengembangkan proses baru berhasil meningkatkan efisiensi tim sebesar 27%. Sangat direkomendasikan untuk program fast-track.,22
REV000375,EMP00188,2024-H1,2024-06-15,EMP00155,3,"Lalita telah bekerja dengan baik dalam tanggung jawab rutinnya. Area pengembangan utama: stakeholder communication. Dengan bimbingan yang tepat, Lalita berpotensi mencapai level berikutnya.",23
REV000376,EMP00188,2024-H2,2024-12-15,EMP00155,4,Secara keseluruhan Lalita menunjukkan performa yang adequate. Beberapa deliverable perlu peningkatan dari sisi kualitas. Komunikasi dengan stakeholder perlu diperkuat.,19
REV000377,EMP00189,2024-H1,2024-06-15,EMP00155,4,Secara keseluruhan Marwata menunjukkan performa yang adequate. Beberapa deliverable perlu peningkatan dari sisi kualitas. Komunikasi dengan stakeholder perlu diperkuat.,19
REV000378,EMP00189,2024-H2,2024-12-15,EMP00155,3,Secara keseluruhan Marwata menunjukkan performa yang adequate. Beberapa deliverable perlu peningkatan dari sisi kualitas. Komunikasi dengan stakeholder perlu diperkuat.,19
REV000379,EMP00190,2024-H1,2024-06-15,EMP00155,3,"KH. telah bekerja dengan baik dalam tanggung jawab rutinnya. Area pengembangan utama: time management. Dengan bimbingan yang tepat, KH. berpotensi mencapai level berikutnya.",23
REV000380,EMP00190,2024-H2,2024-12-15,EMP00155,3,Secara keseluruhan KH. menunjukkan performa yang adequate. Beberapa deliverable perlu peningkatan dari sisi kualitas. Komunikasi dengan stakeholder perlu diperkuat.,19
REV000381,EMP00191,2024-H1,2024-06-15,EMP00155,3,Secara keseluruhan Cecep menunjukkan performa yang adequate. Beberapa deliverable perlu peningkatan dari sisi kualitas. Komunikasi dengan stakeholder perlu diperkuat.,19
REV000382,EMP00191,2024-H2,2024-12-15,EMP00155,3,Secara keseluruhan Cecep menunjukkan performa yang adequate. Beberapa deliverable perlu peningkatan dari sisi kualitas. Komunikasi dengan stakeholder perlu diperkuat.,19
REV000383,EMP00192,2024-H1,2024-06-15,EMP00155,4,Secara keseluruhan Alika menunjukkan performa yang adequate. Beberapa deliverable perlu peningkatan dari sisi kualitas. Komunikasi dengan stakeholder perlu diperkuat.,19
REV000384,EMP00192,2024-H2,2024-12-15,EMP00155,3,Alika memenuhi sebagian besar target yang ditetapkan. Perlu pengembangan lebih lanjut dalam hal leadership. Disarankan mengikuti pelatihan data analytics bootcamp untuk mendukung pertumbuhan karier.,24
REV000385,EMP00193,2024-H1,2024-06-15,EMP00155,2,Vero beberapa kali mengekspresikan kekhawatiran terkait kompensasi dan jenjang karier. Disarankan untuk dilakukan retention conversation secepatnya.,16
REV000386,EMP00193,2024-H2,2024-12-15,EMP00155,2,"Terdapat beberapa concern terkait performa Vero, khususnya dalam hal proaktivitas. Perlu perhatian khusus dan rencana perbaikan yang konkret.",18
REV000387,EMP00194,2024-H1,2024-06-15,EMP00155,4,Diana secara konsisten melampaui target yang ditetapkan. Kemampuan teknis dan kepemimpinan tim sangat menonjol. Rekomendasikan untuk promosi ke level berikutnya dalam 6 bulan ke depan.,25
REV000388,EMP00194,2024-H2,2024-12-15,EMP00155,5,Diana menunjukkan growth mindset yang kuat. Inisiatif dalam mengembangkan proses baru berhasil meningkatkan efisiensi tim sebesar 11%. Sangat direkomendasikan untuk program fast-track.,22
REV000389,EMP00195,2024-H1,2024-06-15,EMP00155,4,Performa Karta luar biasa sepanjang kuartal ini. Berhasil menyelesaikan proyek restrukturisasi SOP lebih awal dari jadwal dengan kualitas melebihi ekspektasi. Kontribusi pada tim sangat signifikan.,25
REV000390,EMP00195,2024-H2,2024-12-15,EMP00155,5,Performa Karta luar biasa sepanjang kuartal ini. Berhasil menyelesaikan proyek peluncuran produk baru lebih awal dari jadwal dengan kualitas melebihi ekspektasi. Kontribusi pada tim sangat signifikan.,26
REV000391,EMP00196,2024-H1,2024-06-15,EMP00155,3,"Usyi telah bekerja dengan baik dalam tanggung jawab rutinnya. Area pengembangan utama: cross-functional collaboration. Dengan bimbingan yang tepat, Usyi berpotensi mencapai level berikutnya.",23
REV000392,EMP00196,2024-H2,2024-12-15,EMP00155,4,"Usyi telah bekerja dengan baik dalam tanggung jawab rutinnya. Area pengembangan utama: cross-functional collaboration. Dengan bimbingan yang tepat, Usyi berpotensi mencapai level berikutnya.",23
REV000393,EMP00197,2024-H1,2024-06-15,EMP00155,3,Secara keseluruhan Drs. menunjukkan performa yang adequate. Beberapa deliverable perlu peningkatan dari sisi kualitas. Komunikasi dengan stakeholder perlu diperkuat.,19
REV000394,EMP00197,2024-H2,2024-12-15,EMP00155,3,Secara keseluruhan Drs. menunjukkan performa yang adequate. Beberapa deliverable perlu peningkatan dari sisi kualitas. Komunikasi dengan stakeholder perlu diperkuat.,19
REV000395,EMP00198,2024-H1,2024-06-15,EMP00155,3,Secara keseluruhan Endah menunjukkan performa yang adequate. Beberapa deliverable perlu peningkatan dari sisi kualitas. Komunikasi dengan stakeholder perlu diperkuat.,19
REV000396,EMP00198,2024-H2,2024-12-15,EMP00155,4,Endah memenuhi sebagian besar target yang ditetapkan. Perlu pengembangan lebih lanjut dalam hal presentasi. Disarankan mengikuti pelatihan communication workshop untuk mendukung pertumbuhan karier.,23
REV000397,EMP00199,2024-H1,2024-06-15,EMP00155,3,"Hana telah bekerja dengan baik dalam tanggung jawab rutinnya. Area pengembangan utama: time management. Dengan bimbingan yang tepat, Hana berpotensi mencapai level berikutnya.",23
REV000398,EMP00199,2024-H2,2024-12-15,EMP00155,3,Secara keseluruhan Hana menunjukkan performa yang adequate. Beberapa deliverable perlu peningkatan dari sisi kualitas. Komunikasi dengan stakeholder perlu diperkuat.,19
REV000399,EMP00200,2024-H1,2024-06-15,EMP00155,5,Performa Hj. luar biasa sepanjang kuartal ini. Berhasil menyelesaikan proyek restrukturisasi SOP lebih awal dari jadwal dengan kualitas melebihi ekspektasi. Kontribusi pada tim sangat signifikan.,25
REV000400,EMP00200,2024-H2,2024-12-15,EMP00155,4,Hj. secara konsisten melampaui target yang ditetapkan. Kemampuan teknis dan kepemimpinan tim sangat menonjol. Rekomendasikan untuk promosi ke level berikutnya dalam 6 bulan ke depan.,25
REV000401,EMP00201,2024-H1,2024-06-15,EMP00254,3,"Digdaya telah bekerja dengan baik dalam tanggung jawab rutinnya. Area pengembangan utama: time management. Dengan bimbingan yang tepat, Digdaya berpotensi mencapai level berikutnya.",23
REV000402,EMP00201,2024-H2,2024-12-15,EMP00254,3,"Digdaya telah bekerja dengan baik dalam tanggung jawab rutinnya. Area pengembangan utama: stakeholder communication. Dengan bimbingan yang tepat, Digdaya berpotensi mencapai level berikutnya.",23
REV000403,EMP00202,2024-H1,2024-06-15,,1,Nasab beberapa kali mengekspresikan kekhawatiran terkait kompensasi dan jenjang karier. Disarankan untuk dilakukan retention conversation secepatnya.,16
REV000404,EMP00202,2024-H2,2024-12-15,,2,"Terdapat beberapa concern terkait performa Nasab, khususnya dalam hal dokumentasi pekerjaan. Perlu perhatian khusus dan rencana perbaikan yang konkret.",19
REV000405,EMP00203,2024-H1,2024-06-15,EMP00254,4,Empluk memenuhi sebagian besar target yang ditetapkan. Perlu pengembangan lebih lanjut dalam hal komunikasi. Disarankan mengikuti pelatihan agile methodology untuk mendukung pertumbuhan karier.,23
REV000406,EMP00203,2024-H2,2024-12-15,EMP00254,3,Empluk memenuhi sebagian besar target yang ditetapkan. Perlu pengembangan lebih lanjut dalam hal presentasi. Disarankan mengikuti pelatihan leadership fundamental untuk mendukung pertumbuhan karier.,23
REV000407,EMP00204,2024-H1,2024-06-15,EMP00254,4,Puput secara konsisten melampaui target yang ditetapkan. Kemampuan teknis dan kepemimpinan tim sangat menonjol. Rekomendasikan untuk promosi ke level berikutnya dalam 6 bulan ke depan.,25
REV000408,EMP00204,2024-H2,2024-12-15,EMP00254,4,Puput menunjukkan growth mindset yang kuat. Inisiatif dalam mengembangkan proses baru berhasil meningkatkan efisiensi tim sebesar 5%. Sangat direkomendasikan untuk program fast-track.,22
REV000409,EMP00205,2024-H1,2024-06-15,EMP00254,4,Cakrawangsa memenuhi sebagian besar target yang ditetapkan. Perlu pengembangan lebih lanjut dalam hal presentasi. Disarankan mengikuti pelatihan leadership fundamental untuk mendukung pertumbuhan karier.,23
REV000410,EMP00205,2024-H2,2024-12-15,EMP00254,4,Cakrawangsa memenuhi sebagian besar target yang ditetapkan. Perlu pengembangan lebih lanjut dalam hal presentasi. Disarankan mengikuti pelatihan communication workshop untuk mendukung pertumbuhan karier.,23
REV000411,EMP00206,2024-H1,2024-06-15,EMP00254,3,Secara keseluruhan Talia menunjukkan performa yang adequate. Beberapa deliverable perlu peningkatan dari sisi kualitas. Komunikasi dengan stakeholder perlu diperkuat.,19
REV000412,EMP00206,2024-H2,2024-12-15,EMP00254,3,"Talia telah bekerja dengan baik dalam tanggung jawab rutinnya. Area pengembangan utama: stakeholder communication. Dengan bimbingan yang tepat, Talia berpotensi mencapai level berikutnya.",23
REV000413,EMP00207,2024-H1,2024-06-15,,5,Gabriella secara konsisten melampaui target yang ditetapkan. Kemampuan teknis dan kepemimpinan tim sangat menonjol. Rekomendasikan untuk promosi ke level berikutnya dalam 6 bulan ke depan.,25
REV000414,EMP00207,2024-H2,2024-12-15,,5,Performa Gabriella luar biasa sepanjang kuartal ini. Berhasil menyelesaikan proyek migrasi sistem lebih awal dari jadwal dengan kualitas melebihi ekspektasi. Kontribusi pada tim sangat signifikan.,25
REV000415,EMP00208,2024-H1,2024-06-15,EMP00254,5,Julia secara konsisten melampaui target yang ditetapkan. Kemampuan teknis dan kepemimpinan tim sangat menonjol. Rekomendasikan untuk promosi ke level berikutnya dalam 6 bulan ke depan.,25
REV000416,EMP00208,2024-H2,2024-12-15,EMP00254,4,Julia menunjukkan growth mindset yang kuat. Inisiatif dalam mengembangkan proses baru berhasil meningkatkan efisiensi tim sebesar 8%. Sangat direkomendasikan untuk program fast-track.,22
REV000417,EMP00209,2024-H1,2024-06-15,EMP00254,3,"Lidya telah bekerja dengan baik dalam tanggung jawab rutinnya. Area pengembangan utama: stakeholder communication. Dengan bimbingan yang tepat, Lidya berpotensi mencapai level berikutnya.",23
REV000418,EMP00209,2024-H2,2024-12-15,EMP00254,4,Secara keseluruhan Lidya menunjukkan performa yang adequate. Beberapa deliverable perlu peningkatan dari sisi kualitas. Komunikasi dengan stakeholder perlu diperkuat.,19
REV000419,EMP00210,2024-H1,2024-06-15,EMP00254,3,"Dalam diskusi 1-on-1, Rafi menyampaikan rasa kurang puas dengan beban kerja saat ini. Perlu perhatian HRD untuk mencegah potensi turnover.",20
REV000420,EMP00210,2024-H2,2024-12-15,EMP00254,3,Rafi belum mencapai target yang ditetapkan. Perlu improvement plan yang lebih terstruktur dalam 3 bulan ke depan. Disarankan untuk diskusi 1-on-1 lebih intensif.,23
REV000421,EMP00211,2024-H1,2024-06-15,EMP00254,4,"Dalam diskusi 1-on-1, Vera menyampaikan rasa kurang puas dengan beban kerja saat ini. Perlu perhatian HRD untuk mencegah potensi turnover.",20
REV000422,EMP00211,2024-H2,2024-12-15,EMP00254,3,"Dalam diskusi 1-on-1, Vera menyampaikan rasa kurang puas dengan beban kerja saat ini. Perlu perhatian HRD untuk mencegah potensi turnover.",20
REV000423,EMP00212,2024-H1,2024-06-15,EMP00254,4,"Ayu telah bekerja dengan baik dalam tanggung jawab rutinnya. Area pengembangan utama: stakeholder communication. Dengan bimbingan yang tepat, Ayu berpotensi mencapai level berikutnya.",23
REV000424,EMP00212,2024-H2,2024-12-15,EMP00254,3,Secara keseluruhan Ayu menunjukkan performa yang adequate. Beberapa deliverable perlu peningkatan dari sisi kualitas. Komunikasi dengan stakeholder perlu diperkuat.,19
REV000425,EMP00213,2024-H1,2024-06-15,,5,Agnes secara konsisten melampaui target yang ditetapkan. Kemampuan teknis dan kepemimpinan tim sangat menonjol. Rekomendasikan untuk promosi ke level berikutnya dalam 6 bulan ke depan.,25
REV000426,EMP00213,2024-H2,2024-12-15,,4,Performa Agnes luar biasa sepanjang kuartal ini. Berhasil menyelesaikan proyek restrukturisasi SOP lebih awal dari jadwal dengan kualitas melebihi ekspektasi. Kontribusi pada tim sangat signifikan.,25
REV000427,EMP00214,2024-H1,2024-06-15,EMP00254,4,Umi memenuhi sebagian besar target yang ditetapkan. Perlu pengembangan lebih lanjut dalam hal leadership. Disarankan mengikuti pelatihan agile methodology untuk mendukung pertumbuhan karier.,23
REV000428,EMP00214,2024-H2,2024-12-15,EMP00254,4,Secara keseluruhan Umi menunjukkan performa yang adequate. Beberapa deliverable perlu peningkatan dari sisi kualitas. Komunikasi dengan stakeholder perlu diperkuat.,19
REV000429,EMP00215,2024-H1,2024-06-15,EMP00254,3,Secara keseluruhan drg. menunjukkan performa yang adequate. Beberapa deliverable perlu peningkatan dari sisi kualitas. Komunikasi dengan stakeholder perlu diperkuat.,19
REV000430,EMP00215,2024-H2,2024-12-15,EMP00254,3,drg. memenuhi sebagian besar target yang ditetapkan. Perlu pengembangan lebih lanjut dalam hal komunikasi. Disarankan mengikuti pelatihan agile methodology untuk mendukung pertumbuhan karier.,23
REV000431,EMP00216,2024-H1,2024-06-15,EMP00254,5,Jinawi secara konsisten melampaui target yang ditetapkan. Kemampuan teknis dan kepemimpinan tim sangat menonjol. Rekomendasikan untuk promosi ke level berikutnya dalam 6 bulan ke depan.,25
REV000432,EMP00216,2024-H2,2024-12-15,EMP00254,4,Jinawi menunjukkan growth mindset yang kuat. Inisiatif dalam mengembangkan proses baru berhasil meningkatkan efisiensi tim sebesar 15%. Sangat direkomendasikan untuk program fast-track.,22
REV000433,EMP00217,2024-H1,2024-06-15,EMP00254,4,"Maya telah bekerja dengan baik dalam tanggung jawab rutinnya. Area pengembangan utama: cross-functional collaboration. Dengan bimbingan yang tepat, Maya berpotensi mencapai level berikutnya.",23
REV000434,EMP00217,2024-H2,2024-12-15,EMP00254,4,Secara keseluruhan Maya menunjukkan performa yang adequate. Beberapa deliverable perlu peningkatan dari sisi kualitas. Komunikasi dengan stakeholder perlu diperkuat.,19
REV000435,EMP00218,2024-H1,2024-06-15,EMP00254,3,"Harsaya telah bekerja dengan baik dalam tanggung jawab rutinnya. Area pengembangan utama: technical depth. Dengan bimbingan yang tepat, Harsaya berpotensi mencapai level berikutnya.",23
REV000436,EMP00218,2024-H2,2024-12-15,EMP00254,3,Harsaya beberapa kali mengekspresikan kekhawatiran terkait kompensasi dan jenjang karier. Disarankan untuk dilakukan retention conversation secepatnya.,16
REV000437,EMP00219,2024-H1,2024-06-15,EMP00254,3,Secara keseluruhan Mustika menunjukkan performa yang adequate. Beberapa deliverable perlu peningkatan dari sisi kualitas. Komunikasi dengan stakeholder perlu diperkuat.,19
REV000438,EMP00219,2024-H2,2024-12-15,EMP00254,3,Secara keseluruhan Mustika menunjukkan performa yang adequate. Beberapa deliverable perlu peningkatan dari sisi kualitas. Komunikasi dengan stakeholder perlu diperkuat.,19
REV000439,EMP00220,2024-H1,2024-06-15,EMP00254,4,Secara keseluruhan Dr. menunjukkan performa yang adequate. Beberapa deliverable perlu peningkatan dari sisi kualitas. Komunikasi dengan stakeholder perlu diperkuat.,19
REV000440,EMP00220,2024-H2,2024-12-15,EMP00254,3,Dr. memenuhi sebagian besar target yang ditetapkan. Perlu pengembangan lebih lanjut dalam hal leadership. Disarankan mengikuti pelatihan communication workshop untuk mendukung pertumbuhan karier.,23
REV000441,EMP00221,2024-H1,2024-06-15,EMP00254,2,Umaya tampak kurang engaged dalam beberapa bulan terakhir. Absensi dalam team meeting meningkat. Perlu investigasi lebih lanjut.,17
REV000442,EMP00221,2024-H2,2024-12-15,EMP00254,1,"Terdapat beberapa concern terkait performa Umaya, khususnya dalam hal kolaborasi lintas tim. Perlu perhatian khusus dan rencana perbaikan yang konkret.",20
REV000443,EMP00222,2024-H1,2024-06-15,EMP00254,1,"Terdapat beberapa concern terkait performa Ir., khususnya dalam hal proaktivitas. Perlu perhatian khusus dan rencana perbaikan yang konkret.",18
REV000444,EMP00222,2024-H2,2024-12-15,EMP00254,2,Ir. beberapa kali mengekspresikan kekhawatiran terkait kompensasi dan jenjang karier. Disarankan untuk dilakukan retention conversation secepatnya.,16
REV000445,EMP00223,2024-H1,2024-06-15,EMP00254,2,Margana belum mencapai target yang ditetapkan. Perlu improvement plan yang lebih terstruktur dalam 3 bulan ke depan. Disarankan untuk diskusi 1-on-1 lebih intensif.,23
REV000446,EMP00223,2024-H2,2024-12-15,EMP00254,1,Margana belum mencapai target yang ditetapkan. Perlu improvement plan yang lebih terstruktur dalam 3 bulan ke depan. Disarankan untuk diskusi 1-on-1 lebih intensif.,23
REV000447,EMP00224,2024-H1,2024-06-15,EMP00254,4,Sakti memenuhi sebagian besar target yang ditetapkan. Perlu pengembangan lebih lanjut dalam hal project management. Disarankan mengikuti pelatihan agile methodology untuk mendukung pertumbuhan karier.,24
REV000448,EMP00224,2024-H2,2024-12-15,EMP00254,4,"Sakti telah bekerja dengan baik dalam tanggung jawab rutinnya. Area pengembangan utama: cross-functional collaboration. Dengan bimbingan yang tepat, Sakti berpotensi mencapai level berikutnya.",23
REV000449,EMP00225,2024-H1,2024-06-15,EMP00254,4,"Asirwanda telah bekerja dengan baik dalam tanggung jawab rutinnya. Area pengembangan utama: time management. Dengan bimbingan yang tepat, Asirwanda berpotensi mencapai level berikutnya.",23
REV000450,EMP00225,2024-H2,2024-12-15,EMP00254,4,Asirwanda memenuhi sebagian besar target yang ditetapkan. Perlu pengembangan lebih lanjut dalam hal project management. Disarankan mengikuti pelatihan agile methodology untuk mendukung pertumbuhan karier.,24
REV000451,EMP00226,2024-H1,2024-06-15,EMP00254,3,"Jane telah bekerja dengan baik dalam tanggung jawab rutinnya. Area pengembangan utama: cross-functional collaboration. Dengan bimbingan yang tepat, Jane berpotensi mencapai level berikutnya.",23
REV000452,EMP00226,2024-H2,2024-12-15,EMP00254,3,"Jane telah bekerja dengan baik dalam tanggung jawab rutinnya. Area pengembangan utama: stakeholder communication. Dengan bimbingan yang tepat, Jane berpotensi mencapai level berikutnya.",23
REV000453,EMP00227,2024-H1,2024-06-15,EMP00254,3,Jane tampak kurang engaged dalam beberapa bulan terakhir. Absensi dalam team meeting meningkat. Perlu investigasi lebih lanjut.,17
REV000454,EMP00227,2024-H2,2024-12-15,EMP00254,4,Jane memenuhi sebagian besar target yang ditetapkan. Perlu pengembangan lebih lanjut dalam hal leadership. Disarankan mengikuti pelatihan data analytics bootcamp untuk mendukung pertumbuhan karier.,24
REV000455,EMP00228,2024-H1,2024-06-15,EMP00254,2,dr. beberapa kali mengekspresikan kekhawatiran terkait kompensasi dan jenjang karier. Disarankan untuk dilakukan retention conversation secepatnya.,16
REV000456,EMP00228,2024-H2,2024-12-15,EMP00254,2,dr. menghadapi tantangan dalam memenuhi ekspektasi peran saat ini. Perlu evaluasi ulang mengenai kesesuaian role dengan strengths yang dimiliki.,19
REV000457,EMP00229,2024-H1,2024-06-15,EMP00254,3,"Puti telah bekerja dengan baik dalam tanggung jawab rutinnya. Area pengembangan utama: time management. Dengan bimbingan yang tepat, Puti berpotensi mencapai level berikutnya.",23
REV000458,EMP00229,2024-H2,2024-12-15,EMP00254,3,Secara keseluruhan Puti menunjukkan performa yang adequate. Beberapa deliverable perlu peningkatan dari sisi kualitas. Komunikasi dengan stakeholder perlu diperkuat.,19
REV000459,EMP00230,2024-H1,2024-06-15,EMP00254,5,Wawan secara konsisten melampaui target yang ditetapkan. Kemampuan teknis dan kepemimpinan tim sangat menonjol. Rekomendasikan untuk promosi ke level berikutnya dalam 6 bulan ke depan.,25
REV000460,EMP00230,2024-H2,2024-12-15,EMP00254,5,Wawan secara konsisten melampaui target yang ditetapkan. Kemampuan teknis dan kepemimpinan tim sangat menonjol. Rekomendasikan untuk promosi ke level berikutnya dalam 6 bulan ke depan.,25
REV000461,EMP00231,2024-H1,2024-06-15,EMP00254,4,Martaka memenuhi sebagian besar target yang ditetapkan. Perlu pengembangan lebih lanjut dalam hal presentasi. Disarankan mengikuti pelatihan data analytics bootcamp untuk mendukung pertumbuhan karier.,24
REV000462,EMP00231,2024-H2,2024-12-15,EMP00254,4,Secara keseluruhan Martaka menunjukkan performa yang adequate. Beberapa deliverable perlu peningkatan dari sisi kualitas. Komunikasi dengan stakeholder perlu diperkuat.,19
REV000463,EMP00232,2024-H1,2024-06-15,EMP00254,4,"Ir. telah bekerja dengan baik dalam tanggung jawab rutinnya. Area pengembangan utama: stakeholder communication. Dengan bimbingan yang tepat, Ir. berpotensi mencapai level berikutnya.",23
REV000464,EMP00232,2024-H2,2024-12-15,EMP00254,3,"Ir. telah bekerja dengan baik dalam tanggung jawab rutinnya. Area pengembangan utama: cross-functional collaboration. Dengan bimbingan yang tepat, Ir. berpotensi mencapai level berikutnya.",23
REV000465,EMP00233,2024-H1,2024-06-15,EMP00254,5,Salman secara konsisten melampaui target yang ditetapkan. Kemampuan teknis dan kepemimpinan tim sangat menonjol. Rekomendasikan untuk promosi ke level berikutnya dalam 6 bulan ke depan.,25
REV000466,EMP00233,2024-H2,2024-12-15,EMP00254,5,Salman secara konsisten melampaui target yang ditetapkan. Kemampuan teknis dan kepemimpinan tim sangat menonjol. Rekomendasikan untuk promosi ke level berikutnya dalam 6 bulan ke depan.,25
REV000467,EMP00234,2024-H1,2024-06-15,EMP00254,4,R. secara konsisten melampaui target yang ditetapkan. Kemampuan teknis dan kepemimpinan tim sangat menonjol. Rekomendasikan untuk promosi ke level berikutnya dalam 6 bulan ke depan.,25
REV000468,EMP00234,2024-H2,2024-12-15,EMP00254,5,R. secara konsisten melampaui target yang ditetapkan. Kemampuan teknis dan kepemimpinan tim sangat menonjol. Rekomendasikan untuk promosi ke level berikutnya dalam 6 bulan ke depan.,25
REV000469,EMP00235,2024-H1,2024-06-15,EMP00254,3,Salsabila tampak kurang engaged dalam beberapa bulan terakhir. Absensi dalam team meeting meningkat. Perlu investigasi lebih lanjut.,17
REV000470,EMP00235,2024-H2,2024-12-15,EMP00254,3,"Dalam diskusi 1-on-1, Salsabila menyampaikan rasa kurang puas dengan beban kerja saat ini. Perlu perhatian HRD untuk mencegah potensi turnover.",20
REV000471,EMP00236,2024-H1,2024-06-15,EMP00254,3,R.A. tampak kurang engaged dalam beberapa bulan terakhir. Absensi dalam team meeting meningkat. Perlu investigasi lebih lanjut.,17
REV000472,EMP00236,2024-H2,2024-12-15,EMP00254,4,Secara keseluruhan R.A. menunjukkan performa yang adequate. Beberapa deliverable perlu peningkatan dari sisi kualitas. Komunikasi dengan stakeholder perlu diperkuat.,19
REV000473,EMP00237,2024-H1,2024-06-15,EMP00254,2,"Dalam diskusi 1-on-1, Tgk. menyampaikan rasa kurang puas dengan beban kerja saat ini. Perlu perhatian HRD untuk mencegah potensi turnover.",20
REV000474,EMP00237,2024-H2,2024-12-15,EMP00254,3,Tgk. belum mencapai target yang ditetapkan. Perlu improvement plan yang lebih terstruktur dalam 3 bulan ke depan. Disarankan untuk diskusi 1-on-1 lebih intensif.,23
REV000475,EMP00238,2024-H1,2024-06-15,EMP00254,4,Secara keseluruhan Tina menunjukkan performa yang adequate. Beberapa deliverable perlu peningkatan dari sisi kualitas. Komunikasi dengan stakeholder perlu diperkuat.,19
REV000476,EMP00238,2024-H2,2024-12-15,EMP00254,3,Tina memenuhi sebagian besar target yang ditetapkan. Perlu pengembangan lebih lanjut dalam hal leadership. Disarankan mengikuti pelatihan leadership fundamental untuk mendukung pertumbuhan karier.,23
REV000477,EMP00239,2024-H1,2024-06-15,EMP00254,1,"Terdapat beberapa concern terkait performa Cici, khususnya dalam hal proaktivitas. Perlu perhatian khusus dan rencana perbaikan yang konkret.",18
REV000478,EMP00239,2024-H2,2024-12-15,EMP00254,3,Cici beberapa kali mengekspresikan kekhawatiran terkait kompensasi dan jenjang karier. Disarankan untuk dilakukan retention conversation secepatnya.,16
REV000479,EMP00240,2024-H1,2024-06-15,EMP00254,4,Wisnu memenuhi sebagian besar target yang ditetapkan. Perlu pengembangan lebih lanjut dalam hal leadership. Disarankan mengikuti pelatihan communication workshop untuk mendukung pertumbuhan karier.,23
REV000480,EMP00240,2024-H2,2024-12-15,EMP00254,3,Wisnu memenuhi sebagian besar target yang ditetapkan. Perlu pengembangan lebih lanjut dalam hal komunikasi. Disarankan mengikuti pelatihan communication workshop untuk mendukung pertumbuhan karier.,23
REV000481,EMP00241,2024-H1,2024-06-15,,4,"Hj. telah bekerja dengan baik dalam tanggung jawab rutinnya. Area pengembangan utama: time management. Dengan bimbingan yang tepat, Hj. berpotensi mencapai level berikutnya.",23
REV000482,EMP00241,2024-H2,2024-12-15,,3,Secara keseluruhan Hj. menunjukkan performa yang adequate. Beberapa deliverable perlu peningkatan dari sisi kualitas. Komunikasi dengan stakeholder perlu diperkuat.,19
REV000483,EMP00242,2024-H1,2024-06-15,EMP00254,5,Performa Faizah luar biasa sepanjang kuartal ini. Berhasil menyelesaikan proyek restrukturisasi SOP lebih awal dari jadwal dengan kualitas melebihi ekspektasi. Kontribusi pada tim sangat signifikan.,25
REV000484,EMP00242,2024-H2,2024-12-15,EMP00254,4,Performa Faizah luar biasa sepanjang kuartal ini. Berhasil menyelesaikan proyek migrasi sistem lebih awal dari jadwal dengan kualitas melebihi ekspektasi. Kontribusi pada tim sangat signifikan.,25
REV000485,EMP00243,2024-H1,2024-06-15,EMP00254,4,"Yance telah bekerja dengan baik dalam tanggung jawab rutinnya. Area pengembangan utama: cross-functional collaboration. Dengan bimbingan yang tepat, Yance berpotensi mencapai level berikutnya.",23
REV000486,EMP00243,2024-H2,2024-12-15,EMP00254,3,Yance memenuhi sebagian besar target yang ditetapkan. Perlu pengembangan lebih lanjut dalam hal leadership. Disarankan mengikuti pelatihan leadership fundamental untuk mendukung pertumbuhan karier.,23
REV000487,EMP00244,2024-H1,2024-06-15,EMP00254,3,Mursinin memenuhi sebagian besar target yang ditetapkan. Perlu pengembangan lebih lanjut dalam hal komunikasi. Disarankan mengikuti pelatihan leadership fundamental untuk mendukung pertumbuhan karier.,23
REV000488,EMP00244,2024-H2,2024-12-15,EMP00254,3,Secara keseluruhan Mursinin menunjukkan performa yang adequate. Beberapa deliverable perlu peningkatan dari sisi kualitas. Komunikasi dengan stakeholder perlu diperkuat.,19
REV000489,EMP00245,2024-H1,2024-06-15,EMP00254,4,Hj. memenuhi sebagian besar target yang ditetapkan. Perlu pengembangan lebih lanjut dalam hal presentasi. Disarankan mengikuti pelatihan agile methodology untuk mendukung pertumbuhan karier.,23
REV000490,EMP00245,2024-H2,2024-12-15,EMP00254,3,Hj. memenuhi sebagian besar target yang ditetapkan. Perlu pengembangan lebih lanjut dalam hal leadership. Disarankan mengikuti pelatihan leadership fundamental untuk mendukung pertumbuhan karier.,23
REV000491,EMP00246,2024-H1,2024-06-15,EMP00254,4,Dt. memenuhi sebagian besar target yang ditetapkan. Perlu pengembangan lebih lanjut dalam hal komunikasi. Disarankan mengikuti pelatihan agile methodology untuk mendukung pertumbuhan karier.,23
REV000492,EMP00246,2024-H2,2024-12-15,EMP00254,3,Dt. memenuhi sebagian besar target yang ditetapkan. Perlu pengembangan lebih lanjut dalam hal presentasi. Disarankan mengikuti pelatihan leadership fundamental untuk mendukung pertumbuhan karier.,23
REV000493,EMP00247,2024-H1,2024-06-15,EMP00254,3,"Hairyanto telah bekerja dengan baik dalam tanggung jawab rutinnya. Area pengembangan utama: cross-functional collaboration. Dengan bimbingan yang tepat, Hairyanto berpotensi mencapai level berikutnya.",23
REV000494,EMP00247,2024-H2,2024-12-15,EMP00254,4,Secara keseluruhan Hairyanto menunjukkan performa yang adequate. Beberapa deliverable perlu peningkatan dari sisi kualitas. Komunikasi dengan stakeholder perlu diperkuat.,19
REV000495,EMP00248,2024-H1,2024-06-15,EMP00254,3,Ganep memenuhi sebagian besar target yang ditetapkan. Perlu pengembangan lebih lanjut dalam hal presentasi. Disarankan mengikuti pelatihan leadership fundamental untuk mendukung pertumbuhan karier.,23
REV000496,EMP00248,2024-H2,2024-12-15,EMP00254,3,Ganep memenuhi sebagian besar target yang ditetapkan. Perlu pengembangan lebih lanjut dalam hal komunikasi. Disarankan mengikuti pelatihan data analytics bootcamp untuk mendukung pertumbuhan karier.,24
REV000497,EMP00249,2024-H1,2024-06-15,EMP00254,5,Dr. menunjukkan growth mindset yang kuat. Inisiatif dalam mengembangkan proses baru berhasil meningkatkan efisiensi tim sebesar 6%. Sangat direkomendasikan untuk program fast-track.,22
REV000498,EMP00249,2024-H2,2024-12-15,EMP00254,5,Dr. secara konsisten melampaui target yang ditetapkan. Kemampuan teknis dan kepemimpinan tim sangat menonjol. Rekomendasikan untuk promosi ke level berikutnya dalam 6 bulan ke depan.,25
REV000499,EMP00250,2024-H1,2024-06-15,EMP00254,4,Tri memenuhi sebagian besar target yang ditetapkan. Perlu pengembangan lebih lanjut dalam hal analisis data. Disarankan mengikuti pelatihan data analytics bootcamp untuk mendukung pertumbuhan karier.,25
REV000500,EMP00250,2024-H2,2024-12-15,EMP00254,4,Tri memenuhi sebagian besar target yang ditetapkan. Perlu pengembangan lebih lanjut dalam hal komunikasi. Disarankan mengikuti pelatihan agile methodology untuk mendukung pertumbuhan karier.,23
REV000501,EMP00251,2024-H1,2024-06-15,EMP00254,3,"Elma telah bekerja dengan baik dalam tanggung jawab rutinnya. Area pengembangan utama: cross-functional collaboration. Dengan bimbingan yang tepat, Elma berpotensi mencapai level berikutnya.",23
REV000502,EMP00251,2024-H2,2024-12-15,EMP00254,3,Elma memenuhi sebagian besar target yang ditetapkan. Perlu pengembangan lebih lanjut dalam hal komunikasi. Disarankan mengikuti pelatihan agile methodology untuk mendukung pertumbuhan karier.,23
REV000503,EMP00252,2024-H1,2024-06-15,EMP00254,3,Secara keseluruhan Emong menunjukkan performa yang adequate. Beberapa deliverable perlu peningkatan dari sisi kualitas. Komunikasi dengan stakeholder perlu diperkuat.,19
REV000504,EMP00252,2024-H2,2024-12-15,EMP00254,4,"Emong telah bekerja dengan baik dalam tanggung jawab rutinnya. Area pengembangan utama: time management. Dengan bimbingan yang tepat, Emong berpotensi mencapai level berikutnya.",23
REV000505,EMP00253,2024-H1,2024-06-15,EMP00254,2,drg. beberapa kali mengekspresikan kekhawatiran terkait kompensasi dan jenjang karier. Disarankan untuk dilakukan retention conversation secepatnya.,16
REV000506,EMP00253,2024-H2,2024-12-15,EMP00254,2,"Dalam diskusi 1-on-1, drg. menyampaikan rasa kurang puas dengan beban kerja saat ini. Perlu perhatian HRD untuk mencegah potensi turnover.",20
REV000507,EMP00254,2024-H1,2024-06-15,,4,"Janet telah bekerja dengan baik dalam tanggung jawab rutinnya. Area pengembangan utama: cross-functional collaboration. Dengan bimbingan yang tepat, Janet berpotensi mencapai level berikutnya.",23
REV000508,EMP00254,2024-H2,2024-12-15,,4,Janet memenuhi sebagian besar target yang ditetapkan. Perlu pengembangan lebih lanjut dalam hal presentasi. Disarankan mengikuti pelatihan communication workshop untuk mendukung pertumbuhan karier.,23
REV000509,EMP00255,2024-H1,2024-06-15,EMP00254,4,Puti memenuhi sebagian besar target yang ditetapkan. Perlu pengembangan lebih lanjut dalam hal leadership. Disarankan mengikuti pelatihan leadership fundamental untuk mendukung pertumbuhan karier.,23
REV000510,EMP00255,2024-H2,2024-12-15,EMP00254,3,Secara keseluruhan Puti menunjukkan performa yang adequate. Beberapa deliverable perlu peningkatan dari sisi kualitas. Komunikasi dengan stakeholder perlu diperkuat.,19
REV000511,EMP00256,2024-H1,2024-06-15,EMP00254,5,Performa drg. luar biasa sepanjang kuartal ini. Berhasil menyelesaikan proyek restrukturisasi SOP lebih awal dari jadwal dengan kualitas melebihi ekspektasi. Kontribusi pada tim sangat signifikan.,25
REV000512,EMP00256,2024-H2,2024-12-15,EMP00254,4,drg. secara konsisten melampaui target yang ditetapkan. Kemampuan teknis dan kepemimpinan tim sangat menonjol. Rekomendasikan untuk promosi ke level berikutnya dalam 6 bulan ke depan.,25
REV000513,EMP00257,2024-H1,2024-06-15,EMP00254,3,Secara keseluruhan Ana menunjukkan performa yang adequate. Beberapa deliverable perlu peningkatan dari sisi kualitas. Komunikasi dengan stakeholder perlu diperkuat.,19
REV000514,EMP00257,2024-H2,2024-12-15,EMP00254,4,Secara keseluruhan Ana menunjukkan performa yang adequate. Beberapa deliverable perlu peningkatan dari sisi kualitas. Komunikasi dengan stakeholder perlu diperkuat.,19
REV000515,EMP00258,2024-H1,2024-06-15,,3,dr. memenuhi sebagian besar target yang ditetapkan. Perlu pengembangan lebih lanjut dalam hal leadership. Disarankan mengikuti pelatihan agile methodology untuk mendukung pertumbuhan karier.,23
REV000516,EMP00258,2024-H2,2024-12-15,,4,Secara keseluruhan dr. menunjukkan performa yang adequate. Beberapa deliverable perlu peningkatan dari sisi kualitas. Komunikasi dengan stakeholder perlu diperkuat.,19
REV000517,EMP00259,2024-H1,2024-06-15,EMP00254,3,Wirda memenuhi sebagian besar target yang ditetapkan. Perlu pengembangan lebih lanjut dalam hal leadership. Disarankan mengikuti pelatihan agile methodology untuk mendukung pertumbuhan karier.,23
REV000518,EMP00259,2024-H2,2024-12-15,EMP00254,3,Secara keseluruhan Wirda menunjukkan performa yang adequate. Beberapa deliverable perlu peningkatan dari sisi kualitas. Komunikasi dengan stakeholder perlu diperkuat.,19
REV000519,EMP00260,2024-H1,2024-06-15,EMP00254,5,Indah secara konsisten melampaui target yang ditetapkan. Kemampuan teknis dan kepemimpinan tim sangat menonjol. Rekomendasikan untuk promosi ke level berikutnya dalam 6 bulan ke depan.,25
REV000520,EMP00260,2024-H2,2024-12-15,EMP00254,5,Indah secara konsisten melampaui target yang ditetapkan. Kemampuan teknis dan kepemimpinan tim sangat menonjol. Rekomendasikan untuk promosi ke level berikutnya dalam 6 bulan ke depan.,25
REV000521,EMP00261,2024-H1,2024-06-15,EMP00318,3,Ika memenuhi sebagian besar target yang ditetapkan. Perlu pengembangan lebih lanjut dalam hal analisis data. Disarankan mengikuti pelatihan leadership fundamental untuk mendukung pertumbuhan karier.,24
REV000522,EMP00261,2024-H2,2024-12-15,EMP00318,4,"Ika telah bekerja dengan baik dalam tanggung jawab rutinnya. Area pengembangan utama: technical depth. Dengan bimbingan yang tepat, Ika berpotensi mencapai level berikutnya.",23
REV000523,EMP00262,2024-H1,2024-06-15,EMP00318,3,Sutan memenuhi sebagian besar target yang ditetapkan. Perlu pengembangan lebih lanjut dalam hal komunikasi. Disarankan mengikuti pelatihan agile methodology untuk mendukung pertumbuhan karier.,23
REV000524,EMP00262,2024-H2,2024-12-15,EMP00318,3,Secara keseluruhan Sutan menunjukkan performa yang adequate. Beberapa deliverable perlu peningkatan dari sisi kualitas. Komunikasi dengan stakeholder perlu diperkuat.,19
REV000525,EMP00263,2024-H1,2024-06-15,EMP00318,3,Secara keseluruhan Laila menunjukkan performa yang adequate. Beberapa deliverable perlu peningkatan dari sisi kualitas. Komunikasi dengan stakeholder perlu diperkuat.,19
REV000526,EMP00263,2024-H2,2024-12-15,EMP00318,3,Laila memenuhi sebagian besar target yang ditetapkan. Perlu pengembangan lebih lanjut dalam hal project management. Disarankan mengikuti pelatihan agile methodology untuk mendukung pertumbuhan karier.,24
REV000527,EMP00264,2024-H1,2024-06-15,EMP00318,4,"Sutan telah bekerja dengan baik dalam tanggung jawab rutinnya. Area pengembangan utama: cross-functional collaboration. Dengan bimbingan yang tepat, Sutan berpotensi mencapai level berikutnya.",23
REV000528,EMP00264,2024-H2,2024-12-15,EMP00318,3,Sutan memenuhi sebagian besar target yang ditetapkan. Perlu pengembangan lebih lanjut dalam hal analisis data. Disarankan mengikuti pelatihan agile methodology untuk mendukung pertumbuhan karier.,24
REV000529,EMP00265,2024-H1,2024-06-15,EMP00318,2,"Dalam diskusi 1-on-1, Widya menyampaikan rasa kurang puas dengan beban kerja saat ini. Perlu perhatian HRD untuk mencegah potensi turnover.",20
REV000530,EMP00265,2024-H2,2024-12-15,EMP00318,3,"Dalam diskusi 1-on-1, Widya menyampaikan rasa kurang puas dengan beban kerja saat ini. Perlu perhatian HRD untuk mencegah potensi turnover.",20
REV000531,EMP00266,2024-H1,2024-06-15,EMP00318,5,Emil secara konsisten melampaui target yang ditetapkan. Kemampuan teknis dan kepemimpinan tim sangat menonjol. Rekomendasikan untuk promosi ke level berikutnya dalam 6 bulan ke depan.,25
REV000532,EMP00266,2024-H2,2024-12-15,EMP00318,4,Emil menunjukkan growth mindset yang kuat. Inisiatif dalam mengembangkan proses baru berhasil meningkatkan efisiensi tim sebesar 24%. Sangat direkomendasikan untuk program fast-track.,22
REV000533,EMP00267,2024-H1,2024-06-15,EMP00318,3,Talia memenuhi sebagian besar target yang ditetapkan. Perlu pengembangan lebih lanjut dalam hal komunikasi. Disarankan mengikuti pelatihan agile methodology untuk mendukung pertumbuhan karier.,23
REV000534,EMP00267,2024-H2,2024-12-15,EMP00318,3,Secara keseluruhan Talia menunjukkan performa yang adequate. Beberapa deliverable perlu peningkatan dari sisi kualitas. Komunikasi dengan stakeholder perlu diperkuat.,19
REV000535,EMP00268,2024-H1,2024-06-15,EMP00318,4,"Dalam diskusi 1-on-1, Salimah menyampaikan rasa kurang puas dengan beban kerja saat ini. Perlu perhatian HRD untuk mencegah potensi turnover.",20
REV000536,EMP00268,2024-H2,2024-12-15,EMP00318,4,Secara keseluruhan Salimah menunjukkan performa yang adequate. Beberapa deliverable perlu peningkatan dari sisi kualitas. Komunikasi dengan stakeholder perlu diperkuat.,19
REV000537,EMP00269,2024-H1,2024-06-15,EMP00318,3,Nabila memenuhi sebagian besar target yang ditetapkan. Perlu pengembangan lebih lanjut dalam hal project management. Disarankan mengikuti pelatihan agile methodology untuk mendukung pertumbuhan karier.,24
REV000538,EMP00269,2024-H2,2024-12-15,EMP00318,4,"Nabila telah bekerja dengan baik dalam tanggung jawab rutinnya. Area pengembangan utama: technical depth. Dengan bimbingan yang tepat, Nabila berpotensi mencapai level berikutnya.",23
REV000539,EMP00270,2024-H1,2024-06-15,EMP00318,3,"Dalam diskusi 1-on-1, Tgk. menyampaikan rasa kurang puas dengan beban kerja saat ini. Perlu perhatian HRD untuk mencegah potensi turnover.",20
REV000540,EMP00270,2024-H2,2024-12-15,EMP00318,4,Secara keseluruhan Tgk. menunjukkan performa yang adequate. Beberapa deliverable perlu peningkatan dari sisi kualitas. Komunikasi dengan stakeholder perlu diperkuat.,19
REV000541,EMP00271,2024-H1,2024-06-15,EMP00318,5,Kamila menunjukkan growth mindset yang kuat. Inisiatif dalam mengembangkan proses baru berhasil meningkatkan efisiensi tim sebesar 12%. Sangat direkomendasikan untuk program fast-track.,22
REV000542,EMP00271,2024-H2,2024-12-15,EMP00318,4,Kamila menunjukkan growth mindset yang kuat. Inisiatif dalam mengembangkan proses baru berhasil meningkatkan efisiensi tim sebesar 16%. Sangat direkomendasikan untuk program fast-track.,22
REV000543,EMP00272,2024-H1,2024-06-15,EMP00318,3,Ina memenuhi sebagian besar target yang ditetapkan. Perlu pengembangan lebih lanjut dalam hal komunikasi. Disarankan mengikuti pelatihan leadership fundamental untuk mendukung pertumbuhan karier.,23
REV000544,EMP00272,2024-H2,2024-12-15,EMP00318,4,"Ina telah bekerja dengan baik dalam tanggung jawab rutinnya. Area pengembangan utama: time management. Dengan bimbingan yang tepat, Ina berpotensi mencapai level berikutnya.",23
REV000545,EMP00273,2024-H1,2024-06-15,EMP00318,5,Performa Banawa luar biasa sepanjang kuartal ini. Berhasil menyelesaikan proyek peluncuran produk baru lebih awal dari jadwal dengan kualitas melebihi ekspektasi. Kontribusi pada tim sangat signifikan.,26
REV000546,EMP00273,2024-H2,2024-12-15,EMP00318,5,Banawa menunjukkan growth mindset yang kuat. Inisiatif dalam mengembangkan proses baru berhasil meningkatkan efisiensi tim sebesar 23%. Sangat direkomendasikan untuk program fast-track.,22
REV000547,EMP00274,2024-H1,2024-06-15,,3,Devi memenuhi sebagian besar target yang ditetapkan. Perlu pengembangan lebih lanjut dalam hal komunikasi. Disarankan mengikuti pelatihan data analytics bootcamp untuk mendukung pertumbuhan karier.,24
REV000548,EMP00274,2024-H2,2024-12-15,,3,Secara keseluruhan Devi menunjukkan performa yang adequate. Beberapa deliverable perlu peningkatan dari sisi kualitas. Komunikasi dengan stakeholder perlu diperkuat.,19
REV000549,EMP00275,2024-H1,2024-06-15,EMP00318,5,H. secara konsisten melampaui target yang ditetapkan. Kemampuan teknis dan kepemimpinan tim sangat menonjol. Rekomendasikan untuk promosi ke level berikutnya dalam 6 bulan ke depan.,25
REV000550,EMP00275,2024-H2,2024-12-15,EMP00318,5,H. menunjukkan growth mindset yang kuat. Inisiatif dalam mengembangkan proses baru berhasil meningkatkan efisiensi tim sebesar 28%. Sangat direkomendasikan untuk program fast-track.,22
REV000551,EMP00276,2024-H1,2024-06-15,EMP00318,3,"Novi telah bekerja dengan baik dalam tanggung jawab rutinnya. Area pengembangan utama: technical depth. Dengan bimbingan yang tepat, Novi berpotensi mencapai level berikutnya.",23
REV000552,EMP00276,2024-H2,2024-12-15,EMP00318,3,"Dalam diskusi 1-on-1, Novi menyampaikan rasa kurang puas dengan beban kerja saat ini. Perlu perhatian HRD untuk mencegah potensi turnover.",20
REV000553,EMP00277,2024-H1,2024-06-15,EMP00318,4,"Dr. telah bekerja dengan baik dalam tanggung jawab rutinnya. Area pengembangan utama: time management. Dengan bimbingan yang tepat, Dr. berpotensi mencapai level berikutnya.",23
REV000554,EMP00277,2024-H2,2024-12-15,EMP00318,4,Dr. memenuhi sebagian besar target yang ditetapkan. Perlu pengembangan lebih lanjut dalam hal analisis data. Disarankan mengikuti pelatihan leadership fundamental untuk mendukung pertumbuhan karier.,24
REV000555,EMP00278,2024-H1,2024-06-15,EMP00318,3,R.A. memenuhi sebagian besar target yang ditetapkan. Perlu pengembangan lebih lanjut dalam hal analisis data. Disarankan mengikuti pelatihan agile methodology untuk mendukung pertumbuhan karier.,24
REV000556,EMP00278,2024-H2,2024-12-15,EMP00318,4,"R.A. telah bekerja dengan baik dalam tanggung jawab rutinnya. Area pengembangan utama: stakeholder communication. Dengan bimbingan yang tepat, R.A. berpotensi mencapai level berikutnya.",23
REV000557,EMP00279,2024-H1,2024-06-15,EMP00318,4,Gada memenuhi sebagian besar target yang ditetapkan. Perlu pengembangan lebih lanjut dalam hal project management. Disarankan mengikuti pelatihan agile methodology untuk mendukung pertumbuhan karier.,24
REV000558,EMP00279,2024-H2,2024-12-15,EMP00318,3,Secara keseluruhan Gada menunjukkan performa yang adequate. Beberapa deliverable perlu peningkatan dari sisi kualitas. Komunikasi dengan stakeholder perlu diperkuat.,19
REV000559,EMP00280,2024-H1,2024-06-15,EMP00318,3,Secara keseluruhan Patricia menunjukkan performa yang adequate. Beberapa deliverable perlu peningkatan dari sisi kualitas. Komunikasi dengan stakeholder perlu diperkuat.,19
REV000560,EMP00280,2024-H2,2024-12-15,EMP00318,3,"Patricia telah bekerja dengan baik dalam tanggung jawab rutinnya. Area pengembangan utama: stakeholder communication. Dengan bimbingan yang tepat, Patricia berpotensi mencapai level berikutnya.",23
REV000561,EMP00281,2024-H1,2024-06-15,EMP00318,3,Asmadi memenuhi sebagian besar target yang ditetapkan. Perlu pengembangan lebih lanjut dalam hal analisis data. Disarankan mengikuti pelatihan data analytics bootcamp untuk mendukung pertumbuhan karier.,25
REV000562,EMP00281,2024-H2,2024-12-15,EMP00318,3,Secara keseluruhan Asmadi menunjukkan performa yang adequate. Beberapa deliverable perlu peningkatan dari sisi kualitas. Komunikasi dengan stakeholder perlu diperkuat.,19
REV000563,EMP00282,2024-H1,2024-06-15,EMP00318,4,Secara keseluruhan Tami menunjukkan performa yang adequate. Beberapa deliverable perlu peningkatan dari sisi kualitas. Komunikasi dengan stakeholder perlu diperkuat.,19
REV000564,EMP00282,2024-H2,2024-12-15,EMP00318,4,Tami memenuhi sebagian besar target yang ditetapkan. Perlu pengembangan lebih lanjut dalam hal analisis data. Disarankan mengikuti pelatihan leadership fundamental untuk mendukung pertumbuhan karier.,24
REV000565,EMP00283,2024-H1,2024-06-15,EMP00318,3,Taswir memenuhi sebagian besar target yang ditetapkan. Perlu pengembangan lebih lanjut dalam hal presentasi. Disarankan mengikuti pelatihan data analytics bootcamp untuk mendukung pertumbuhan karier.,24
REV000566,EMP00283,2024-H2,2024-12-15,EMP00318,4,"Taswir telah bekerja dengan baik dalam tanggung jawab rutinnya. Area pengembangan utama: cross-functional collaboration. Dengan bimbingan yang tepat, Taswir berpotensi mencapai level berikutnya.",23
REV000567,EMP00284,2024-H1,2024-06-15,EMP00318,3,"Cut telah bekerja dengan baik dalam tanggung jawab rutinnya. Area pengembangan utama: technical depth. Dengan bimbingan yang tepat, Cut berpotensi mencapai level berikutnya.",23
REV000568,EMP00284,2024-H2,2024-12-15,EMP00318,4,Secara keseluruhan Cut menunjukkan performa yang adequate. Beberapa deliverable perlu peningkatan dari sisi kualitas. Komunikasi dengan stakeholder perlu diperkuat.,19
REV000569,EMP00285,2024-H1,2024-06-15,EMP00318,3,Secara keseluruhan Maida menunjukkan performa yang adequate. Beberapa deliverable perlu peningkatan dari sisi kualitas. Komunikasi dengan stakeholder perlu diperkuat.,19
REV000570,EMP00285,2024-H2,2024-12-15,EMP00318,3,Maida memenuhi sebagian besar target yang ditetapkan. Perlu pengembangan lebih lanjut dalam hal presentasi. Disarankan mengikuti pelatihan leadership fundamental untuk mendukung pertumbuhan karier.,23
REV000571,EMP00286,2024-H1,2024-06-15,EMP00318,3,Secara keseluruhan Aslijan menunjukkan performa yang adequate. Beberapa deliverable perlu peningkatan dari sisi kualitas. Komunikasi dengan stakeholder perlu diperkuat.,19
REV000572,EMP00286,2024-H2,2024-12-15,EMP00318,4,Secara keseluruhan Aslijan menunjukkan performa yang adequate. Beberapa deliverable perlu peningkatan dari sisi kualitas. Komunikasi dengan stakeholder perlu diperkuat.,19
REV000573,EMP00287,2024-H1,2024-06-15,EMP00318,4,"Dr. telah bekerja dengan baik dalam tanggung jawab rutinnya. Area pengembangan utama: time management. Dengan bimbingan yang tepat, Dr. berpotensi mencapai level berikutnya.",23
REV000574,EMP00287,2024-H2,2024-12-15,EMP00318,3,"Dr. telah bekerja dengan baik dalam tanggung jawab rutinnya. Area pengembangan utama: technical depth. Dengan bimbingan yang tepat, Dr. berpotensi mencapai level berikutnya.",23
REV000575,EMP00288,2024-H1,2024-06-15,EMP00318,3,Secara keseluruhan Belinda menunjukkan performa yang adequate. Beberapa deliverable perlu peningkatan dari sisi kualitas. Komunikasi dengan stakeholder perlu diperkuat.,19
REV000576,EMP00288,2024-H2,2024-12-15,EMP00318,3,"Belinda telah bekerja dengan baik dalam tanggung jawab rutinnya. Area pengembangan utama: cross-functional collaboration. Dengan bimbingan yang tepat, Belinda berpotensi mencapai level berikutnya.",23
REV000577,EMP00289,2024-H1,2024-06-15,EMP00318,4,"Dalam diskusi 1-on-1, Mahfud menyampaikan rasa kurang puas dengan beban kerja saat ini. Perlu perhatian HRD untuk mencegah potensi turnover.",20
REV000578,EMP00289,2024-H2,2024-12-15,EMP00318,3,"Dalam diskusi 1-on-1, Mahfud menyampaikan rasa kurang puas dengan beban kerja saat ini. Perlu perhatian HRD untuk mencegah potensi turnover.",20
REV000579,EMP00290,2024-H1,2024-06-15,EMP00318,4,Secara keseluruhan Rosman menunjukkan performa yang adequate. Beberapa deliverable perlu peningkatan dari sisi kualitas. Komunikasi dengan stakeholder perlu diperkuat.,19
REV000580,EMP00290,2024-H2,2024-12-15,EMP00318,3,"Rosman telah bekerja dengan baik dalam tanggung jawab rutinnya. Area pengembangan utama: cross-functional collaboration. Dengan bimbingan yang tepat, Rosman berpotensi mencapai level berikutnya.",23
REV000581,EMP00291,2024-H1,2024-06-15,EMP00318,3,"Dalam diskusi 1-on-1, Chelsea menyampaikan rasa kurang puas dengan beban kerja saat ini. Perlu perhatian HRD untuk mencegah potensi turnover.",20
REV000582,EMP00291,2024-H2,2024-12-15,EMP00318,4,Chelsea tampak kurang engaged dalam beberapa bulan terakhir. Absensi dalam team meeting meningkat. Perlu investigasi lebih lanjut.,17
REV000583,EMP00292,2024-H1,2024-06-15,EMP00318,4,Secara keseluruhan Kalim menunjukkan performa yang adequate. Beberapa deliverable perlu peningkatan dari sisi kualitas. Komunikasi dengan stakeholder perlu diperkuat.,19
REV000584,EMP00292,2024-H2,2024-12-15,EMP00318,3,Kalim memenuhi sebagian besar target yang ditetapkan. Perlu pengembangan lebih lanjut dalam hal project management. Disarankan mengikuti pelatihan leadership fundamental untuk mendukung pertumbuhan karier.,24
REV000585,EMP00293,2024-H1,2024-06-15,EMP00318,3,Ir. memenuhi sebagian besar target yang ditetapkan. Perlu pengembangan lebih lanjut dalam hal analisis data. Disarankan mengikuti pelatihan agile methodology untuk mendukung pertumbuhan karier.,24
REV000586,EMP00293,2024-H2,2024-12-15,EMP00318,4,Secara keseluruhan Ir. menunjukkan performa yang adequate. Beberapa deliverable perlu peningkatan dari sisi kualitas. Komunikasi dengan stakeholder perlu diperkuat.,19
REV000587,EMP00294,2024-H1,2024-06-15,EMP00318,3,Prayoga menghadapi tantangan dalam memenuhi ekspektasi peran saat ini. Perlu evaluasi ulang mengenai kesesuaian role dengan strengths yang dimiliki.,19
REV000588,EMP00294,2024-H2,2024-12-15,EMP00318,2,"Dalam diskusi 1-on-1, Prayoga menyampaikan rasa kurang puas dengan beban kerja saat ini. Perlu perhatian HRD untuk mencegah potensi turnover.",20
REV000589,EMP00295,2024-H1,2024-06-15,EMP00318,3,Secara keseluruhan Mila menunjukkan performa yang adequate. Beberapa deliverable perlu peningkatan dari sisi kualitas. Komunikasi dengan stakeholder perlu diperkuat.,19
REV000590,EMP00295,2024-H2,2024-12-15,EMP00318,4,Mila memenuhi sebagian besar target yang ditetapkan. Perlu pengembangan lebih lanjut dalam hal leadership. Disarankan mengikuti pelatihan leadership fundamental untuk mendukung pertumbuhan karier.,23
REV000591,EMP00296,2024-H1,2024-06-15,EMP00318,4,Zelda memenuhi sebagian besar target yang ditetapkan. Perlu pengembangan lebih lanjut dalam hal leadership. Disarankan mengikuti pelatihan data analytics bootcamp untuk mendukung pertumbuhan karier.,24
REV000592,EMP00296,2024-H2,2024-12-15,EMP00318,3,Secara keseluruhan Zelda menunjukkan performa yang adequate. Beberapa deliverable perlu peningkatan dari sisi kualitas. Komunikasi dengan stakeholder perlu diperkuat.,19
REV000593,EMP00297,2024-H1,2024-06-15,EMP00318,3,"Ina telah bekerja dengan baik dalam tanggung jawab rutinnya. Area pengembangan utama: cross-functional collaboration. Dengan bimbingan yang tepat, Ina berpotensi mencapai level berikutnya.",23
REV000594,EMP00297,2024-H2,2024-12-15,EMP00318,4,"Ina telah bekerja dengan baik dalam tanggung jawab rutinnya. Area pengembangan utama: time management. Dengan bimbingan yang tepat, Ina berpotensi mencapai level berikutnya.",23
REV000595,EMP00298,2024-H1,2024-06-15,EMP00318,5,Cut secara konsisten melampaui target yang ditetapkan. Kemampuan teknis dan kepemimpinan tim sangat menonjol. Rekomendasikan untuk promosi ke level berikutnya dalam 6 bulan ke depan.,25
REV000596,EMP00298,2024-H2,2024-12-15,EMP00318,5,Cut menunjukkan growth mindset yang kuat. Inisiatif dalam mengembangkan proses baru berhasil meningkatkan efisiensi tim sebesar 11%. Sangat direkomendasikan untuk program fast-track.,22
REV000597,EMP00299,2024-H1,2024-06-15,EMP00318,3,Secara keseluruhan Sutan menunjukkan performa yang adequate. Beberapa deliverable perlu peningkatan dari sisi kualitas. Komunikasi dengan stakeholder perlu diperkuat.,19
REV000598,EMP00299,2024-H2,2024-12-15,EMP00318,3,Secara keseluruhan Sutan menunjukkan performa yang adequate. Beberapa deliverable perlu peningkatan dari sisi kualitas. Komunikasi dengan stakeholder perlu diperkuat.,19
REV000599,EMP00300,2024-H1,2024-06-15,EMP00318,3,Bajragin memenuhi sebagian besar target yang ditetapkan. Perlu pengembangan lebih lanjut dalam hal leadership. Disarankan mengikuti pelatihan communication workshop untuk mendukung pertumbuhan karier.,23
REV000600,EMP00300,2024-H2,2024-12-15,EMP00318,4,Secara keseluruhan Bajragin menunjukkan performa yang adequate. Beberapa deliverable perlu peningkatan dari sisi kualitas. Komunikasi dengan stakeholder perlu diperkuat.,19
REV000601,EMP00301,2024-H1,2024-06-15,EMP00318,2,"Terdapat beberapa concern terkait performa Kusuma, khususnya dalam hal dokumentasi pekerjaan. Perlu perhatian khusus dan rencana perbaikan yang konkret.",19
REV000602,EMP00301,2024-H2,2024-12-15,EMP00318,1,Kusuma belum mencapai target yang ditetapkan. Perlu improvement plan yang lebih terstruktur dalam 3 bulan ke depan. Disarankan untuk diskusi 1-on-1 lebih intensif.,23
REV000603,EMP00302,2024-H1,2024-06-15,EMP00318,1,Ade menghadapi tantangan dalam memenuhi ekspektasi peran saat ini. Perlu evaluasi ulang mengenai kesesuaian role dengan strengths yang dimiliki.,19
REV000604,EMP00302,2024-H2,2024-12-15,EMP00318,1,Ade belum mencapai target yang ditetapkan. Perlu improvement plan yang lebih terstruktur dalam 3 bulan ke depan. Disarankan untuk diskusi 1-on-1 lebih intensif.,23
REV000605,EMP00303,2024-H1,2024-06-15,EMP00318,5,Performa Shakila luar biasa sepanjang kuartal ini. Berhasil menyelesaikan proyek migrasi sistem lebih awal dari jadwal dengan kualitas melebihi ekspektasi. Kontribusi pada tim sangat signifikan.,25
REV000606,EMP00303,2024-H2,2024-12-15,EMP00318,5,Performa Shakila luar biasa sepanjang kuartal ini. Berhasil menyelesaikan proyek peluncuran produk baru lebih awal dari jadwal dengan kualitas melebihi ekspektasi. Kontribusi pada tim sangat signifikan.,26
REV000607,EMP00304,2024-H1,2024-06-15,EMP00318,4,Secara keseluruhan Icha menunjukkan performa yang adequate. Beberapa deliverable perlu peningkatan dari sisi kualitas. Komunikasi dengan stakeholder perlu diperkuat.,19
REV000608,EMP00304,2024-H2,2024-12-15,EMP00318,4,"Icha telah bekerja dengan baik dalam tanggung jawab rutinnya. Area pengembangan utama: cross-functional collaboration. Dengan bimbingan yang tepat, Icha berpotensi mencapai level berikutnya.",23
REV000609,EMP00305,2024-H1,2024-06-15,EMP00318,5,Performa Edward luar biasa sepanjang kuartal ini. Berhasil menyelesaikan proyek optimasi pipeline data lebih awal dari jadwal dengan kualitas melebihi ekspektasi. Kontribusi pada tim sangat signifikan.,26
REV000610,EMP00305,2024-H2,2024-12-15,EMP00318,5,Performa Edward luar biasa sepanjang kuartal ini. Berhasil menyelesaikan proyek peluncuran produk baru lebih awal dari jadwal dengan kualitas melebihi ekspektasi. Kontribusi pada tim sangat signifikan.,26
REV000611,EMP00306,2024-H1,2024-06-15,EMP00318,5,Zelda secara konsisten melampaui target yang ditetapkan. Kemampuan teknis dan kepemimpinan tim sangat menonjol. Rekomendasikan untuk promosi ke level berikutnya dalam 6 bulan ke depan.,25
REV000612,EMP00306,2024-H2,2024-12-15,EMP00318,5,Performa Zelda luar biasa sepanjang kuartal ini. Berhasil menyelesaikan proyek optimasi pipeline data lebih awal dari jadwal dengan kualitas melebihi ekspektasi. Kontribusi pada tim sangat signifikan.,26
REV000613,EMP00307,2024-H1,2024-06-15,EMP00318,3,Daruna memenuhi sebagian besar target yang ditetapkan. Perlu pengembangan lebih lanjut dalam hal komunikasi. Disarankan mengikuti pelatihan agile methodology untuk mendukung pertumbuhan karier.,23
REV000614,EMP00307,2024-H2,2024-12-15,EMP00318,4,Daruna memenuhi sebagian besar target yang ditetapkan. Perlu pengembangan lebih lanjut dalam hal leadership. Disarankan mengikuti pelatihan agile methodology untuk mendukung pertumbuhan karier.,23
REV000615,EMP00308,2024-H1,2024-06-15,EMP00318,4,Secara keseluruhan Rangga menunjukkan performa yang adequate. Beberapa deliverable perlu peningkatan dari sisi kualitas. Komunikasi dengan stakeholder perlu diperkuat.,19
REV000616,EMP00308,2024-H2,2024-12-15,EMP00318,3,Secara keseluruhan Rangga menunjukkan performa yang adequate. Beberapa deliverable perlu peningkatan dari sisi kualitas. Komunikasi dengan stakeholder perlu diperkuat.,19
REV000617,EMP00309,2024-H1,2024-06-15,EMP00318,3,"Kenari telah bekerja dengan baik dalam tanggung jawab rutinnya. Area pengembangan utama: cross-functional collaboration. Dengan bimbingan yang tepat, Kenari berpotensi mencapai level berikutnya.",23
REV000618,EMP00309,2024-H2,2024-12-15,EMP00318,3,Kenari memenuhi sebagian besar target yang ditetapkan. Perlu pengembangan lebih lanjut dalam hal presentasi. Disarankan mengikuti pelatihan leadership fundamental untuk mendukung pertumbuhan karier.,23
REV000619,EMP00310,2024-H1,2024-06-15,EMP00318,3,"Cakrawala telah bekerja dengan baik dalam tanggung jawab rutinnya. Area pengembangan utama: technical depth. Dengan bimbingan yang tepat, Cakrawala berpotensi mencapai level berikutnya.",23
REV000620,EMP00310,2024-H2,2024-12-15,EMP00318,4,Cakrawala memenuhi sebagian besar target yang ditetapkan. Perlu pengembangan lebih lanjut dalam hal leadership. Disarankan mengikuti pelatihan agile methodology untuk mendukung pertumbuhan karier.,23
REV000621,EMP00311,2024-H1,2024-06-15,,3,"Asmuni telah bekerja dengan baik dalam tanggung jawab rutinnya. Area pengembangan utama: technical depth. Dengan bimbingan yang tepat, Asmuni berpotensi mencapai level berikutnya.",23
REV000622,EMP00311,2024-H2,2024-12-15,,3,Asmuni memenuhi sebagian besar target yang ditetapkan. Perlu pengembangan lebih lanjut dalam hal komunikasi. Disarankan mengikuti pelatihan agile methodology untuk mendukung pertumbuhan karier.,23
REV000623,EMP00312,2024-H1,2024-06-15,EMP00318,3,T. memenuhi sebagian besar target yang ditetapkan. Perlu pengembangan lebih lanjut dalam hal analisis data. Disarankan mengikuti pelatihan agile methodology untuk mendukung pertumbuhan karier.,24
REV000624,EMP00312,2024-H2,2024-12-15,EMP00318,3,T. memenuhi sebagian besar target yang ditetapkan. Perlu pengembangan lebih lanjut dalam hal presentasi. Disarankan mengikuti pelatihan leadership fundamental untuk mendukung pertumbuhan karier.,23
REV000625,EMP00313,2024-H1,2024-06-15,EMP00318,3,Dewi memenuhi sebagian besar target yang ditetapkan. Perlu pengembangan lebih lanjut dalam hal presentasi. Disarankan mengikuti pelatihan agile methodology untuk mendukung pertumbuhan karier.,23
REV000626,EMP00313,2024-H2,2024-12-15,EMP00318,4,Secara keseluruhan Dewi menunjukkan performa yang adequate. Beberapa deliverable perlu peningkatan dari sisi kualitas. Komunikasi dengan stakeholder perlu diperkuat.,19
REV000627,EMP00314,2024-H1,2024-06-15,EMP00318,4,Ilsa menunjukkan growth mindset yang kuat. Inisiatif dalam mengembangkan proses baru berhasil meningkatkan efisiensi tim sebesar 23%. Sangat direkomendasikan untuk program fast-track.,22
REV000628,EMP00314,2024-H2,2024-12-15,EMP00318,4,Ilsa secara konsisten melampaui target yang ditetapkan. Kemampuan teknis dan kepemimpinan tim sangat menonjol. Rekomendasikan untuk promosi ke level berikutnya dalam 6 bulan ke depan.,25
REV000629,EMP00315,2024-H1,2024-06-15,EMP00318,4,"Dr. telah bekerja dengan baik dalam tanggung jawab rutinnya. Area pengembangan utama: cross-functional collaboration. Dengan bimbingan yang tepat, Dr. berpotensi mencapai level berikutnya.",23
REV000630,EMP00315,2024-H2,2024-12-15,EMP00318,3,Secara keseluruhan Dr. menunjukkan performa yang adequate. Beberapa deliverable perlu peningkatan dari sisi kualitas. Komunikasi dengan stakeholder perlu diperkuat.,19
REV000631,EMP00316,2024-H1,2024-06-15,EMP00318,3,Secara keseluruhan Liman menunjukkan performa yang adequate. Beberapa deliverable perlu peningkatan dari sisi kualitas. Komunikasi dengan stakeholder perlu diperkuat.,19
REV000632,EMP00316,2024-H2,2024-12-15,EMP00318,4,Liman memenuhi sebagian besar target yang ditetapkan. Perlu pengembangan lebih lanjut dalam hal project management. Disarankan mengikuti pelatihan leadership fundamental untuk mendukung pertumbuhan karier.,24
REV000633,EMP00317,2024-H1,2024-06-15,EMP00318,3,Unjani memenuhi sebagian besar target yang ditetapkan. Perlu pengembangan lebih lanjut dalam hal presentasi. Disarankan mengikuti pelatihan data analytics bootcamp untuk mendukung pertumbuhan karier.,24
REV000634,EMP00317,2024-H2,2024-12-15,EMP00318,4,Unjani memenuhi sebagian besar target yang ditetapkan. Perlu pengembangan lebih lanjut dalam hal leadership. Disarankan mengikuti pelatihan agile methodology untuk mendukung pertumbuhan karier.,23
REV000635,EMP00318,2024-H1,2024-06-15,,3,"Dalam diskusi 1-on-1, Tgk. menyampaikan rasa kurang puas dengan beban kerja saat ini. Perlu perhatian HRD untuk mencegah potensi turnover.",20
REV000636,EMP00318,2024-H2,2024-12-15,,3,Tgk. beberapa kali mengekspresikan kekhawatiran terkait kompensasi dan jenjang karier. Disarankan untuk dilakukan retention conversation secepatnya.,16
REV000637,EMP00319,2024-H1,2024-06-15,EMP00318,4,Secara keseluruhan Yono menunjukkan performa yang adequate. Beberapa deliverable perlu peningkatan dari sisi kualitas. Komunikasi dengan stakeholder perlu diperkuat.,19
REV000638,EMP00319,2024-H2,2024-12-15,EMP00318,4,"Yono telah bekerja dengan baik dalam tanggung jawab rutinnya. Area pengembangan utama: time management. Dengan bimbingan yang tepat, Yono berpotensi mencapai level berikutnya.",23
REV000639,EMP00320,2024-H1,2024-06-15,EMP00318,4,"Ir. telah bekerja dengan baik dalam tanggung jawab rutinnya. Area pengembangan utama: technical depth. Dengan bimbingan yang tepat, Ir. berpotensi mencapai level berikutnya.",23
REV000640,EMP00320,2024-H2,2024-12-15,EMP00318,4,Secara keseluruhan Ir. menunjukkan performa yang adequate. Beberapa deliverable perlu peningkatan dari sisi kualitas. Komunikasi dengan stakeholder perlu diperkuat.,19
REV000641,EMP00321,2024-H1,2024-06-15,EMP00318,5,Cut menunjukkan growth mindset yang kuat. Inisiatif dalam mengembangkan proses baru berhasil meningkatkan efisiensi tim sebesar 25%. Sangat direkomendasikan untuk program fast-track.,22
REV000642,EMP00321,2024-H2,2024-12-15,EMP00318,5,Performa Cut luar biasa sepanjang kuartal ini. Berhasil menyelesaikan proyek restrukturisasi SOP lebih awal dari jadwal dengan kualitas melebihi ekspektasi. Kontribusi pada tim sangat signifikan.,25
REV000643,EMP00322,2024-H1,2024-06-15,EMP00318,3,"Padma telah bekerja dengan baik dalam tanggung jawab rutinnya. Area pengembangan utama: time management. Dengan bimbingan yang tepat, Padma berpotensi mencapai level berikutnya.",23
REV000644,EMP00322,2024-H2,2024-12-15,EMP00318,3,Secara keseluruhan Padma menunjukkan performa yang adequate. Beberapa deliverable perlu peningkatan dari sisi kualitas. Komunikasi dengan stakeholder perlu diperkuat.,19
REV000645,EMP00323,2024-H1,2024-06-15,EMP00318,3,Secara keseluruhan Indah menunjukkan performa yang adequate. Beberapa deliverable perlu peningkatan dari sisi kualitas. Komunikasi dengan stakeholder perlu diperkuat.,19
REV000646,EMP00323,2024-H2,2024-12-15,EMP00318,4,Indah memenuhi sebagian besar target yang ditetapkan. Perlu pengembangan lebih lanjut dalam hal komunikasi. Disarankan mengikuti pelatihan agile methodology untuk mendukung pertumbuhan karier.,23
REV000647,EMP00324,2024-H1,2024-06-15,EMP00318,2,drg. menghadapi tantangan dalam memenuhi ekspektasi peran saat ini. Perlu evaluasi ulang mengenai kesesuaian role dengan strengths yang dimiliki.,19
REV000648,EMP00324,2024-H2,2024-12-15,EMP00318,1,drg. belum mencapai target yang ditetapkan. Perlu improvement plan yang lebih terstruktur dalam 3 bulan ke depan. Disarankan untuk diskusi 1-on-1 lebih intensif.,23
REV000649,EMP00325,2024-H1,2024-06-15,EMP00318,3,"Jarwadi telah bekerja dengan baik dalam tanggung jawab rutinnya. Area pengembangan utama: technical depth. Dengan bimbingan yang tepat, Jarwadi berpotensi mencapai level berikutnya.",23
REV000650,EMP00325,2024-H2,2024-12-15,EMP00318,4,"Jarwadi telah bekerja dengan baik dalam tanggung jawab rutinnya. Area pengembangan utama: cross-functional collaboration. Dengan bimbingan yang tepat, Jarwadi berpotensi mencapai level berikutnya.",23
REV000651,EMP00326,2024-H1,2024-06-15,EMP00318,1,"Dalam diskusi 1-on-1, Juli menyampaikan rasa kurang puas dengan beban kerja saat ini. Perlu perhatian HRD untuk mencegah potensi turnover.",20
REV000652,EMP00326,2024-H2,2024-12-15,EMP00318,1,Juli tampak kurang engaged dalam beberapa bulan terakhir. Absensi dalam team meeting meningkat. Perlu investigasi lebih lanjut.,17
REV000653,EMP00327,2024-H1,2024-06-15,EMP00318,2,Bala beberapa kali mengekspresikan kekhawatiran terkait kompensasi dan jenjang karier. Disarankan untuk dilakukan retention conversation secepatnya.,16
REV000654,EMP00327,2024-H2,2024-12-15,EMP00318,3,Bala beberapa kali mengekspresikan kekhawatiran terkait kompensasi dan jenjang karier. Disarankan untuk dilakukan retention conversation secepatnya.,16
REV000655,EMP00328,2024-H1,2024-06-15,EMP00318,2,Talia beberapa kali mengekspresikan kekhawatiran terkait kompensasi dan jenjang karier. Disarankan untuk dilakukan retention conversation secepatnya.,16
REV000656,EMP00328,2024-H2,2024-12-15,EMP00318,2,Talia beberapa kali mengekspresikan kekhawatiran terkait kompensasi dan jenjang karier. Disarankan untuk dilakukan retention conversation secepatnya.,16
REV000657,EMP00329,2024-H1,2024-06-15,EMP00318,4,"Salimah telah bekerja dengan baik dalam tanggung jawab rutinnya. Area pengembangan utama: time management. Dengan bimbingan yang tepat, Salimah berpotensi mencapai level berikutnya.",23
REV000658,EMP00329,2024-H2,2024-12-15,EMP00318,3,Salimah memenuhi sebagian besar target yang ditetapkan. Perlu pengembangan lebih lanjut dalam hal analisis data. Disarankan mengikuti pelatihan communication workshop untuk mendukung pertumbuhan karier.,24
REV000659,EMP00330,2024-H1,2024-06-15,EMP00318,3,Drs. memenuhi sebagian besar target yang ditetapkan. Perlu pengembangan lebih lanjut dalam hal leadership. Disarankan mengikuti pelatihan leadership fundamental untuk mendukung pertumbuhan karier.,23
REV000660,EMP00330,2024-H2,2024-12-15,EMP00318,4,Drs. memenuhi sebagian besar target yang ditetapkan. Perlu pengembangan lebih lanjut dalam hal komunikasi. Disarankan mengikuti pelatihan leadership fundamental untuk mendukung pertumbuhan karier.,23
REV000661,EMP00331,2024-H1,2024-06-15,EMP00318,4,Hafshah memenuhi sebagian besar target yang ditetapkan. Perlu pengembangan lebih lanjut dalam hal leadership. Disarankan mengikuti pelatihan leadership fundamental untuk mendukung pertumbuhan karier.,23
REV000662,EMP00331,2024-H2,2024-12-15,EMP00318,3,Hafshah memenuhi sebagian besar target yang ditetapkan. Perlu pengembangan lebih lanjut dalam hal analisis data. Disarankan mengikuti pelatihan data analytics bootcamp untuk mendukung pertumbuhan karier.,25
REV000663,EMP00332,2024-H1,2024-06-15,EMP00318,5,Prasetyo tampak kurang engaged dalam beberapa bulan terakhir. Absensi dalam team meeting meningkat. Perlu investigasi lebih lanjut.,17
REV000664,EMP00332,2024-H2,2024-12-15,EMP00318,5,Prasetyo tampak kurang engaged dalam beberapa bulan terakhir. Absensi dalam team meeting meningkat. Perlu investigasi lebih lanjut.,17
REV000665,EMP00333,2024-H1,2024-06-15,EMP00318,4,Drs. secara konsisten melampaui target yang ditetapkan. Kemampuan teknis dan kepemimpinan tim sangat menonjol. Rekomendasikan untuk promosi ke level berikutnya dalam 6 bulan ke depan.,25
REV000666,EMP00333,2024-H2,2024-12-15,EMP00318,5,Drs. menunjukkan growth mindset yang kuat. Inisiatif dalam mengembangkan proses baru berhasil meningkatkan efisiensi tim sebesar 21%. Sangat direkomendasikan untuk program fast-track.,22
REV000667,EMP00334,2024-H1,2024-06-15,EMP00318,3,Laras belum mencapai target yang ditetapkan. Perlu improvement plan yang lebih terstruktur dalam 3 bulan ke depan. Disarankan untuk diskusi 1-on-1 lebih intensif.,23
REV000668,EMP00334,2024-H2,2024-12-15,EMP00318,2,Laras tampak kurang engaged dalam beberapa bulan terakhir. Absensi dalam team meeting meningkat. Perlu investigasi lebih lanjut.,17
REV000669,EMP00335,2024-H1,2024-06-15,EMP00318,3,"Karja telah bekerja dengan baik dalam tanggung jawab rutinnya. Area pengembangan utama: time management. Dengan bimbingan yang tepat, Karja berpotensi mencapai level berikutnya.",23
REV000670,EMP00335,2024-H2,2024-12-15,EMP00318,3,Karja memenuhi sebagian besar target yang ditetapkan. Perlu pengembangan lebih lanjut dalam hal leadership. Disarankan mengikuti pelatihan leadership fundamental untuk mendukung pertumbuhan karier.,23
REV000671,EMP00336,2024-H1,2024-06-15,EMP00318,4,"Dr. telah bekerja dengan baik dalam tanggung jawab rutinnya. Area pengembangan utama: technical depth. Dengan bimbingan yang tepat, Dr. berpotensi mencapai level berikutnya.",23
REV000672,EMP00336,2024-H2,2024-12-15,EMP00318,4,Dr. memenuhi sebagian besar target yang ditetapkan. Perlu pengembangan lebih lanjut dalam hal project management. Disarankan mengikuti pelatihan agile methodology untuk mendukung pertumbuhan karier.,24
REV000673,EMP00337,2024-H1,2024-06-15,,4,Secara keseluruhan Dt. menunjukkan performa yang adequate. Beberapa deliverable perlu peningkatan dari sisi kualitas. Komunikasi dengan stakeholder perlu diperkuat.,19
REV000674,EMP00337,2024-H2,2024-12-15,,3,Dt. memenuhi sebagian besar target yang ditetapkan. Perlu pengembangan lebih lanjut dalam hal presentasi. Disarankan mengikuti pelatihan leadership fundamental untuk mendukung pertumbuhan karier.,23
REV000675,EMP00338,2024-H1,2024-06-15,EMP00318,4,"Wira telah bekerja dengan baik dalam tanggung jawab rutinnya. Area pengembangan utama: cross-functional collaboration. Dengan bimbingan yang tepat, Wira berpotensi mencapai level berikutnya.",23
REV000676,EMP00338,2024-H2,2024-12-15,EMP00318,3,Secara keseluruhan Wira menunjukkan performa yang adequate. Beberapa deliverable perlu peningkatan dari sisi kualitas. Komunikasi dengan stakeholder perlu diperkuat.,19
REV000677,EMP00339,2024-H1,2024-06-15,EMP00318,5,Tami secara konsisten melampaui target yang ditetapkan. Kemampuan teknis dan kepemimpinan tim sangat menonjol. Rekomendasikan untuk promosi ke level berikutnya dalam 6 bulan ke depan.,25
REV000678,EMP00339,2024-H2,2024-12-15,EMP00318,5,Tami menunjukkan growth mindset yang kuat. Inisiatif dalam mengembangkan proses baru berhasil meningkatkan efisiensi tim sebesar 17%. Sangat direkomendasikan untuk program fast-track.,22
REV000679,EMP00340,2024-H1,2024-06-15,EMP00318,5,Alambana secara konsisten melampaui target yang ditetapkan. Kemampuan teknis dan kepemimpinan tim sangat menonjol. Rekomendasikan untuk promosi ke level berikutnya dalam 6 bulan ke depan.,25
REV000680,EMP00340,2024-H2,2024-12-15,EMP00318,4,Alambana secara konsisten melampaui target yang ditetapkan. Kemampuan teknis dan kepemimpinan tim sangat menonjol. Rekomendasikan untuk promosi ke level berikutnya dalam 6 bulan ke depan.,25
REV000681,EMP00341,2024-H1,2024-06-15,EMP00474,3,Secara keseluruhan R.A. menunjukkan performa yang adequate. Beberapa deliverable perlu peningkatan dari sisi kualitas. Komunikasi dengan stakeholder perlu diperkuat.,19
REV000682,EMP00341,2024-H2,2024-12-15,EMP00474,3,R.A. memenuhi sebagian besar target yang ditetapkan. Perlu pengembangan lebih lanjut dalam hal presentasi. Disarankan mengikuti pelatihan communication workshop untuk mendukung pertumbuhan karier.,23
REV000683,EMP00342,2024-H1,2024-06-15,EMP00474,5,Puspa secara konsisten melampaui target yang ditetapkan. Kemampuan teknis dan kepemimpinan tim sangat menonjol. Rekomendasikan untuk promosi ke level berikutnya dalam 6 bulan ke depan.,25
REV000684,EMP00342,2024-H2,2024-12-15,EMP00474,5,Puspa secara konsisten melampaui target yang ditetapkan. Kemampuan teknis dan kepemimpinan tim sangat menonjol. Rekomendasikan untuk promosi ke level berikutnya dalam 6 bulan ke depan.,25
REV000685,EMP00343,2024-H1,2024-06-15,EMP00474,5,dr. secara konsisten melampaui target yang ditetapkan. Kemampuan teknis dan kepemimpinan tim sangat menonjol. Rekomendasikan untuk promosi ke level berikutnya dalam 6 bulan ke depan.,25
REV000686,EMP00343,2024-H2,2024-12-15,EMP00474,4,dr. menunjukkan growth mindset yang kuat. Inisiatif dalam mengembangkan proses baru berhasil meningkatkan efisiensi tim sebesar 10%. Sangat direkomendasikan untuk program fast-track.,22
REV000687,EMP00344,2024-H1,2024-06-15,EMP00474,3,Secara keseluruhan Puti menunjukkan performa yang adequate. Beberapa deliverable perlu peningkatan dari sisi kualitas. Komunikasi dengan stakeholder perlu diperkuat.,19
REV000688,EMP00344,2024-H2,2024-12-15,EMP00474,4,Secara keseluruhan Puti menunjukkan performa yang adequate. Beberapa deliverable perlu peningkatan dari sisi kualitas. Komunikasi dengan stakeholder perlu diperkuat.,19
REV000689,EMP00345,2024-H1,2024-06-15,EMP00474,3,Tina memenuhi sebagian besar target yang ditetapkan. Perlu pengembangan lebih lanjut dalam hal analisis data. Disarankan mengikuti pelatihan agile methodology untuk mendukung pertumbuhan karier.,24
REV000690,EMP00345,2024-H2,2024-12-15,EMP00474,3,Tina memenuhi sebagian besar target yang ditetapkan. Perlu pengembangan lebih lanjut dalam hal komunikasi. Disarankan mengikuti pelatihan leadership fundamental untuk mendukung pertumbuhan karier.,23
REV000691,EMP00346,2024-H1,2024-06-15,EMP00474,2,"Terdapat beberapa concern terkait performa H., khususnya dalam hal proaktivitas. Perlu perhatian khusus dan rencana perbaikan yang konkret.",18
REV000692,EMP00346,2024-H2,2024-12-15,EMP00474,2,H. tampak kurang engaged dalam beberapa bulan terakhir. Absensi dalam team meeting meningkat. Perlu investigasi lebih lanjut.,17
REV000693,EMP00347,2024-H1,2024-06-15,EMP00474,4,"Dr. telah bekerja dengan baik dalam tanggung jawab rutinnya. Area pengembangan utama: time management. Dengan bimbingan yang tepat, Dr. berpotensi mencapai level berikutnya.",23
REV000694,EMP00347,2024-H2,2024-12-15,EMP00474,3,"Dr. telah bekerja dengan baik dalam tanggung jawab rutinnya. Area pengembangan utama: cross-functional collaboration. Dengan bimbingan yang tepat, Dr. berpotensi mencapai level berikutnya.",23
REV000695,EMP00348,2024-H1,2024-06-15,EMP00474,3,"R.M. telah bekerja dengan baik dalam tanggung jawab rutinnya. Area pengembangan utama: stakeholder communication. Dengan bimbingan yang tepat, R.M. berpotensi mencapai level berikutnya.",23
REV000696,EMP00348,2024-H2,2024-12-15,EMP00474,4,R.M. memenuhi sebagian besar target yang ditetapkan. Perlu pengembangan lebih lanjut dalam hal presentasi. Disarankan mengikuti pelatihan agile methodology untuk mendukung pertumbuhan karier.,23
REV000697,EMP00349,2024-H1,2024-06-15,EMP00474,1,Drs. belum mencapai target yang ditetapkan. Perlu improvement plan yang lebih terstruktur dalam 3 bulan ke depan. Disarankan untuk diskusi 1-on-1 lebih intensif.,23
REV000698,EMP00349,2024-H2,2024-12-15,EMP00474,2,Drs. belum mencapai target yang ditetapkan. Perlu improvement plan yang lebih terstruktur dalam 3 bulan ke depan. Disarankan untuk diskusi 1-on-1 lebih intensif.,23
REV000699,EMP00350,2024-H1,2024-06-15,EMP00474,3,"Dalam diskusi 1-on-1, Puti menyampaikan rasa kurang puas dengan beban kerja saat ini. Perlu perhatian HRD untuk mencegah potensi turnover.",20
REV000700,EMP00350,2024-H2,2024-12-15,EMP00474,1,Puti belum mencapai target yang ditetapkan. Perlu improvement plan yang lebih terstruktur dalam 3 bulan ke depan. Disarankan untuk diskusi 1-on-1 lebih intensif.,23
REV000701,EMP00351,2024-H1,2024-06-15,EMP00474,3,"Terdapat beberapa concern terkait performa Dr., khususnya dalam hal ketepatan waktu deliverable. Perlu perhatian khusus dan rencana perbaikan yang konkret.",20
REV000702,EMP00351,2024-H2,2024-12-15,EMP00474,1,Dr. tampak kurang engaged dalam beberapa bulan terakhir. Absensi dalam team meeting meningkat. Perlu investigasi lebih lanjut.,17
REV000703,EMP00352,2024-H1,2024-06-15,EMP00474,5,Ifa secara konsisten melampaui target yang ditetapkan. Kemampuan teknis dan kepemimpinan tim sangat menonjol. Rekomendasikan untuk promosi ke level berikutnya dalam 6 bulan ke depan.,25
REV000704,EMP00352,2024-H2,2024-12-15,EMP00474,4,Ifa secara konsisten melampaui target yang ditetapkan. Kemampuan teknis dan kepemimpinan tim sangat menonjol. Rekomendasikan untuk promosi ke level berikutnya dalam 6 bulan ke depan.,25
REV000705,EMP00353,2024-H1,2024-06-15,EMP00474,3,Secara keseluruhan Jindra menunjukkan performa yang adequate. Beberapa deliverable perlu peningkatan dari sisi kualitas. Komunikasi dengan stakeholder perlu diperkuat.,19
REV000706,EMP00353,2024-H2,2024-12-15,EMP00474,3,"Jindra telah bekerja dengan baik dalam tanggung jawab rutinnya. Area pengembangan utama: technical depth. Dengan bimbingan yang tepat, Jindra berpotensi mencapai level berikutnya.",23
REV000707,EMP00354,2024-H1,2024-06-15,EMP00474,3,"drg. telah bekerja dengan baik dalam tanggung jawab rutinnya. Area pengembangan utama: stakeholder communication. Dengan bimbingan yang tepat, drg. berpotensi mencapai level berikutnya.",23
REV000708,EMP00354,2024-H2,2024-12-15,EMP00474,3,drg. memenuhi sebagian besar target yang ditetapkan. Perlu pengembangan lebih lanjut dalam hal komunikasi. Disarankan mengikuti pelatihan agile methodology untuk mendukung pertumbuhan karier.,23
REV000709,EMP00355,2024-H1,2024-06-15,EMP00474,4,KH. menunjukkan growth mindset yang kuat. Inisiatif dalam mengembangkan proses baru berhasil meningkatkan efisiensi tim sebesar 18%. Sangat direkomendasikan untuk program fast-track.,22
REV000710,EMP00355,2024-H2,2024-12-15,EMP00474,5,"Dalam diskusi 1-on-1, KH. menyampaikan rasa kurang puas dengan beban kerja saat ini. Perlu perhatian HRD untuk mencegah potensi turnover.",20
REV000711,EMP00356,2024-H1,2024-06-15,EMP00474,3,Secara keseluruhan Janet menunjukkan performa yang adequate. Beberapa deliverable perlu peningkatan dari sisi kualitas. Komunikasi dengan stakeholder perlu diperkuat.,19
REV000712,EMP00356,2024-H2,2024-12-15,EMP00474,3,Secara keseluruhan Janet menunjukkan performa yang adequate. Beberapa deliverable perlu peningkatan dari sisi kualitas. Komunikasi dengan stakeholder perlu diperkuat.,19
REV000713,EMP00357,2024-H1,2024-06-15,EMP00474,3,Halima beberapa kali mengekspresikan kekhawatiran terkait kompensasi dan jenjang karier. Disarankan untuk dilakukan retention conversation secepatnya.,16
REV000714,EMP00357,2024-H2,2024-12-15,EMP00474,1,"Terdapat beberapa concern terkait performa Halima, khususnya dalam hal ketepatan waktu deliverable. Perlu perhatian khusus dan rencana perbaikan yang konkret.",20
REV000715,EMP00358,2024-H1,2024-06-15,EMP00474,4,Secara keseluruhan Sabri menunjukkan performa yang adequate. Beberapa deliverable perlu peningkatan dari sisi kualitas. Komunikasi dengan stakeholder perlu diperkuat.,19
REV000716,EMP00358,2024-H2,2024-12-15,EMP00474,4,Sabri memenuhi sebagian besar target yang ditetapkan. Perlu pengembangan lebih lanjut dalam hal presentasi. Disarankan mengikuti pelatihan leadership fundamental untuk mendukung pertumbuhan karier.,23
REV000717,EMP00359,2024-H1,2024-06-15,EMP00474,3,Secara keseluruhan Galiono menunjukkan performa yang adequate. Beberapa deliverable perlu peningkatan dari sisi kualitas. Komunikasi dengan stakeholder perlu diperkuat.,19
REV000718,EMP00359,2024-H2,2024-12-15,EMP00474,4,Galiono memenuhi sebagian besar target yang ditetapkan. Perlu pengembangan lebih lanjut dalam hal analisis data. Disarankan mengikuti pelatihan agile methodology untuk mendukung pertumbuhan karier.,24
REV000719,EMP00360,2024-H1,2024-06-15,EMP00474,5,Performa Yessi luar biasa sepanjang kuartal ini. Berhasil menyelesaikan proyek optimasi pipeline data lebih awal dari jadwal dengan kualitas melebihi ekspektasi. Kontribusi pada tim sangat signifikan.,26
REV000720,EMP00360,2024-H2,2024-12-15,EMP00474,5,Yessi menunjukkan growth mindset yang kuat. Inisiatif dalam mengembangkan proses baru berhasil meningkatkan efisiensi tim sebesar 18%. Sangat direkomendasikan untuk program fast-track.,22
REV000721,EMP00361,2024-H1,2024-06-15,EMP00474,5,Performa Prima luar biasa sepanjang kuartal ini. Berhasil menyelesaikan proyek migrasi sistem lebih awal dari jadwal dengan kualitas melebihi ekspektasi. Kontribusi pada tim sangat signifikan.,25
REV000722,EMP00361,2024-H2,2024-12-15,EMP00474,5,Prima secara konsisten melampaui target yang ditetapkan. Kemampuan teknis dan kepemimpinan tim sangat menonjol. Rekomendasikan untuk promosi ke level berikutnya dalam 6 bulan ke depan.,25
REV000723,EMP00362,2024-H1,2024-06-15,EMP00474,3,Ani tampak kurang engaged dalam beberapa bulan terakhir. Absensi dalam team meeting meningkat. Perlu investigasi lebih lanjut.,17
REV000724,EMP00362,2024-H2,2024-12-15,EMP00474,4,Ani tampak kurang engaged dalam beberapa bulan terakhir. Absensi dalam team meeting meningkat. Perlu investigasi lebih lanjut.,17
REV000725,EMP00363,2024-H1,2024-06-15,EMP00474,4,Drs. beberapa kali mengekspresikan kekhawatiran terkait kompensasi dan jenjang karier. Disarankan untuk dilakukan retention conversation secepatnya.,16
REV000726,EMP00363,2024-H2,2024-12-15,EMP00474,4,Drs. menunjukkan growth mindset yang kuat. Inisiatif dalam mengembangkan proses baru berhasil meningkatkan efisiensi tim sebesar 5%. Sangat direkomendasikan untuk program fast-track.,22
REV000727,EMP00364,2024-H1,2024-06-15,EMP00474,4,Dr. menunjukkan growth mindset yang kuat. Inisiatif dalam mengembangkan proses baru berhasil meningkatkan efisiensi tim sebesar 14%. Sangat direkomendasikan untuk program fast-track.,22
REV000728,EMP00364,2024-H2,2024-12-15,EMP00474,5,Dr. secara konsisten melampaui target yang ditetapkan. Kemampuan teknis dan kepemimpinan tim sangat menonjol. Rekomendasikan untuk promosi ke level berikutnya dalam 6 bulan ke depan.,25
REV000729,EMP00365,2024-H1,2024-06-15,,5,Performa Najam luar biasa sepanjang kuartal ini. Berhasil menyelesaikan proyek peluncuran produk baru lebih awal dari jadwal dengan kualitas melebihi ekspektasi. Kontribusi pada tim sangat signifikan.,26
REV000730,EMP00365,2024-H2,2024-12-15,,5,Najam menunjukkan growth mindset yang kuat. Inisiatif dalam mengembangkan proses baru berhasil meningkatkan efisiensi tim sebesar 25%. Sangat direkomendasikan untuk program fast-track.,22
REV000731,EMP00366,2024-H1,2024-06-15,EMP00474,3,Secara keseluruhan Safina menunjukkan performa yang adequate. Beberapa deliverable perlu peningkatan dari sisi kualitas. Komunikasi dengan stakeholder perlu diperkuat.,19
REV000732,EMP00366,2024-H2,2024-12-15,EMP00474,3,"Safina telah bekerja dengan baik dalam tanggung jawab rutinnya. Area pengembangan utama: technical depth. Dengan bimbingan yang tepat, Safina berpotensi mencapai level berikutnya.",23
REV000733,EMP00367,2024-H1,2024-06-15,EMP00474,5,Performa Jarwadi luar biasa sepanjang kuartal ini. Berhasil menyelesaikan proyek restrukturisasi SOP lebih awal dari jadwal dengan kualitas melebihi ekspektasi. Kontribusi pada tim sangat signifikan.,25
REV000734,EMP00367,2024-H2,2024-12-15,EMP00474,5,Jarwadi menunjukkan growth mindset yang kuat. Inisiatif dalam mengembangkan proses baru berhasil meningkatkan efisiensi tim sebesar 5%. Sangat direkomendasikan untuk program fast-track.,22
REV000735,EMP00368,2024-H1,2024-06-15,EMP00474,4,"Sarah telah bekerja dengan baik dalam tanggung jawab rutinnya. Area pengembangan utama: technical depth. Dengan bimbingan yang tepat, Sarah berpotensi mencapai level berikutnya.",23
REV000736,EMP00368,2024-H2,2024-12-15,EMP00474,4,"Sarah telah bekerja dengan baik dalam tanggung jawab rutinnya. Area pengembangan utama: cross-functional collaboration. Dengan bimbingan yang tepat, Sarah berpotensi mencapai level berikutnya.",23
REV000737,EMP00369,2024-H1,2024-06-15,EMP00474,4,Bajragin memenuhi sebagian besar target yang ditetapkan. Perlu pengembangan lebih lanjut dalam hal presentasi. Disarankan mengikuti pelatihan data analytics bootcamp untuk mendukung pertumbuhan karier.,24
REV000738,EMP00369,2024-H2,2024-12-15,EMP00474,3,Secara keseluruhan Bajragin menunjukkan performa yang adequate. Beberapa deliverable perlu peningkatan dari sisi kualitas. Komunikasi dengan stakeholder perlu diperkuat.,19
REV000739,EMP00370,2024-H1,2024-06-15,EMP00474,4,"Dalam diskusi 1-on-1, Jamalia menyampaikan rasa kurang puas dengan beban kerja saat ini. Perlu perhatian HRD untuk mencegah potensi turnover.",20
REV000740,EMP00370,2024-H2,2024-12-15,EMP00474,3,Jamalia memenuhi sebagian besar target yang ditetapkan. Perlu pengembangan lebih lanjut dalam hal presentasi. Disarankan mengikuti pelatihan data analytics bootcamp untuk mendukung pertumbuhan karier.,24
REV000741,EMP00371,2024-H1,2024-06-15,EMP00474,3,Vanya memenuhi sebagian besar target yang ditetapkan. Perlu pengembangan lebih lanjut dalam hal komunikasi. Disarankan mengikuti pelatihan communication workshop untuk mendukung pertumbuhan karier.,23
REV000742,EMP00371,2024-H2,2024-12-15,EMP00474,3,Vanya memenuhi sebagian besar target yang ditetapkan. Perlu pengembangan lebih lanjut dalam hal presentasi. Disarankan mengikuti pelatihan leadership fundamental untuk mendukung pertumbuhan karier.,23
REV000743,EMP00372,2024-H1,2024-06-15,EMP00474,5,Performa Lasmanto luar biasa sepanjang kuartal ini. Berhasil menyelesaikan proyek migrasi sistem lebih awal dari jadwal dengan kualitas melebihi ekspektasi. Kontribusi pada tim sangat signifikan.,25
REV000744,EMP00372,2024-H2,2024-12-15,EMP00474,5,Performa Lasmanto luar biasa sepanjang kuartal ini. Berhasil menyelesaikan proyek migrasi sistem lebih awal dari jadwal dengan kualitas melebihi ekspektasi. Kontribusi pada tim sangat signifikan.,25
REV000745,EMP00373,2024-H1,2024-06-15,EMP00474,4,Secara keseluruhan Laswi menunjukkan performa yang adequate. Beberapa deliverable perlu peningkatan dari sisi kualitas. Komunikasi dengan stakeholder perlu diperkuat.,19
REV000746,EMP00373,2024-H2,2024-12-15,EMP00474,4,Laswi memenuhi sebagian besar target yang ditetapkan. Perlu pengembangan lebih lanjut dalam hal presentasi. Disarankan mengikuti pelatihan data analytics bootcamp untuk mendukung pertumbuhan karier.,24
REV000747,EMP00374,2024-H1,2024-06-15,EMP00474,3,Secara keseluruhan Pangeran menunjukkan performa yang adequate. Beberapa deliverable perlu peningkatan dari sisi kualitas. Komunikasi dengan stakeholder perlu diperkuat.,19
REV000748,EMP00374,2024-H2,2024-12-15,EMP00474,4,Pangeran memenuhi sebagian besar target yang ditetapkan. Perlu pengembangan lebih lanjut dalam hal analisis data. Disarankan mengikuti pelatihan agile methodology untuk mendukung pertumbuhan karier.,24
REV000749,EMP00375,2024-H1,2024-06-15,,4,Cinthia memenuhi sebagian besar target yang ditetapkan. Perlu pengembangan lebih lanjut dalam hal analisis data. Disarankan mengikuti pelatihan leadership fundamental untuk mendukung pertumbuhan karier.,24
REV000750,EMP00375,2024-H2,2024-12-15,,3,Cinthia memenuhi sebagian besar target yang ditetapkan. Perlu pengembangan lebih lanjut dalam hal analisis data. Disarankan mengikuti pelatihan data analytics bootcamp untuk mendukung pertumbuhan karier.,25
REV000751,EMP00376,2024-H1,2024-06-15,EMP00474,4,Cinthia menunjukkan growth mindset yang kuat. Inisiatif dalam mengembangkan proses baru berhasil meningkatkan efisiensi tim sebesar 20%. Sangat direkomendasikan untuk program fast-track.,22
REV000752,EMP00376,2024-H2,2024-12-15,EMP00474,5,Cinthia menunjukkan growth mindset yang kuat. Inisiatif dalam mengembangkan proses baru berhasil meningkatkan efisiensi tim sebesar 25%. Sangat direkomendasikan untuk program fast-track.,22
REV000753,EMP00377,2024-H1,2024-06-15,EMP00474,2,"Dalam diskusi 1-on-1, Ifa menyampaikan rasa kurang puas dengan beban kerja saat ini. Perlu perhatian HRD untuk mencegah potensi turnover.",20
REV000754,EMP00377,2024-H2,2024-12-15,EMP00474,3,Ifa belum mencapai target yang ditetapkan. Perlu improvement plan yang lebih terstruktur dalam 3 bulan ke depan. Disarankan untuk diskusi 1-on-1 lebih intensif.,23
REV000755,EMP00378,2024-H1,2024-06-15,EMP00474,5,Wulan menunjukkan growth mindset yang kuat. Inisiatif dalam mengembangkan proses baru berhasil meningkatkan efisiensi tim sebesar 22%. Sangat direkomendasikan untuk program fast-track.,22
REV000756,EMP00378,2024-H2,2024-12-15,EMP00474,4,Wulan secara konsisten melampaui target yang ditetapkan. Kemampuan teknis dan kepemimpinan tim sangat menonjol. Rekomendasikan untuk promosi ke level berikutnya dalam 6 bulan ke depan.,25
REV000757,EMP00379,2024-H1,2024-06-15,EMP00474,4,Performa Kani luar biasa sepanjang kuartal ini. Berhasil menyelesaikan proyek migrasi sistem lebih awal dari jadwal dengan kualitas melebihi ekspektasi. Kontribusi pada tim sangat signifikan.,25
REV000758,EMP00379,2024-H2,2024-12-15,EMP00474,5,Kani secara konsisten melampaui target yang ditetapkan. Kemampuan teknis dan kepemimpinan tim sangat menonjol. Rekomendasikan untuk promosi ke level berikutnya dalam 6 bulan ke depan.,25
REV000759,EMP00380,2024-H1,2024-06-15,EMP00474,4,Secara keseluruhan Dalima menunjukkan performa yang adequate. Beberapa deliverable perlu peningkatan dari sisi kualitas. Komunikasi dengan stakeholder perlu diperkuat.,19
REV000760,EMP00380,2024-H2,2024-12-15,EMP00474,4,Dalima memenuhi sebagian besar target yang ditetapkan. Perlu pengembangan lebih lanjut dalam hal project management. Disarankan mengikuti pelatihan communication workshop untuk mendukung pertumbuhan karier.,24
REV000761,EMP00381,2024-H1,2024-06-15,EMP00474,5,Performa dr. luar biasa sepanjang kuartal ini. Berhasil menyelesaikan proyek restrukturisasi SOP lebih awal dari jadwal dengan kualitas melebihi ekspektasi. Kontribusi pada tim sangat signifikan.,25
REV000762,EMP00381,2024-H2,2024-12-15,EMP00474,4,"Dalam diskusi 1-on-1, dr. menyampaikan rasa kurang puas dengan beban kerja saat ini. Perlu perhatian HRD untuk mencegah potensi turnover.",20
REV000763,EMP00382,2024-H1,2024-06-15,,3,R.M. memenuhi sebagian besar target yang ditetapkan. Perlu pengembangan lebih lanjut dalam hal komunikasi. Disarankan mengikuti pelatihan communication workshop untuk mendukung pertumbuhan karier.,23
REV000764,EMP00382,2024-H2,2024-12-15,,3,"R.M. telah bekerja dengan baik dalam tanggung jawab rutinnya. Area pengembangan utama: time management. Dengan bimbingan yang tepat, R.M. berpotensi mencapai level berikutnya.",23
REV000765,EMP00383,2024-H1,2024-06-15,EMP00474,3,Secara keseluruhan drg. menunjukkan performa yang adequate. Beberapa deliverable perlu peningkatan dari sisi kualitas. Komunikasi dengan stakeholder perlu diperkuat.,19
REV000766,EMP00383,2024-H2,2024-12-15,EMP00474,3,Secara keseluruhan drg. menunjukkan performa yang adequate. Beberapa deliverable perlu peningkatan dari sisi kualitas. Komunikasi dengan stakeholder perlu diperkuat.,19
REV000767,EMP00384,2024-H1,2024-06-15,EMP00474,3,Secara keseluruhan Jamal menunjukkan performa yang adequate. Beberapa deliverable perlu peningkatan dari sisi kualitas. Komunikasi dengan stakeholder perlu diperkuat.,19
REV000768,EMP00384,2024-H2,2024-12-15,EMP00474,3,Jamal memenuhi sebagian besar target yang ditetapkan. Perlu pengembangan lebih lanjut dalam hal leadership. Disarankan mengikuti pelatihan agile methodology untuk mendukung pertumbuhan karier.,23
REV000769,EMP00385,2024-H1,2024-06-15,EMP00474,4,Daru memenuhi sebagian besar target yang ditetapkan. Perlu pengembangan lebih lanjut dalam hal leadership. Disarankan mengikuti pelatihan data analytics bootcamp untuk mendukung pertumbuhan karier.,24
REV000770,EMP00385,2024-H2,2024-12-15,EMP00474,3,Daru beberapa kali mengekspresikan kekhawatiran terkait kompensasi dan jenjang karier. Disarankan untuk dilakukan retention conversation secepatnya.,16
REV000771,EMP00386,2024-H1,2024-06-15,EMP00474,3,Dodo memenuhi sebagian besar target yang ditetapkan. Perlu pengembangan lebih lanjut dalam hal analisis data. Disarankan mengikuti pelatihan agile methodology untuk mendukung pertumbuhan karier.,24
REV000772,EMP00386,2024-H2,2024-12-15,EMP00474,3,Dodo memenuhi sebagian besar target yang ditetapkan. Perlu pengembangan lebih lanjut dalam hal analisis data. Disarankan mengikuti pelatihan data analytics bootcamp untuk mendukung pertumbuhan karier.,25
REV000773,EMP00387,2024-H1,2024-06-15,EMP00474,3,"Adika telah bekerja dengan baik dalam tanggung jawab rutinnya. Area pengembangan utama: time management. Dengan bimbingan yang tepat, Adika berpotensi mencapai level berikutnya.",23
REV000774,EMP00387,2024-H2,2024-12-15,EMP00474,3,Adika memenuhi sebagian besar target yang ditetapkan. Perlu pengembangan lebih lanjut dalam hal analisis data. Disarankan mengikuti pelatihan agile methodology untuk mendukung pertumbuhan karier.,24
REV000775,EMP00388,2024-H1,2024-06-15,EMP00474,3,Kenes memenuhi sebagian besar target yang ditetapkan. Perlu pengembangan lebih lanjut dalam hal leadership. Disarankan mengikuti pelatihan communication workshop untuk mendukung pertumbuhan karier.,23
REV000776,EMP00388,2024-H2,2024-12-15,EMP00474,3,"Kenes telah bekerja dengan baik dalam tanggung jawab rutinnya. Area pengembangan utama: time management. Dengan bimbingan yang tepat, Kenes berpotensi mencapai level berikutnya.",23
REV000777,EMP00389,2024-H1,2024-06-15,EMP00474,3,Jelita memenuhi sebagian besar target yang ditetapkan. Perlu pengembangan lebih lanjut dalam hal analisis data. Disarankan mengikuti pelatihan data analytics bootcamp untuk mendukung pertumbuhan karier.,25
REV000778,EMP00389,2024-H2,2024-12-15,EMP00474,3,Jelita beberapa kali mengekspresikan kekhawatiran terkait kompensasi dan jenjang karier. Disarankan untuk dilakukan retention conversation secepatnya.,16
REV000779,EMP00390,2024-H1,2024-06-15,EMP00474,4,"Suci telah bekerja dengan baik dalam tanggung jawab rutinnya. Area pengembangan utama: cross-functional collaboration. Dengan bimbingan yang tepat, Suci berpotensi mencapai level berikutnya.",23
REV000780,EMP00390,2024-H2,2024-12-15,EMP00474,4,"Suci telah bekerja dengan baik dalam tanggung jawab rutinnya. Area pengembangan utama: stakeholder communication. Dengan bimbingan yang tepat, Suci berpotensi mencapai level berikutnya.",23
REV000781,EMP00391,2024-H1,2024-06-15,EMP00474,3,"Hafshah telah bekerja dengan baik dalam tanggung jawab rutinnya. Area pengembangan utama: technical depth. Dengan bimbingan yang tepat, Hafshah berpotensi mencapai level berikutnya.",23
REV000782,EMP00391,2024-H2,2024-12-15,EMP00474,4,"Hafshah telah bekerja dengan baik dalam tanggung jawab rutinnya. Area pengembangan utama: technical depth. Dengan bimbingan yang tepat, Hafshah berpotensi mencapai level berikutnya.",23
REV000783,EMP00392,2024-H1,2024-06-15,EMP00474,4,Harjo memenuhi sebagian besar target yang ditetapkan. Perlu pengembangan lebih lanjut dalam hal presentasi. Disarankan mengikuti pelatihan data analytics bootcamp untuk mendukung pertumbuhan karier.,24
REV000784,EMP00392,2024-H2,2024-12-15,EMP00474,4,Harjo memenuhi sebagian besar target yang ditetapkan. Perlu pengembangan lebih lanjut dalam hal analisis data. Disarankan mengikuti pelatihan data analytics bootcamp untuk mendukung pertumbuhan karier.,25
REV000785,EMP00393,2024-H1,2024-06-15,EMP00474,3,Secara keseluruhan Dasa menunjukkan performa yang adequate. Beberapa deliverable perlu peningkatan dari sisi kualitas. Komunikasi dengan stakeholder perlu diperkuat.,19
REV000786,EMP00393,2024-H2,2024-12-15,EMP00474,3,Secara keseluruhan Dasa menunjukkan performa yang adequate. Beberapa deliverable perlu peningkatan dari sisi kualitas. Komunikasi dengan stakeholder perlu diperkuat.,19
REV000787,EMP00394,2024-H1,2024-06-15,EMP00474,3,Secara keseluruhan dr. menunjukkan performa yang adequate. Beberapa deliverable perlu peningkatan dari sisi kualitas. Komunikasi dengan stakeholder perlu diperkuat.,19
REV000788,EMP00394,2024-H2,2024-12-15,EMP00474,4,Secara keseluruhan dr. menunjukkan performa yang adequate. Beberapa deliverable perlu peningkatan dari sisi kualitas. Komunikasi dengan stakeholder perlu diperkuat.,19
REV000789,EMP00395,2024-H1,2024-06-15,EMP00474,3,Ida memenuhi sebagian besar target yang ditetapkan. Perlu pengembangan lebih lanjut dalam hal presentasi. Disarankan mengikuti pelatihan leadership fundamental untuk mendukung pertumbuhan karier.,23
REV000790,EMP00395,2024-H2,2024-12-15,EMP00474,3,Ida memenuhi sebagian besar target yang ditetapkan. Perlu pengembangan lebih lanjut dalam hal analisis data. Disarankan mengikuti pelatihan leadership fundamental untuk mendukung pertumbuhan karier.,24
REV000791,EMP00396,2024-H1,2024-06-15,EMP00474,3,Ajeng memenuhi sebagian besar target yang ditetapkan. Perlu pengembangan lebih lanjut dalam hal analisis data. Disarankan mengikuti pelatihan leadership fundamental untuk mendukung pertumbuhan karier.,24
REV000792,EMP00396,2024-H2,2024-12-15,EMP00474,4,"Ajeng telah bekerja dengan baik dalam tanggung jawab rutinnya. Area pengembangan utama: cross-functional collaboration. Dengan bimbingan yang tepat, Ajeng berpotensi mencapai level berikutnya.",23
REV000793,EMP00397,2024-H1,2024-06-15,EMP00474,3,Secara keseluruhan Hj. menunjukkan performa yang adequate. Beberapa deliverable perlu peningkatan dari sisi kualitas. Komunikasi dengan stakeholder perlu diperkuat.,19
REV000794,EMP00397,2024-H2,2024-12-15,EMP00474,3,"Hj. telah bekerja dengan baik dalam tanggung jawab rutinnya. Area pengembangan utama: cross-functional collaboration. Dengan bimbingan yang tepat, Hj. berpotensi mencapai level berikutnya.",23
REV000795,EMP00398,2024-H1,2024-06-15,,3,"Najwa telah bekerja dengan baik dalam tanggung jawab rutinnya. Area pengembangan utama: technical depth. Dengan bimbingan yang tepat, Najwa berpotensi mencapai level berikutnya.",23
REV000796,EMP00398,2024-H2,2024-12-15,,4,Secara keseluruhan Najwa menunjukkan performa yang adequate. Beberapa deliverable perlu peningkatan dari sisi kualitas. Komunikasi dengan stakeholder perlu diperkuat.,19
REV000797,EMP00399,2024-H1,2024-06-15,EMP00474,3,dr. memenuhi sebagian besar target yang ditetapkan. Perlu pengembangan lebih lanjut dalam hal leadership. Disarankan mengikuti pelatihan communication workshop untuk mendukung pertumbuhan karier.,23
REV000798,EMP00399,2024-H2,2024-12-15,EMP00474,3,"Dalam diskusi 1-on-1, dr. menyampaikan rasa kurang puas dengan beban kerja saat ini. Perlu perhatian HRD untuk mencegah potensi turnover.",20
REV000799,EMP00400,2024-H1,2024-06-15,EMP00474,3,Lukman memenuhi sebagian besar target yang ditetapkan. Perlu pengembangan lebih lanjut dalam hal komunikasi. Disarankan mengikuti pelatihan data analytics bootcamp untuk mendukung pertumbuhan karier.,24
REV000800,EMP00400,2024-H2,2024-12-15,EMP00474,4,"Lukman telah bekerja dengan baik dalam tanggung jawab rutinnya. Area pengembangan utama: time management. Dengan bimbingan yang tepat, Lukman berpotensi mencapai level berikutnya.",23
REV000801,EMP00401,2024-H1,2024-06-15,EMP00474,3,"Perkasa telah bekerja dengan baik dalam tanggung jawab rutinnya. Area pengembangan utama: cross-functional collaboration. Dengan bimbingan yang tepat, Perkasa berpotensi mencapai level berikutnya.",23
REV000802,EMP00401,2024-H2,2024-12-15,EMP00474,4,Perkasa memenuhi sebagian besar target yang ditetapkan. Perlu pengembangan lebih lanjut dalam hal presentasi. Disarankan mengikuti pelatihan agile methodology untuk mendukung pertumbuhan karier.,23
REV000803,EMP00402,2024-H1,2024-06-15,EMP00474,5,Performa Bakti luar biasa sepanjang kuartal ini. Berhasil menyelesaikan proyek optimasi pipeline data lebih awal dari jadwal dengan kualitas melebihi ekspektasi. Kontribusi pada tim sangat signifikan.,26
REV000804,EMP00402,2024-H2,2024-12-15,EMP00474,5,Bakti secara konsisten melampaui target yang ditetapkan. Kemampuan teknis dan kepemimpinan tim sangat menonjol. Rekomendasikan untuk promosi ke level berikutnya dalam 6 bulan ke depan.,25
REV000805,EMP00403,2024-H1,2024-06-15,EMP00474,4,"Winda telah bekerja dengan baik dalam tanggung jawab rutinnya. Area pengembangan utama: stakeholder communication. Dengan bimbingan yang tepat, Winda berpotensi mencapai level berikutnya.",23
REV000806,EMP00403,2024-H2,2024-12-15,EMP00474,4,Secara keseluruhan Winda menunjukkan performa yang adequate. Beberapa deliverable perlu peningkatan dari sisi kualitas. Komunikasi dengan stakeholder perlu diperkuat.,19
REV000807,EMP00404,2024-H1,2024-06-15,EMP00474,4,"Labuh telah bekerja dengan baik dalam tanggung jawab rutinnya. Area pengembangan utama: time management. Dengan bimbingan yang tepat, Labuh berpotensi mencapai level berikutnya.",23
REV000808,EMP00404,2024-H2,2024-12-15,EMP00474,3,"Labuh telah bekerja dengan baik dalam tanggung jawab rutinnya. Area pengembangan utama: technical depth. Dengan bimbingan yang tepat, Labuh berpotensi mencapai level berikutnya.",23
REV000809,EMP00405,2024-H1,2024-06-15,EMP00474,3,Secara keseluruhan Diah menunjukkan performa yang adequate. Beberapa deliverable perlu peningkatan dari sisi kualitas. Komunikasi dengan stakeholder perlu diperkuat.,19
REV000810,EMP00405,2024-H2,2024-12-15,EMP00474,4,Secara keseluruhan Diah menunjukkan performa yang adequate. Beberapa deliverable perlu peningkatan dari sisi kualitas. Komunikasi dengan stakeholder perlu diperkuat.,19
REV000811,EMP00406,2024-H1,2024-06-15,EMP00474,5,Performa Ulva luar biasa sepanjang kuartal ini. Berhasil menyelesaikan proyek peluncuran produk baru lebih awal dari jadwal dengan kualitas melebihi ekspektasi. Kontribusi pada tim sangat signifikan.,26
REV000812,EMP00406,2024-H2,2024-12-15,EMP00474,5,Ulva menunjukkan growth mindset yang kuat. Inisiatif dalam mengembangkan proses baru berhasil meningkatkan efisiensi tim sebesar 19%. Sangat direkomendasikan untuk program fast-track.,22
REV000813,EMP00407,2024-H1,2024-06-15,EMP00474,4,Daliono secara konsisten melampaui target yang ditetapkan. Kemampuan teknis dan kepemimpinan tim sangat menonjol. Rekomendasikan untuk promosi ke level berikutnya dalam 6 bulan ke depan.,25
REV000814,EMP00407,2024-H2,2024-12-15,EMP00474,4,Daliono secara konsisten melampaui target yang ditetapkan. Kemampuan teknis dan kepemimpinan tim sangat menonjol. Rekomendasikan untuk promosi ke level berikutnya dalam 6 bulan ke depan.,25
REV000815,EMP00408,2024-H1,2024-06-15,EMP00474,3,Dr. beberapa kali mengekspresikan kekhawatiran terkait kompensasi dan jenjang karier. Disarankan untuk dilakukan retention conversation secepatnya.,16
REV000816,EMP00408,2024-H2,2024-12-15,EMP00474,2,Dr. menghadapi tantangan dalam memenuhi ekspektasi peran saat ini. Perlu evaluasi ulang mengenai kesesuaian role dengan strengths yang dimiliki.,19
REV000817,EMP00409,2024-H1,2024-06-15,EMP00474,4,Secara keseluruhan T. menunjukkan performa yang adequate. Beberapa deliverable perlu peningkatan dari sisi kualitas. Komunikasi dengan stakeholder perlu diperkuat.,19
REV000818,EMP00409,2024-H2,2024-12-15,EMP00474,3,Secara keseluruhan T. menunjukkan performa yang adequate. Beberapa deliverable perlu peningkatan dari sisi kualitas. Komunikasi dengan stakeholder perlu diperkuat.,19
REV000819,EMP00410,2024-H1,2024-06-15,EMP00474,3,"Dalam diskusi 1-on-1, Yunita menyampaikan rasa kurang puas dengan beban kerja saat ini. Perlu perhatian HRD untuk mencegah potensi turnover.",20
REV000820,EMP00410,2024-H2,2024-12-15,EMP00474,3,Yunita tampak kurang engaged dalam beberapa bulan terakhir. Absensi dalam team meeting meningkat. Perlu investigasi lebih lanjut.,17
REV000821,EMP00411,2024-H1,2024-06-15,EMP00474,3,"T. telah bekerja dengan baik dalam tanggung jawab rutinnya. Area pengembangan utama: time management. Dengan bimbingan yang tepat, T. berpotensi mencapai level berikutnya.",23
REV000822,EMP00411,2024-H2,2024-12-15,EMP00474,3,"T. telah bekerja dengan baik dalam tanggung jawab rutinnya. Area pengembangan utama: stakeholder communication. Dengan bimbingan yang tepat, T. berpotensi mencapai level berikutnya.",23
REV000823,EMP00412,2024-H1,2024-06-15,EMP00474,3,Secara keseluruhan Citra menunjukkan performa yang adequate. Beberapa deliverable perlu peningkatan dari sisi kualitas. Komunikasi dengan stakeholder perlu diperkuat.,19
REV000824,EMP00412,2024-H2,2024-12-15,EMP00474,3,"Citra telah bekerja dengan baik dalam tanggung jawab rutinnya. Area pengembangan utama: time management. Dengan bimbingan yang tepat, Citra berpotensi mencapai level berikutnya.",23
REV000825,EMP00413,2024-H1,2024-06-15,EMP00474,3,"Sutan telah bekerja dengan baik dalam tanggung jawab rutinnya. Area pengembangan utama: time management. Dengan bimbingan yang tepat, Sutan berpotensi mencapai level berikutnya.",23
REV000826,EMP00413,2024-H2,2024-12-15,EMP00474,3,Secara keseluruhan Sutan menunjukkan performa yang adequate. Beberapa deliverable perlu peningkatan dari sisi kualitas. Komunikasi dengan stakeholder perlu diperkuat.,19
REV000827,EMP00414,2024-H1,2024-06-15,EMP00474,4,Performa Drs. luar biasa sepanjang kuartal ini. Berhasil menyelesaikan proyek optimasi pipeline data lebih awal dari jadwal dengan kualitas melebihi ekspektasi. Kontribusi pada tim sangat signifikan.,26
REV000828,EMP00414,2024-H2,2024-12-15,EMP00474,4,Drs. secara konsisten melampaui target yang ditetapkan. Kemampuan teknis dan kepemimpinan tim sangat menonjol. Rekomendasikan untuk promosi ke level berikutnya dalam 6 bulan ke depan.,25
REV000829,EMP00415,2024-H1,2024-06-15,EMP00474,3,Eman memenuhi sebagian besar target yang ditetapkan. Perlu pengembangan lebih lanjut dalam hal analisis data. Disarankan mengikuti pelatihan communication workshop untuk mendukung pertumbuhan karier.,24
REV000830,EMP00415,2024-H2,2024-12-15,EMP00474,3,Eman memenuhi sebagian besar target yang ditetapkan. Perlu pengembangan lebih lanjut dalam hal leadership. Disarankan mengikuti pelatihan agile methodology untuk mendukung pertumbuhan karier.,23
REV000831,EMP00416,2024-H1,2024-06-15,,3,Jaeman memenuhi sebagian besar target yang ditetapkan. Perlu pengembangan lebih lanjut dalam hal presentasi. Disarankan mengikuti pelatihan communication workshop untuk mendukung pertumbuhan karier.,23
REV000832,EMP00416,2024-H2,2024-12-15,,3,Jaeman memenuhi sebagian besar target yang ditetapkan. Perlu pengembangan lebih lanjut dalam hal presentasi. Disarankan mengikuti pelatihan data analytics bootcamp untuk mendukung pertumbuhan karier.,24
REV000833,EMP00417,2024-H1,2024-06-15,EMP00474,1,"Terdapat beberapa concern terkait performa Pangestu, khususnya dalam hal dokumentasi pekerjaan. Perlu perhatian khusus dan rencana perbaikan yang konkret.",19
REV000834,EMP00417,2024-H2,2024-12-15,EMP00474,1,"Dalam diskusi 1-on-1, Pangestu menyampaikan rasa kurang puas dengan beban kerja saat ini. Perlu perhatian HRD untuk mencegah potensi turnover.",20
REV000835,EMP00418,2024-H1,2024-06-15,EMP00474,3,"drg. telah bekerja dengan baik dalam tanggung jawab rutinnya. Area pengembangan utama: technical depth. Dengan bimbingan yang tepat, drg. berpotensi mencapai level berikutnya.",23
REV000836,EMP00418,2024-H2,2024-12-15,EMP00474,3,Secara keseluruhan drg. menunjukkan performa yang adequate. Beberapa deliverable perlu peningkatan dari sisi kualitas. Komunikasi dengan stakeholder perlu diperkuat.,19
REV000837,EMP00419,2024-H1,2024-06-15,EMP00474,3,Secara keseluruhan Cici menunjukkan performa yang adequate. Beberapa deliverable perlu peningkatan dari sisi kualitas. Komunikasi dengan stakeholder perlu diperkuat.,19
REV000838,EMP00419,2024-H2,2024-12-15,EMP00474,3,Cici beberapa kali mengekspresikan kekhawatiran terkait kompensasi dan jenjang karier. Disarankan untuk dilakukan retention conversation secepatnya.,16
REV000839,EMP00420,2024-H1,2024-06-15,EMP00474,3,Jarwi memenuhi sebagian besar target yang ditetapkan. Perlu pengembangan lebih lanjut dalam hal komunikasi. Disarankan mengikuti pelatihan communication workshop untuk mendukung pertumbuhan karier.,23
REV000840,EMP00420,2024-H2,2024-12-15,EMP00474,3,"Jarwi telah bekerja dengan baik dalam tanggung jawab rutinnya. Area pengembangan utama: time management. Dengan bimbingan yang tepat, Jarwi berpotensi mencapai level berikutnya.",23
REV000841,EMP00421,2024-H1,2024-06-15,EMP00474,3,Secara keseluruhan Drs. menunjukkan performa yang adequate. Beberapa deliverable perlu peningkatan dari sisi kualitas. Komunikasi dengan stakeholder perlu diperkuat.,19
REV000842,EMP00421,2024-H2,2024-12-15,EMP00474,4,Drs. memenuhi sebagian besar target yang ditetapkan. Perlu pengembangan lebih lanjut dalam hal project management. Disarankan mengikuti pelatihan leadership fundamental untuk mendukung pertumbuhan karier.,24
REV000843,EMP00422,2024-H1,2024-06-15,EMP00474,3,"Marsudi telah bekerja dengan baik dalam tanggung jawab rutinnya. Area pengembangan utama: stakeholder communication. Dengan bimbingan yang tepat, Marsudi berpotensi mencapai level berikutnya.",23
REV000844,EMP00422,2024-H2,2024-12-15,EMP00474,3,Marsudi memenuhi sebagian besar target yang ditetapkan. Perlu pengembangan lebih lanjut dalam hal project management. Disarankan mengikuti pelatihan data analytics bootcamp untuk mendukung pertumbuhan karier.,25
REV000845,EMP00423,2024-H1,2024-06-15,EMP00474,4,"Ridwan telah bekerja dengan baik dalam tanggung jawab rutinnya. Area pengembangan utama: technical depth. Dengan bimbingan yang tepat, Ridwan berpotensi mencapai level berikutnya.",23
REV000846,EMP00423,2024-H2,2024-12-15,EMP00474,3,Secara keseluruhan Ridwan menunjukkan performa yang adequate. Beberapa deliverable perlu peningkatan dari sisi kualitas. Komunikasi dengan stakeholder perlu diperkuat.,19
REV000847,EMP00424,2024-H1,2024-06-15,EMP00474,3,"Hasan telah bekerja dengan baik dalam tanggung jawab rutinnya. Area pengembangan utama: time management. Dengan bimbingan yang tepat, Hasan berpotensi mencapai level berikutnya.",23
REV000848,EMP00424,2024-H2,2024-12-15,EMP00474,4,Secara keseluruhan Hasan menunjukkan performa yang adequate. Beberapa deliverable perlu peningkatan dari sisi kualitas. Komunikasi dengan stakeholder perlu diperkuat.,19
REV000849,EMP00425,2024-H1,2024-06-15,EMP00474,3,Secara keseluruhan Warsita menunjukkan performa yang adequate. Beberapa deliverable perlu peningkatan dari sisi kualitas. Komunikasi dengan stakeholder perlu diperkuat.,19
REV000850,EMP00425,2024-H2,2024-12-15,EMP00474,4,"Warsita telah bekerja dengan baik dalam tanggung jawab rutinnya. Area pengembangan utama: technical depth. Dengan bimbingan yang tepat, Warsita berpotensi mencapai level berikutnya.",23
REV000851,EMP00426,2024-H1,2024-06-15,EMP00474,3,Nilam tampak kurang engaged dalam beberapa bulan terakhir. Absensi dalam team meeting meningkat. Perlu investigasi lebih lanjut.,17
REV000852,EMP00426,2024-H2,2024-12-15,EMP00474,3,Nilam menghadapi tantangan dalam memenuhi ekspektasi peran saat ini. Perlu evaluasi ulang mengenai kesesuaian role dengan strengths yang dimiliki.,19
REV000853,EMP00427,2024-H1,2024-06-15,,3,Secara keseluruhan Daryani menunjukkan performa yang adequate. Beberapa deliverable perlu peningkatan dari sisi kualitas. Komunikasi dengan stakeholder perlu diperkuat.,19
REV000854,EMP00427,2024-H2,2024-12-15,,3,Daryani memenuhi sebagian besar target yang ditetapkan. Perlu pengembangan lebih lanjut dalam hal leadership. Disarankan mengikuti pelatihan data analytics bootcamp untuk mendukung pertumbuhan karier.,24
REV000855,EMP00428,2024-H1,2024-06-15,EMP00474,5,Performa Harsanto luar biasa sepanjang kuartal ini. Berhasil menyelesaikan proyek migrasi sistem lebih awal dari jadwal dengan kualitas melebihi ekspektasi. Kontribusi pada tim sangat signifikan.,25
REV000856,EMP00428,2024-H2,2024-12-15,EMP00474,4,Performa Harsanto luar biasa sepanjang kuartal ini. Berhasil menyelesaikan proyek peluncuran produk baru lebih awal dari jadwal dengan kualitas melebihi ekspektasi. Kontribusi pada tim sangat signifikan.,26
REV000857,EMP00429,2024-H1,2024-06-15,EMP00474,3,Salsabila memenuhi sebagian besar target yang ditetapkan. Perlu pengembangan lebih lanjut dalam hal komunikasi. Disarankan mengikuti pelatihan communication workshop untuk mendukung pertumbuhan karier.,23
REV000858,EMP00429,2024-H2,2024-12-15,EMP00474,4,Salsabila tampak kurang engaged dalam beberapa bulan terakhir. Absensi dalam team meeting meningkat. Perlu investigasi lebih lanjut.,17
REV000859,EMP00430,2024-H1,2024-06-15,EMP00474,4,Secara keseluruhan Rini menunjukkan performa yang adequate. Beberapa deliverable perlu peningkatan dari sisi kualitas. Komunikasi dengan stakeholder perlu diperkuat.,19
REV000860,EMP00430,2024-H2,2024-12-15,EMP00474,3,Secara keseluruhan Rini menunjukkan performa yang adequate. Beberapa deliverable perlu peningkatan dari sisi kualitas. Komunikasi dengan stakeholder perlu diperkuat.,19
REV000861,EMP00431,2024-H1,2024-06-15,EMP00474,4,Safina memenuhi sebagian besar target yang ditetapkan. Perlu pengembangan lebih lanjut dalam hal analisis data. Disarankan mengikuti pelatihan communication workshop untuk mendukung pertumbuhan karier.,24
REV000862,EMP00431,2024-H2,2024-12-15,EMP00474,4,"Dalam diskusi 1-on-1, Safina menyampaikan rasa kurang puas dengan beban kerja saat ini. Perlu perhatian HRD untuk mencegah potensi turnover.",20
REV000863,EMP00432,2024-H1,2024-06-15,EMP00474,3,"Dr. telah bekerja dengan baik dalam tanggung jawab rutinnya. Area pengembangan utama: technical depth. Dengan bimbingan yang tepat, Dr. berpotensi mencapai level berikutnya.",23
REV000864,EMP00432,2024-H2,2024-12-15,EMP00474,4,Secara keseluruhan Dr. menunjukkan performa yang adequate. Beberapa deliverable perlu peningkatan dari sisi kualitas. Komunikasi dengan stakeholder perlu diperkuat.,19
REV000865,EMP00433,2024-H1,2024-06-15,,4,Secara keseluruhan Muhammad menunjukkan performa yang adequate. Beberapa deliverable perlu peningkatan dari sisi kualitas. Komunikasi dengan stakeholder perlu diperkuat.,19
REV000866,EMP00433,2024-H2,2024-12-15,,3,Secara keseluruhan Muhammad menunjukkan performa yang adequate. Beberapa deliverable perlu peningkatan dari sisi kualitas. Komunikasi dengan stakeholder perlu diperkuat.,19
REV000867,EMP00434,2024-H1,2024-06-15,,5,Ibun menunjukkan growth mindset yang kuat. Inisiatif dalam mengembangkan proses baru berhasil meningkatkan efisiensi tim sebesar 5%. Sangat direkomendasikan untuk program fast-track.,22
REV000868,EMP00434,2024-H2,2024-12-15,,4,Performa Ibun luar biasa sepanjang kuartal ini. Berhasil menyelesaikan proyek optimasi pipeline data lebih awal dari jadwal dengan kualitas melebihi ekspektasi. Kontribusi pada tim sangat signifikan.,26
REV000869,EMP00435,2024-H1,2024-06-15,EMP00474,3,Sabar memenuhi sebagian besar target yang ditetapkan. Perlu pengembangan lebih lanjut dalam hal leadership. Disarankan mengikuti pelatihan agile methodology untuk mendukung pertumbuhan karier.,23
REV000870,EMP00435,2024-H2,2024-12-15,EMP00474,3,Sabar memenuhi sebagian besar target yang ditetapkan. Perlu pengembangan lebih lanjut dalam hal analisis data. Disarankan mengikuti pelatihan data analytics bootcamp untuk mendukung pertumbuhan karier.,25
REV000871,EMP00436,2024-H1,2024-06-15,EMP00474,3,Mahfud belum mencapai target yang ditetapkan. Perlu improvement plan yang lebih terstruktur dalam 3 bulan ke depan. Disarankan untuk diskusi 1-on-1 lebih intensif.,23
REV000872,EMP00436,2024-H2,2024-12-15,EMP00474,2,"Dalam diskusi 1-on-1, Mahfud menyampaikan rasa kurang puas dengan beban kerja saat ini. Perlu perhatian HRD untuk mencegah potensi turnover.",20
REV000873,EMP00437,2024-H1,2024-06-15,EMP00474,4,Ir. menunjukkan growth mindset yang kuat. Inisiatif dalam mengembangkan proses baru berhasil meningkatkan efisiensi tim sebesar 20%. Sangat direkomendasikan untuk program fast-track.,22
REV000874,EMP00437,2024-H2,2024-12-15,EMP00474,5,Performa Ir. luar biasa sepanjang kuartal ini. Berhasil menyelesaikan proyek peluncuran produk baru lebih awal dari jadwal dengan kualitas melebihi ekspektasi. Kontribusi pada tim sangat signifikan.,26
REV000875,EMP00438,2024-H1,2024-06-15,EMP00474,5,Ika secara konsisten melampaui target yang ditetapkan. Kemampuan teknis dan kepemimpinan tim sangat menonjol. Rekomendasikan untuk promosi ke level berikutnya dalam 6 bulan ke depan.,25
REV000876,EMP00438,2024-H2,2024-12-15,EMP00474,5,Performa Ika luar biasa sepanjang kuartal ini. Berhasil menyelesaikan proyek restrukturisasi SOP lebih awal dari jadwal dengan kualitas melebihi ekspektasi. Kontribusi pada tim sangat signifikan.,25
REV000877,EMP00439,2024-H1,2024-06-15,EMP00474,3,"Warta telah bekerja dengan baik dalam tanggung jawab rutinnya. Area pengembangan utama: cross-functional collaboration. Dengan bimbingan yang tepat, Warta berpotensi mencapai level berikutnya.",23
REV000878,EMP00439,2024-H2,2024-12-15,EMP00474,3,Warta beberapa kali mengekspresikan kekhawatiran terkait kompensasi dan jenjang karier. Disarankan untuk dilakukan retention conversation secepatnya.,16
REV000879,EMP00440,2024-H1,2024-06-15,EMP00474,3,"Mujur telah bekerja dengan baik dalam tanggung jawab rutinnya. Area pengembangan utama: time management. Dengan bimbingan yang tepat, Mujur berpotensi mencapai level berikutnya.",23
REV000880,EMP00440,2024-H2,2024-12-15,EMP00474,3,Mujur memenuhi sebagian besar target yang ditetapkan. Perlu pengembangan lebih lanjut dalam hal leadership. Disarankan mengikuti pelatihan leadership fundamental untuk mendukung pertumbuhan karier.,23
REV000881,EMP00441,2024-H1,2024-06-15,EMP00474,4,Manah memenuhi sebagian besar target yang ditetapkan. Perlu pengembangan lebih lanjut dalam hal leadership. Disarankan mengikuti pelatihan agile methodology untuk mendukung pertumbuhan karier.,23
REV000882,EMP00441,2024-H2,2024-12-15,EMP00474,3,Manah memenuhi sebagian besar target yang ditetapkan. Perlu pengembangan lebih lanjut dalam hal leadership. Disarankan mengikuti pelatihan leadership fundamental untuk mendukung pertumbuhan karier.,23
REV000883,EMP00442,2024-H1,2024-06-15,,3,Panji memenuhi sebagian besar target yang ditetapkan. Perlu pengembangan lebih lanjut dalam hal komunikasi. Disarankan mengikuti pelatihan communication workshop untuk mendukung pertumbuhan karier.,23
REV000884,EMP00442,2024-H2,2024-12-15,,3,"Panji telah bekerja dengan baik dalam tanggung jawab rutinnya. Area pengembangan utama: technical depth. Dengan bimbingan yang tepat, Panji berpotensi mencapai level berikutnya.",23
REV000885,EMP00443,2024-H1,2024-06-15,EMP00474,4,"Dalam diskusi 1-on-1, Budi menyampaikan rasa kurang puas dengan beban kerja saat ini. Perlu perhatian HRD untuk mencegah potensi turnover.",20
REV000886,EMP00443,2024-H2,2024-12-15,EMP00474,4,Performa Budi luar biasa sepanjang kuartal ini. Berhasil menyelesaikan proyek optimasi pipeline data lebih awal dari jadwal dengan kualitas melebihi ekspektasi. Kontribusi pada tim sangat signifikan.,26
REV000887,EMP00444,2024-H1,2024-06-15,EMP00474,4,Secara keseluruhan Bagiya menunjukkan performa yang adequate. Beberapa deliverable perlu peningkatan dari sisi kualitas. Komunikasi dengan stakeholder perlu diperkuat.,19
REV000888,EMP00444,2024-H2,2024-12-15,EMP00474,4,Secara keseluruhan Bagiya menunjukkan performa yang adequate. Beberapa deliverable perlu peningkatan dari sisi kualitas. Komunikasi dengan stakeholder perlu diperkuat.,19
REV000889,EMP00445,2024-H1,2024-06-15,EMP00474,4,Langgeng memenuhi sebagian besar target yang ditetapkan. Perlu pengembangan lebih lanjut dalam hal project management. Disarankan mengikuti pelatihan data analytics bootcamp untuk mendukung pertumbuhan karier.,25
REV000890,EMP00445,2024-H2,2024-12-15,EMP00474,4,Langgeng memenuhi sebagian besar target yang ditetapkan. Perlu pengembangan lebih lanjut dalam hal analisis data. Disarankan mengikuti pelatihan leadership fundamental untuk mendukung pertumbuhan karier.,24
REV000891,EMP00446,2024-H1,2024-06-15,,5,R.A. secara konsisten melampaui target yang ditetapkan. Kemampuan teknis dan kepemimpinan tim sangat menonjol. Rekomendasikan untuk promosi ke level berikutnya dalam 6 bulan ke depan.,25
REV000892,EMP00446,2024-H2,2024-12-15,,4,R.A. menunjukkan growth mindset yang kuat. Inisiatif dalam mengembangkan proses baru berhasil meningkatkan efisiensi tim sebesar 28%. Sangat direkomendasikan untuk program fast-track.,22
REV000893,EMP00447,2024-H1,2024-06-15,EMP00474,3,Enteng beberapa kali mengekspresikan kekhawatiran terkait kompensasi dan jenjang karier. Disarankan untuk dilakukan retention conversation secepatnya.,16
REV000894,EMP00447,2024-H2,2024-12-15,EMP00474,2,"Dalam diskusi 1-on-1, Enteng menyampaikan rasa kurang puas dengan beban kerja saat ini. Perlu perhatian HRD untuk mencegah potensi turnover.",20
REV000895,EMP00448,2024-H1,2024-06-15,EMP00474,3,Kayun memenuhi sebagian besar target yang ditetapkan. Perlu pengembangan lebih lanjut dalam hal presentasi. Disarankan mengikuti pelatihan communication workshop untuk mendukung pertumbuhan karier.,23
REV000896,EMP00448,2024-H2,2024-12-15,EMP00474,3,Kayun memenuhi sebagian besar target yang ditetapkan. Perlu pengembangan lebih lanjut dalam hal presentasi. Disarankan mengikuti pelatihan agile methodology untuk mendukung pertumbuhan karier.,23
REV000897,EMP00449,2024-H1,2024-06-15,EMP00474,3,R.M. beberapa kali mengekspresikan kekhawatiran terkait kompensasi dan jenjang karier. Disarankan untuk dilakukan retention conversation secepatnya.,16
REV000898,EMP00449,2024-H2,2024-12-15,EMP00474,4,R.M. beberapa kali mengekspresikan kekhawatiran terkait kompensasi dan jenjang karier. Disarankan untuk dilakukan retention conversation secepatnya.,16
REV000899,EMP00450,2024-H1,2024-06-15,,4,Aditya secara konsisten melampaui target yang ditetapkan. Kemampuan teknis dan kepemimpinan tim sangat menonjol. Rekomendasikan untuk promosi ke level berikutnya dalam 6 bulan ke depan.,25
REV000900,EMP00450,2024-H2,2024-12-15,,5,Performa Aditya luar biasa sepanjang kuartal ini. Berhasil menyelesaikan proyek restrukturisasi SOP lebih awal dari jadwal dengan kualitas melebihi ekspektasi. Kontribusi pada tim sangat signifikan.,25
REV000901,EMP00451,2024-H1,2024-06-15,EMP00474,3,KH. memenuhi sebagian besar target yang ditetapkan. Perlu pengembangan lebih lanjut dalam hal leadership. Disarankan mengikuti pelatihan leadership fundamental untuk mendukung pertumbuhan karier.,23
REV000902,EMP00451,2024-H2,2024-12-15,EMP00474,3,KH. memenuhi sebagian besar target yang ditetapkan. Perlu pengembangan lebih lanjut dalam hal analisis data. Disarankan mengikuti pelatihan communication workshop untuk mendukung pertumbuhan karier.,24
REV000903,EMP00452,2024-H1,2024-06-15,EMP00474,5,Cayadi secara konsisten melampaui target yang ditetapkan. Kemampuan teknis dan kepemimpinan tim sangat menonjol. Rekomendasikan untuk promosi ke level berikutnya dalam 6 bulan ke depan.,25
REV000904,EMP00452,2024-H2,2024-12-15,EMP00474,4,Cayadi menunjukkan growth mindset yang kuat. Inisiatif dalam mengembangkan proses baru berhasil meningkatkan efisiensi tim sebesar 24%. Sangat direkomendasikan untuk program fast-track.,22
REV000905,EMP00453,2024-H1,2024-06-15,EMP00474,4,"Budi telah bekerja dengan baik dalam tanggung jawab rutinnya. Area pengembangan utama: cross-functional collaboration. Dengan bimbingan yang tepat, Budi berpotensi mencapai level berikutnya.",23
REV000906,EMP00453,2024-H2,2024-12-15,EMP00474,3,Secara keseluruhan Budi menunjukkan performa yang adequate. Beberapa deliverable perlu peningkatan dari sisi kualitas. Komunikasi dengan stakeholder perlu diperkuat.,19
REV000907,EMP00454,2024-H1,2024-06-15,EMP00474,4,Secara keseluruhan R. menunjukkan performa yang adequate. Beberapa deliverable perlu peningkatan dari sisi kualitas. Komunikasi dengan stakeholder perlu diperkuat.,19
REV000908,EMP00454,2024-H2,2024-12-15,EMP00474,3,"R. telah bekerja dengan baik dalam tanggung jawab rutinnya. Area pengembangan utama: cross-functional collaboration. Dengan bimbingan yang tepat, R. berpotensi mencapai level berikutnya.",23
REV000909,EMP00455,2024-H1,2024-06-15,EMP00474,3,Melinda tampak kurang engaged dalam beberapa bulan terakhir. Absensi dalam team meeting meningkat. Perlu investigasi lebih lanjut.,17
REV000910,EMP00455,2024-H2,2024-12-15,EMP00474,3,Melinda beberapa kali mengekspresikan kekhawatiran terkait kompensasi dan jenjang karier. Disarankan untuk dilakukan retention conversation secepatnya.,16
REV000911,EMP00456,2024-H1,2024-06-15,EMP00474,4,"Drs. telah bekerja dengan baik dalam tanggung jawab rutinnya. Area pengembangan utama: technical depth. Dengan bimbingan yang tepat, Drs. berpotensi mencapai level berikutnya.",23
REV000912,EMP00456,2024-H2,2024-12-15,EMP00474,4,Drs. memenuhi sebagian besar target yang ditetapkan. Perlu pengembangan lebih lanjut dalam hal project management. Disarankan mengikuti pelatihan leadership fundamental untuk mendukung pertumbuhan karier.,24
REV000913,EMP00457,2024-H1,2024-06-15,EMP00474,4,Secara keseluruhan Sutan menunjukkan performa yang adequate. Beberapa deliverable perlu peningkatan dari sisi kualitas. Komunikasi dengan stakeholder perlu diperkuat.,19
REV000914,EMP00457,2024-H2,2024-12-15,EMP00474,3,Sutan memenuhi sebagian besar target yang ditetapkan. Perlu pengembangan lebih lanjut dalam hal presentasi. Disarankan mengikuti pelatihan communication workshop untuk mendukung pertumbuhan karier.,23
REV000915,EMP00458,2024-H1,2024-06-15,EMP00474,3,Secara keseluruhan Ozy menunjukkan performa yang adequate. Beberapa deliverable perlu peningkatan dari sisi kualitas. Komunikasi dengan stakeholder perlu diperkuat.,19
REV000916,EMP00458,2024-H2,2024-12-15,EMP00474,3,Secara keseluruhan Ozy menunjukkan performa yang adequate. Beberapa deliverable perlu peningkatan dari sisi kualitas. Komunikasi dengan stakeholder perlu diperkuat.,19
REV000917,EMP00459,2024-H1,2024-06-15,EMP00474,3,T. memenuhi sebagian besar target yang ditetapkan. Perlu pengembangan lebih lanjut dalam hal komunikasi. Disarankan mengikuti pelatihan data analytics bootcamp untuk mendukung pertumbuhan karier.,24
REV000918,EMP00459,2024-H2,2024-12-15,EMP00474,3,"T. telah bekerja dengan baik dalam tanggung jawab rutinnya. Area pengembangan utama: stakeholder communication. Dengan bimbingan yang tepat, T. berpotensi mencapai level berikutnya.",23
REV000919,EMP00460,2024-H1,2024-06-15,EMP00474,3,Secara keseluruhan Aswani menunjukkan performa yang adequate. Beberapa deliverable perlu peningkatan dari sisi kualitas. Komunikasi dengan stakeholder perlu diperkuat.,19
REV000920,EMP00460,2024-H2,2024-12-15,EMP00474,3,Aswani tampak kurang engaged dalam beberapa bulan terakhir. Absensi dalam team meeting meningkat. Perlu investigasi lebih lanjut.,17
REV000921,EMP00461,2024-H1,2024-06-15,EMP00474,5,Performa drg. luar biasa sepanjang kuartal ini. Berhasil menyelesaikan proyek migrasi sistem lebih awal dari jadwal dengan kualitas melebihi ekspektasi. Kontribusi pada tim sangat signifikan.,25
REV000922,EMP00461,2024-H2,2024-12-15,EMP00474,5,drg. secara konsisten melampaui target yang ditetapkan. Kemampuan teknis dan kepemimpinan tim sangat menonjol. Rekomendasikan untuk promosi ke level berikutnya dalam 6 bulan ke depan.,25
REV000923,EMP00462,2024-H1,2024-06-15,EMP00474,2,Maimunah beberapa kali mengekspresikan kekhawatiran terkait kompensasi dan jenjang karier. Disarankan untuk dilakukan retention conversation secepatnya.,16
REV000924,EMP00462,2024-H2,2024-12-15,EMP00474,2,Maimunah beberapa kali mengekspresikan kekhawatiran terkait kompensasi dan jenjang karier. Disarankan untuk dilakukan retention conversation secepatnya.,16
REV000925,EMP00463,2024-H1,2024-06-15,EMP00474,4,"Rachel telah bekerja dengan baik dalam tanggung jawab rutinnya. Area pengembangan utama: stakeholder communication. Dengan bimbingan yang tepat, Rachel berpotensi mencapai level berikutnya.",23
REV000926,EMP00463,2024-H2,2024-12-15,EMP00474,3,Secara keseluruhan Rachel menunjukkan performa yang adequate. Beberapa deliverable perlu peningkatan dari sisi kualitas. Komunikasi dengan stakeholder perlu diperkuat.,19
REV000927,EMP00464,2024-H1,2024-06-15,EMP00474,3,Budi memenuhi sebagian besar target yang ditetapkan. Perlu pengembangan lebih lanjut dalam hal analisis data. Disarankan mengikuti pelatihan communication workshop untuk mendukung pertumbuhan karier.,24
REV000928,EMP00464,2024-H2,2024-12-15,EMP00474,3,Budi memenuhi sebagian besar target yang ditetapkan. Perlu pengembangan lebih lanjut dalam hal presentasi. Disarankan mengikuti pelatihan data analytics bootcamp untuk mendukung pertumbuhan karier.,24
REV000929,EMP00465,2024-H1,2024-06-15,EMP00474,3,"Hj. telah bekerja dengan baik dalam tanggung jawab rutinnya. Area pengembangan utama: cross-functional collaboration. Dengan bimbingan yang tepat, Hj. berpotensi mencapai level berikutnya.",23
REV000930,EMP00465,2024-H2,2024-12-15,EMP00474,3,Hj. memenuhi sebagian besar target yang ditetapkan. Perlu pengembangan lebih lanjut dalam hal analisis data. Disarankan mengikuti pelatihan data analytics bootcamp untuk mendukung pertumbuhan karier.,25
REV000931,EMP00466,2024-H1,2024-06-15,EMP00474,4,"Jane telah bekerja dengan baik dalam tanggung jawab rutinnya. Area pengembangan utama: cross-functional collaboration. Dengan bimbingan yang tepat, Jane berpotensi mencapai level berikutnya.",23
REV000932,EMP00466,2024-H2,2024-12-15,EMP00474,3,Secara keseluruhan Jane menunjukkan performa yang adequate. Beberapa deliverable perlu peningkatan dari sisi kualitas. Komunikasi dengan stakeholder perlu diperkuat.,19
REV000933,EMP00467,2024-H1,2024-06-15,EMP00474,4,Secara keseluruhan T. menunjukkan performa yang adequate. Beberapa deliverable perlu peningkatan dari sisi kualitas. Komunikasi dengan stakeholder perlu diperkuat.,19
REV000934,EMP00467,2024-H2,2024-12-15,EMP00474,3,Secara keseluruhan T. menunjukkan performa yang adequate. Beberapa deliverable perlu peningkatan dari sisi kualitas. Komunikasi dengan stakeholder perlu diperkuat.,19
REV000935,EMP00468,2024-H1,2024-06-15,EMP00474,2,"Dalam diskusi 1-on-1, drg. menyampaikan rasa kurang puas dengan beban kerja saat ini. Perlu perhatian HRD untuk mencegah potensi turnover.",20
REV000936,EMP00468,2024-H2,2024-12-15,EMP00474,2,drg. beberapa kali mengekspresikan kekhawatiran terkait kompensasi dan jenjang karier. Disarankan untuk dilakukan retention conversation secepatnya.,16
REV000937,EMP00469,2024-H1,2024-06-15,EMP00474,4,Hj. memenuhi sebagian besar target yang ditetapkan. Perlu pengembangan lebih lanjut dalam hal komunikasi. Disarankan mengikuti pelatihan agile methodology untuk mendukung pertumbuhan karier.,23
REV000938,EMP00469,2024-H2,2024-12-15,EMP00474,3,Secara keseluruhan Hj. menunjukkan performa yang adequate. Beberapa deliverable perlu peningkatan dari sisi kualitas. Komunikasi dengan stakeholder perlu diperkuat.,19
REV000939,EMP00470,2024-H1,2024-06-15,EMP00474,4,"Mila telah bekerja dengan baik dalam tanggung jawab rutinnya. Area pengembangan utama: technical depth. Dengan bimbingan yang tepat, Mila berpotensi mencapai level berikutnya.",23
REV000940,EMP00470,2024-H2,2024-12-15,EMP00474,3,Mila tampak kurang engaged dalam beberapa bulan terakhir. Absensi dalam team meeting meningkat. Perlu investigasi lebih lanjut.,17
REV000941,EMP00471,2024-H1,2024-06-15,EMP00474,4,"Jessica telah bekerja dengan baik dalam tanggung jawab rutinnya. Area pengembangan utama: time management. Dengan bimbingan yang tepat, Jessica berpotensi mencapai level berikutnya.",23
REV000942,EMP00471,2024-H2,2024-12-15,EMP00474,3,Secara keseluruhan Jessica menunjukkan performa yang adequate. Beberapa deliverable perlu peningkatan dari sisi kualitas. Komunikasi dengan stakeholder perlu diperkuat.,19
REV000943,EMP00472,2024-H1,2024-06-15,EMP00474,3,"Lidya telah bekerja dengan baik dalam tanggung jawab rutinnya. Area pengembangan utama: stakeholder communication. Dengan bimbingan yang tepat, Lidya berpotensi mencapai level berikutnya.",23
REV000944,EMP00472,2024-H2,2024-12-15,EMP00474,3,Secara keseluruhan Lidya menunjukkan performa yang adequate. Beberapa deliverable perlu peningkatan dari sisi kualitas. Komunikasi dengan stakeholder perlu diperkuat.,19
REV000945,EMP00473,2024-H1,2024-06-15,EMP00474,4,"Maria telah bekerja dengan baik dalam tanggung jawab rutinnya. Area pengembangan utama: time management. Dengan bimbingan yang tepat, Maria berpotensi mencapai level berikutnya.",23
REV000946,EMP00473,2024-H2,2024-12-15,EMP00474,3,Secara keseluruhan Maria menunjukkan performa yang adequate. Beberapa deliverable perlu peningkatan dari sisi kualitas. Komunikasi dengan stakeholder perlu diperkuat.,19
REV000947,EMP00474,2024-H1,2024-06-15,,3,"Dodo telah bekerja dengan baik dalam tanggung jawab rutinnya. Area pengembangan utama: time management. Dengan bimbingan yang tepat, Dodo berpotensi mencapai level berikutnya.",23
REV000948,EMP00474,2024-H2,2024-12-15,,4,Dodo tampak kurang engaged dalam beberapa bulan terakhir. Absensi dalam team meeting meningkat. Perlu investigasi lebih lanjut.,17
REV000949,EMP00475,2024-H1,2024-06-15,EMP00474,4,Secara keseluruhan Virman menunjukkan performa yang adequate. Beberapa deliverable perlu peningkatan dari sisi kualitas. Komunikasi dengan stakeholder perlu diperkuat.,19
REV000950,EMP00475,2024-H2,2024-12-15,EMP00474,3,Virman tampak kurang engaged dalam beberapa bulan terakhir. Absensi dalam team meeting meningkat. Perlu investigasi lebih lanjut.,17
REV000951,EMP00476,2024-H1,2024-06-15,EMP00474,3,Radika memenuhi sebagian besar target yang ditetapkan. Perlu pengembangan lebih lanjut dalam hal analisis data. Disarankan mengikuti pelatihan communication workshop untuk mendukung pertumbuhan karier.,24
REV000952,EMP00476,2024-H2,2024-12-15,EMP00474,4,Radika memenuhi sebagian besar target yang ditetapkan. Perlu pengembangan lebih lanjut dalam hal project management. Disarankan mengikuti pelatihan data analytics bootcamp untuk mendukung pertumbuhan karier.,25
REV000953,EMP00477,2024-H1,2024-06-15,EMP00474,2,Ian beberapa kali mengekspresikan kekhawatiran terkait kompensasi dan jenjang karier. Disarankan untuk dilakukan retention conversation secepatnya.,16
REV000954,EMP00477,2024-H2,2024-12-15,EMP00474,3,Ian belum mencapai target yang ditetapkan. Perlu improvement plan yang lebih terstruktur dalam 3 bulan ke depan. Disarankan untuk diskusi 1-on-1 lebih intensif.,23
REV000955,EMP00478,2024-H1,2024-06-15,EMP00474,3,"Ulya telah bekerja dengan baik dalam tanggung jawab rutinnya. Area pengembangan utama: technical depth. Dengan bimbingan yang tepat, Ulya berpotensi mencapai level berikutnya.",23
REV000956,EMP00478,2024-H2,2024-12-15,EMP00474,3,Secara keseluruhan Ulya menunjukkan performa yang adequate. Beberapa deliverable perlu peningkatan dari sisi kualitas. Komunikasi dengan stakeholder perlu diperkuat.,19
REV000957,EMP00479,2024-H1,2024-06-15,EMP00474,3,Dt. memenuhi sebagian besar target yang ditetapkan. Perlu pengembangan lebih lanjut dalam hal presentasi. Disarankan mengikuti pelatihan agile methodology untuk mendukung pertumbuhan karier.,23
REV000958,EMP00479,2024-H2,2024-12-15,EMP00474,4,Dt. memenuhi sebagian besar target yang ditetapkan. Perlu pengembangan lebih lanjut dalam hal leadership. Disarankan mengikuti pelatihan agile methodology untuk mendukung pertumbuhan karier.,23
REV000959,EMP00480,2024-H1,2024-06-15,EMP00474,5,Performa Tgk. luar biasa sepanjang kuartal ini. Berhasil menyelesaikan proyek optimasi pipeline data lebih awal dari jadwal dengan kualitas melebihi ekspektasi. Kontribusi pada tim sangat signifikan.,26
REV000960,EMP00480,2024-H2,2024-12-15,EMP00474,5,Performa Tgk. luar biasa sepanjang kuartal ini. Berhasil menyelesaikan proyek restrukturisasi SOP lebih awal dari jadwal dengan kualitas melebihi ekspektasi. Kontribusi pada tim sangat signifikan.,25
REV000961,EMP00481,2024-H1,2024-06-15,EMP00474,4,Performa Kamila luar biasa sepanjang kuartal ini. Berhasil menyelesaikan proyek restrukturisasi SOP lebih awal dari jadwal dengan kualitas melebihi ekspektasi. Kontribusi pada tim sangat signifikan.,25
REV000962,EMP00481,2024-H2,2024-12-15,EMP00474,5,Kamila secara konsisten melampaui target yang ditetapkan. Kemampuan teknis dan kepemimpinan tim sangat menonjol. Rekomendasikan untuk promosi ke level berikutnya dalam 6 bulan ke depan.,25
REV000963,EMP00482,2024-H1,2024-06-15,EMP00474,4,Secara keseluruhan dr. menunjukkan performa yang adequate. Beberapa deliverable perlu peningkatan dari sisi kualitas. Komunikasi dengan stakeholder perlu diperkuat.,19
REV000964,EMP00482,2024-H2,2024-12-15,EMP00474,3,"dr. telah bekerja dengan baik dalam tanggung jawab rutinnya. Area pengembangan utama: cross-functional collaboration. Dengan bimbingan yang tepat, dr. berpotensi mencapai level berikutnya.",23
REV000965,EMP00483,2024-H1,2024-06-15,EMP00474,3,Tgk. memenuhi sebagian besar target yang ditetapkan. Perlu pengembangan lebih lanjut dalam hal leadership. Disarankan mengikuti pelatihan communication workshop untuk mendukung pertumbuhan karier.,23
REV000966,EMP00483,2024-H2,2024-12-15,EMP00474,3,Tgk. memenuhi sebagian besar target yang ditetapkan. Perlu pengembangan lebih lanjut dalam hal project management. Disarankan mengikuti pelatihan communication workshop untuk mendukung pertumbuhan karier.,24
REV000967,EMP00484,2024-H1,2024-06-15,EMP00474,3,"Drs. telah bekerja dengan baik dalam tanggung jawab rutinnya. Area pengembangan utama: technical depth. Dengan bimbingan yang tepat, Drs. berpotensi mencapai level berikutnya.",23
REV000968,EMP00484,2024-H2,2024-12-15,EMP00474,4,"Dalam diskusi 1-on-1, Drs. menyampaikan rasa kurang puas dengan beban kerja saat ini. Perlu perhatian HRD untuk mencegah potensi turnover.",20
REV000969,EMP00485,2024-H1,2024-06-15,EMP00474,5,Performa Jaya luar biasa sepanjang kuartal ini. Berhasil menyelesaikan proyek peluncuran produk baru lebih awal dari jadwal dengan kualitas melebihi ekspektasi. Kontribusi pada tim sangat signifikan.,26
REV000970,EMP00485,2024-H2,2024-12-15,EMP00474,5,Jaya secara konsisten melampaui target yang ditetapkan. Kemampuan teknis dan kepemimpinan tim sangat menonjol. Rekomendasikan untuk promosi ke level berikutnya dalam 6 bulan ke depan.,25
REV000971,EMP00486,2024-H1,2024-06-15,EMP00474,3,Zulfa memenuhi sebagian besar target yang ditetapkan. Perlu pengembangan lebih lanjut dalam hal komunikasi. Disarankan mengikuti pelatihan leadership fundamental untuk mendukung pertumbuhan karier.,23
REV000972,EMP00486,2024-H2,2024-12-15,EMP00474,4,Zulfa memenuhi sebagian besar target yang ditetapkan. Perlu pengembangan lebih lanjut dalam hal leadership. Disarankan mengikuti pelatihan agile methodology untuk mendukung pertumbuhan karier.,23
REV000973,EMP00487,2024-H1,2024-06-15,EMP00474,3,Calista memenuhi sebagian besar target yang ditetapkan. Perlu pengembangan lebih lanjut dalam hal presentasi. Disarankan mengikuti pelatihan communication workshop untuk mendukung pertumbuhan karier.,23
REV000974,EMP00487,2024-H2,2024-12-15,EMP00474,3,Calista memenuhi sebagian besar target yang ditetapkan. Perlu pengembangan lebih lanjut dalam hal leadership. Disarankan mengikuti pelatihan agile methodology untuk mendukung pertumbuhan karier.,23
REV000975,EMP00488,2024-H1,2024-06-15,EMP00474,3,R.A. beberapa kali mengekspresikan kekhawatiran terkait kompensasi dan jenjang karier. Disarankan untuk dilakukan retention conversation secepatnya.,16
REV000976,EMP00488,2024-H2,2024-12-15,EMP00474,3,R.A. memenuhi sebagian besar target yang ditetapkan. Perlu pengembangan lebih lanjut dalam hal leadership. Disarankan mengikuti pelatihan agile methodology untuk mendukung pertumbuhan karier.,23
REV000977,EMP00489,2024-H1,2024-06-15,EMP00474,3,"Drs. telah bekerja dengan baik dalam tanggung jawab rutinnya. Area pengembangan utama: cross-functional collaboration. Dengan bimbingan yang tepat, Drs. berpotensi mencapai level berikutnya.",23
REV000978,EMP00489,2024-H2,2024-12-15,EMP00474,4,Drs. memenuhi sebagian besar target yang ditetapkan. Perlu pengembangan lebih lanjut dalam hal leadership. Disarankan mengikuti pelatihan leadership fundamental untuk mendukung pertumbuhan karier.,23
REV000979,EMP00490,2024-H1,2024-06-15,EMP00474,3,"Margana telah bekerja dengan baik dalam tanggung jawab rutinnya. Area pengembangan utama: cross-functional collaboration. Dengan bimbingan yang tepat, Margana berpotensi mencapai level berikutnya.",23
REV000980,EMP00490,2024-H2,2024-12-15,EMP00474,4,"Margana telah bekerja dengan baik dalam tanggung jawab rutinnya. Area pengembangan utama: stakeholder communication. Dengan bimbingan yang tepat, Margana berpotensi mencapai level berikutnya.",23
REV000981,EMP00491,2024-H1,2024-06-15,,3,Secara keseluruhan Hj. menunjukkan performa yang adequate. Beberapa deliverable perlu peningkatan dari sisi kualitas. Komunikasi dengan stakeholder perlu diperkuat.,19
REV000982,EMP00491,2024-H2,2024-12-15,,4,Hj. memenuhi sebagian besar target yang ditetapkan. Perlu pengembangan lebih lanjut dalam hal leadership. Disarankan mengikuti pelatihan agile methodology untuk mendukung pertumbuhan karier.,23
REV000983,EMP00492,2024-H1,2024-06-15,EMP00523,2,"Terdapat beberapa concern terkait performa Cemeti, khususnya dalam hal proaktivitas. Perlu perhatian khusus dan rencana perbaikan yang konkret.",18
REV000984,EMP00492,2024-H2,2024-12-15,EMP00523,2,"Dalam diskusi 1-on-1, Cemeti menyampaikan rasa kurang puas dengan beban kerja saat ini. Perlu perhatian HRD untuk mencegah potensi turnover.",20
REV000985,EMP00493,2024-H1,2024-06-15,EMP00523,2,Vanesa beberapa kali mengekspresikan kekhawatiran terkait kompensasi dan jenjang karier. Disarankan untuk dilakukan retention conversation secepatnya.,16
REV000986,EMP00493,2024-H2,2024-12-15,EMP00523,2,Vanesa belum mencapai target yang ditetapkan. Perlu improvement plan yang lebih terstruktur dalam 3 bulan ke depan. Disarankan untuk diskusi 1-on-1 lebih intensif.,23
REV000987,EMP00494,2024-H1,2024-06-15,EMP00523,3,Secara keseluruhan Agnes menunjukkan performa yang adequate. Beberapa deliverable perlu peningkatan dari sisi kualitas. Komunikasi dengan stakeholder perlu diperkuat.,19
REV000988,EMP00494,2024-H2,2024-12-15,EMP00523,3,Secara keseluruhan Agnes menunjukkan performa yang adequate. Beberapa deliverable perlu peningkatan dari sisi kualitas. Komunikasi dengan stakeholder perlu diperkuat.,19
REV000989,EMP00495,2024-H1,2024-06-15,EMP00523,3,"Dalam diskusi 1-on-1, R. menyampaikan rasa kurang puas dengan beban kerja saat ini. Perlu perhatian HRD untuk mencegah potensi turnover.",20
REV000990,EMP00495,2024-H2,2024-12-15,EMP00523,3,R. belum mencapai target yang ditetapkan. Perlu improvement plan yang lebih terstruktur dalam 3 bulan ke depan. Disarankan untuk diskusi 1-on-1 lebih intensif.,23
REV000991,EMP00496,2024-H1,2024-06-15,EMP00523,5,Caket menunjukkan growth mindset yang kuat. Inisiatif dalam mengembangkan proses baru berhasil meningkatkan efisiensi tim sebesar 12%. Sangat direkomendasikan untuk program fast-track.,22
REV000992,EMP00496,2024-H2,2024-12-15,EMP00523,4,Performa Caket luar biasa sepanjang kuartal ini. Berhasil menyelesaikan proyek peluncuran produk baru lebih awal dari jadwal dengan kualitas melebihi ekspektasi. Kontribusi pada tim sangat signifikan.,26
REV000993,EMP00497,2024-H1,2024-06-15,EMP00523,4,Bakijan secara konsisten melampaui target yang ditetapkan. Kemampuan teknis dan kepemimpinan tim sangat menonjol. Rekomendasikan untuk promosi ke level berikutnya dalam 6 bulan ke depan.,25
REV000994,EMP00497,2024-H2,2024-12-15,EMP00523,4,Bakijan menunjukkan growth mindset yang kuat. Inisiatif dalam mengembangkan proses baru berhasil meningkatkan efisiensi tim sebesar 14%. Sangat direkomendasikan untuk program fast-track.,22
REV000995,EMP00498,2024-H1,2024-06-15,EMP00523,5,Harimurti menunjukkan growth mindset yang kuat. Inisiatif dalam mengembangkan proses baru berhasil meningkatkan efisiensi tim sebesar 20%. Sangat direkomendasikan untuk program fast-track.,22
REV000996,EMP00498,2024-H2,2024-12-15,EMP00523,4,Harimurti menunjukkan growth mindset yang kuat. Inisiatif dalam mengembangkan proses baru berhasil meningkatkan efisiensi tim sebesar 17%. Sangat direkomendasikan untuk program fast-track.,22
REV000997,EMP00499,2024-H1,2024-06-15,EMP00523,4,"Jasmin telah bekerja dengan baik dalam tanggung jawab rutinnya. Area pengembangan utama: technical depth. Dengan bimbingan yang tepat, Jasmin berpotensi mencapai level berikutnya.",23
REV000998,EMP00499,2024-H2,2024-12-15,EMP00523,3,Secara keseluruhan Jasmin menunjukkan performa yang adequate. Beberapa deliverable perlu peningkatan dari sisi kualitas. Komunikasi dengan stakeholder perlu diperkuat.,19
REV000999,EMP00500,2024-H1,2024-06-15,EMP00523,3,Secara keseluruhan Ira menunjukkan performa yang adequate. Beberapa deliverable perlu peningkatan dari sisi kualitas. Komunikasi dengan stakeholder perlu diperkuat.,19
REV001000,EMP00500,2024-H2,2024-12-15,EMP00523,3,Ira memenuhi sebagian besar target yang ditetapkan. Perlu pengembangan lebih lanjut dalam hal project management. Disarankan mengikuti pelatihan leadership fundamental untuk mendukung pertumbuhan karier.,24
REV001001,EMP00501,2024-H1,2024-06-15,EMP00523,5,Performa Drs. luar biasa sepanjang kuartal ini. Berhasil menyelesaikan proyek restrukturisasi SOP lebih awal dari jadwal dengan kualitas melebihi ekspektasi. Kontribusi pada tim sangat signifikan.,25
REV001002,EMP00501,2024-H2,2024-12-15,EMP00523,5,Drs. menunjukkan growth mindset yang kuat. Inisiatif dalam mengembangkan proses baru berhasil meningkatkan efisiensi tim sebesar 8%. Sangat direkomendasikan untuk program fast-track.,22
REV001003,EMP00502,2024-H1,2024-06-15,EMP00523,4,Secara keseluruhan Candrakanta menunjukkan performa yang adequate. Beberapa deliverable perlu peningkatan dari sisi kualitas. Komunikasi dengan stakeholder perlu diperkuat.,19
REV001004,EMP00502,2024-H2,2024-12-15,EMP00523,3,"Candrakanta telah bekerja dengan baik dalam tanggung jawab rutinnya. Area pengembangan utama: time management. Dengan bimbingan yang tepat, Candrakanta berpotensi mencapai level berikutnya.",23
REV001005,EMP00503,2024-H1,2024-06-15,EMP00523,5,Performa Mursita luar biasa sepanjang kuartal ini. Berhasil menyelesaikan proyek peluncuran produk baru lebih awal dari jadwal dengan kualitas melebihi ekspektasi. Kontribusi pada tim sangat signifikan.,26
REV001006,EMP00503,2024-H2,2024-12-15,EMP00523,5,Mursita secara konsisten melampaui target yang ditetapkan. Kemampuan teknis dan kepemimpinan tim sangat menonjol. Rekomendasikan untuk promosi ke level berikutnya dalam 6 bulan ke depan.,25
REV001007,EMP00504,2024-H1,2024-06-15,EMP00523,3,Secara keseluruhan Maimunah menunjukkan performa yang adequate. Beberapa deliverable perlu peningkatan dari sisi kualitas. Komunikasi dengan stakeholder perlu diperkuat.,19
REV001008,EMP00504,2024-H2,2024-12-15,EMP00523,3,"Maimunah telah bekerja dengan baik dalam tanggung jawab rutinnya. Area pengembangan utama: stakeholder communication. Dengan bimbingan yang tepat, Maimunah berpotensi mencapai level berikutnya.",23
REV001009,EMP00505,2024-H1,2024-06-15,EMP00523,3,"Nova telah bekerja dengan baik dalam tanggung jawab rutinnya. Area pengembangan utama: cross-functional collaboration. Dengan bimbingan yang tepat, Nova berpotensi mencapai level berikutnya.",23
REV001010,EMP00505,2024-H2,2024-12-15,EMP00523,3,"Nova telah bekerja dengan baik dalam tanggung jawab rutinnya. Area pengembangan utama: technical depth. Dengan bimbingan yang tepat, Nova berpotensi mencapai level berikutnya.",23
REV001011,EMP00506,2024-H1,2024-06-15,EMP00523,3,"Lidya telah bekerja dengan baik dalam tanggung jawab rutinnya. Area pengembangan utama: cross-functional collaboration. Dengan bimbingan yang tepat, Lidya berpotensi mencapai level berikutnya.",23
REV001012,EMP00506,2024-H2,2024-12-15,EMP00523,3,"Lidya telah bekerja dengan baik dalam tanggung jawab rutinnya. Area pengembangan utama: technical depth. Dengan bimbingan yang tepat, Lidya berpotensi mencapai level berikutnya.",23
REV001013,EMP00507,2024-H1,2024-06-15,EMP00523,5,Perkasa menunjukkan growth mindset yang kuat. Inisiatif dalam mengembangkan proses baru berhasil meningkatkan efisiensi tim sebesar 25%. Sangat direkomendasikan untuk program fast-track.,22
REV001014,EMP00507,2024-H2,2024-12-15,EMP00523,4,Perkasa secara konsisten melampaui target yang ditetapkan. Kemampuan teknis dan kepemimpinan tim sangat menonjol. Rekomendasikan untuk promosi ke level berikutnya dalam 6 bulan ke depan.,25
REV001015,EMP00508,2024-H1,2024-06-15,EMP00523,5,Gangsar secara konsisten melampaui target yang ditetapkan. Kemampuan teknis dan kepemimpinan tim sangat menonjol. Rekomendasikan untuk promosi ke level berikutnya dalam 6 bulan ke depan.,25
REV001016,EMP00508,2024-H2,2024-12-15,EMP00523,4,Performa Gangsar luar biasa sepanjang kuartal ini. Berhasil menyelesaikan proyek migrasi sistem lebih awal dari jadwal dengan kualitas melebihi ekspektasi. Kontribusi pada tim sangat signifikan.,25
REV001017,EMP00509,2024-H1,2024-06-15,EMP00523,4,Edi memenuhi sebagian besar target yang ditetapkan. Perlu pengembangan lebih lanjut dalam hal komunikasi. Disarankan mengikuti pelatihan agile methodology untuk mendukung pertumbuhan karier.,23
REV001018,EMP00509,2024-H2,2024-12-15,EMP00523,4,Secara keseluruhan Edi menunjukkan performa yang adequate. Beberapa deliverable perlu peningkatan dari sisi kualitas. Komunikasi dengan stakeholder perlu diperkuat.,19
REV001019,EMP00510,2024-H1,2024-06-15,EMP00523,4,Lega memenuhi sebagian besar target yang ditetapkan. Perlu pengembangan lebih lanjut dalam hal analisis data. Disarankan mengikuti pelatihan agile methodology untuk mendukung pertumbuhan karier.,24
REV001020,EMP00510,2024-H2,2024-12-15,EMP00523,3,Lega memenuhi sebagian besar target yang ditetapkan. Perlu pengembangan lebih lanjut dalam hal analisis data. Disarankan mengikuti pelatihan leadership fundamental untuk mendukung pertumbuhan karier.,24
REV001021,EMP00511,2024-H1,2024-06-15,EMP00523,3,Secara keseluruhan Gaiman menunjukkan performa yang adequate. Beberapa deliverable perlu peningkatan dari sisi kualitas. Komunikasi dengan stakeholder perlu diperkuat.,19
REV001022,EMP00511,2024-H2,2024-12-15,EMP00523,3,Secara keseluruhan Gaiman menunjukkan performa yang adequate. Beberapa deliverable perlu peningkatan dari sisi kualitas. Komunikasi dengan stakeholder perlu diperkuat.,19
REV001023,EMP00512,2024-H1,2024-06-15,EMP00523,3,Secara keseluruhan Rahayu menunjukkan performa yang adequate. Beberapa deliverable perlu peningkatan dari sisi kualitas. Komunikasi dengan stakeholder perlu diperkuat.,19
REV001024,EMP00512,2024-H2,2024-12-15,EMP00523,4,Secara keseluruhan Rahayu menunjukkan performa yang adequate. Beberapa deliverable perlu peningkatan dari sisi kualitas. Komunikasi dengan stakeholder perlu diperkuat.,19
REV001025,EMP00513,2024-H1,2024-06-15,EMP00523,5,Performa Damu luar biasa sepanjang kuartal ini. Berhasil menyelesaikan proyek migrasi sistem lebih awal dari jadwal dengan kualitas melebihi ekspektasi. Kontribusi pada tim sangat signifikan.,25
REV001026,EMP00513,2024-H2,2024-12-15,EMP00523,4,Performa Damu luar biasa sepanjang kuartal ini. Berhasil menyelesaikan proyek migrasi sistem lebih awal dari jadwal dengan kualitas melebihi ekspektasi. Kontribusi pada tim sangat signifikan.,25
REV001027,EMP00514,2024-H1,2024-06-15,EMP00523,3,Secara keseluruhan Pranata menunjukkan performa yang adequate. Beberapa deliverable perlu peningkatan dari sisi kualitas. Komunikasi dengan stakeholder perlu diperkuat.,19
REV001028,EMP00514,2024-H2,2024-12-15,EMP00523,3,Pranata memenuhi sebagian besar target yang ditetapkan. Perlu pengembangan lebih lanjut dalam hal presentasi. Disarankan mengikuti pelatihan agile methodology untuk mendukung pertumbuhan karier.,23
REV001029,EMP00515,2024-H1,2024-06-15,EMP00523,4,T. beberapa kali mengekspresikan kekhawatiran terkait kompensasi dan jenjang karier. Disarankan untuk dilakukan retention conversation secepatnya.,16
REV001030,EMP00515,2024-H2,2024-12-15,EMP00523,3,Secara keseluruhan T. menunjukkan performa yang adequate. Beberapa deliverable perlu peningkatan dari sisi kualitas. Komunikasi dengan stakeholder perlu diperkuat.,19
REV001031,EMP00516,2024-H1,2024-06-15,EMP00523,4,Secara keseluruhan Jamal menunjukkan performa yang adequate. Beberapa deliverable perlu peningkatan dari sisi kualitas. Komunikasi dengan stakeholder perlu diperkuat.,19
REV001032,EMP00516,2024-H2,2024-12-15,EMP00523,3,Jamal memenuhi sebagian besar target yang ditetapkan. Perlu pengembangan lebih lanjut dalam hal project management. Disarankan mengikuti pelatihan agile methodology untuk mendukung pertumbuhan karier.,24
REV001033,EMP00517,2024-H1,2024-06-15,EMP00523,4,Performa Cager luar biasa sepanjang kuartal ini. Berhasil menyelesaikan proyek optimasi pipeline data lebih awal dari jadwal dengan kualitas melebihi ekspektasi. Kontribusi pada tim sangat signifikan.,26
REV001034,EMP00517,2024-H2,2024-12-15,EMP00523,5,Cager menunjukkan growth mindset yang kuat. Inisiatif dalam mengembangkan proses baru berhasil meningkatkan efisiensi tim sebesar 20%. Sangat direkomendasikan untuk program fast-track.,22
REV001035,EMP00518,2024-H1,2024-06-15,EMP00523,3,"H. telah bekerja dengan baik dalam tanggung jawab rutinnya. Area pengembangan utama: cross-functional collaboration. Dengan bimbingan yang tepat, H. berpotensi mencapai level berikutnya.",23
REV001036,EMP00518,2024-H2,2024-12-15,EMP00523,4,H. memenuhi sebagian besar target yang ditetapkan. Perlu pengembangan lebih lanjut dalam hal analisis data. Disarankan mengikuti pelatihan leadership fundamental untuk mendukung pertumbuhan karier.,24
REV001037,EMP00519,2024-H1,2024-06-15,EMP00523,3,Secara keseluruhan Ir. menunjukkan performa yang adequate. Beberapa deliverable perlu peningkatan dari sisi kualitas. Komunikasi dengan stakeholder perlu diperkuat.,19
REV001038,EMP00519,2024-H2,2024-12-15,EMP00523,4,Secara keseluruhan Ir. menunjukkan performa yang adequate. Beberapa deliverable perlu peningkatan dari sisi kualitas. Komunikasi dengan stakeholder perlu diperkuat.,19
REV001039,EMP00520,2024-H1,2024-06-15,EMP00523,4,Secara keseluruhan Hasta menunjukkan performa yang adequate. Beberapa deliverable perlu peningkatan dari sisi kualitas. Komunikasi dengan stakeholder perlu diperkuat.,19
REV001040,EMP00520,2024-H2,2024-12-15,EMP00523,3,Hasta memenuhi sebagian besar target yang ditetapkan. Perlu pengembangan lebih lanjut dalam hal leadership. Disarankan mengikuti pelatihan communication workshop untuk mendukung pertumbuhan karier.,23
REV001041,EMP00521,2024-H1,2024-06-15,EMP00523,5,Performa Anita luar biasa sepanjang kuartal ini. Berhasil menyelesaikan proyek migrasi sistem lebih awal dari jadwal dengan kualitas melebihi ekspektasi. Kontribusi pada tim sangat signifikan.,25
REV001042,EMP00521,2024-H2,2024-12-15,EMP00523,5,Performa Anita luar biasa sepanjang kuartal ini. Berhasil menyelesaikan proyek optimasi pipeline data lebih awal dari jadwal dengan kualitas melebihi ekspektasi. Kontribusi pada tim sangat signifikan.,26
REV001043,EMP00522,2024-H1,2024-06-15,EMP00523,2,Setya beberapa kali mengekspresikan kekhawatiran terkait kompensasi dan jenjang karier. Disarankan untuk dilakukan retention conversation secepatnya.,16
REV001044,EMP00522,2024-H2,2024-12-15,EMP00523,2,"Terdapat beberapa concern terkait performa Setya, khususnya dalam hal ketepatan waktu deliverable. Perlu perhatian khusus dan rencana perbaikan yang konkret.",20
REV001045,EMP00523,2024-H1,2024-06-15,,4,Performa drg. luar biasa sepanjang kuartal ini. Berhasil menyelesaikan proyek migrasi sistem lebih awal dari jadwal dengan kualitas melebihi ekspektasi. Kontribusi pada tim sangat signifikan.,25
REV001046,EMP00523,2024-H2,2024-12-15,,5,drg. secara konsisten melampaui target yang ditetapkan. Kemampuan teknis dan kepemimpinan tim sangat menonjol. Rekomendasikan untuk promosi ke level berikutnya dalam 6 bulan ke depan.,25
REV001047,EMP00524,2024-H1,2024-06-15,EMP00523,3,Suci memenuhi sebagian besar target yang ditetapkan. Perlu pengembangan lebih lanjut dalam hal leadership. Disarankan mengikuti pelatihan data analytics bootcamp untuk mendukung pertumbuhan karier.,24
REV001048,EMP00524,2024-H2,2024-12-15,EMP00523,3,Suci memenuhi sebagian besar target yang ditetapkan. Perlu pengembangan lebih lanjut dalam hal presentasi. Disarankan mengikuti pelatihan data analytics bootcamp untuk mendukung pertumbuhan karier.,24
REV001049,EMP00525,2024-H1,2024-06-15,EMP00523,4,Halim memenuhi sebagian besar target yang ditetapkan. Perlu pengembangan lebih lanjut dalam hal leadership. Disarankan mengikuti pelatihan communication workshop untuk mendukung pertumbuhan karier.,23
REV001050,EMP00525,2024-H2,2024-12-15,EMP00523,4,Secara keseluruhan Halim menunjukkan performa yang adequate. Beberapa deliverable perlu peningkatan dari sisi kualitas. Komunikasi dengan stakeholder perlu diperkuat.,19
REV001051,EMP00526,2024-H1,2024-06-15,EMP00523,3,Secara keseluruhan Ella menunjukkan performa yang adequate. Beberapa deliverable perlu peningkatan dari sisi kualitas. Komunikasi dengan stakeholder perlu diperkuat.,19
REV001052,EMP00526,2024-H2,2024-12-15,EMP00523,3,Ella memenuhi sebagian besar target yang ditetapkan. Perlu pengembangan lebih lanjut dalam hal presentasi. Disarankan mengikuti pelatihan communication workshop untuk mendukung pertumbuhan karier.,23
REV001053,EMP00527,2024-H1,2024-06-15,EMP00523,5,Performa Yance luar biasa sepanjang kuartal ini. Berhasil menyelesaikan proyek restrukturisasi SOP lebih awal dari jadwal dengan kualitas melebihi ekspektasi. Kontribusi pada tim sangat signifikan.,25
REV001054,EMP00527,2024-H2,2024-12-15,EMP00523,5,Performa Yance luar biasa sepanjang kuartal ini. Berhasil menyelesaikan proyek restrukturisasi SOP lebih awal dari jadwal dengan kualitas melebihi ekspektasi. Kontribusi pada tim sangat signifikan.,25
REV001055,EMP00528,2024-H1,2024-06-15,EMP00523,3,Secara keseluruhan Ibrani menunjukkan performa yang adequate. Beberapa deliverable perlu peningkatan dari sisi kualitas. Komunikasi dengan stakeholder perlu diperkuat.,19
REV001056,EMP00528,2024-H2,2024-12-15,EMP00523,3,Ibrani memenuhi sebagian besar target yang ditetapkan. Perlu pengembangan lebih lanjut dalam hal analisis data. Disarankan mengikuti pelatihan communication workshop untuk mendukung pertumbuhan karier.,24
REV001057,EMP00529,2024-H1,2024-06-15,EMP00523,3,Secara keseluruhan Ibrani menunjukkan performa yang adequate. Beberapa deliverable perlu peningkatan dari sisi kualitas. Komunikasi dengan stakeholder perlu diperkuat.,19
REV001058,EMP00529,2024-H2,2024-12-15,EMP00523,3,Ibrani memenuhi sebagian besar target yang ditetapkan. Perlu pengembangan lebih lanjut dalam hal project management. Disarankan mengikuti pelatihan data analytics bootcamp untuk mendukung pertumbuhan karier.,25
REV001059,EMP00530,2024-H1,2024-06-15,,4,Paramita menunjukkan growth mindset yang kuat. Inisiatif dalam mengembangkan proses baru berhasil meningkatkan efisiensi tim sebesar 25%. Sangat direkomendasikan untuk program fast-track.,22
REV001060,EMP00530,2024-H2,2024-12-15,,5,Paramita secara konsisten melampaui target yang ditetapkan. Kemampuan teknis dan kepemimpinan tim sangat menonjol. Rekomendasikan untuk promosi ke level berikutnya dalam 6 bulan ke depan.,25
REV001061,EMP00531,2024-H1,2024-06-15,,3,Ira memenuhi sebagian besar target yang ditetapkan. Perlu pengembangan lebih lanjut dalam hal project management. Disarankan mengikuti pelatihan communication workshop untuk mendukung pertumbuhan karier.,24
REV001062,EMP00531,2024-H2,2024-12-15,,3,Ira memenuhi sebagian besar target yang ditetapkan. Perlu pengembangan lebih lanjut dalam hal leadership. Disarankan mengikuti pelatihan leadership fundamental untuk mendukung pertumbuhan karier.,23
REV001063,EMP00532,2024-H1,2024-06-15,EMP00523,4,Ganda memenuhi sebagian besar target yang ditetapkan. Perlu pengembangan lebih lanjut dalam hal project management. Disarankan mengikuti pelatihan agile methodology untuk mendukung pertumbuhan karier.,24
REV001064,EMP00532,2024-H2,2024-12-15,EMP00523,3,Ganda memenuhi sebagian besar target yang ditetapkan. Perlu pengembangan lebih lanjut dalam hal analisis data. Disarankan mengikuti pelatihan data analytics bootcamp untuk mendukung pertumbuhan karier.,25
REV001065,EMP00533,2024-H1,2024-06-15,EMP00523,3,"Dalam diskusi 1-on-1, Kajen menyampaikan rasa kurang puas dengan beban kerja saat ini. Perlu perhatian HRD untuk mencegah potensi turnover.",20
REV001066,EMP00533,2024-H2,2024-12-15,EMP00523,3,"Terdapat beberapa concern terkait performa Kajen, khususnya dalam hal proaktivitas. Perlu perhatian khusus dan rencana perbaikan yang konkret.",18
REV001067,EMP00534,2024-H1,2024-06-15,EMP00523,3,"Karta telah bekerja dengan baik dalam tanggung jawab rutinnya. Area pengembangan utama: technical depth. Dengan bimbingan yang tepat, Karta berpotensi mencapai level berikutnya.",23
REV001068,EMP00534,2024-H2,2024-12-15,EMP00523,4,Secara keseluruhan Karta menunjukkan performa yang adequate. Beberapa deliverable perlu peningkatan dari sisi kualitas. Komunikasi dengan stakeholder perlu diperkuat.,19
REV001069,EMP00535,2024-H1,2024-06-15,EMP00523,3,Secara keseluruhan Utama menunjukkan performa yang adequate. Beberapa deliverable perlu peningkatan dari sisi kualitas. Komunikasi dengan stakeholder perlu diperkuat.,19
REV001070,EMP00535,2024-H2,2024-12-15,EMP00523,4,"Utama telah bekerja dengan baik dalam tanggung jawab rutinnya. Area pengembangan utama: cross-functional collaboration. Dengan bimbingan yang tepat, Utama berpotensi mencapai level berikutnya.",23
REV001071,EMP00536,2024-H1,2024-06-15,EMP00523,4,Titi menunjukkan growth mindset yang kuat. Inisiatif dalam mengembangkan proses baru berhasil meningkatkan efisiensi tim sebesar 10%. Sangat direkomendasikan untuk program fast-track.,22
REV001072,EMP00536,2024-H2,2024-12-15,EMP00523,4,Performa Titi luar biasa sepanjang kuartal ini. Berhasil menyelesaikan proyek optimasi pipeline data lebih awal dari jadwal dengan kualitas melebihi ekspektasi. Kontribusi pada tim sangat signifikan.,26
REV001073,EMP00537,2024-H1,2024-06-15,EMP00523,3,Secara keseluruhan R. menunjukkan performa yang adequate. Beberapa deliverable perlu peningkatan dari sisi kualitas. Komunikasi dengan stakeholder perlu diperkuat.,19
REV001074,EMP00537,2024-H2,2024-12-15,EMP00523,4,R. memenuhi sebagian besar target yang ditetapkan. Perlu pengembangan lebih lanjut dalam hal komunikasi. Disarankan mengikuti pelatihan communication workshop untuk mendukung pertumbuhan karier.,23
REV001075,EMP00538,2024-H1,2024-06-15,EMP00523,3,"Faizah telah bekerja dengan baik dalam tanggung jawab rutinnya. Area pengembangan utama: time management. Dengan bimbingan yang tepat, Faizah berpotensi mencapai level berikutnya.",23
REV001076,EMP00538,2024-H2,2024-12-15,EMP00523,3,Secara keseluruhan Faizah menunjukkan performa yang adequate. Beberapa deliverable perlu peningkatan dari sisi kualitas. Komunikasi dengan stakeholder perlu diperkuat.,19
REV001077,EMP00539,2024-H1,2024-06-15,EMP00523,4,Secara keseluruhan R. menunjukkan performa yang adequate. Beberapa deliverable perlu peningkatan dari sisi kualitas. Komunikasi dengan stakeholder perlu diperkuat.,19
REV001078,EMP00539,2024-H2,2024-12-15,EMP00523,3,R. memenuhi sebagian besar target yang ditetapkan. Perlu pengembangan lebih lanjut dalam hal analisis data. Disarankan mengikuti pelatihan agile methodology untuk mendukung pertumbuhan karier.,24
REV001079,EMP00540,2024-H1,2024-06-15,EMP00523,4,Cecep menunjukkan growth mindset yang kuat. Inisiatif dalam mengembangkan proses baru berhasil meningkatkan efisiensi tim sebesar 5%. Sangat direkomendasikan untuk program fast-track.,22
REV001080,EMP00540,2024-H2,2024-12-15,EMP00523,5,Performa Cecep luar biasa sepanjang kuartal ini. Berhasil menyelesaikan proyek peluncuran produk baru lebih awal dari jadwal dengan kualitas melebihi ekspektasi. Kontribusi pada tim sangat signifikan.,26
REV001081,EMP00541,2024-H1,2024-06-15,EMP00523,4,"Malika telah bekerja dengan baik dalam tanggung jawab rutinnya. Area pengembangan utama: cross-functional collaboration. Dengan bimbingan yang tepat, Malika berpotensi mencapai level berikutnya.",23
REV001082,EMP00541,2024-H2,2024-12-15,EMP00523,3,Secara keseluruhan Malika menunjukkan performa yang adequate. Beberapa deliverable perlu peningkatan dari sisi kualitas. Komunikasi dengan stakeholder perlu diperkuat.,19
REV001083,EMP00542,2024-H1,2024-06-15,EMP00523,3,Secara keseluruhan Drs. menunjukkan performa yang adequate. Beberapa deliverable perlu peningkatan dari sisi kualitas. Komunikasi dengan stakeholder perlu diperkuat.,19
REV001084,EMP00542,2024-H2,2024-12-15,EMP00523,4,Drs. memenuhi sebagian besar target yang ditetapkan. Perlu pengembangan lebih lanjut dalam hal project management. Disarankan mengikuti pelatihan agile methodology untuk mendukung pertumbuhan karier.,24
REV001085,EMP00543,2024-H1,2024-06-15,EMP00523,4,Makara memenuhi sebagian besar target yang ditetapkan. Perlu pengembangan lebih lanjut dalam hal leadership. Disarankan mengikuti pelatihan communication workshop untuk mendukung pertumbuhan karier.,23
REV001086,EMP00543,2024-H2,2024-12-15,EMP00523,3,Makara memenuhi sebagian besar target yang ditetapkan. Perlu pengembangan lebih lanjut dalam hal leadership. Disarankan mengikuti pelatihan communication workshop untuk mendukung pertumbuhan karier.,23
REV001087,EMP00544,2024-H1,2024-06-15,EMP00523,3,"Hj. telah bekerja dengan baik dalam tanggung jawab rutinnya. Area pengembangan utama: time management. Dengan bimbingan yang tepat, Hj. berpotensi mencapai level berikutnya.",23
REV001088,EMP00544,2024-H2,2024-12-15,EMP00523,3,Hj. memenuhi sebagian besar target yang ditetapkan. Perlu pengembangan lebih lanjut dalam hal presentasi. Disarankan mengikuti pelatihan communication workshop untuk mendukung pertumbuhan karier.,23
REV001089,EMP00545,2024-H1,2024-06-15,EMP00523,2,Jarwadi beberapa kali mengekspresikan kekhawatiran terkait kompensasi dan jenjang karier. Disarankan untuk dilakukan retention conversation secepatnya.,16
REV001090,EMP00545,2024-H2,2024-12-15,EMP00523,3,"Dalam diskusi 1-on-1, Jarwadi menyampaikan rasa kurang puas dengan beban kerja saat ini. Perlu perhatian HRD untuk mencegah potensi turnover.",20
REV001091,EMP00546,2024-H1,2024-06-15,EMP00523,3,Gadang memenuhi sebagian besar target yang ditetapkan. Perlu pengembangan lebih lanjut dalam hal leadership. Disarankan mengikuti pelatihan leadership fundamental untuk mendukung pertumbuhan karier.,23
REV001092,EMP00546,2024-H2,2024-12-15,EMP00523,3,Secara keseluruhan Gadang menunjukkan performa yang adequate. Beberapa deliverable perlu peningkatan dari sisi kualitas. Komunikasi dengan stakeholder perlu diperkuat.,19
REV001093,EMP00547,2024-H1,2024-06-15,EMP00523,3,Garan beberapa kali mengekspresikan kekhawatiran terkait kompensasi dan jenjang karier. Disarankan untuk dilakukan retention conversation secepatnya.,16
REV001094,EMP00547,2024-H2,2024-12-15,EMP00523,4,Garan beberapa kali mengekspresikan kekhawatiran terkait kompensasi dan jenjang karier. Disarankan untuk dilakukan retention conversation secepatnya.,16
REV001095,EMP00548,2024-H1,2024-06-15,EMP00523,4,"Galak telah bekerja dengan baik dalam tanggung jawab rutinnya. Area pengembangan utama: technical depth. Dengan bimbingan yang tepat, Galak berpotensi mencapai level berikutnya.",23
REV001096,EMP00548,2024-H2,2024-12-15,EMP00523,3,Secara keseluruhan Galak menunjukkan performa yang adequate. Beberapa deliverable perlu peningkatan dari sisi kualitas. Komunikasi dengan stakeholder perlu diperkuat.,19
REV001097,EMP00549,2024-H1,2024-06-15,,1,"Terdapat beberapa concern terkait performa Ani, khususnya dalam hal kolaborasi lintas tim. Perlu perhatian khusus dan rencana perbaikan yang konkret.",20
REV001098,EMP00549,2024-H2,2024-12-15,,1,Ani beberapa kali mengekspresikan kekhawatiran terkait kompensasi dan jenjang karier. Disarankan untuk dilakukan retention conversation secepatnya.,16
REV001099,EMP00550,2024-H1,2024-06-15,EMP00523,4,Yance memenuhi sebagian besar target yang ditetapkan. Perlu pengembangan lebih lanjut dalam hal project management. Disarankan mengikuti pelatihan data analytics bootcamp untuk mendukung pertumbuhan karier.,25
REV001100,EMP00550,2024-H2,2024-12-15,EMP00523,3,Secara keseluruhan Yance menunjukkan performa yang adequate. Beberapa deliverable perlu peningkatan dari sisi kualitas. Komunikasi dengan stakeholder perlu diperkuat.,19
REV001101,EMP00551,2024-H1,2024-06-15,EMP00575,4,Mariadi menunjukkan growth mindset yang kuat. Inisiatif dalam mengembangkan proses baru berhasil meningkatkan efisiensi tim sebesar 29%. Sangat direkomendasikan untuk program fast-track.,22
REV001102,EMP00551,2024-H2,2024-12-15,EMP00575,5,Performa Mariadi luar biasa sepanjang kuartal ini. Berhasil menyelesaikan proyek peluncuran produk baru lebih awal dari jadwal dengan kualitas melebihi ekspektasi. Kontribusi pada tim sangat signifikan.,26
REV001103,EMP00552,2024-H1,2024-06-15,EMP00575,2,Ir. tampak kurang engaged dalam beberapa bulan terakhir. Absensi dalam team meeting meningkat. Perlu investigasi lebih lanjut.,17
REV001104,EMP00552,2024-H2,2024-12-15,EMP00575,3,Ir. menghadapi tantangan dalam memenuhi ekspektasi peran saat ini. Perlu evaluasi ulang mengenai kesesuaian role dengan strengths yang dimiliki.,19
REV001105,EMP00553,2024-H1,2024-06-15,EMP00575,3,"Ratna telah bekerja dengan baik dalam tanggung jawab rutinnya. Area pengembangan utama: stakeholder communication. Dengan bimbingan yang tepat, Ratna berpotensi mencapai level berikutnya.",23
REV001106,EMP00553,2024-H2,2024-12-15,EMP00575,3,"Ratna telah bekerja dengan baik dalam tanggung jawab rutinnya. Area pengembangan utama: stakeholder communication. Dengan bimbingan yang tepat, Ratna berpotensi mencapai level berikutnya.",23
REV001107,EMP00554,2024-H1,2024-06-15,EMP00575,5,H. secara konsisten melampaui target yang ditetapkan. Kemampuan teknis dan kepemimpinan tim sangat menonjol. Rekomendasikan untuk promosi ke level berikutnya dalam 6 bulan ke depan.,25
REV001108,EMP00554,2024-H2,2024-12-15,EMP00575,5,H. menunjukkan growth mindset yang kuat. Inisiatif dalam mengembangkan proses baru berhasil meningkatkan efisiensi tim sebesar 19%. Sangat direkomendasikan untuk program fast-track.,22
REV001109,EMP00555,2024-H1,2024-06-15,EMP00575,4,"Drs. telah bekerja dengan baik dalam tanggung jawab rutinnya. Area pengembangan utama: cross-functional collaboration. Dengan bimbingan yang tepat, Drs. berpotensi mencapai level berikutnya.",23
REV001110,EMP00555,2024-H2,2024-12-15,EMP00575,4,Drs. memenuhi sebagian besar target yang ditetapkan. Perlu pengembangan lebih lanjut dalam hal komunikasi. Disarankan mengikuti pelatihan data analytics bootcamp untuk mendukung pertumbuhan karier.,24
REV001111,EMP00556,2024-H1,2024-06-15,EMP00575,4,Secara keseluruhan Dr. menunjukkan performa yang adequate. Beberapa deliverable perlu peningkatan dari sisi kualitas. Komunikasi dengan stakeholder perlu diperkuat.,19
REV001112,EMP00556,2024-H2,2024-12-15,EMP00575,3,Dr. memenuhi sebagian besar target yang ditetapkan. Perlu pengembangan lebih lanjut dalam hal project management. Disarankan mengikuti pelatihan agile methodology untuk mendukung pertumbuhan karier.,24
REV001113,EMP00557,2024-H1,2024-06-15,EMP00575,3,Ihsan memenuhi sebagian besar target yang ditetapkan. Perlu pengembangan lebih lanjut dalam hal presentasi. Disarankan mengikuti pelatihan communication workshop untuk mendukung pertumbuhan karier.,23
REV001114,EMP00557,2024-H2,2024-12-15,EMP00575,3,Ihsan memenuhi sebagian besar target yang ditetapkan. Perlu pengembangan lebih lanjut dalam hal komunikasi. Disarankan mengikuti pelatihan communication workshop untuk mendukung pertumbuhan karier.,23
REV001115,EMP00558,2024-H1,2024-06-15,EMP00575,3,Secara keseluruhan Tgk. menunjukkan performa yang adequate. Beberapa deliverable perlu peningkatan dari sisi kualitas. Komunikasi dengan stakeholder perlu diperkuat.,19
REV001116,EMP00558,2024-H2,2024-12-15,EMP00575,3,Tgk. memenuhi sebagian besar target yang ditetapkan. Perlu pengembangan lebih lanjut dalam hal analisis data. Disarankan mengikuti pelatihan data analytics bootcamp untuk mendukung pertumbuhan karier.,25
REV001117,EMP00559,2024-H1,2024-06-15,EMP00575,4,"Cawuk telah bekerja dengan baik dalam tanggung jawab rutinnya. Area pengembangan utama: technical depth. Dengan bimbingan yang tepat, Cawuk berpotensi mencapai level berikutnya.",23
REV001118,EMP00559,2024-H2,2024-12-15,EMP00575,3,"Cawuk telah bekerja dengan baik dalam tanggung jawab rutinnya. Area pengembangan utama: time management. Dengan bimbingan yang tepat, Cawuk berpotensi mencapai level berikutnya.",23
REV001119,EMP00560,2024-H1,2024-06-15,EMP00575,1,Maida tampak kurang engaged dalam beberapa bulan terakhir. Absensi dalam team meeting meningkat. Perlu investigasi lebih lanjut.,17
REV001120,EMP00560,2024-H2,2024-12-15,EMP00575,2,Maida menghadapi tantangan dalam memenuhi ekspektasi peran saat ini. Perlu evaluasi ulang mengenai kesesuaian role dengan strengths yang dimiliki.,19
REV001121,EMP00561,2024-H1,2024-06-15,EMP00575,4,Performa Drs. luar biasa sepanjang kuartal ini. Berhasil menyelesaikan proyek peluncuran produk baru lebih awal dari jadwal dengan kualitas melebihi ekspektasi. Kontribusi pada tim sangat signifikan.,26
REV001122,EMP00561,2024-H2,2024-12-15,EMP00575,5,Drs. menunjukkan growth mindset yang kuat. Inisiatif dalam mengembangkan proses baru berhasil meningkatkan efisiensi tim sebesar 13%. Sangat direkomendasikan untuk program fast-track.,22
REV001123,EMP00562,2024-H1,2024-06-15,EMP00575,3,Secara keseluruhan Intan menunjukkan performa yang adequate. Beberapa deliverable perlu peningkatan dari sisi kualitas. Komunikasi dengan stakeholder perlu diperkuat.,19
REV001124,EMP00562,2024-H2,2024-12-15,EMP00575,4,Intan memenuhi sebagian besar target yang ditetapkan. Perlu pengembangan lebih lanjut dalam hal leadership. Disarankan mengikuti pelatihan communication workshop untuk mendukung pertumbuhan karier.,23
REV001125,EMP00563,2024-H1,2024-06-15,EMP00575,4,Secara keseluruhan Vicky menunjukkan performa yang adequate. Beberapa deliverable perlu peningkatan dari sisi kualitas. Komunikasi dengan stakeholder perlu diperkuat.,19
REV001126,EMP00563,2024-H2,2024-12-15,EMP00575,4,"Vicky telah bekerja dengan baik dalam tanggung jawab rutinnya. Area pengembangan utama: stakeholder communication. Dengan bimbingan yang tepat, Vicky berpotensi mencapai level berikutnya.",23
REV001127,EMP00564,2024-H1,2024-06-15,EMP00575,4,Liman memenuhi sebagian besar target yang ditetapkan. Perlu pengembangan lebih lanjut dalam hal komunikasi. Disarankan mengikuti pelatihan agile methodology untuk mendukung pertumbuhan karier.,23
REV001128,EMP00564,2024-H2,2024-12-15,EMP00575,4,"Liman telah bekerja dengan baik dalam tanggung jawab rutinnya. Area pengembangan utama: cross-functional collaboration. Dengan bimbingan yang tepat, Liman berpotensi mencapai level berikutnya.",23
REV001129,EMP00565,2024-H1,2024-06-15,EMP00575,3,Secara keseluruhan Gambira menunjukkan performa yang adequate. Beberapa deliverable perlu peningkatan dari sisi kualitas. Komunikasi dengan stakeholder perlu diperkuat.,19
REV001130,EMP00565,2024-H2,2024-12-15,EMP00575,4,Secara keseluruhan Gambira menunjukkan performa yang adequate. Beberapa deliverable perlu peningkatan dari sisi kualitas. Komunikasi dengan stakeholder perlu diperkuat.,19
REV001131,EMP00566,2024-H1,2024-06-15,EMP00575,4,Ir. memenuhi sebagian besar target yang ditetapkan. Perlu pengembangan lebih lanjut dalam hal analisis data. Disarankan mengikuti pelatihan agile methodology untuk mendukung pertumbuhan karier.,24
REV001132,EMP00566,2024-H2,2024-12-15,EMP00575,3,Ir. memenuhi sebagian besar target yang ditetapkan. Perlu pengembangan lebih lanjut dalam hal komunikasi. Disarankan mengikuti pelatihan agile methodology untuk mendukung pertumbuhan karier.,23
REV001133,EMP00567,2024-H1,2024-06-15,EMP00575,3,Tari memenuhi sebagian besar target yang ditetapkan. Perlu pengembangan lebih lanjut dalam hal presentasi. Disarankan mengikuti pelatihan leadership fundamental untuk mendukung pertumbuhan karier.,23
REV001134,EMP00567,2024-H2,2024-12-15,EMP00575,3,"Tari telah bekerja dengan baik dalam tanggung jawab rutinnya. Area pengembangan utama: stakeholder communication. Dengan bimbingan yang tepat, Tari berpotensi mencapai level berikutnya.",23
REV001135,EMP00568,2024-H1,2024-06-15,EMP00575,3,Secara keseluruhan R. menunjukkan performa yang adequate. Beberapa deliverable perlu peningkatan dari sisi kualitas. Komunikasi dengan stakeholder perlu diperkuat.,19
REV001136,EMP00568,2024-H2,2024-12-15,EMP00575,3,R. memenuhi sebagian besar target yang ditetapkan. Perlu pengembangan lebih lanjut dalam hal leadership. Disarankan mengikuti pelatihan leadership fundamental untuk mendukung pertumbuhan karier.,23
REV001137,EMP00569,2024-H1,2024-06-15,EMP00575,1,"Dalam diskusi 1-on-1, Hj. menyampaikan rasa kurang puas dengan beban kerja saat ini. Perlu perhatian HRD untuk mencegah potensi turnover.",20
REV001138,EMP00569,2024-H2,2024-12-15,EMP00575,2,Hj. menghadapi tantangan dalam memenuhi ekspektasi peran saat ini. Perlu evaluasi ulang mengenai kesesuaian role dengan strengths yang dimiliki.,19
REV001139,EMP00570,2024-H1,2024-06-15,EMP00575,3,Safina memenuhi sebagian besar target yang ditetapkan. Perlu pengembangan lebih lanjut dalam hal presentasi. Disarankan mengikuti pelatihan data analytics bootcamp untuk mendukung pertumbuhan karier.,24
REV001140,EMP00570,2024-H2,2024-12-15,EMP00575,3,Secara keseluruhan Safina menunjukkan performa yang adequate. Beberapa deliverable perlu peningkatan dari sisi kualitas. Komunikasi dengan stakeholder perlu diperkuat.,19
REV001141,EMP00571,2024-H1,2024-06-15,EMP00575,5,Diah menunjukkan growth mindset yang kuat. Inisiatif dalam mengembangkan proses baru berhasil meningkatkan efisiensi tim sebesar 8%. Sangat direkomendasikan untuk program fast-track.,22
REV001142,EMP00571,2024-H2,2024-12-15,EMP00575,5,Performa Diah luar biasa sepanjang kuartal ini. Berhasil menyelesaikan proyek restrukturisasi SOP lebih awal dari jadwal dengan kualitas melebihi ekspektasi. Kontribusi pada tim sangat signifikan.,25
REV001143,EMP00572,2024-H1,2024-06-15,EMP00575,4,Chelsea memenuhi sebagian besar target yang ditetapkan. Perlu pengembangan lebih lanjut dalam hal komunikasi. Disarankan mengikuti pelatihan communication workshop untuk mendukung pertumbuhan karier.,23
REV001144,EMP00572,2024-H2,2024-12-15,EMP00575,3,"Chelsea telah bekerja dengan baik dalam tanggung jawab rutinnya. Area pengembangan utama: cross-functional collaboration. Dengan bimbingan yang tepat, Chelsea berpotensi mencapai level berikutnya.",23
REV001145,EMP00573,2024-H1,2024-06-15,EMP00575,4,Syahrini memenuhi sebagian besar target yang ditetapkan. Perlu pengembangan lebih lanjut dalam hal presentasi. Disarankan mengikuti pelatihan data analytics bootcamp untuk mendukung pertumbuhan karier.,24
REV001146,EMP00573,2024-H2,2024-12-15,EMP00575,3,Secara keseluruhan Syahrini menunjukkan performa yang adequate. Beberapa deliverable perlu peningkatan dari sisi kualitas. Komunikasi dengan stakeholder perlu diperkuat.,19
REV001147,EMP00574,2024-H1,2024-06-15,EMP00575,4,"R. telah bekerja dengan baik dalam tanggung jawab rutinnya. Area pengembangan utama: technical depth. Dengan bimbingan yang tepat, R. berpotensi mencapai level berikutnya.",23
REV001148,EMP00574,2024-H2,2024-12-15,EMP00575,4,R. memenuhi sebagian besar target yang ditetapkan. Perlu pengembangan lebih lanjut dalam hal project management. Disarankan mengikuti pelatihan leadership fundamental untuk mendukung pertumbuhan karier.,24
REV001149,EMP00575,2024-H1,2024-06-15,,3,Mumpuni memenuhi sebagian besar target yang ditetapkan. Perlu pengembangan lebih lanjut dalam hal komunikasi. Disarankan mengikuti pelatihan agile methodology untuk mendukung pertumbuhan karier.,23
REV001150,EMP00575,2024-H2,2024-12-15,,4,"Mumpuni telah bekerja dengan baik dalam tanggung jawab rutinnya. Area pengembangan utama: technical depth. Dengan bimbingan yang tepat, Mumpuni berpotensi mencapai level berikutnya.",23
REV001151,EMP00576,2024-H1,2024-06-15,EMP00575,1,"Terdapat beberapa concern terkait performa Anita, khususnya dalam hal kolaborasi lintas tim. Perlu perhatian khusus dan rencana perbaikan yang konkret.",20
REV001152,EMP00576,2024-H2,2024-12-15,EMP00575,2,Anita belum mencapai target yang ditetapkan. Perlu improvement plan yang lebih terstruktur dalam 3 bulan ke depan. Disarankan untuk diskusi 1-on-1 lebih intensif.,23
REV001153,EMP00577,2024-H1,2024-06-15,EMP00575,3,Elvina memenuhi sebagian besar target yang ditetapkan. Perlu pengembangan lebih lanjut dalam hal komunikasi. Disarankan mengikuti pelatihan data analytics bootcamp untuk mendukung pertumbuhan karier.,24
REV001154,EMP00577,2024-H2,2024-12-15,EMP00575,4,"Elvina telah bekerja dengan baik dalam tanggung jawab rutinnya. Area pengembangan utama: time management. Dengan bimbingan yang tepat, Elvina berpotensi mencapai level berikutnya.",23
REV001155,EMP00578,2024-H1,2024-06-15,EMP00575,4,Secara keseluruhan Vivi menunjukkan performa yang adequate. Beberapa deliverable perlu peningkatan dari sisi kualitas. Komunikasi dengan stakeholder perlu diperkuat.,19
REV001156,EMP00578,2024-H2,2024-12-15,EMP00575,4,Vivi memenuhi sebagian besar target yang ditetapkan. Perlu pengembangan lebih lanjut dalam hal analisis data. Disarankan mengikuti pelatihan data analytics bootcamp untuk mendukung pertumbuhan karier.,25
REV001157,EMP00579,2024-H1,2024-06-15,EMP00575,3,Secara keseluruhan Darmanto menunjukkan performa yang adequate. Beberapa deliverable perlu peningkatan dari sisi kualitas. Komunikasi dengan stakeholder perlu diperkuat.,19
REV001158,EMP00579,2024-H2,2024-12-15,EMP00575,4,Darmanto memenuhi sebagian besar target yang ditetapkan. Perlu pengembangan lebih lanjut dalam hal analisis data. Disarankan mengikuti pelatihan agile methodology untuk mendukung pertumbuhan karier.,24
REV001159,EMP00580,2024-H1,2024-06-15,EMP00575,3,"Bahuwarna telah bekerja dengan baik dalam tanggung jawab rutinnya. Area pengembangan utama: stakeholder communication. Dengan bimbingan yang tepat, Bahuwarna berpotensi mencapai level berikutnya.",23
REV001160,EMP00580,2024-H2,2024-12-15,EMP00575,3,Secara keseluruhan Bahuwarna menunjukkan performa yang adequate. Beberapa deliverable perlu peningkatan dari sisi kualitas. Komunikasi dengan stakeholder perlu diperkuat.,19
REV001161,EMP00581,2024-H1,2024-06-15,,3,Secara keseluruhan Puti menunjukkan performa yang adequate. Beberapa deliverable perlu peningkatan dari sisi kualitas. Komunikasi dengan stakeholder perlu diperkuat.,19
REV001162,EMP00581,2024-H2,2024-12-15,,3,Secara keseluruhan Puti menunjukkan performa yang adequate. Beberapa deliverable perlu peningkatan dari sisi kualitas. Komunikasi dengan stakeholder perlu diperkuat.,19
REV001163,EMP00582,2024-H1,2024-06-15,EMP00575,4,"Mitra telah bekerja dengan baik dalam tanggung jawab rutinnya. Area pengembangan utama: time management. Dengan bimbingan yang tepat, Mitra berpotensi mencapai level berikutnya.",23
REV001164,EMP00582,2024-H2,2024-12-15,EMP00575,3,"Mitra telah bekerja dengan baik dalam tanggung jawab rutinnya. Area pengembangan utama: technical depth. Dengan bimbingan yang tepat, Mitra berpotensi mencapai level berikutnya.",23
REV001165,EMP00583,2024-H1,2024-06-15,EMP00575,4,Secara keseluruhan Drs. menunjukkan performa yang adequate. Beberapa deliverable perlu peningkatan dari sisi kualitas. Komunikasi dengan stakeholder perlu diperkuat.,19
REV001166,EMP00583,2024-H2,2024-12-15,EMP00575,3,Secara keseluruhan Drs. menunjukkan performa yang adequate. Beberapa deliverable perlu peningkatan dari sisi kualitas. Komunikasi dengan stakeholder perlu diperkuat.,19
REV001167,EMP00584,2024-H1,2024-06-15,EMP00575,3,Carub memenuhi sebagian besar target yang ditetapkan. Perlu pengembangan lebih lanjut dalam hal project management. Disarankan mengikuti pelatihan communication workshop untuk mendukung pertumbuhan karier.,24
REV001168,EMP00584,2024-H2,2024-12-15,EMP00575,4,Secara keseluruhan Carub menunjukkan performa yang adequate. Beberapa deliverable perlu peningkatan dari sisi kualitas. Komunikasi dengan stakeholder perlu diperkuat.,19
REV001169,EMP00585,2024-H1,2024-06-15,EMP00575,3,Secara keseluruhan Ir. menunjukkan performa yang adequate. Beberapa deliverable perlu peningkatan dari sisi kualitas. Komunikasi dengan stakeholder perlu diperkuat.,19
REV001170,EMP00585,2024-H2,2024-12-15,EMP00575,3,Ir. memenuhi sebagian besar target yang ditetapkan. Perlu pengembangan lebih lanjut dalam hal analisis data. Disarankan mengikuti pelatihan communication workshop untuk mendukung pertumbuhan karier.,24
REV001171,EMP00586,2024-H1,2024-06-15,EMP00575,3,Hendra beberapa kali mengekspresikan kekhawatiran terkait kompensasi dan jenjang karier. Disarankan untuk dilakukan retention conversation secepatnya.,16
REV001172,EMP00586,2024-H2,2024-12-15,EMP00575,3,"Dalam diskusi 1-on-1, Hendra menyampaikan rasa kurang puas dengan beban kerja saat ini. Perlu perhatian HRD untuk mencegah potensi turnover.",20
REV001173,EMP00587,2024-H1,2024-06-15,EMP00575,3,"Najib telah bekerja dengan baik dalam tanggung jawab rutinnya. Area pengembangan utama: time management. Dengan bimbingan yang tepat, Najib berpotensi mencapai level berikutnya.",23
REV001174,EMP00587,2024-H2,2024-12-15,EMP00575,4,"Najib telah bekerja dengan baik dalam tanggung jawab rutinnya. Area pengembangan utama: stakeholder communication. Dengan bimbingan yang tepat, Najib berpotensi mencapai level berikutnya.",23
REV001175,EMP00588,2024-H1,2024-06-15,EMP00575,4,"Tgk. telah bekerja dengan baik dalam tanggung jawab rutinnya. Area pengembangan utama: time management. Dengan bimbingan yang tepat, Tgk. berpotensi mencapai level berikutnya.",23
REV001176,EMP00588,2024-H2,2024-12-15,EMP00575,3,Tgk. memenuhi sebagian besar target yang ditetapkan. Perlu pengembangan lebih lanjut dalam hal presentasi. Disarankan mengikuti pelatihan communication workshop untuk mendukung pertumbuhan karier.,23
REV001177,EMP00589,2024-H1,2024-06-15,EMP00575,3,Secara keseluruhan Kasusra menunjukkan performa yang adequate. Beberapa deliverable perlu peningkatan dari sisi kualitas. Komunikasi dengan stakeholder perlu diperkuat.,19
REV001178,EMP00589,2024-H2,2024-12-15,EMP00575,3,"Kasusra telah bekerja dengan baik dalam tanggung jawab rutinnya. Area pengembangan utama: stakeholder communication. Dengan bimbingan yang tepat, Kasusra berpotensi mencapai level berikutnya.",23
REV001179,EMP00590,2024-H1,2024-06-15,EMP00575,3,Yessi memenuhi sebagian besar target yang ditetapkan. Perlu pengembangan lebih lanjut dalam hal presentasi. Disarankan mengikuti pelatihan data analytics bootcamp untuk mendukung pertumbuhan karier.,24
REV001180,EMP00590,2024-H2,2024-12-15,EMP00575,3,Secara keseluruhan Yessi menunjukkan performa yang adequate. Beberapa deliverable perlu peningkatan dari sisi kualitas. Komunikasi dengan stakeholder perlu diperkuat.,19
REV001181,EMP00591,2024-H1,2024-06-15,EMP00601,4,Performa R.A. luar biasa sepanjang kuartal ini. Berhasil menyelesaikan proyek peluncuran produk baru lebih awal dari jadwal dengan kualitas melebihi ekspektasi. Kontribusi pada tim sangat signifikan.,26
REV001182,EMP00591,2024-H2,2024-12-15,EMP00601,4,Performa R.A. luar biasa sepanjang kuartal ini. Berhasil menyelesaikan proyek migrasi sistem lebih awal dari jadwal dengan kualitas melebihi ekspektasi. Kontribusi pada tim sangat signifikan.,25
REV001183,EMP00592,2024-H1,2024-06-15,EMP00601,4,Performa Malika luar biasa sepanjang kuartal ini. Berhasil menyelesaikan proyek peluncuran produk baru lebih awal dari jadwal dengan kualitas melebihi ekspektasi. Kontribusi pada tim sangat signifikan.,26
REV001184,EMP00592,2024-H2,2024-12-15,EMP00601,4,Performa Malika luar biasa sepanjang kuartal ini. Berhasil menyelesaikan proyek peluncuran produk baru lebih awal dari jadwal dengan kualitas melebihi ekspektasi. Kontribusi pada tim sangat signifikan.,26
REV001185,EMP00593,2024-H1,2024-06-15,EMP00601,2,dr. belum mencapai target yang ditetapkan. Perlu improvement plan yang lebih terstruktur dalam 3 bulan ke depan. Disarankan untuk diskusi 1-on-1 lebih intensif.,23
REV001186,EMP00593,2024-H2,2024-12-15,EMP00601,1,dr. belum mencapai target yang ditetapkan. Perlu improvement plan yang lebih terstruktur dalam 3 bulan ke depan. Disarankan untuk diskusi 1-on-1 lebih intensif.,23
REV001187,EMP00594,2024-H1,2024-06-15,EMP00601,3,Rendy memenuhi sebagian besar target yang ditetapkan. Perlu pengembangan lebih lanjut dalam hal project management. Disarankan mengikuti pelatihan leadership fundamental untuk mendukung pertumbuhan karier.,24
REV001188,EMP00594,2024-H2,2024-12-15,EMP00601,3,"Rendy telah bekerja dengan baik dalam tanggung jawab rutinnya. Area pengembangan utama: time management. Dengan bimbingan yang tepat, Rendy berpotensi mencapai level berikutnya.",23
REV001189,EMP00595,2024-H1,2024-06-15,EMP00601,3,"Drs. telah bekerja dengan baik dalam tanggung jawab rutinnya. Area pengembangan utama: cross-functional collaboration. Dengan bimbingan yang tepat, Drs. berpotensi mencapai level berikutnya.",23
REV001190,EMP00595,2024-H2,2024-12-15,EMP00601,3,Secara keseluruhan Drs. menunjukkan performa yang adequate. Beberapa deliverable perlu peningkatan dari sisi kualitas. Komunikasi dengan stakeholder perlu diperkuat.,19
REV001191,EMP00596,2024-H1,2024-06-15,EMP00601,5,Jaya menunjukkan growth mindset yang kuat. Inisiatif dalam mengembangkan proses baru berhasil meningkatkan efisiensi tim sebesar 23%. Sangat direkomendasikan untuk program fast-track.,22
REV001192,EMP00596,2024-H2,2024-12-15,EMP00601,4,Performa Jaya luar biasa sepanjang kuartal ini. Berhasil menyelesaikan proyek migrasi sistem lebih awal dari jadwal dengan kualitas melebihi ekspektasi. Kontribusi pada tim sangat signifikan.,25
REV001193,EMP00597,2024-H1,2024-06-15,EMP00601,4,"Narji telah bekerja dengan baik dalam tanggung jawab rutinnya. Area pengembangan utama: stakeholder communication. Dengan bimbingan yang tepat, Narji berpotensi mencapai level berikutnya.",23
REV001194,EMP00597,2024-H2,2024-12-15,EMP00601,4,"Narji telah bekerja dengan baik dalam tanggung jawab rutinnya. Area pengembangan utama: stakeholder communication. Dengan bimbingan yang tepat, Narji berpotensi mencapai level berikutnya.",23
REV001195,EMP00598,2024-H1,2024-06-15,EMP00601,3,Secara keseluruhan Puti menunjukkan performa yang adequate. Beberapa deliverable perlu peningkatan dari sisi kualitas. Komunikasi dengan stakeholder perlu diperkuat.,19
REV001196,EMP00598,2024-H2,2024-12-15,EMP00601,3,"Puti telah bekerja dengan baik dalam tanggung jawab rutinnya. Area pengembangan utama: stakeholder communication. Dengan bimbingan yang tepat, Puti berpotensi mencapai level berikutnya.",23
REV001197,EMP00599,2024-H1,2024-06-15,EMP00601,3,"Mila telah bekerja dengan baik dalam tanggung jawab rutinnya. Area pengembangan utama: cross-functional collaboration. Dengan bimbingan yang tepat, Mila berpotensi mencapai level berikutnya.",23
REV001198,EMP00599,2024-H2,2024-12-15,EMP00601,4,Mila memenuhi sebagian besar target yang ditetapkan. Perlu pengembangan lebih lanjut dalam hal komunikasi. Disarankan mengikuti pelatihan agile methodology untuk mendukung pertumbuhan karier.,23
REV001199,EMP00600,2024-H1,2024-06-15,EMP00601,5,Performa Radika luar biasa sepanjang kuartal ini. Berhasil menyelesaikan proyek optimasi pipeline data lebih awal dari jadwal dengan kualitas melebihi ekspektasi. Kontribusi pada tim sangat signifikan.,26
REV001200,EMP00600,2024-H2,2024-12-15,EMP00601,5,Radika secara konsisten melampaui target yang ditetapkan. Kemampuan teknis dan kepemimpinan tim sangat menonjol. Rekomendasikan untuk promosi ke level berikutnya dalam 6 bulan ke depan.,25
REV001201,EMP00601,2024-H1,2024-06-15,,3,"Warsita telah bekerja dengan baik dalam tanggung jawab rutinnya. Area pengembangan utama: technical depth. Dengan bimbingan yang tepat, Warsita berpotensi mencapai level berikutnya.",23
REV001202,EMP00601,2024-H2,2024-12-15,,4,Secara keseluruhan Warsita menunjukkan performa yang adequate. Beberapa deliverable perlu peningkatan dari sisi kualitas. Komunikasi dengan stakeholder perlu diperkuat.,19
REV001203,EMP00602,2024-H1,2024-06-15,EMP00601,4,"Dr. telah bekerja dengan baik dalam tanggung jawab rutinnya. Area pengembangan utama: cross-functional collaboration. Dengan bimbingan yang tepat, Dr. berpotensi mencapai level berikutnya.",23
REV001204,EMP00602,2024-H2,2024-12-15,EMP00601,3,Dr. memenuhi sebagian besar target yang ditetapkan. Perlu pengembangan lebih lanjut dalam hal project management. Disarankan mengikuti pelatihan agile methodology untuk mendukung pertumbuhan karier.,24
REV001205,EMP00603,2024-H1,2024-06-15,EMP00601,4,Harto secara konsisten melampaui target yang ditetapkan. Kemampuan teknis dan kepemimpinan tim sangat menonjol. Rekomendasikan untuk promosi ke level berikutnya dalam 6 bulan ke depan.,25
REV001206,EMP00603,2024-H2,2024-12-15,EMP00601,5,Harto menunjukkan growth mindset yang kuat. Inisiatif dalam mengembangkan proses baru berhasil meningkatkan efisiensi tim sebesar 12%. Sangat direkomendasikan untuk program fast-track.,22
REV001207,EMP00604,2024-H1,2024-06-15,EMP00601,3,Secara keseluruhan Gilda menunjukkan performa yang adequate. Beberapa deliverable perlu peningkatan dari sisi kualitas. Komunikasi dengan stakeholder perlu diperkuat.,19
REV001208,EMP00604,2024-H2,2024-12-15,EMP00601,4,Gilda memenuhi sebagian besar target yang ditetapkan. Perlu pengembangan lebih lanjut dalam hal presentasi. Disarankan mengikuti pelatihan communication workshop untuk mendukung pertumbuhan karier.,23
REV001209,EMP00605,2024-H1,2024-06-15,EMP00601,3,Hardi memenuhi sebagian besar target yang ditetapkan. Perlu pengembangan lebih lanjut dalam hal leadership. Disarankan mengikuti pelatihan leadership fundamental untuk mendukung pertumbuhan karier.,23
REV001210,EMP00605,2024-H2,2024-12-15,EMP00601,4,"Hardi telah bekerja dengan baik dalam tanggung jawab rutinnya. Area pengembangan utama: time management. Dengan bimbingan yang tepat, Hardi berpotensi mencapai level berikutnya.",23
REV001211,EMP00606,2024-H1,2024-06-15,EMP00601,4,Galuh memenuhi sebagian besar target yang ditetapkan. Perlu pengembangan lebih lanjut dalam hal presentasi. Disarankan mengikuti pelatihan leadership fundamental untuk mendukung pertumbuhan karier.,23
REV001212,EMP00606,2024-H2,2024-12-15,EMP00601,4,"Galuh telah bekerja dengan baik dalam tanggung jawab rutinnya. Area pengembangan utama: technical depth. Dengan bimbingan yang tepat, Galuh berpotensi mencapai level berikutnya.",23
REV001213,EMP00607,2024-H1,2024-06-15,EMP00601,5,Performa Hj. luar biasa sepanjang kuartal ini. Berhasil menyelesaikan proyek migrasi sistem lebih awal dari jadwal dengan kualitas melebihi ekspektasi. Kontribusi pada tim sangat signifikan.,25
REV001214,EMP00607,2024-H2,2024-12-15,EMP00601,5,Hj. menunjukkan growth mindset yang kuat. Inisiatif dalam mengembangkan proses baru berhasil meningkatkan efisiensi tim sebesar 15%. Sangat direkomendasikan untuk program fast-track.,22
REV001215,EMP00608,2024-H1,2024-06-15,EMP00601,3,Secara keseluruhan Edison menunjukkan performa yang adequate. Beberapa deliverable perlu peningkatan dari sisi kualitas. Komunikasi dengan stakeholder perlu diperkuat.,19
REV001216,EMP00608,2024-H2,2024-12-15,EMP00601,3,"Edison telah bekerja dengan baik dalam tanggung jawab rutinnya. Area pengembangan utama: time management. Dengan bimbingan yang tepat, Edison berpotensi mencapai level berikutnya.",23
REV001217,EMP00609,2024-H1,2024-06-15,EMP00601,3,"Dalam diskusi 1-on-1, Yance menyampaikan rasa kurang puas dengan beban kerja saat ini. Perlu perhatian HRD untuk mencegah potensi turnover.",20
REV001218,EMP00609,2024-H2,2024-12-15,EMP00601,3,"Terdapat beberapa concern terkait performa Yance, khususnya dalam hal kolaborasi lintas tim. Perlu perhatian khusus dan rencana perbaikan yang konkret.",20
REV001219,EMP00610,2024-H1,2024-06-15,EMP00601,5,Raisa menunjukkan growth mindset yang kuat. Inisiatif dalam mengembangkan proses baru berhasil meningkatkan efisiensi tim sebesar 13%. Sangat direkomendasikan untuk program fast-track.,22
REV001220,EMP00610,2024-H2,2024-12-15,EMP00601,4,Raisa secara konsisten melampaui target yang ditetapkan. Kemampuan teknis dan kepemimpinan tim sangat menonjol. Rekomendasikan untuk promosi ke level berikutnya dalam 6 bulan ke depan.,25
REV001221,EMP00611,2024-H1,2024-06-15,EMP00601,4,Secara keseluruhan Ajiman menunjukkan performa yang adequate. Beberapa deliverable perlu peningkatan dari sisi kualitas. Komunikasi dengan stakeholder perlu diperkuat.,19
REV001222,EMP00611,2024-H2,2024-12-15,EMP00601,3,"Ajiman telah bekerja dengan baik dalam tanggung jawab rutinnya. Area pengembangan utama: technical depth. Dengan bimbingan yang tepat, Ajiman berpotensi mencapai level berikutnya.",23
REV001223,EMP00612,2024-H1,2024-06-15,,4,Secara keseluruhan Rafid menunjukkan performa yang adequate. Beberapa deliverable perlu peningkatan dari sisi kualitas. Komunikasi dengan stakeholder perlu diperkuat.,19
REV001224,EMP00612,2024-H2,2024-12-15,,4,Rafid memenuhi sebagian besar target yang ditetapkan. Perlu pengembangan lebih lanjut dalam hal project management. Disarankan mengikuti pelatihan communication workshop untuk mendukung pertumbuhan karier.,24
REV001225,EMP00613,2024-H1,2024-06-15,,3,Secara keseluruhan H. menunjukkan performa yang adequate. Beberapa deliverable perlu peningkatan dari sisi kualitas. Komunikasi dengan stakeholder perlu diperkuat.,19
REV001226,EMP00613,2024-H2,2024-12-15,,4,"H. telah bekerja dengan baik dalam tanggung jawab rutinnya. Area pengembangan utama: time management. Dengan bimbingan yang tepat, H. berpotensi mencapai level berikutnya.",23
REV001227,EMP00614,2024-H1,2024-06-15,EMP00601,4,Carla menunjukkan growth mindset yang kuat. Inisiatif dalam mengembangkan proses baru berhasil meningkatkan efisiensi tim sebesar 14%. Sangat direkomendasikan untuk program fast-track.,22
REV001228,EMP00614,2024-H2,2024-12-15,EMP00601,4,Carla tampak kurang engaged dalam beberapa bulan terakhir. Absensi dalam team meeting meningkat. Perlu investigasi lebih lanjut.,17
REV001229,EMP00615,2024-H1,2024-06-15,EMP00601,4,"Gada telah bekerja dengan baik dalam tanggung jawab rutinnya. Area pengembangan utama: time management. Dengan bimbingan yang tepat, Gada berpotensi mencapai level berikutnya.",23
REV001230,EMP00615,2024-H2,2024-12-15,EMP00601,3,Secara keseluruhan Gada menunjukkan performa yang adequate. Beberapa deliverable perlu peningkatan dari sisi kualitas. Komunikasi dengan stakeholder perlu diperkuat.,19
REV001231,EMP00616,2024-H1,2024-06-15,EMP00601,4,"Digdaya telah bekerja dengan baik dalam tanggung jawab rutinnya. Area pengembangan utama: technical depth. Dengan bimbingan yang tepat, Digdaya berpotensi mencapai level berikutnya.",23
REV001232,EMP00616,2024-H2,2024-12-15,EMP00601,4,"Digdaya telah bekerja dengan baik dalam tanggung jawab rutinnya. Area pengembangan utama: time management. Dengan bimbingan yang tepat, Digdaya berpotensi mencapai level berikutnya.",23
REV001233,EMP00617,2024-H1,2024-06-15,EMP00601,3,"Putu telah bekerja dengan baik dalam tanggung jawab rutinnya. Area pengembangan utama: stakeholder communication. Dengan bimbingan yang tepat, Putu berpotensi mencapai level berikutnya.",23
REV001234,EMP00617,2024-H2,2024-12-15,EMP00601,4,Putu beberapa kali mengekspresikan kekhawatiran terkait kompensasi dan jenjang karier. Disarankan untuk dilakukan retention conversation secepatnya.,16
REV001235,EMP00618,2024-H1,2024-06-15,EMP00601,5,Performa Balapati luar biasa sepanjang kuartal ini. Berhasil menyelesaikan proyek optimasi pipeline data lebih awal dari jadwal dengan kualitas melebihi ekspektasi. Kontribusi pada tim sangat signifikan.,26
REV001236,EMP00618,2024-H2,2024-12-15,EMP00601,5,Balapati secara konsisten melampaui target yang ditetapkan. Kemampuan teknis dan kepemimpinan tim sangat menonjol. Rekomendasikan untuk promosi ke level berikutnya dalam 6 bulan ke depan.,25
REV001237,EMP00619,2024-H1,2024-06-15,EMP00601,3,Secara keseluruhan Drs. menunjukkan performa yang adequate. Beberapa deliverable perlu peningkatan dari sisi kualitas. Komunikasi dengan stakeholder perlu diperkuat.,19
REV001238,EMP00619,2024-H2,2024-12-15,EMP00601,3,Drs. beberapa kali mengekspresikan kekhawatiran terkait kompensasi dan jenjang karier. Disarankan untuk dilakukan retention conversation secepatnya.,16
REV001239,EMP00620,2024-H1,2024-06-15,EMP00601,3,"Dalam diskusi 1-on-1, Drs. menyampaikan rasa kurang puas dengan beban kerja saat ini. Perlu perhatian HRD untuk mencegah potensi turnover.",20
REV001240,EMP00620,2024-H2,2024-12-15,EMP00601,3,"Drs. telah bekerja dengan baik dalam tanggung jawab rutinnya. Area pengembangan utama: time management. Dengan bimbingan yang tepat, Drs. berpotensi mencapai level berikutnya.",23
REV001241,EMP00621,2024-H1,2024-06-15,EMP00601,3,Maria memenuhi sebagian besar target yang ditetapkan. Perlu pengembangan lebih lanjut dalam hal presentasi. Disarankan mengikuti pelatihan data analytics bootcamp untuk mendukung pertumbuhan karier.,24
REV001242,EMP00621,2024-H2,2024-12-15,EMP00601,3,"Maria telah bekerja dengan baik dalam tanggung jawab rutinnya. Area pengembangan utama: cross-functional collaboration. Dengan bimbingan yang tepat, Maria berpotensi mencapai level berikutnya.",23
REV001243,EMP00622,2024-H1,2024-06-15,EMP00601,5,Performa dr. luar biasa sepanjang kuartal ini. Berhasil menyelesaikan proyek optimasi pipeline data lebih awal dari jadwal dengan kualitas melebihi ekspektasi. Kontribusi pada tim sangat signifikan.,26
REV001244,EMP00622,2024-H2,2024-12-15,EMP00601,5,dr. secara konsisten melampaui target yang ditetapkan. Kemampuan teknis dan kepemimpinan tim sangat menonjol. Rekomendasikan untuk promosi ke level berikutnya dalam 6 bulan ke depan.,25
REV001245,EMP00623,2024-H1,2024-06-15,EMP00601,3,Secara keseluruhan Fitria menunjukkan performa yang adequate. Beberapa deliverable perlu peningkatan dari sisi kualitas. Komunikasi dengan stakeholder perlu diperkuat.,19
REV001246,EMP00623,2024-H2,2024-12-15,EMP00601,3,Fitria beberapa kali mengekspresikan kekhawatiran terkait kompensasi dan jenjang karier. Disarankan untuk dilakukan retention conversation secepatnya.,16
REV001247,EMP00624,2024-H1,2024-06-15,EMP00601,3,Secara keseluruhan Bakiadi menunjukkan performa yang adequate. Beberapa deliverable perlu peningkatan dari sisi kualitas. Komunikasi dengan stakeholder perlu diperkuat.,19
REV001248,EMP00624,2024-H2,2024-12-15,EMP00601,4,Bakiadi memenuhi sebagian besar target yang ditetapkan. Perlu pengembangan lebih lanjut dalam hal leadership. Disarankan mengikuti pelatihan leadership fundamental untuk mendukung pertumbuhan karier.,23
REV001249,EMP00625,2024-H1,2024-06-15,EMP00601,3,Xanana memenuhi sebagian besar target yang ditetapkan. Perlu pengembangan lebih lanjut dalam hal project management. Disarankan mengikuti pelatihan leadership fundamental untuk mendukung pertumbuhan karier.,24
REV001250,EMP00625,2024-H2,2024-12-15,EMP00601,4,Secara keseluruhan Xanana menunjukkan performa yang adequate. Beberapa deliverable perlu peningkatan dari sisi kualitas. Komunikasi dengan stakeholder perlu diperkuat.,19
REV001251,EMP00626,2024-H1,2024-06-15,EMP00601,4,"Dalam diskusi 1-on-1, Dr. menyampaikan rasa kurang puas dengan beban kerja saat ini. Perlu perhatian HRD untuk mencegah potensi turnover.",20
REV001252,EMP00626,2024-H2,2024-12-15,EMP00601,4,"Dalam diskusi 1-on-1, Dr. menyampaikan rasa kurang puas dengan beban kerja saat ini. Perlu perhatian HRD untuk mencegah potensi turnover.",20
REV001253,EMP00627,2024-H1,2024-06-15,EMP00601,3,Dt. memenuhi sebagian besar target yang ditetapkan. Perlu pengembangan lebih lanjut dalam hal leadership. Disarankan mengikuti pelatihan agile methodology untuk mendukung pertumbuhan karier.,23
REV001254,EMP00627,2024-H2,2024-12-15,EMP00601,3,"Dt. telah bekerja dengan baik dalam tanggung jawab rutinnya. Area pengembangan utama: time management. Dengan bimbingan yang tepat, Dt. berpotensi mencapai level berikutnya.",23
REV001255,EMP00628,2024-H1,2024-06-15,EMP00601,3,"Makara telah bekerja dengan baik dalam tanggung jawab rutinnya. Area pengembangan utama: time management. Dengan bimbingan yang tepat, Makara berpotensi mencapai level berikutnya.",23
REV001256,EMP00628,2024-H2,2024-12-15,EMP00601,4,Makara memenuhi sebagian besar target yang ditetapkan. Perlu pengembangan lebih lanjut dalam hal leadership. Disarankan mengikuti pelatihan agile methodology untuk mendukung pertumbuhan karier.,23
REV001257,EMP00629,2024-H1,2024-06-15,,3,Secara keseluruhan Hafshah menunjukkan performa yang adequate. Beberapa deliverable perlu peningkatan dari sisi kualitas. Komunikasi dengan stakeholder perlu diperkuat.,19
REV001258,EMP00629,2024-H2,2024-12-15,,3,"Hafshah telah bekerja dengan baik dalam tanggung jawab rutinnya. Area pengembangan utama: technical depth. Dengan bimbingan yang tepat, Hafshah berpotensi mencapai level berikutnya.",23
REV001259,EMP00630,2024-H1,2024-06-15,EMP00601,5,Winda secara konsisten melampaui target yang ditetapkan. Kemampuan teknis dan kepemimpinan tim sangat menonjol. Rekomendasikan untuk promosi ke level berikutnya dalam 6 bulan ke depan.,25
REV001260,EMP00630,2024-H2,2024-12-15,EMP00601,4,Performa Winda luar biasa sepanjang kuartal ini. Berhasil menyelesaikan proyek optimasi pipeline data lebih awal dari jadwal dengan kualitas melebihi ekspektasi. Kontribusi pada tim sangat signifikan.,26
REV001261,EMP00631,2024-H1,2024-06-15,EMP00601,3,Secara keseluruhan Halima menunjukkan performa yang adequate. Beberapa deliverable perlu peningkatan dari sisi kualitas. Komunikasi dengan stakeholder perlu diperkuat.,19
REV001262,EMP00631,2024-H2,2024-12-15,EMP00601,3,Secara keseluruhan Halima menunjukkan performa yang adequate. Beberapa deliverable perlu peningkatan dari sisi kualitas. Komunikasi dengan stakeholder perlu diperkuat.,19
REV001263,EMP00632,2024-H1,2024-06-15,EMP00601,4,Secara keseluruhan Bala menunjukkan performa yang adequate. Beberapa deliverable perlu peningkatan dari sisi kualitas. Komunikasi dengan stakeholder perlu diperkuat.,19
REV001264,EMP00632,2024-H2,2024-12-15,EMP00601,3,Bala memenuhi sebagian besar target yang ditetapkan. Perlu pengembangan lebih lanjut dalam hal komunikasi. Disarankan mengikuti pelatihan data analytics bootcamp untuk mendukung pertumbuhan karier.,24
REV001265,EMP00633,2024-H1,2024-06-15,EMP00601,4,Artawan memenuhi sebagian besar target yang ditetapkan. Perlu pengembangan lebih lanjut dalam hal presentasi. Disarankan mengikuti pelatihan data analytics bootcamp untuk mendukung pertumbuhan karier.,24
REV001266,EMP00633,2024-H2,2024-12-15,EMP00601,4,Artawan memenuhi sebagian besar target yang ditetapkan. Perlu pengembangan lebih lanjut dalam hal project management. Disarankan mengikuti pelatihan leadership fundamental untuk mendukung pertumbuhan karier.,24
REV001267,EMP00634,2024-H1,2024-06-15,EMP00601,5,Performa Tgk. luar biasa sepanjang kuartal ini. Berhasil menyelesaikan proyek restrukturisasi SOP lebih awal dari jadwal dengan kualitas melebihi ekspektasi. Kontribusi pada tim sangat signifikan.,25
REV001268,EMP00634,2024-H2,2024-12-15,EMP00601,4,Tgk. menunjukkan growth mindset yang kuat. Inisiatif dalam mengembangkan proses baru berhasil meningkatkan efisiensi tim sebesar 26%. Sangat direkomendasikan untuk program fast-track.,22
REV001269,EMP00635,2024-H1,2024-06-15,EMP00601,1,Radika beberapa kali mengekspresikan kekhawatiran terkait kompensasi dan jenjang karier. Disarankan untuk dilakukan retention conversation secepatnya.,16
REV001270,EMP00635,2024-H2,2024-12-15,EMP00601,1,"Terdapat beberapa concern terkait performa Radika, khususnya dalam hal proaktivitas. Perlu perhatian khusus dan rencana perbaikan yang konkret.",18
REV001271,EMP00636,2024-H1,2024-06-15,EMP00601,4,Natalia memenuhi sebagian besar target yang ditetapkan. Perlu pengembangan lebih lanjut dalam hal analisis data. Disarankan mengikuti pelatihan communication workshop untuk mendukung pertumbuhan karier.,24
REV001272,EMP00636,2024-H2,2024-12-15,EMP00601,3,Secara keseluruhan Natalia menunjukkan performa yang adequate. Beberapa deliverable perlu peningkatan dari sisi kualitas. Komunikasi dengan stakeholder perlu diperkuat.,19
REV001273,EMP00637,2024-H1,2024-06-15,EMP00601,3,"R.M. telah bekerja dengan baik dalam tanggung jawab rutinnya. Area pengembangan utama: stakeholder communication. Dengan bimbingan yang tepat, R.M. berpotensi mencapai level berikutnya.",23
REV001274,EMP00637,2024-H2,2024-12-15,EMP00601,3,Secara keseluruhan R.M. menunjukkan performa yang adequate. Beberapa deliverable perlu peningkatan dari sisi kualitas. Komunikasi dengan stakeholder perlu diperkuat.,19
REV001275,EMP00638,2024-H1,2024-06-15,EMP00601,3,Secara keseluruhan Farah menunjukkan performa yang adequate. Beberapa deliverable perlu peningkatan dari sisi kualitas. Komunikasi dengan stakeholder perlu diperkuat.,19
REV001276,EMP00638,2024-H2,2024-12-15,EMP00601,4,"Farah telah bekerja dengan baik dalam tanggung jawab rutinnya. Area pengembangan utama: stakeholder communication. Dengan bimbingan yang tepat, Farah berpotensi mencapai level berikutnya.",23
REV001277,EMP00639,2024-H1,2024-06-15,EMP00601,3,"Sutan telah bekerja dengan baik dalam tanggung jawab rutinnya. Area pengembangan utama: stakeholder communication. Dengan bimbingan yang tepat, Sutan berpotensi mencapai level berikutnya.",23
REV001278,EMP00639,2024-H2,2024-12-15,EMP00601,3,Sutan memenuhi sebagian besar target yang ditetapkan. Perlu pengembangan lebih lanjut dalam hal project management. Disarankan mengikuti pelatihan leadership fundamental untuk mendukung pertumbuhan karier.,24
REV001279,EMP00640,2024-H1,2024-06-15,EMP00601,3,Oliva memenuhi sebagian besar target yang ditetapkan. Perlu pengembangan lebih lanjut dalam hal komunikasi. Disarankan mengikuti pelatihan leadership fundamental untuk mendukung pertumbuhan karier.,23
REV001280,EMP00640,2024-H2,2024-12-15,EMP00601,3,Secara keseluruhan Oliva menunjukkan performa yang adequate. Beberapa deliverable perlu peningkatan dari sisi kualitas. Komunikasi dengan stakeholder perlu diperkuat.,19
REV001281,EMP00641,2024-H1,2024-06-15,EMP00601,3,Drs. memenuhi sebagian besar target yang ditetapkan. Perlu pengembangan lebih lanjut dalam hal project management. Disarankan mengikuti pelatihan communication workshop untuk mendukung pertumbuhan karier.,24
REV001282,EMP00641,2024-H2,2024-12-15,EMP00601,3,"Drs. telah bekerja dengan baik dalam tanggung jawab rutinnya. Area pengembangan utama: stakeholder communication. Dengan bimbingan yang tepat, Drs. berpotensi mencapai level berikutnya.",23
REV001283,EMP00642,2024-H1,2024-06-15,EMP00601,4,Ir. secara konsisten melampaui target yang ditetapkan. Kemampuan teknis dan kepemimpinan tim sangat menonjol. Rekomendasikan untuk promosi ke level berikutnya dalam 6 bulan ke depan.,25
REV001284,EMP00642,2024-H2,2024-12-15,EMP00601,5,Ir. menunjukkan growth mindset yang kuat. Inisiatif dalam mengembangkan proses baru berhasil meningkatkan efisiensi tim sebesar 20%. Sangat direkomendasikan untuk program fast-track.,22
REV001285,EMP00643,2024-H1,2024-06-15,EMP00601,3,Secara keseluruhan Cut menunjukkan performa yang adequate. Beberapa deliverable perlu peningkatan dari sisi kualitas. Komunikasi dengan stakeholder perlu diperkuat.,19
REV001286,EMP00643,2024-H2,2024-12-15,EMP00601,3,"Cut telah bekerja dengan baik dalam tanggung jawab rutinnya. Area pengembangan utama: cross-functional collaboration. Dengan bimbingan yang tepat, Cut berpotensi mencapai level berikutnya.",23
REV001287,EMP00644,2024-H1,2024-06-15,EMP00601,2,"Terdapat beberapa concern terkait performa Dewi, khususnya dalam hal proaktivitas. Perlu perhatian khusus dan rencana perbaikan yang konkret.",18
REV001288,EMP00644,2024-H2,2024-12-15,EMP00601,2,Dewi menghadapi tantangan dalam memenuhi ekspektasi peran saat ini. Perlu evaluasi ulang mengenai kesesuaian role dengan strengths yang dimiliki.,19
REV001289,EMP00645,2024-H1,2024-06-15,EMP00601,4,Secara keseluruhan Lalita menunjukkan performa yang adequate. Beberapa deliverable perlu peningkatan dari sisi kualitas. Komunikasi dengan stakeholder perlu diperkuat.,19
REV001290,EMP00645,2024-H2,2024-12-15,EMP00601,3,"Lalita telah bekerja dengan baik dalam tanggung jawab rutinnya. Area pengembangan utama: stakeholder communication. Dengan bimbingan yang tepat, Lalita berpotensi mencapai level berikutnya.",23
REV001291,EMP00646,2024-H1,2024-06-15,EMP00601,3,Jessica memenuhi sebagian besar target yang ditetapkan. Perlu pengembangan lebih lanjut dalam hal komunikasi. Disarankan mengikuti pelatihan leadership fundamental untuk mendukung pertumbuhan karier.,23
REV001292,EMP00646,2024-H2,2024-12-15,EMP00601,3,Jessica tampak kurang engaged dalam beberapa bulan terakhir. Absensi dalam team meeting meningkat. Perlu investigasi lebih lanjut.,17
REV001293,EMP00647,2024-H1,2024-06-15,EMP00601,3,Talia memenuhi sebagian besar target yang ditetapkan. Perlu pengembangan lebih lanjut dalam hal project management. Disarankan mengikuti pelatihan communication workshop untuk mendukung pertumbuhan karier.,24
REV001294,EMP00647,2024-H2,2024-12-15,EMP00601,4,Talia memenuhi sebagian besar target yang ditetapkan. Perlu pengembangan lebih lanjut dalam hal analisis data. Disarankan mengikuti pelatihan communication workshop untuk mendukung pertumbuhan karier.,24
REV001295,EMP00648,2024-H1,2024-06-15,EMP00601,3,"Wirda telah bekerja dengan baik dalam tanggung jawab rutinnya. Area pengembangan utama: cross-functional collaboration. Dengan bimbingan yang tepat, Wirda berpotensi mencapai level berikutnya.",23
REV001296,EMP00648,2024-H2,2024-12-15,EMP00601,3,"Wirda telah bekerja dengan baik dalam tanggung jawab rutinnya. Area pengembangan utama: stakeholder communication. Dengan bimbingan yang tepat, Wirda berpotensi mencapai level berikutnya.",23
REV001297,EMP00649,2024-H1,2024-06-15,EMP00601,3,Wani beberapa kali mengekspresikan kekhawatiran terkait kompensasi dan jenjang karier. Disarankan untuk dilakukan retention conversation secepatnya.,16
REV001298,EMP00649,2024-H2,2024-12-15,EMP00601,3,Secara keseluruhan Wani menunjukkan performa yang adequate. Beberapa deliverable perlu peningkatan dari sisi kualitas. Komunikasi dengan stakeholder perlu diperkuat.,19
REV001299,EMP00650,2024-H1,2024-06-15,EMP00601,3,"Lintang telah bekerja dengan baik dalam tanggung jawab rutinnya. Area pengembangan utama: technical depth. Dengan bimbingan yang tepat, Lintang berpotensi mencapai level berikutnya.",23
REV001300,EMP00650,2024-H2,2024-12-15,EMP00601,3,Secara keseluruhan Lintang menunjukkan performa yang adequate. Beberapa deliverable perlu peningkatan dari sisi kualitas. Komunikasi dengan stakeholder perlu diperkuat.,19
REV001301,EMP00651,2024-H1,2024-06-15,EMP00601,4,Secara keseluruhan R. menunjukkan performa yang adequate. Beberapa deliverable perlu peningkatan dari sisi kualitas. Komunikasi dengan stakeholder perlu diperkuat.,19
REV001302,EMP00651,2024-H2,2024-12-15,EMP00601,3,R. memenuhi sebagian besar target yang ditetapkan. Perlu pengembangan lebih lanjut dalam hal analisis data. Disarankan mengikuti pelatihan agile methodology untuk mendukung pertumbuhan karier.,24
REV001303,EMP00652,2024-H1,2024-06-15,EMP00601,4,Ciaobella memenuhi sebagian besar target yang ditetapkan. Perlu pengembangan lebih lanjut dalam hal leadership. Disarankan mengikuti pelatihan leadership fundamental untuk mendukung pertumbuhan karier.,23
REV001304,EMP00652,2024-H2,2024-12-15,EMP00601,4,Secara keseluruhan Ciaobella menunjukkan performa yang adequate. Beberapa deliverable perlu peningkatan dari sisi kualitas. Komunikasi dengan stakeholder perlu diperkuat.,19
REV001305,EMP00653,2024-H1,2024-06-15,EMP00601,4,Salimah secara konsisten melampaui target yang ditetapkan. Kemampuan teknis dan kepemimpinan tim sangat menonjol. Rekomendasikan untuk promosi ke level berikutnya dalam 6 bulan ke depan.,25
REV001306,EMP00653,2024-H2,2024-12-15,EMP00601,5,Performa Salimah luar biasa sepanjang kuartal ini. Berhasil menyelesaikan proyek peluncuran produk baru lebih awal dari jadwal dengan kualitas melebihi ekspektasi. Kontribusi pada tim sangat signifikan.,26
REV001307,EMP00654,2024-H1,2024-06-15,EMP00601,3,Melinda memenuhi sebagian besar target yang ditetapkan. Perlu pengembangan lebih lanjut dalam hal komunikasi. Disarankan mengikuti pelatihan agile methodology untuk mendukung pertumbuhan karier.,23
REV001308,EMP00654,2024-H2,2024-12-15,EMP00601,3,Melinda memenuhi sebagian besar target yang ditetapkan. Perlu pengembangan lebih lanjut dalam hal komunikasi. Disarankan mengikuti pelatihan agile methodology untuk mendukung pertumbuhan karier.,23
REV001309,EMP00655,2024-H1,2024-06-15,EMP00601,5,Performa Maria luar biasa sepanjang kuartal ini. Berhasil menyelesaikan proyek migrasi sistem lebih awal dari jadwal dengan kualitas melebihi ekspektasi. Kontribusi pada tim sangat signifikan.,25
REV001310,EMP00655,2024-H2,2024-12-15,EMP00601,5,Performa Maria luar biasa sepanjang kuartal ini. Berhasil menyelesaikan proyek optimasi pipeline data lebih awal dari jadwal dengan kualitas melebihi ekspektasi. Kontribusi pada tim sangat signifikan.,26
REV001311,EMP00656,2024-H1,2024-06-15,EMP00601,3,Melinda memenuhi sebagian besar target yang ditetapkan. Perlu pengembangan lebih lanjut dalam hal project management. Disarankan mengikuti pelatihan leadership fundamental untuk mendukung pertumbuhan karier.,24
REV001312,EMP00656,2024-H2,2024-12-15,EMP00601,3,Melinda memenuhi sebagian besar target yang ditetapkan. Perlu pengembangan lebih lanjut dalam hal komunikasi. Disarankan mengikuti pelatihan data analytics bootcamp untuk mendukung pertumbuhan karier.,24
REV001313,EMP00657,2024-H1,2024-06-15,EMP00601,5,Kamila menunjukkan growth mindset yang kuat. Inisiatif dalam mengembangkan proses baru berhasil meningkatkan efisiensi tim sebesar 15%. Sangat direkomendasikan untuk program fast-track.,22
REV001314,EMP00657,2024-H2,2024-12-15,EMP00601,4,Performa Kamila luar biasa sepanjang kuartal ini. Berhasil menyelesaikan proyek restrukturisasi SOP lebih awal dari jadwal dengan kualitas melebihi ekspektasi. Kontribusi pada tim sangat signifikan.,25
REV001315,EMP00658,2024-H1,2024-06-15,EMP00601,3,"Suci telah bekerja dengan baik dalam tanggung jawab rutinnya. Area pengembangan utama: stakeholder communication. Dengan bimbingan yang tepat, Suci berpotensi mencapai level berikutnya.",23
REV001316,EMP00658,2024-H2,2024-12-15,EMP00601,3,"Suci telah bekerja dengan baik dalam tanggung jawab rutinnya. Area pengembangan utama: cross-functional collaboration. Dengan bimbingan yang tepat, Suci berpotensi mencapai level berikutnya.",23
REV001317,EMP00659,2024-H1,2024-06-15,EMP00601,4,Mumpuni memenuhi sebagian besar target yang ditetapkan. Perlu pengembangan lebih lanjut dalam hal analisis data. Disarankan mengikuti pelatihan leadership fundamental untuk mendukung pertumbuhan karier.,24
REV001318,EMP00659,2024-H2,2024-12-15,EMP00601,3,Secara keseluruhan Mumpuni menunjukkan performa yang adequate. Beberapa deliverable perlu peningkatan dari sisi kualitas. Komunikasi dengan stakeholder perlu diperkuat.,19
REV001319,EMP00660,2024-H1,2024-06-15,EMP00601,3,"Karimah telah bekerja dengan baik dalam tanggung jawab rutinnya. Area pengembangan utama: time management. Dengan bimbingan yang tepat, Karimah berpotensi mencapai level berikutnya.",23
REV001320,EMP00660,2024-H2,2024-12-15,EMP00601,3,Karimah memenuhi sebagian besar target yang ditetapkan. Perlu pengembangan lebih lanjut dalam hal project management. Disarankan mengikuti pelatihan communication workshop untuk mendukung pertumbuhan karier.,24
REV001321,EMP00661,2024-H1,2024-06-15,,3,H. memenuhi sebagian besar target yang ditetapkan. Perlu pengembangan lebih lanjut dalam hal presentasi. Disarankan mengikuti pelatihan data analytics bootcamp untuk mendukung pertumbuhan karier.,24
REV001322,EMP00661,2024-H2,2024-12-15,,3,Secara keseluruhan H. menunjukkan performa yang adequate. Beberapa deliverable perlu peningkatan dari sisi kualitas. Komunikasi dengan stakeholder perlu diperkuat.,19
REV001323,EMP00662,2024-H1,2024-06-15,EMP00601,4,"Dalam diskusi 1-on-1, Samsul menyampaikan rasa kurang puas dengan beban kerja saat ini. Perlu perhatian HRD untuk mencegah potensi turnover.",20
REV001324,EMP00662,2024-H2,2024-12-15,EMP00601,3,Samsul tampak kurang engaged dalam beberapa bulan terakhir. Absensi dalam team meeting meningkat. Perlu investigasi lebih lanjut.,17
REV001325,EMP00663,2024-H1,2024-06-15,EMP00601,3,Purwa memenuhi sebagian besar target yang ditetapkan. Perlu pengembangan lebih lanjut dalam hal presentasi. Disarankan mengikuti pelatihan data analytics bootcamp untuk mendukung pertumbuhan karier.,24
REV001326,EMP00663,2024-H2,2024-12-15,EMP00601,4,"Purwa telah bekerja dengan baik dalam tanggung jawab rutinnya. Area pengembangan utama: cross-functional collaboration. Dengan bimbingan yang tepat, Purwa berpotensi mencapai level berikutnya.",23
REV001327,EMP00664,2024-H1,2024-06-15,,4,Bagas memenuhi sebagian besar target yang ditetapkan. Perlu pengembangan lebih lanjut dalam hal presentasi. Disarankan mengikuti pelatihan agile methodology untuk mendukung pertumbuhan karier.,23
REV001328,EMP00664,2024-H2,2024-12-15,,3,"Bagas telah bekerja dengan baik dalam tanggung jawab rutinnya. Area pengembangan utama: technical depth. Dengan bimbingan yang tepat, Bagas berpotensi mencapai level berikutnya.",23
REV001329,EMP00665,2024-H1,2024-06-15,EMP00601,4,"Ir. telah bekerja dengan baik dalam tanggung jawab rutinnya. Area pengembangan utama: stakeholder communication. Dengan bimbingan yang tepat, Ir. berpotensi mencapai level berikutnya.",23
REV001330,EMP00665,2024-H2,2024-12-15,EMP00601,4,Secara keseluruhan Ir. menunjukkan performa yang adequate. Beberapa deliverable perlu peningkatan dari sisi kualitas. Komunikasi dengan stakeholder perlu diperkuat.,19
REV001331,EMP00666,2024-H1,2024-06-15,EMP00601,4,Cut secara konsisten melampaui target yang ditetapkan. Kemampuan teknis dan kepemimpinan tim sangat menonjol. Rekomendasikan untuk promosi ke level berikutnya dalam 6 bulan ke depan.,25
REV001332,EMP00666,2024-H2,2024-12-15,EMP00601,5,Cut menunjukkan growth mindset yang kuat. Inisiatif dalam mengembangkan proses baru berhasil meningkatkan efisiensi tim sebesar 14%. Sangat direkomendasikan untuk program fast-track.,22
REV001333,EMP00667,2024-H1,2024-06-15,,4,Ihsan memenuhi sebagian besar target yang ditetapkan. Perlu pengembangan lebih lanjut dalam hal komunikasi. Disarankan mengikuti pelatihan communication workshop untuk mendukung pertumbuhan karier.,23
REV001334,EMP00667,2024-H2,2024-12-15,,3,"Ihsan telah bekerja dengan baik dalam tanggung jawab rutinnya. Area pengembangan utama: time management. Dengan bimbingan yang tepat, Ihsan berpotensi mencapai level berikutnya.",23
REV001335,EMP00668,2024-H1,2024-06-15,EMP00601,5,Vanesa secara konsisten melampaui target yang ditetapkan. Kemampuan teknis dan kepemimpinan tim sangat menonjol. Rekomendasikan untuk promosi ke level berikutnya dalam 6 bulan ke depan.,25
REV001336,EMP00668,2024-H2,2024-12-15,EMP00601,5,Performa Vanesa luar biasa sepanjang kuartal ini. Berhasil menyelesaikan proyek peluncuran produk baru lebih awal dari jadwal dengan kualitas melebihi ekspektasi. Kontribusi pada tim sangat signifikan.,26
REV001337,EMP00669,2024-H1,2024-06-15,EMP00601,4,"R. telah bekerja dengan baik dalam tanggung jawab rutinnya. Area pengembangan utama: stakeholder communication. Dengan bimbingan yang tepat, R. berpotensi mencapai level berikutnya.",23
REV001338,EMP00669,2024-H2,2024-12-15,EMP00601,4,R. memenuhi sebagian besar target yang ditetapkan. Perlu pengembangan lebih lanjut dalam hal presentasi. Disarankan mengikuti pelatihan agile methodology untuk mendukung pertumbuhan karier.,23
REV001339,EMP00670,2024-H1,2024-06-15,EMP00601,4,"Iriana telah bekerja dengan baik dalam tanggung jawab rutinnya. Area pengembangan utama: time management. Dengan bimbingan yang tepat, Iriana berpotensi mencapai level berikutnya.",23
REV001340,EMP00670,2024-H2,2024-12-15,EMP00601,3,Secara keseluruhan Iriana menunjukkan performa yang adequate. Beberapa deliverable perlu peningkatan dari sisi kualitas. Komunikasi dengan stakeholder perlu diperkuat.,19
REV001341,EMP00671,2024-H1,2024-06-15,EMP00601,3,Secara keseluruhan Hilda menunjukkan performa yang adequate. Beberapa deliverable perlu peningkatan dari sisi kualitas. Komunikasi dengan stakeholder perlu diperkuat.,19
REV001342,EMP00671,2024-H2,2024-12-15,EMP00601,4,Hilda beberapa kali mengekspresikan kekhawatiran terkait kompensasi dan jenjang karier. Disarankan untuk dilakukan retention conversation secepatnya.,16
REV001343,EMP00672,2024-H1,2024-06-15,,4,Oman memenuhi sebagian besar target yang ditetapkan. Perlu pengembangan lebih lanjut dalam hal komunikasi. Disarankan mengikuti pelatihan data analytics bootcamp untuk mendukung pertumbuhan karier.,24
REV001344,EMP00672,2024-H2,2024-12-15,,3,Oman beberapa kali mengekspresikan kekhawatiran terkait kompensasi dan jenjang karier. Disarankan untuk dilakukan retention conversation secepatnya.,16
REV001345,EMP00673,2024-H1,2024-06-15,EMP00601,4,Padma memenuhi sebagian besar target yang ditetapkan. Perlu pengembangan lebih lanjut dalam hal presentasi. Disarankan mengikuti pelatihan data analytics bootcamp untuk mendukung pertumbuhan karier.,24
REV001346,EMP00673,2024-H2,2024-12-15,EMP00601,4,Padma memenuhi sebagian besar target yang ditetapkan. Perlu pengembangan lebih lanjut dalam hal project management. Disarankan mengikuti pelatihan data analytics bootcamp untuk mendukung pertumbuhan karier.,25
REV001347,EMP00674,2024-H1,2024-06-15,EMP00601,4,"Dalam diskusi 1-on-1, R. menyampaikan rasa kurang puas dengan beban kerja saat ini. Perlu perhatian HRD untuk mencegah potensi turnover.",20
REV001348,EMP00674,2024-H2,2024-12-15,EMP00601,5,Performa R. luar biasa sepanjang kuartal ini. Berhasil menyelesaikan proyek migrasi sistem lebih awal dari jadwal dengan kualitas melebihi ekspektasi. Kontribusi pada tim sangat signifikan.,25
REV001349,EMP00675,2024-H1,2024-06-15,EMP00601,3,Melinda memenuhi sebagian besar target yang ditetapkan. Perlu pengembangan lebih lanjut dalam hal analisis data. Disarankan mengikuti pelatihan leadership fundamental untuk mendukung pertumbuhan karier.,24
REV001350,EMP00675,2024-H2,2024-12-15,EMP00601,4,Melinda memenuhi sebagian besar target yang ditetapkan. Perlu pengembangan lebih lanjut dalam hal leadership. Disarankan mengikuti pelatihan agile methodology untuk mendukung pertumbuhan karier.,23
REV001351,EMP00676,2024-H1,2024-06-15,EMP00601,3,"Dalam diskusi 1-on-1, Talia menyampaikan rasa kurang puas dengan beban kerja saat ini. Perlu perhatian HRD untuk mencegah potensi turnover.",20
REV001352,EMP00676,2024-H2,2024-12-15,EMP00601,3,Secara keseluruhan Talia menunjukkan performa yang adequate. Beberapa deliverable perlu peningkatan dari sisi kualitas. Komunikasi dengan stakeholder perlu diperkuat.,19
REV001353,EMP00677,2024-H1,2024-06-15,EMP00601,3,Secara keseluruhan Banawi menunjukkan performa yang adequate. Beberapa deliverable perlu peningkatan dari sisi kualitas. Komunikasi dengan stakeholder perlu diperkuat.,19
REV001354,EMP00677,2024-H2,2024-12-15,EMP00601,3,Banawi memenuhi sebagian besar target yang ditetapkan. Perlu pengembangan lebih lanjut dalam hal analisis data. Disarankan mengikuti pelatihan leadership fundamental untuk mendukung pertumbuhan karier.,24
REV001355,EMP00678,2024-H1,2024-06-15,,4,Puti menunjukkan growth mindset yang kuat. Inisiatif dalam mengembangkan proses baru berhasil meningkatkan efisiensi tim sebesar 19%. Sangat direkomendasikan untuk program fast-track.,22
REV001356,EMP00678,2024-H2,2024-12-15,,5,Puti menunjukkan growth mindset yang kuat. Inisiatif dalam mengembangkan proses baru berhasil meningkatkan efisiensi tim sebesar 12%. Sangat direkomendasikan untuk program fast-track.,22
REV001357,EMP00679,2024-H1,2024-06-15,EMP00601,4,Rusman memenuhi sebagian besar target yang ditetapkan. Perlu pengembangan lebih lanjut dalam hal project management. Disarankan mengikuti pelatihan communication workshop untuk mendukung pertumbuhan karier.,24
REV001358,EMP00679,2024-H2,2024-12-15,EMP00601,4,"Rusman telah bekerja dengan baik dalam tanggung jawab rutinnya. Area pengembangan utama: time management. Dengan bimbingan yang tepat, Rusman berpotensi mencapai level berikutnya.",23
REV001359,EMP00680,2024-H1,2024-06-15,EMP00601,3,dr. memenuhi sebagian besar target yang ditetapkan. Perlu pengembangan lebih lanjut dalam hal leadership. Disarankan mengikuti pelatihan data analytics bootcamp untuk mendukung pertumbuhan karier.,24
REV001360,EMP00680,2024-H2,2024-12-15,EMP00601,3,dr. memenuhi sebagian besar target yang ditetapkan. Perlu pengembangan lebih lanjut dalam hal project management. Disarankan mengikuti pelatihan data analytics bootcamp untuk mendukung pertumbuhan karier.,25
REV001361,EMP00681,2024-H1,2024-06-15,EMP00601,3,Dr. memenuhi sebagian besar target yang ditetapkan. Perlu pengembangan lebih lanjut dalam hal leadership. Disarankan mengikuti pelatihan agile methodology untuk mendukung pertumbuhan karier.,23
REV001362,EMP00681,2024-H2,2024-12-15,EMP00601,4,Dr. memenuhi sebagian besar target yang ditetapkan. Perlu pengembangan lebih lanjut dalam hal analisis data. Disarankan mengikuti pelatihan communication workshop untuk mendukung pertumbuhan karier.,24
REV001363,EMP00682,2024-H1,2024-06-15,EMP00601,4,Secara keseluruhan R. menunjukkan performa yang adequate. Beberapa deliverable perlu peningkatan dari sisi kualitas. Komunikasi dengan stakeholder perlu diperkuat.,19
REV001364,EMP00682,2024-H2,2024-12-15,EMP00601,3,"R. telah bekerja dengan baik dalam tanggung jawab rutinnya. Area pengembangan utama: cross-functional collaboration. Dengan bimbingan yang tepat, R. berpotensi mencapai level berikutnya.",23
REV001365,EMP00683,2024-H1,2024-06-15,EMP00601,1,Tgk. beberapa kali mengekspresikan kekhawatiran terkait kompensasi dan jenjang karier. Disarankan untuk dilakukan retention conversation secepatnya.,16
REV001366,EMP00683,2024-H2,2024-12-15,EMP00601,3,"Terdapat beberapa concern terkait performa Tgk., khususnya dalam hal kolaborasi lintas tim. Perlu perhatian khusus dan rencana perbaikan yang konkret.",20
REV001367,EMP00684,2024-H1,2024-06-15,EMP00601,4,"Prima telah bekerja dengan baik dalam tanggung jawab rutinnya. Area pengembangan utama: time management. Dengan bimbingan yang tepat, Prima berpotensi mencapai level berikutnya.",23
REV001368,EMP00684,2024-H2,2024-12-15,EMP00601,4,Prima memenuhi sebagian besar target yang ditetapkan. Perlu pengembangan lebih lanjut dalam hal analisis data. Disarankan mengikuti pelatihan data analytics bootcamp untuk mendukung pertumbuhan karier.,25
REV001369,EMP00685,2024-H1,2024-06-15,EMP00601,4,Paiman secara konsisten melampaui target yang ditetapkan. Kemampuan teknis dan kepemimpinan tim sangat menonjol. Rekomendasikan untuk promosi ke level berikutnya dalam 6 bulan ke depan.,25
REV001370,EMP00685,2024-H2,2024-12-15,EMP00601,5,Performa Paiman luar biasa sepanjang kuartal ini. Berhasil menyelesaikan proyek optimasi pipeline data lebih awal dari jadwal dengan kualitas melebihi ekspektasi. Kontribusi pada tim sangat signifikan.,26
REV001371,EMP00686,2024-H1,2024-06-15,EMP00601,3,Secara keseluruhan Gatra menunjukkan performa yang adequate. Beberapa deliverable perlu peningkatan dari sisi kualitas. Komunikasi dengan stakeholder perlu diperkuat.,19
REV001372,EMP00686,2024-H2,2024-12-15,EMP00601,3,"Gatra telah bekerja dengan baik dalam tanggung jawab rutinnya. Area pengembangan utama: technical depth. Dengan bimbingan yang tepat, Gatra berpotensi mencapai level berikutnya.",23
REV001373,EMP00687,2024-H1,2024-06-15,EMP00601,3,"dr. telah bekerja dengan baik dalam tanggung jawab rutinnya. Area pengembangan utama: time management. Dengan bimbingan yang tepat, dr. berpotensi mencapai level berikutnya.",23
REV001374,EMP00687,2024-H2,2024-12-15,EMP00601,4,Secara keseluruhan dr. menunjukkan performa yang adequate. Beberapa deliverable perlu peningkatan dari sisi kualitas. Komunikasi dengan stakeholder perlu diperkuat.,19
REV001375,EMP00688,2024-H1,2024-06-15,EMP00601,5,Luwar secara konsisten melampaui target yang ditetapkan. Kemampuan teknis dan kepemimpinan tim sangat menonjol. Rekomendasikan untuk promosi ke level berikutnya dalam 6 bulan ke depan.,25
REV001376,EMP00688,2024-H2,2024-12-15,EMP00601,5,Performa Luwar luar biasa sepanjang kuartal ini. Berhasil menyelesaikan proyek peluncuran produk baru lebih awal dari jadwal dengan kualitas melebihi ekspektasi. Kontribusi pada tim sangat signifikan.,26
REV001377,EMP00689,2024-H1,2024-06-15,EMP00601,3,Galak memenuhi sebagian besar target yang ditetapkan. Perlu pengembangan lebih lanjut dalam hal analisis data. Disarankan mengikuti pelatihan data analytics bootcamp untuk mendukung pertumbuhan karier.,25
REV001378,EMP00689,2024-H2,2024-12-15,EMP00601,3,Galak memenuhi sebagian besar target yang ditetapkan. Perlu pengembangan lebih lanjut dalam hal project management. Disarankan mengikuti pelatihan leadership fundamental untuk mendukung pertumbuhan karier.,24
REV001379,EMP00690,2024-H1,2024-06-15,EMP00601,3,"Tantri telah bekerja dengan baik dalam tanggung jawab rutinnya. Area pengembangan utama: time management. Dengan bimbingan yang tepat, Tantri berpotensi mencapai level berikutnya.",23
REV001380,EMP00690,2024-H2,2024-12-15,EMP00601,3,"Tantri telah bekerja dengan baik dalam tanggung jawab rutinnya. Area pengembangan utama: cross-functional collaboration. Dengan bimbingan yang tepat, Tantri berpotensi mencapai level berikutnya.",23
REV001381,EMP00691,2024-H1,2024-06-15,EMP00728,3,Vivi memenuhi sebagian besar target yang ditetapkan. Perlu pengembangan lebih lanjut dalam hal leadership. Disarankan mengikuti pelatihan agile methodology untuk mendukung pertumbuhan karier.,23
REV001382,EMP00691,2024-H2,2024-12-15,EMP00728,4,Vivi memenuhi sebagian besar target yang ditetapkan. Perlu pengembangan lebih lanjut dalam hal presentasi. Disarankan mengikuti pelatihan leadership fundamental untuk mendukung pertumbuhan karier.,23
REV001383,EMP00692,2024-H1,2024-06-15,,4,"Ir. telah bekerja dengan baik dalam tanggung jawab rutinnya. Area pengembangan utama: technical depth. Dengan bimbingan yang tepat, Ir. berpotensi mencapai level berikutnya.",23
REV001384,EMP00692,2024-H2,2024-12-15,,3,Secara keseluruhan Ir. menunjukkan performa yang adequate. Beberapa deliverable perlu peningkatan dari sisi kualitas. Komunikasi dengan stakeholder perlu diperkuat.,19
REV001385,EMP00693,2024-H1,2024-06-15,EMP00728,4,"Bagya telah bekerja dengan baik dalam tanggung jawab rutinnya. Area pengembangan utama: technical depth. Dengan bimbingan yang tepat, Bagya berpotensi mencapai level berikutnya.",23
REV001386,EMP00693,2024-H2,2024-12-15,EMP00728,4,"Bagya telah bekerja dengan baik dalam tanggung jawab rutinnya. Area pengembangan utama: technical depth. Dengan bimbingan yang tepat, Bagya berpotensi mencapai level berikutnya.",23
REV001387,EMP00694,2024-H1,2024-06-15,EMP00728,3,Kariman memenuhi sebagian besar target yang ditetapkan. Perlu pengembangan lebih lanjut dalam hal leadership. Disarankan mengikuti pelatihan leadership fundamental untuk mendukung pertumbuhan karier.,23
REV001388,EMP00694,2024-H2,2024-12-15,EMP00728,4,"Kariman telah bekerja dengan baik dalam tanggung jawab rutinnya. Area pengembangan utama: technical depth. Dengan bimbingan yang tepat, Kariman berpotensi mencapai level berikutnya.",23
REV001389,EMP00695,2024-H1,2024-06-15,EMP00728,2,Drs. belum mencapai target yang ditetapkan. Perlu improvement plan yang lebih terstruktur dalam 3 bulan ke depan. Disarankan untuk diskusi 1-on-1 lebih intensif.,23
REV001390,EMP00695,2024-H2,2024-12-15,EMP00728,2,Drs. tampak kurang engaged dalam beberapa bulan terakhir. Absensi dalam team meeting meningkat. Perlu investigasi lebih lanjut.,17
REV001391,EMP00696,2024-H1,2024-06-15,EMP00728,4,"R.M. telah bekerja dengan baik dalam tanggung jawab rutinnya. Area pengembangan utama: cross-functional collaboration. Dengan bimbingan yang tepat, R.M. berpotensi mencapai level berikutnya.",23
REV001392,EMP00696,2024-H2,2024-12-15,EMP00728,3,R.M. memenuhi sebagian besar target yang ditetapkan. Perlu pengembangan lebih lanjut dalam hal komunikasi. Disarankan mengikuti pelatihan data analytics bootcamp untuk mendukung pertumbuhan karier.,24
REV001393,EMP00697,2024-H1,2024-06-15,EMP00728,3,Secara keseluruhan Puti menunjukkan performa yang adequate. Beberapa deliverable perlu peningkatan dari sisi kualitas. Komunikasi dengan stakeholder perlu diperkuat.,19
REV001394,EMP00697,2024-H2,2024-12-15,EMP00728,3,"Puti telah bekerja dengan baik dalam tanggung jawab rutinnya. Area pengembangan utama: time management. Dengan bimbingan yang tepat, Puti berpotensi mencapai level berikutnya.",23
REV001395,EMP00698,2024-H1,2024-06-15,EMP00728,3,Secara keseluruhan Caraka menunjukkan performa yang adequate. Beberapa deliverable perlu peningkatan dari sisi kualitas. Komunikasi dengan stakeholder perlu diperkuat.,19
REV001396,EMP00698,2024-H2,2024-12-15,EMP00728,3,Caraka memenuhi sebagian besar target yang ditetapkan. Perlu pengembangan lebih lanjut dalam hal komunikasi. Disarankan mengikuti pelatihan agile methodology untuk mendukung pertumbuhan karier.,23
REV001397,EMP00699,2024-H1,2024-06-15,EMP00728,4,Secara keseluruhan Genta menunjukkan performa yang adequate. Beberapa deliverable perlu peningkatan dari sisi kualitas. Komunikasi dengan stakeholder perlu diperkuat.,19
REV001398,EMP00699,2024-H2,2024-12-15,EMP00728,4,Genta memenuhi sebagian besar target yang ditetapkan. Perlu pengembangan lebih lanjut dalam hal presentasi. Disarankan mengikuti pelatihan communication workshop untuk mendukung pertumbuhan karier.,23
REV001399,EMP00700,2024-H1,2024-06-15,EMP00728,2,Zulfa tampak kurang engaged dalam beberapa bulan terakhir. Absensi dalam team meeting meningkat. Perlu investigasi lebih lanjut.,17
REV001400,EMP00700,2024-H2,2024-12-15,EMP00728,1,Zulfa belum mencapai target yang ditetapkan. Perlu improvement plan yang lebih terstruktur dalam 3 bulan ke depan. Disarankan untuk diskusi 1-on-1 lebih intensif.,23
REV001401,EMP00701,2024-H1,2024-06-15,EMP00728,4,Secara keseluruhan Faizah menunjukkan performa yang adequate. Beberapa deliverable perlu peningkatan dari sisi kualitas. Komunikasi dengan stakeholder perlu diperkuat.,19
REV001402,EMP00701,2024-H2,2024-12-15,EMP00728,3,Faizah memenuhi sebagian besar target yang ditetapkan. Perlu pengembangan lebih lanjut dalam hal analisis data. Disarankan mengikuti pelatihan leadership fundamental untuk mendukung pertumbuhan karier.,24
REV001403,EMP00702,2024-H1,2024-06-15,EMP00728,4,Secara keseluruhan T. menunjukkan performa yang adequate. Beberapa deliverable perlu peningkatan dari sisi kualitas. Komunikasi dengan stakeholder perlu diperkuat.,19
REV001404,EMP00702,2024-H2,2024-12-15,EMP00728,3,Secara keseluruhan T. menunjukkan performa yang adequate. Beberapa deliverable perlu peningkatan dari sisi kualitas. Komunikasi dengan stakeholder perlu diperkuat.,19
REV001405,EMP00703,2024-H1,2024-06-15,EMP00728,4,Raisa memenuhi sebagian besar target yang ditetapkan. Perlu pengembangan lebih lanjut dalam hal komunikasi. Disarankan mengikuti pelatihan agile methodology untuk mendukung pertumbuhan karier.,23
REV001406,EMP00703,2024-H2,2024-12-15,EMP00728,4,"Raisa telah bekerja dengan baik dalam tanggung jawab rutinnya. Area pengembangan utama: time management. Dengan bimbingan yang tepat, Raisa berpotensi mencapai level berikutnya.",23
REV001407,EMP00704,2024-H1,2024-06-15,EMP00728,3,Jefri memenuhi sebagian besar target yang ditetapkan. Perlu pengembangan lebih lanjut dalam hal analisis data. Disarankan mengikuti pelatihan communication workshop untuk mendukung pertumbuhan karier.,24
REV001408,EMP00704,2024-H2,2024-12-15,EMP00728,3,"Jefri telah bekerja dengan baik dalam tanggung jawab rutinnya. Area pengembangan utama: cross-functional collaboration. Dengan bimbingan yang tepat, Jefri berpotensi mencapai level berikutnya.",23
REV001409,EMP00705,2024-H1,2024-06-15,,3,Secara keseluruhan Lega menunjukkan performa yang adequate. Beberapa deliverable perlu peningkatan dari sisi kualitas. Komunikasi dengan stakeholder perlu diperkuat.,19
REV001410,EMP00705,2024-H2,2024-12-15,,3,"Lega telah bekerja dengan baik dalam tanggung jawab rutinnya. Area pengembangan utama: cross-functional collaboration. Dengan bimbingan yang tepat, Lega berpotensi mencapai level berikutnya.",23
REV001411,EMP00706,2024-H1,2024-06-15,EMP00728,3,Secara keseluruhan Cawisono menunjukkan performa yang adequate. Beberapa deliverable perlu peningkatan dari sisi kualitas. Komunikasi dengan stakeholder perlu diperkuat.,19
REV001412,EMP00706,2024-H2,2024-12-15,EMP00728,3,Cawisono tampak kurang engaged dalam beberapa bulan terakhir. Absensi dalam team meeting meningkat. Perlu investigasi lebih lanjut.,17
REV001413,EMP00707,2024-H1,2024-06-15,EMP00728,5,Ir. beberapa kali mengekspresikan kekhawatiran terkait kompensasi dan jenjang karier. Disarankan untuk dilakukan retention conversation secepatnya.,16
REV001414,EMP00707,2024-H2,2024-12-15,EMP00728,5,"Dalam diskusi 1-on-1, Ir. menyampaikan rasa kurang puas dengan beban kerja saat ini. Perlu perhatian HRD untuk mencegah potensi turnover.",20
REV001415,EMP00708,2024-H1,2024-06-15,EMP00728,3,Secara keseluruhan Rudi menunjukkan performa yang adequate. Beberapa deliverable perlu peningkatan dari sisi kualitas. Komunikasi dengan stakeholder perlu diperkuat.,19
REV001416,EMP00708,2024-H2,2024-12-15,EMP00728,4,Secara keseluruhan Rudi menunjukkan performa yang adequate. Beberapa deliverable perlu peningkatan dari sisi kualitas. Komunikasi dengan stakeholder perlu diperkuat.,19
REV001417,EMP00709,2024-H1,2024-06-15,EMP00728,3,Arsipatra beberapa kali mengekspresikan kekhawatiran terkait kompensasi dan jenjang karier. Disarankan untuk dilakukan retention conversation secepatnya.,16
REV001418,EMP00709,2024-H2,2024-12-15,EMP00728,3,"Dalam diskusi 1-on-1, Arsipatra menyampaikan rasa kurang puas dengan beban kerja saat ini. Perlu perhatian HRD untuk mencegah potensi turnover.",20
REV001419,EMP00710,2024-H1,2024-06-15,,5,Performa Drs. luar biasa sepanjang kuartal ini. Berhasil menyelesaikan proyek restrukturisasi SOP lebih awal dari jadwal dengan kualitas melebihi ekspektasi. Kontribusi pada tim sangat signifikan.,25
REV001420,EMP00710,2024-H2,2024-12-15,,5,Drs. secara konsisten melampaui target yang ditetapkan. Kemampuan teknis dan kepemimpinan tim sangat menonjol. Rekomendasikan untuk promosi ke level berikutnya dalam 6 bulan ke depan.,25
REV001421,EMP00711,2024-H1,2024-06-15,EMP00728,3,Drs. memenuhi sebagian besar target yang ditetapkan. Perlu pengembangan lebih lanjut dalam hal project management. Disarankan mengikuti pelatihan leadership fundamental untuk mendukung pertumbuhan karier.,24
REV001422,EMP00711,2024-H2,2024-12-15,EMP00728,3,Drs. memenuhi sebagian besar target yang ditetapkan. Perlu pengembangan lebih lanjut dalam hal analisis data. Disarankan mengikuti pelatihan leadership fundamental untuk mendukung pertumbuhan karier.,24
REV001423,EMP00712,2024-H1,2024-06-15,EMP00728,3,Sari memenuhi sebagian besar target yang ditetapkan. Perlu pengembangan lebih lanjut dalam hal leadership. Disarankan mengikuti pelatihan leadership fundamental untuk mendukung pertumbuhan karier.,23
REV001424,EMP00712,2024-H2,2024-12-15,EMP00728,4,"Sari telah bekerja dengan baik dalam tanggung jawab rutinnya. Area pengembangan utama: time management. Dengan bimbingan yang tepat, Sari berpotensi mencapai level berikutnya.",23
REV001425,EMP00713,2024-H1,2024-06-15,EMP00728,4,"Syahrini telah bekerja dengan baik dalam tanggung jawab rutinnya. Area pengembangan utama: stakeholder communication. Dengan bimbingan yang tepat, Syahrini berpotensi mencapai level berikutnya.",23
REV001426,EMP00713,2024-H2,2024-12-15,EMP00728,4,Syahrini tampak kurang engaged dalam beberapa bulan terakhir. Absensi dalam team meeting meningkat. Perlu investigasi lebih lanjut.,17
REV001427,EMP00714,2024-H1,2024-06-15,EMP00728,4,Hesti memenuhi sebagian besar target yang ditetapkan. Perlu pengembangan lebih lanjut dalam hal analisis data. Disarankan mengikuti pelatihan leadership fundamental untuk mendukung pertumbuhan karier.,24
REV001428,EMP00714,2024-H2,2024-12-15,EMP00728,4,Secara keseluruhan Hesti menunjukkan performa yang adequate. Beberapa deliverable perlu peningkatan dari sisi kualitas. Komunikasi dengan stakeholder perlu diperkuat.,19
REV001429,EMP00715,2024-H1,2024-06-15,EMP00728,3,"Dalam diskusi 1-on-1, Mutia menyampaikan rasa kurang puas dengan beban kerja saat ini. Perlu perhatian HRD untuk mencegah potensi turnover.",20
REV001430,EMP00715,2024-H2,2024-12-15,EMP00728,3,Secara keseluruhan Mutia menunjukkan performa yang adequate. Beberapa deliverable perlu peningkatan dari sisi kualitas. Komunikasi dengan stakeholder perlu diperkuat.,19
REV001431,EMP00716,2024-H1,2024-06-15,EMP00728,4,Secara keseluruhan Almira menunjukkan performa yang adequate. Beberapa deliverable perlu peningkatan dari sisi kualitas. Komunikasi dengan stakeholder perlu diperkuat.,19
REV001432,EMP00716,2024-H2,2024-12-15,EMP00728,4,Secara keseluruhan Almira menunjukkan performa yang adequate. Beberapa deliverable perlu peningkatan dari sisi kualitas. Komunikasi dengan stakeholder perlu diperkuat.,19
REV001433,EMP00717,2024-H1,2024-06-15,EMP00728,4,Novi secara konsisten melampaui target yang ditetapkan. Kemampuan teknis dan kepemimpinan tim sangat menonjol. Rekomendasikan untuk promosi ke level berikutnya dalam 6 bulan ke depan.,25
REV001434,EMP00717,2024-H2,2024-12-15,EMP00728,5,Novi menunjukkan growth mindset yang kuat. Inisiatif dalam mengembangkan proses baru berhasil meningkatkan efisiensi tim sebesar 24%. Sangat direkomendasikan untuk program fast-track.,22
REV001435,EMP00718,2024-H1,2024-06-15,EMP00728,4,Performa Ganep luar biasa sepanjang kuartal ini. Berhasil menyelesaikan proyek peluncuran produk baru lebih awal dari jadwal dengan kualitas melebihi ekspektasi. Kontribusi pada tim sangat signifikan.,26
REV001436,EMP00718,2024-H2,2024-12-15,EMP00728,4,Performa Ganep luar biasa sepanjang kuartal ini. Berhasil menyelesaikan proyek optimasi pipeline data lebih awal dari jadwal dengan kualitas melebihi ekspektasi. Kontribusi pada tim sangat signifikan.,26
REV001437,EMP00719,2024-H1,2024-06-15,EMP00728,4,Secara keseluruhan Galar menunjukkan performa yang adequate. Beberapa deliverable perlu peningkatan dari sisi kualitas. Komunikasi dengan stakeholder perlu diperkuat.,19
REV001438,EMP00719,2024-H2,2024-12-15,EMP00728,3,Galar memenuhi sebagian besar target yang ditetapkan. Perlu pengembangan lebih lanjut dalam hal analisis data. Disarankan mengikuti pelatihan communication workshop untuk mendukung pertumbuhan karier.,24
REV001439,EMP00720,2024-H1,2024-06-15,EMP00728,4,Zelda memenuhi sebagian besar target yang ditetapkan. Perlu pengembangan lebih lanjut dalam hal leadership. Disarankan mengikuti pelatihan agile methodology untuk mendukung pertumbuhan karier.,23
REV001440,EMP00720,2024-H2,2024-12-15,EMP00728,4,Zelda memenuhi sebagian besar target yang ditetapkan. Perlu pengembangan lebih lanjut dalam hal analisis data. Disarankan mengikuti pelatihan data analytics bootcamp untuk mendukung pertumbuhan karier.,25
REV001441,EMP00721,2024-H1,2024-06-15,EMP00728,4,Secara keseluruhan Prabawa menunjukkan performa yang adequate. Beberapa deliverable perlu peningkatan dari sisi kualitas. Komunikasi dengan stakeholder perlu diperkuat.,19
REV001442,EMP00721,2024-H2,2024-12-15,EMP00728,4,"Prabawa telah bekerja dengan baik dalam tanggung jawab rutinnya. Area pengembangan utama: technical depth. Dengan bimbingan yang tepat, Prabawa berpotensi mencapai level berikutnya.",23
REV001443,EMP00722,2024-H1,2024-06-15,EMP00728,2,Dr. beberapa kali mengekspresikan kekhawatiran terkait kompensasi dan jenjang karier. Disarankan untuk dilakukan retention conversation secepatnya.,16
REV001444,EMP00722,2024-H2,2024-12-15,EMP00728,3,"Dalam diskusi 1-on-1, Dr. menyampaikan rasa kurang puas dengan beban kerja saat ini. Perlu perhatian HRD untuk mencegah potensi turnover.",20
REV001445,EMP00723,2024-H1,2024-06-15,EMP00728,3,"Dalam diskusi 1-on-1, Jaka menyampaikan rasa kurang puas dengan beban kerja saat ini. Perlu perhatian HRD untuk mencegah potensi turnover.",20
REV001446,EMP00723,2024-H2,2024-12-15,EMP00728,3,Jaka tampak kurang engaged dalam beberapa bulan terakhir. Absensi dalam team meeting meningkat. Perlu investigasi lebih lanjut.,17
REV001447,EMP00724,2024-H1,2024-06-15,EMP00728,3,Secara keseluruhan Mila menunjukkan performa yang adequate. Beberapa deliverable perlu peningkatan dari sisi kualitas. Komunikasi dengan stakeholder perlu diperkuat.,19
REV001448,EMP00724,2024-H2,2024-12-15,EMP00728,3,Secara keseluruhan Mila menunjukkan performa yang adequate. Beberapa deliverable perlu peningkatan dari sisi kualitas. Komunikasi dengan stakeholder perlu diperkuat.,19
REV001449,EMP00725,2024-H1,2024-06-15,EMP00728,3,"Bakti telah bekerja dengan baik dalam tanggung jawab rutinnya. Area pengembangan utama: cross-functional collaboration. Dengan bimbingan yang tepat, Bakti berpotensi mencapai level berikutnya.",23
REV001450,EMP00725,2024-H2,2024-12-15,EMP00728,4,Bakti memenuhi sebagian besar target yang ditetapkan. Perlu pengembangan lebih lanjut dalam hal project management. Disarankan mengikuti pelatihan data analytics bootcamp untuk mendukung pertumbuhan karier.,25
REV001451,EMP00726,2024-H1,2024-06-15,EMP00728,4,"Kiandra telah bekerja dengan baik dalam tanggung jawab rutinnya. Area pengembangan utama: cross-functional collaboration. Dengan bimbingan yang tepat, Kiandra berpotensi mencapai level berikutnya.",23
REV001452,EMP00726,2024-H2,2024-12-15,EMP00728,4,Secara keseluruhan Kiandra menunjukkan performa yang adequate. Beberapa deliverable perlu peningkatan dari sisi kualitas. Komunikasi dengan stakeholder perlu diperkuat.,19
REV001453,EMP00727,2024-H1,2024-06-15,EMP00728,3,Hilda memenuhi sebagian besar target yang ditetapkan. Perlu pengembangan lebih lanjut dalam hal komunikasi. Disarankan mengikuti pelatihan agile methodology untuk mendukung pertumbuhan karier.,23
REV001454,EMP00727,2024-H2,2024-12-15,EMP00728,4,Secara keseluruhan Hilda menunjukkan performa yang adequate. Beberapa deliverable perlu peningkatan dari sisi kualitas. Komunikasi dengan stakeholder perlu diperkuat.,19
REV001455,EMP00728,2024-H1,2024-06-15,,3,Secara keseluruhan dr. menunjukkan performa yang adequate. Beberapa deliverable perlu peningkatan dari sisi kualitas. Komunikasi dengan stakeholder perlu diperkuat.,19
REV001456,EMP00728,2024-H2,2024-12-15,,3,"dr. telah bekerja dengan baik dalam tanggung jawab rutinnya. Area pengembangan utama: technical depth. Dengan bimbingan yang tepat, dr. berpotensi mencapai level berikutnya.",23
REV001457,EMP00729,2024-H1,2024-06-15,EMP00728,4,"R.M. telah bekerja dengan baik dalam tanggung jawab rutinnya. Area pengembangan utama: time management. Dengan bimbingan yang tepat, R.M. berpotensi mencapai level berikutnya.",23
REV001458,EMP00729,2024-H2,2024-12-15,EMP00728,3,R.M. memenuhi sebagian besar target yang ditetapkan. Perlu pengembangan lebih lanjut dalam hal leadership. Disarankan mengikuti pelatihan agile methodology untuk mendukung pertumbuhan karier.,23
REV001459,EMP00730,2024-H1,2024-06-15,EMP00728,2,"Terdapat beberapa concern terkait performa Ina, khususnya dalam hal dokumentasi pekerjaan. Perlu perhatian khusus dan rencana perbaikan yang konkret.",19
REV001460,EMP00730,2024-H2,2024-12-15,EMP00728,3,Ina belum mencapai target yang ditetapkan. Perlu improvement plan yang lebih terstruktur dalam 3 bulan ke depan. Disarankan untuk diskusi 1-on-1 lebih intensif.,23
REV001461,EMP00731,2024-H1,2024-06-15,EMP00728,5,Bakijan menunjukkan growth mindset yang kuat. Inisiatif dalam mengembangkan proses baru berhasil meningkatkan efisiensi tim sebesar 27%. Sangat direkomendasikan untuk program fast-track.,22
REV001462,EMP00731,2024-H2,2024-12-15,EMP00728,4,Performa Bakijan luar biasa sepanjang kuartal ini. Berhasil menyelesaikan proyek peluncuran produk baru lebih awal dari jadwal dengan kualitas melebihi ekspektasi. Kontribusi pada tim sangat signifikan.,26
REV001463,EMP00732,2024-H1,2024-06-15,EMP00728,2,"Dalam diskusi 1-on-1, drg. menyampaikan rasa kurang puas dengan beban kerja saat ini. Perlu perhatian HRD untuk mencegah potensi turnover.",20
REV001464,EMP00732,2024-H2,2024-12-15,EMP00728,3,drg. tampak kurang engaged dalam beberapa bulan terakhir. Absensi dalam team meeting meningkat. Perlu investigasi lebih lanjut.,17
REV001465,EMP00733,2024-H1,2024-06-15,EMP00728,4,dr. memenuhi sebagian besar target yang ditetapkan. Perlu pengembangan lebih lanjut dalam hal analisis data. Disarankan mengikuti pelatihan agile methodology untuk mendukung pertumbuhan karier.,24
REV001466,EMP00733,2024-H2,2024-12-15,EMP00728,3,dr. tampak kurang engaged dalam beberapa bulan terakhir. Absensi dalam team meeting meningkat. Perlu investigasi lebih lanjut.,17
REV001467,EMP00734,2024-H1,2024-06-15,EMP00728,3,Nilam memenuhi sebagian besar target yang ditetapkan. Perlu pengembangan lebih lanjut dalam hal project management. Disarankan mengikuti pelatihan agile methodology untuk mendukung pertumbuhan karier.,24
REV001468,EMP00734,2024-H2,2024-12-15,EMP00728,4,Secara keseluruhan Nilam menunjukkan performa yang adequate. Beberapa deliverable perlu peningkatan dari sisi kualitas. Komunikasi dengan stakeholder perlu diperkuat.,19
REV001469,EMP00735,2024-H1,2024-06-15,EMP00728,3,"Hj. telah bekerja dengan baik dalam tanggung jawab rutinnya. Area pengembangan utama: cross-functional collaboration. Dengan bimbingan yang tepat, Hj. berpotensi mencapai level berikutnya.",23
REV001470,EMP00735,2024-H2,2024-12-15,EMP00728,4,"Hj. telah bekerja dengan baik dalam tanggung jawab rutinnya. Area pengembangan utama: cross-functional collaboration. Dengan bimbingan yang tepat, Hj. berpotensi mencapai level berikutnya.",23
REV001471,EMP00736,2024-H1,2024-06-15,EMP00728,4,"Dt. telah bekerja dengan baik dalam tanggung jawab rutinnya. Area pengembangan utama: time management. Dengan bimbingan yang tepat, Dt. berpotensi mencapai level berikutnya.",23
REV001472,EMP00736,2024-H2,2024-12-15,EMP00728,3,Dt. memenuhi sebagian besar target yang ditetapkan. Perlu pengembangan lebih lanjut dalam hal project management. Disarankan mengikuti pelatihan leadership fundamental untuk mendukung pertumbuhan karier.,24
REV001473,EMP00737,2024-H1,2024-06-15,EMP00728,4,"Diana telah bekerja dengan baik dalam tanggung jawab rutinnya. Area pengembangan utama: cross-functional collaboration. Dengan bimbingan yang tepat, Diana berpotensi mencapai level berikutnya.",23
REV001474,EMP00737,2024-H2,2024-12-15,EMP00728,4,Secara keseluruhan Diana menunjukkan performa yang adequate. Beberapa deliverable perlu peningkatan dari sisi kualitas. Komunikasi dengan stakeholder perlu diperkuat.,19
REV001475,EMP00738,2024-H1,2024-06-15,EMP00728,5,Karimah menunjukkan growth mindset yang kuat. Inisiatif dalam mengembangkan proses baru berhasil meningkatkan efisiensi tim sebesar 11%. Sangat direkomendasikan untuk program fast-track.,22
REV001476,EMP00738,2024-H2,2024-12-15,EMP00728,5,Karimah beberapa kali mengekspresikan kekhawatiran terkait kompensasi dan jenjang karier. Disarankan untuk dilakukan retention conversation secepatnya.,16
REV001477,EMP00739,2024-H1,2024-06-15,,3,"Himawan telah bekerja dengan baik dalam tanggung jawab rutinnya. Area pengembangan utama: technical depth. Dengan bimbingan yang tepat, Himawan berpotensi mencapai level berikutnya.",23
REV001478,EMP00739,2024-H2,2024-12-15,,3,Himawan memenuhi sebagian besar target yang ditetapkan. Perlu pengembangan lebih lanjut dalam hal project management. Disarankan mengikuti pelatihan agile methodology untuk mendukung pertumbuhan karier.,24
REV001479,EMP00740,2024-H1,2024-06-15,EMP00728,3,Drs. beberapa kali mengekspresikan kekhawatiran terkait kompensasi dan jenjang karier. Disarankan untuk dilakukan retention conversation secepatnya.,16
REV001480,EMP00740,2024-H2,2024-12-15,EMP00728,4,"Dalam diskusi 1-on-1, Drs. menyampaikan rasa kurang puas dengan beban kerja saat ini. Perlu perhatian HRD untuk mencegah potensi turnover.",20
REV001481,EMP00741,2024-H1,2024-06-15,EMP00728,3,T. memenuhi sebagian besar target yang ditetapkan. Perlu pengembangan lebih lanjut dalam hal komunikasi. Disarankan mengikuti pelatihan agile methodology untuk mendukung pertumbuhan karier.,23
REV001482,EMP00741,2024-H2,2024-12-15,EMP00728,4,T. tampak kurang engaged dalam beberapa bulan terakhir. Absensi dalam team meeting meningkat. Perlu investigasi lebih lanjut.,17
REV001483,EMP00742,2024-H1,2024-06-15,EMP00728,4,drg. beberapa kali mengekspresikan kekhawatiran terkait kompensasi dan jenjang karier. Disarankan untuk dilakukan retention conversation secepatnya.,16
REV001484,EMP00742,2024-H2,2024-12-15,EMP00728,3,drg. tampak kurang engaged dalam beberapa bulan terakhir. Absensi dalam team meeting meningkat. Perlu investigasi lebih lanjut.,17
REV001485,EMP00743,2024-H1,2024-06-15,EMP00728,4,"Yunita telah bekerja dengan baik dalam tanggung jawab rutinnya. Area pengembangan utama: stakeholder communication. Dengan bimbingan yang tepat, Yunita berpotensi mencapai level berikutnya.",23
REV001486,EMP00743,2024-H2,2024-12-15,EMP00728,3,Yunita memenuhi sebagian besar target yang ditetapkan. Perlu pengembangan lebih lanjut dalam hal komunikasi. Disarankan mengikuti pelatihan data analytics bootcamp untuk mendukung pertumbuhan karier.,24
REV001487,EMP00744,2024-H1,2024-06-15,EMP00728,4,"Lurhur telah bekerja dengan baik dalam tanggung jawab rutinnya. Area pengembangan utama: stakeholder communication. Dengan bimbingan yang tepat, Lurhur berpotensi mencapai level berikutnya.",23
REV001488,EMP00744,2024-H2,2024-12-15,EMP00728,4,"Lurhur telah bekerja dengan baik dalam tanggung jawab rutinnya. Area pengembangan utama: stakeholder communication. Dengan bimbingan yang tepat, Lurhur berpotensi mencapai level berikutnya.",23
REV001489,EMP00745,2024-H1,2024-06-15,EMP00728,4,Secara keseluruhan Hartana menunjukkan performa yang adequate. Beberapa deliverable perlu peningkatan dari sisi kualitas. Komunikasi dengan stakeholder perlu diperkuat.,19
REV001490,EMP00745,2024-H2,2024-12-15,EMP00728,4,Hartana memenuhi sebagian besar target yang ditetapkan. Perlu pengembangan lebih lanjut dalam hal leadership. Disarankan mengikuti pelatihan agile methodology untuk mendukung pertumbuhan karier.,23
REV001491,EMP00746,2024-H1,2024-06-15,EMP00728,3,"Tgk. telah bekerja dengan baik dalam tanggung jawab rutinnya. Area pengembangan utama: time management. Dengan bimbingan yang tepat, Tgk. berpotensi mencapai level berikutnya.",23
REV001492,EMP00746,2024-H2,2024-12-15,EMP00728,3,Tgk. memenuhi sebagian besar target yang ditetapkan. Perlu pengembangan lebih lanjut dalam hal presentasi. Disarankan mengikuti pelatihan data analytics bootcamp untuk mendukung pertumbuhan karier.,24
REV001493,EMP00747,2024-H1,2024-06-15,EMP00728,4,Secara keseluruhan Luhung menunjukkan performa yang adequate. Beberapa deliverable perlu peningkatan dari sisi kualitas. Komunikasi dengan stakeholder perlu diperkuat.,19
REV001494,EMP00747,2024-H2,2024-12-15,EMP00728,3,Secara keseluruhan Luhung menunjukkan performa yang adequate. Beberapa deliverable perlu peningkatan dari sisi kualitas. Komunikasi dengan stakeholder perlu diperkuat.,19
REV001495,EMP00748,2024-H1,2024-06-15,EMP00728,3,"Olivia telah bekerja dengan baik dalam tanggung jawab rutinnya. Area pengembangan utama: stakeholder communication. Dengan bimbingan yang tepat, Olivia berpotensi mencapai level berikutnya.",23
REV001496,EMP00748,2024-H2,2024-12-15,EMP00728,3,"Dalam diskusi 1-on-1, Olivia menyampaikan rasa kurang puas dengan beban kerja saat ini. Perlu perhatian HRD untuk mencegah potensi turnover.",20
REV001497,EMP00749,2024-H1,2024-06-15,EMP00728,4,"Aris telah bekerja dengan baik dalam tanggung jawab rutinnya. Area pengembangan utama: technical depth. Dengan bimbingan yang tepat, Aris berpotensi mencapai level berikutnya.",23
REV001498,EMP00749,2024-H2,2024-12-15,EMP00728,3,"Aris telah bekerja dengan baik dalam tanggung jawab rutinnya. Area pengembangan utama: time management. Dengan bimbingan yang tepat, Aris berpotensi mencapai level berikutnya.",23
REV001499,EMP00750,2024-H1,2024-06-15,EMP00728,4,Juli memenuhi sebagian besar target yang ditetapkan. Perlu pengembangan lebih lanjut dalam hal analisis data. Disarankan mengikuti pelatihan agile methodology untuk mendukung pertumbuhan karier.,24
REV001500,EMP00750,2024-H2,2024-12-15,EMP00728,4,Secara keseluruhan Juli menunjukkan performa yang adequate. Beberapa deliverable perlu peningkatan dari sisi kualitas. Komunikasi dengan stakeholder perlu diperkuat.,19
REV001501,EMP00751,2024-H1,2024-06-15,EMP00770,3,"Eka telah bekerja dengan baik dalam tanggung jawab rutinnya. Area pengembangan utama: stakeholder communication. Dengan bimbingan yang tepat, Eka berpotensi mencapai level berikutnya.",23
REV001502,EMP00751,2024-H2,2024-12-15,EMP00770,3,Eka memenuhi sebagian besar target yang ditetapkan. Perlu pengembangan lebih lanjut dalam hal analisis data. Disarankan mengikuti pelatihan communication workshop untuk mendukung pertumbuhan karier.,24
REV001503,EMP00752,2024-H1,2024-06-15,EMP00770,4,R.M. memenuhi sebagian besar target yang ditetapkan. Perlu pengembangan lebih lanjut dalam hal leadership. Disarankan mengikuti pelatihan data analytics bootcamp untuk mendukung pertumbuhan karier.,24
REV001504,EMP00752,2024-H2,2024-12-15,EMP00770,3,"R.M. telah bekerja dengan baik dalam tanggung jawab rutinnya. Area pengembangan utama: technical depth. Dengan bimbingan yang tepat, R.M. berpotensi mencapai level berikutnya.",23
REV001505,EMP00753,2024-H1,2024-06-15,EMP00770,3,Elisa memenuhi sebagian besar target yang ditetapkan. Perlu pengembangan lebih lanjut dalam hal leadership. Disarankan mengikuti pelatihan leadership fundamental untuk mendukung pertumbuhan karier.,23
REV001506,EMP00753,2024-H2,2024-12-15,EMP00770,4,"Elisa telah bekerja dengan baik dalam tanggung jawab rutinnya. Area pengembangan utama: cross-functional collaboration. Dengan bimbingan yang tepat, Elisa berpotensi mencapai level berikutnya.",23
REV001507,EMP00754,2024-H1,2024-06-15,EMP00770,4,Tgk. menunjukkan growth mindset yang kuat. Inisiatif dalam mengembangkan proses baru berhasil meningkatkan efisiensi tim sebesar 15%. Sangat direkomendasikan untuk program fast-track.,22
REV001508,EMP00754,2024-H2,2024-12-15,EMP00770,5,Tgk. menunjukkan growth mindset yang kuat. Inisiatif dalam mengembangkan proses baru berhasil meningkatkan efisiensi tim sebesar 9%. Sangat direkomendasikan untuk program fast-track.,22
REV001509,EMP00755,2024-H1,2024-06-15,EMP00770,3,Secara keseluruhan Dr. menunjukkan performa yang adequate. Beberapa deliverable perlu peningkatan dari sisi kualitas. Komunikasi dengan stakeholder perlu diperkuat.,19
REV001510,EMP00755,2024-H2,2024-12-15,EMP00770,4,"Dr. telah bekerja dengan baik dalam tanggung jawab rutinnya. Area pengembangan utama: time management. Dengan bimbingan yang tepat, Dr. berpotensi mencapai level berikutnya.",23
REV001511,EMP00756,2024-H1,2024-06-15,EMP00770,4,"Padmi telah bekerja dengan baik dalam tanggung jawab rutinnya. Area pengembangan utama: stakeholder communication. Dengan bimbingan yang tepat, Padmi berpotensi mencapai level berikutnya.",23
REV001512,EMP00756,2024-H2,2024-12-15,EMP00770,4,Secara keseluruhan Padmi menunjukkan performa yang adequate. Beberapa deliverable perlu peningkatan dari sisi kualitas. Komunikasi dengan stakeholder perlu diperkuat.,19
REV001513,EMP00757,2024-H1,2024-06-15,EMP00770,3,Secara keseluruhan Cut menunjukkan performa yang adequate. Beberapa deliverable perlu peningkatan dari sisi kualitas. Komunikasi dengan stakeholder perlu diperkuat.,19
REV001514,EMP00757,2024-H2,2024-12-15,EMP00770,3,Secara keseluruhan Cut menunjukkan performa yang adequate. Beberapa deliverable perlu peningkatan dari sisi kualitas. Komunikasi dengan stakeholder perlu diperkuat.,19
REV001515,EMP00758,2024-H1,2024-06-15,EMP00770,4,Secara keseluruhan Restu menunjukkan performa yang adequate. Beberapa deliverable perlu peningkatan dari sisi kualitas. Komunikasi dengan stakeholder perlu diperkuat.,19
REV001516,EMP00758,2024-H2,2024-12-15,EMP00770,3,"Restu telah bekerja dengan baik dalam tanggung jawab rutinnya. Area pengembangan utama: time management. Dengan bimbingan yang tepat, Restu berpotensi mencapai level berikutnya.",23
REV001517,EMP00759,2024-H1,2024-06-15,EMP00770,5,H. menunjukkan growth mindset yang kuat. Inisiatif dalam mengembangkan proses baru berhasil meningkatkan efisiensi tim sebesar 27%. Sangat direkomendasikan untuk program fast-track.,22
REV001518,EMP00759,2024-H2,2024-12-15,EMP00770,5,H. secara konsisten melampaui target yang ditetapkan. Kemampuan teknis dan kepemimpinan tim sangat menonjol. Rekomendasikan untuk promosi ke level berikutnya dalam 6 bulan ke depan.,25
REV001519,EMP00760,2024-H1,2024-06-15,EMP00770,4,Secara keseluruhan Dr. menunjukkan performa yang adequate. Beberapa deliverable perlu peningkatan dari sisi kualitas. Komunikasi dengan stakeholder perlu diperkuat.,19
REV001520,EMP00760,2024-H2,2024-12-15,EMP00770,3,"Dr. telah bekerja dengan baik dalam tanggung jawab rutinnya. Area pengembangan utama: time management. Dengan bimbingan yang tepat, Dr. berpotensi mencapai level berikutnya.",23
REV001521,EMP00761,2024-H1,2024-06-15,EMP00770,5,KH. menunjukkan growth mindset yang kuat. Inisiatif dalam mengembangkan proses baru berhasil meningkatkan efisiensi tim sebesar 23%. Sangat direkomendasikan untuk program fast-track.,22
REV001522,EMP00761,2024-H2,2024-12-15,EMP00770,5,KH. secara konsisten melampaui target yang ditetapkan. Kemampuan teknis dan kepemimpinan tim sangat menonjol. Rekomendasikan untuk promosi ke level berikutnya dalam 6 bulan ke depan.,25
REV001523,EMP00762,2024-H1,2024-06-15,EMP00770,3,"Anastasia telah bekerja dengan baik dalam tanggung jawab rutinnya. Area pengembangan utama: cross-functional collaboration. Dengan bimbingan yang tepat, Anastasia berpotensi mencapai level berikutnya.",23
REV001524,EMP00762,2024-H2,2024-12-15,EMP00770,3,"Anastasia telah bekerja dengan baik dalam tanggung jawab rutinnya. Area pengembangan utama: stakeholder communication. Dengan bimbingan yang tepat, Anastasia berpotensi mencapai level berikutnya.",23
REV001525,EMP00763,2024-H1,2024-06-15,EMP00770,3,Karna memenuhi sebagian besar target yang ditetapkan. Perlu pengembangan lebih lanjut dalam hal analisis data. Disarankan mengikuti pelatihan data analytics bootcamp untuk mendukung pertumbuhan karier.,25
REV001526,EMP00763,2024-H2,2024-12-15,EMP00770,4,Secara keseluruhan Karna menunjukkan performa yang adequate. Beberapa deliverable perlu peningkatan dari sisi kualitas. Komunikasi dengan stakeholder perlu diperkuat.,19
REV001527,EMP00764,2024-H1,2024-06-15,EMP00770,4,Secara keseluruhan Raina menunjukkan performa yang adequate. Beberapa deliverable perlu peningkatan dari sisi kualitas. Komunikasi dengan stakeholder perlu diperkuat.,19
REV001528,EMP00764,2024-H2,2024-12-15,EMP00770,3,Secara keseluruhan Raina menunjukkan performa yang adequate. Beberapa deliverable perlu peningkatan dari sisi kualitas. Komunikasi dengan stakeholder perlu diperkuat.,19
REV001529,EMP00765,2024-H1,2024-06-15,EMP00770,5,Performa Hj. luar biasa sepanjang kuartal ini. Berhasil menyelesaikan proyek restrukturisasi SOP lebih awal dari jadwal dengan kualitas melebihi ekspektasi. Kontribusi pada tim sangat signifikan.,25
REV001530,EMP00765,2024-H2,2024-12-15,EMP00770,4,Performa Hj. luar biasa sepanjang kuartal ini. Berhasil menyelesaikan proyek migrasi sistem lebih awal dari jadwal dengan kualitas melebihi ekspektasi. Kontribusi pada tim sangat signifikan.,25
REV001531,EMP00766,2024-H1,2024-06-15,EMP00770,4,Secara keseluruhan Carla menunjukkan performa yang adequate. Beberapa deliverable perlu peningkatan dari sisi kualitas. Komunikasi dengan stakeholder perlu diperkuat.,19
REV001532,EMP00766,2024-H2,2024-12-15,EMP00770,3,"Carla telah bekerja dengan baik dalam tanggung jawab rutinnya. Area pengembangan utama: technical depth. Dengan bimbingan yang tepat, Carla berpotensi mencapai level berikutnya.",23
REV001533,EMP00767,2024-H1,2024-06-15,EMP00770,3,Secara keseluruhan Iriana menunjukkan performa yang adequate. Beberapa deliverable perlu peningkatan dari sisi kualitas. Komunikasi dengan stakeholder perlu diperkuat.,19
REV001534,EMP00767,2024-H2,2024-12-15,EMP00770,3,"Iriana telah bekerja dengan baik dalam tanggung jawab rutinnya. Area pengembangan utama: time management. Dengan bimbingan yang tepat, Iriana berpotensi mencapai level berikutnya.",23
REV001535,EMP00768,2024-H1,2024-06-15,EMP00770,4,Secara keseluruhan Hendri menunjukkan performa yang adequate. Beberapa deliverable perlu peningkatan dari sisi kualitas. Komunikasi dengan stakeholder perlu diperkuat.,19
REV001536,EMP00768,2024-H2,2024-12-15,EMP00770,3,Hendri memenuhi sebagian besar target yang ditetapkan. Perlu pengembangan lebih lanjut dalam hal analisis data. Disarankan mengikuti pelatihan data analytics bootcamp untuk mendukung pertumbuhan karier.,25
REV001537,EMP00769,2024-H1,2024-06-15,EMP00770,4,Secara keseluruhan Olivia menunjukkan performa yang adequate. Beberapa deliverable perlu peningkatan dari sisi kualitas. Komunikasi dengan stakeholder perlu diperkuat.,19
REV001538,EMP00769,2024-H2,2024-12-15,EMP00770,4,"Olivia telah bekerja dengan baik dalam tanggung jawab rutinnya. Area pengembangan utama: technical depth. Dengan bimbingan yang tepat, Olivia berpotensi mencapai level berikutnya.",23
REV001539,EMP00770,2024-H1,2024-06-15,,3,Secara keseluruhan Zizi menunjukkan performa yang adequate. Beberapa deliverable perlu peningkatan dari sisi kualitas. Komunikasi dengan stakeholder perlu diperkuat.,19
REV001540,EMP00770,2024-H2,2024-12-15,,3,"Zizi telah bekerja dengan baik dalam tanggung jawab rutinnya. Area pengembangan utama: stakeholder communication. Dengan bimbingan yang tepat, Zizi berpotensi mencapai level berikutnya.",23
REV001541,EMP00771,2024-H1,2024-06-15,EMP00770,3,"Dina telah bekerja dengan baik dalam tanggung jawab rutinnya. Area pengembangan utama: technical depth. Dengan bimbingan yang tepat, Dina berpotensi mencapai level berikutnya.",23
REV001542,EMP00771,2024-H2,2024-12-15,EMP00770,4,"Dina telah bekerja dengan baik dalam tanggung jawab rutinnya. Area pengembangan utama: stakeholder communication. Dengan bimbingan yang tepat, Dina berpotensi mencapai level berikutnya.",23
REV001543,EMP00772,2024-H1,2024-06-15,EMP00770,4,Performa Tgk. luar biasa sepanjang kuartal ini. Berhasil menyelesaikan proyek restrukturisasi SOP lebih awal dari jadwal dengan kualitas melebihi ekspektasi. Kontribusi pada tim sangat signifikan.,25
REV001544,EMP00772,2024-H2,2024-12-15,EMP00770,5,Performa Tgk. luar biasa sepanjang kuartal ini. Berhasil menyelesaikan proyek migrasi sistem lebih awal dari jadwal dengan kualitas melebihi ekspektasi. Kontribusi pada tim sangat signifikan.,25
REV001545,EMP00773,2024-H1,2024-06-15,,3,dr. memenuhi sebagian besar target yang ditetapkan. Perlu pengembangan lebih lanjut dalam hal presentasi. Disarankan mengikuti pelatihan data analytics bootcamp untuk mendukung pertumbuhan karier.,24
REV001546,EMP00773,2024-H2,2024-12-15,,4,Secara keseluruhan dr. menunjukkan performa yang adequate. Beberapa deliverable perlu peningkatan dari sisi kualitas. Komunikasi dengan stakeholder perlu diperkuat.,19
REV001547,EMP00774,2024-H1,2024-06-15,EMP00770,5,Patricia secara konsisten melampaui target yang ditetapkan. Kemampuan teknis dan kepemimpinan tim sangat menonjol. Rekomendasikan untuk promosi ke level berikutnya dalam 6 bulan ke depan.,25
REV001548,EMP00774,2024-H2,2024-12-15,EMP00770,5,Patricia secara konsisten melampaui target yang ditetapkan. Kemampuan teknis dan kepemimpinan tim sangat menonjol. Rekomendasikan untuk promosi ke level berikutnya dalam 6 bulan ke depan.,25
REV001549,EMP00775,2024-H1,2024-06-15,EMP00770,3,Tgk. memenuhi sebagian besar target yang ditetapkan. Perlu pengembangan lebih lanjut dalam hal komunikasi. Disarankan mengikuti pelatihan leadership fundamental untuk mendukung pertumbuhan karier.,23
REV001550,EMP00775,2024-H2,2024-12-15,EMP00770,3,"Tgk. telah bekerja dengan baik dalam tanggung jawab rutinnya. Area pengembangan utama: stakeholder communication. Dengan bimbingan yang tepat, Tgk. berpotensi mencapai level berikutnya.",23
REV001551,EMP00776,2024-H1,2024-06-15,EMP00770,3,Rangga memenuhi sebagian besar target yang ditetapkan. Perlu pengembangan lebih lanjut dalam hal analisis data. Disarankan mengikuti pelatihan data analytics bootcamp untuk mendukung pertumbuhan karier.,25
REV001552,EMP00776,2024-H2,2024-12-15,EMP00770,4,"Rangga telah bekerja dengan baik dalam tanggung jawab rutinnya. Area pengembangan utama: time management. Dengan bimbingan yang tepat, Rangga berpotensi mencapai level berikutnya.",23
REV001553,EMP00777,2024-H1,2024-06-15,EMP00770,4,Febi menunjukkan growth mindset yang kuat. Inisiatif dalam mengembangkan proses baru berhasil meningkatkan efisiensi tim sebesar 17%. Sangat direkomendasikan untuk program fast-track.,22
REV001554,EMP00777,2024-H2,2024-12-15,EMP00770,5,Febi secara konsisten melampaui target yang ditetapkan. Kemampuan teknis dan kepemimpinan tim sangat menonjol. Rekomendasikan untuk promosi ke level berikutnya dalam 6 bulan ke depan.,25
REV001555,EMP00778,2024-H1,2024-06-15,EMP00770,4,Puti secara konsisten melampaui target yang ditetapkan. Kemampuan teknis dan kepemimpinan tim sangat menonjol. Rekomendasikan untuk promosi ke level berikutnya dalam 6 bulan ke depan.,25
REV001556,EMP00778,2024-H2,2024-12-15,EMP00770,5,Performa Puti luar biasa sepanjang kuartal ini. Berhasil menyelesaikan proyek optimasi pipeline data lebih awal dari jadwal dengan kualitas melebihi ekspektasi. Kontribusi pada tim sangat signifikan.,26
REV001557,EMP00779,2024-H1,2024-06-15,,4,Wardaya secara konsisten melampaui target yang ditetapkan. Kemampuan teknis dan kepemimpinan tim sangat menonjol. Rekomendasikan untuk promosi ke level berikutnya dalam 6 bulan ke depan.,25
REV001558,EMP00779,2024-H2,2024-12-15,,4,Wardaya secara konsisten melampaui target yang ditetapkan. Kemampuan teknis dan kepemimpinan tim sangat menonjol. Rekomendasikan untuk promosi ke level berikutnya dalam 6 bulan ke depan.,25
REV001559,EMP00780,2024-H1,2024-06-15,EMP00770,4,"T. telah bekerja dengan baik dalam tanggung jawab rutinnya. Area pengembangan utama: stakeholder communication. Dengan bimbingan yang tepat, T. berpotensi mencapai level berikutnya.",23
REV001560,EMP00780,2024-H2,2024-12-15,EMP00770,4,T. memenuhi sebagian besar target yang ditetapkan. Perlu pengembangan lebih lanjut dalam hal komunikasi. Disarankan mengikuti pelatihan agile methodology untuk mendukung pertumbuhan karier.,23
REV001561,EMP00781,2024-H1,2024-06-15,EMP00846,3,"Natalia telah bekerja dengan baik dalam tanggung jawab rutinnya. Area pengembangan utama: cross-functional collaboration. Dengan bimbingan yang tepat, Natalia berpotensi mencapai level berikutnya.",23
REV001562,EMP00781,2024-H2,2024-12-15,EMP00846,3,"Natalia telah bekerja dengan baik dalam tanggung jawab rutinnya. Area pengembangan utama: time management. Dengan bimbingan yang tepat, Natalia berpotensi mencapai level berikutnya.",23
REV001563,EMP00782,2024-H1,2024-06-15,EMP00846,4,KH. beberapa kali mengekspresikan kekhawatiran terkait kompensasi dan jenjang karier. Disarankan untuk dilakukan retention conversation secepatnya.,16
REV001564,EMP00782,2024-H2,2024-12-15,EMP00846,4,KH. memenuhi sebagian besar target yang ditetapkan. Perlu pengembangan lebih lanjut dalam hal analisis data. Disarankan mengikuti pelatihan leadership fundamental untuk mendukung pertumbuhan karier.,24
REV001565,EMP00783,2024-H1,2024-06-15,EMP00846,3,"Dewi telah bekerja dengan baik dalam tanggung jawab rutinnya. Area pengembangan utama: stakeholder communication. Dengan bimbingan yang tepat, Dewi berpotensi mencapai level berikutnya.",23
REV001566,EMP00783,2024-H2,2024-12-15,EMP00846,3,"Dewi telah bekerja dengan baik dalam tanggung jawab rutinnya. Area pengembangan utama: cross-functional collaboration. Dengan bimbingan yang tepat, Dewi berpotensi mencapai level berikutnya.",23
REV001567,EMP00784,2024-H1,2024-06-15,EMP00846,5,Kenari menunjukkan growth mindset yang kuat. Inisiatif dalam mengembangkan proses baru berhasil meningkatkan efisiensi tim sebesar 15%. Sangat direkomendasikan untuk program fast-track.,22
REV001568,EMP00784,2024-H2,2024-12-15,EMP00846,4,Performa Kenari luar biasa sepanjang kuartal ini. Berhasil menyelesaikan proyek migrasi sistem lebih awal dari jadwal dengan kualitas melebihi ekspektasi. Kontribusi pada tim sangat signifikan.,25
REV001569,EMP00785,2024-H1,2024-06-15,EMP00846,3,dr. menghadapi tantangan dalam memenuhi ekspektasi peran saat ini. Perlu evaluasi ulang mengenai kesesuaian role dengan strengths yang dimiliki.,19
REV001570,EMP00785,2024-H2,2024-12-15,EMP00846,2,"Dalam diskusi 1-on-1, dr. menyampaikan rasa kurang puas dengan beban kerja saat ini. Perlu perhatian HRD untuk mencegah potensi turnover.",20
REV001571,EMP00786,2024-H1,2024-06-15,,5,Edward secara konsisten melampaui target yang ditetapkan. Kemampuan teknis dan kepemimpinan tim sangat menonjol. Rekomendasikan untuk promosi ke level berikutnya dalam 6 bulan ke depan.,25
REV001572,EMP00786,2024-H2,2024-12-15,,5,Edward menunjukkan growth mindset yang kuat. Inisiatif dalam mengembangkan proses baru berhasil meningkatkan efisiensi tim sebesar 17%. Sangat direkomendasikan untuk program fast-track.,22
REV001573,EMP00787,2024-H1,2024-06-15,EMP00846,5,"Dalam diskusi 1-on-1, Maimunah menyampaikan rasa kurang puas dengan beban kerja saat ini. Perlu perhatian HRD untuk mencegah potensi turnover.",20
REV001574,EMP00787,2024-H2,2024-12-15,EMP00846,4,Maimunah secara konsisten melampaui target yang ditetapkan. Kemampuan teknis dan kepemimpinan tim sangat menonjol. Rekomendasikan untuk promosi ke level berikutnya dalam 6 bulan ke depan.,25
REV001575,EMP00788,2024-H1,2024-06-15,EMP00846,3,"Ulva telah bekerja dengan baik dalam tanggung jawab rutinnya. Area pengembangan utama: stakeholder communication. Dengan bimbingan yang tepat, Ulva berpotensi mencapai level berikutnya.",23
REV001576,EMP00788,2024-H2,2024-12-15,EMP00846,3,Secara keseluruhan Ulva menunjukkan performa yang adequate. Beberapa deliverable perlu peningkatan dari sisi kualitas. Komunikasi dengan stakeholder perlu diperkuat.,19
REV001577,EMP00789,2024-H1,2024-06-15,EMP00846,4,Damar memenuhi sebagian besar target yang ditetapkan. Perlu pengembangan lebih lanjut dalam hal leadership. Disarankan mengikuti pelatihan data analytics bootcamp untuk mendukung pertumbuhan karier.,24
REV001578,EMP00789,2024-H2,2024-12-15,EMP00846,3,Damar beberapa kali mengekspresikan kekhawatiran terkait kompensasi dan jenjang karier. Disarankan untuk dilakukan retention conversation secepatnya.,16
REV001579,EMP00790,2024-H1,2024-06-15,EMP00846,4,Putri memenuhi sebagian besar target yang ditetapkan. Perlu pengembangan lebih lanjut dalam hal komunikasi. Disarankan mengikuti pelatihan leadership fundamental untuk mendukung pertumbuhan karier.,23
REV001580,EMP00790,2024-H2,2024-12-15,EMP00846,3,Putri memenuhi sebagian besar target yang ditetapkan. Perlu pengembangan lebih lanjut dalam hal project management. Disarankan mengikuti pelatihan communication workshop untuk mendukung pertumbuhan karier.,24
REV001581,EMP00791,2024-H1,2024-06-15,EMP00846,5,Performa Balangga luar biasa sepanjang kuartal ini. Berhasil menyelesaikan proyek peluncuran produk baru lebih awal dari jadwal dengan kualitas melebihi ekspektasi. Kontribusi pada tim sangat signifikan.,26
REV001582,EMP00791,2024-H2,2024-12-15,EMP00846,5,Balangga menunjukkan growth mindset yang kuat. Inisiatif dalam mengembangkan proses baru berhasil meningkatkan efisiensi tim sebesar 19%. Sangat direkomendasikan untuk program fast-track.,22
REV001583,EMP00792,2024-H1,2024-06-15,EMP00846,4,"Rini telah bekerja dengan baik dalam tanggung jawab rutinnya. Area pengembangan utama: technical depth. Dengan bimbingan yang tepat, Rini berpotensi mencapai level berikutnya.",23
REV001584,EMP00792,2024-H2,2024-12-15,EMP00846,3,"Rini telah bekerja dengan baik dalam tanggung jawab rutinnya. Area pengembangan utama: technical depth. Dengan bimbingan yang tepat, Rini berpotensi mencapai level berikutnya.",23
REV001585,EMP00793,2024-H1,2024-06-15,EMP00846,3,"Mulyono telah bekerja dengan baik dalam tanggung jawab rutinnya. Area pengembangan utama: time management. Dengan bimbingan yang tepat, Mulyono berpotensi mencapai level berikutnya.",23
REV001586,EMP00793,2024-H2,2024-12-15,EMP00846,3,Mulyono memenuhi sebagian besar target yang ditetapkan. Perlu pengembangan lebih lanjut dalam hal komunikasi. Disarankan mengikuti pelatihan leadership fundamental untuk mendukung pertumbuhan karier.,23
REV001587,EMP00794,2024-H1,2024-06-15,,5,Makuta menunjukkan growth mindset yang kuat. Inisiatif dalam mengembangkan proses baru berhasil meningkatkan efisiensi tim sebesar 10%. Sangat direkomendasikan untuk program fast-track.,22
REV001588,EMP00794,2024-H2,2024-12-15,,4,Performa Makuta luar biasa sepanjang kuartal ini. Berhasil menyelesaikan proyek optimasi pipeline data lebih awal dari jadwal dengan kualitas melebihi ekspektasi. Kontribusi pada tim sangat signifikan.,26
REV001589,EMP00795,2024-H1,2024-06-15,EMP00846,4,Baktianto memenuhi sebagian besar target yang ditetapkan. Perlu pengembangan lebih lanjut dalam hal komunikasi. Disarankan mengikuti pelatihan leadership fundamental untuk mendukung pertumbuhan karier.,23
REV001590,EMP00795,2024-H2,2024-12-15,EMP00846,4,Secara keseluruhan Baktianto menunjukkan performa yang adequate. Beberapa deliverable perlu peningkatan dari sisi kualitas. Komunikasi dengan stakeholder perlu diperkuat.,19
REV001591,EMP00796,2024-H1,2024-06-15,EMP00846,5,Tina secara konsisten melampaui target yang ditetapkan. Kemampuan teknis dan kepemimpinan tim sangat menonjol. Rekomendasikan untuk promosi ke level berikutnya dalam 6 bulan ke depan.,25
REV001592,EMP00796,2024-H2,2024-12-15,EMP00846,5,Tina menunjukkan growth mindset yang kuat. Inisiatif dalam mengembangkan proses baru berhasil meningkatkan efisiensi tim sebesar 22%. Sangat direkomendasikan untuk program fast-track.,22
REV001593,EMP00797,2024-H1,2024-06-15,EMP00846,4,Maman memenuhi sebagian besar target yang ditetapkan. Perlu pengembangan lebih lanjut dalam hal analisis data. Disarankan mengikuti pelatihan communication workshop untuk mendukung pertumbuhan karier.,24
REV001594,EMP00797,2024-H2,2024-12-15,EMP00846,4,"Maman telah bekerja dengan baik dalam tanggung jawab rutinnya. Area pengembangan utama: time management. Dengan bimbingan yang tepat, Maman berpotensi mencapai level berikutnya.",23
REV001595,EMP00798,2024-H1,2024-06-15,EMP00846,3,"Yoga telah bekerja dengan baik dalam tanggung jawab rutinnya. Area pengembangan utama: technical depth. Dengan bimbingan yang tepat, Yoga berpotensi mencapai level berikutnya.",23
REV001596,EMP00798,2024-H2,2024-12-15,EMP00846,4,"Yoga telah bekerja dengan baik dalam tanggung jawab rutinnya. Area pengembangan utama: cross-functional collaboration. Dengan bimbingan yang tepat, Yoga berpotensi mencapai level berikutnya.",23
REV001597,EMP00799,2024-H1,2024-06-15,EMP00846,3,Hasim memenuhi sebagian besar target yang ditetapkan. Perlu pengembangan lebih lanjut dalam hal komunikasi. Disarankan mengikuti pelatihan agile methodology untuk mendukung pertumbuhan karier.,23
REV001598,EMP00799,2024-H2,2024-12-15,EMP00846,3,Hasim memenuhi sebagian besar target yang ditetapkan. Perlu pengembangan lebih lanjut dalam hal presentasi. Disarankan mengikuti pelatihan data analytics bootcamp untuk mendukung pertumbuhan karier.,24
REV001599,EMP00800,2024-H1,2024-06-15,EMP00846,3,"Natalia telah bekerja dengan baik dalam tanggung jawab rutinnya. Area pengembangan utama: cross-functional collaboration. Dengan bimbingan yang tepat, Natalia berpotensi mencapai level berikutnya.",23
REV001600,EMP00800,2024-H2,2024-12-15,EMP00846,4,Natalia memenuhi sebagian besar target yang ditetapkan. Perlu pengembangan lebih lanjut dalam hal leadership. Disarankan mengikuti pelatihan communication workshop untuk mendukung pertumbuhan karier.,23
REV001601,EMP00801,2024-H1,2024-06-15,EMP00846,4,"Praba telah bekerja dengan baik dalam tanggung jawab rutinnya. Area pengembangan utama: time management. Dengan bimbingan yang tepat, Praba berpotensi mencapai level berikutnya.",23
REV001602,EMP00801,2024-H2,2024-12-15,EMP00846,3,"Praba telah bekerja dengan baik dalam tanggung jawab rutinnya. Area pengembangan utama: stakeholder communication. Dengan bimbingan yang tepat, Praba berpotensi mencapai level berikutnya.",23
REV001603,EMP00802,2024-H1,2024-06-15,EMP00846,5,Irma secara konsisten melampaui target yang ditetapkan. Kemampuan teknis dan kepemimpinan tim sangat menonjol. Rekomendasikan untuk promosi ke level berikutnya dalam 6 bulan ke depan.,25
REV001604,EMP00802,2024-H2,2024-12-15,EMP00846,5,Irma tampak kurang engaged dalam beberapa bulan terakhir. Absensi dalam team meeting meningkat. Perlu investigasi lebih lanjut.,17
REV001605,EMP00803,2024-H1,2024-06-15,EMP00846,4,Umaya memenuhi sebagian besar target yang ditetapkan. Perlu pengembangan lebih lanjut dalam hal leadership. Disarankan mengikuti pelatihan data analytics bootcamp untuk mendukung pertumbuhan karier.,24
REV001606,EMP00803,2024-H2,2024-12-15,EMP00846,3,"Umaya telah bekerja dengan baik dalam tanggung jawab rutinnya. Area pengembangan utama: technical depth. Dengan bimbingan yang tepat, Umaya berpotensi mencapai level berikutnya.",23
REV001607,EMP00804,2024-H1,2024-06-15,EMP00846,3,Kemal beberapa kali mengekspresikan kekhawatiran terkait kompensasi dan jenjang karier. Disarankan untuk dilakukan retention conversation secepatnya.,16
REV001608,EMP00804,2024-H2,2024-12-15,EMP00846,3,Kemal tampak kurang engaged dalam beberapa bulan terakhir. Absensi dalam team meeting meningkat. Perlu investigasi lebih lanjut.,17
REV001609,EMP00805,2024-H1,2024-06-15,EMP00846,4,Secara keseluruhan Tari menunjukkan performa yang adequate. Beberapa deliverable perlu peningkatan dari sisi kualitas. Komunikasi dengan stakeholder perlu diperkuat.,19
REV001610,EMP00805,2024-H2,2024-12-15,EMP00846,4,Secara keseluruhan Tari menunjukkan performa yang adequate. Beberapa deliverable perlu peningkatan dari sisi kualitas. Komunikasi dengan stakeholder perlu diperkuat.,19
REV001611,EMP00806,2024-H1,2024-06-15,EMP00846,4,"Dalam diskusi 1-on-1, Zalindra menyampaikan rasa kurang puas dengan beban kerja saat ini. Perlu perhatian HRD untuk mencegah potensi turnover.",20
REV001612,EMP00806,2024-H2,2024-12-15,EMP00846,3,Zalindra beberapa kali mengekspresikan kekhawatiran terkait kompensasi dan jenjang karier. Disarankan untuk dilakukan retention conversation secepatnya.,16
REV001613,EMP00807,2024-H1,2024-06-15,EMP00846,3,"Raihan telah bekerja dengan baik dalam tanggung jawab rutinnya. Area pengembangan utama: time management. Dengan bimbingan yang tepat, Raihan berpotensi mencapai level berikutnya.",23
REV001614,EMP00807,2024-H2,2024-12-15,EMP00846,4,"Raihan telah bekerja dengan baik dalam tanggung jawab rutinnya. Area pengembangan utama: technical depth. Dengan bimbingan yang tepat, Raihan berpotensi mencapai level berikutnya.",23
REV001615,EMP00808,2024-H1,2024-06-15,EMP00846,4,"drg. telah bekerja dengan baik dalam tanggung jawab rutinnya. Area pengembangan utama: stakeholder communication. Dengan bimbingan yang tepat, drg. berpotensi mencapai level berikutnya.",23
REV001616,EMP00808,2024-H2,2024-12-15,EMP00846,4,Secara keseluruhan drg. menunjukkan performa yang adequate. Beberapa deliverable perlu peningkatan dari sisi kualitas. Komunikasi dengan stakeholder perlu diperkuat.,19
REV001617,EMP00809,2024-H1,2024-06-15,EMP00846,4,Emin memenuhi sebagian besar target yang ditetapkan. Perlu pengembangan lebih lanjut dalam hal komunikasi. Disarankan mengikuti pelatihan agile methodology untuk mendukung pertumbuhan karier.,23
REV001618,EMP00809,2024-H2,2024-12-15,EMP00846,3,Secara keseluruhan Emin menunjukkan performa yang adequate. Beberapa deliverable perlu peningkatan dari sisi kualitas. Komunikasi dengan stakeholder perlu diperkuat.,19
REV001619,EMP00810,2024-H1,2024-06-15,EMP00846,4,Secara keseluruhan Puti menunjukkan performa yang adequate. Beberapa deliverable perlu peningkatan dari sisi kualitas. Komunikasi dengan stakeholder perlu diperkuat.,19
REV001620,EMP00810,2024-H2,2024-12-15,EMP00846,4,Puti memenuhi sebagian besar target yang ditetapkan. Perlu pengembangan lebih lanjut dalam hal analisis data. Disarankan mengikuti pelatihan communication workshop untuk mendukung pertumbuhan karier.,24
REV001621,EMP00811,2024-H1,2024-06-15,EMP00846,3,Secara keseluruhan Syahrini menunjukkan performa yang adequate. Beberapa deliverable perlu peningkatan dari sisi kualitas. Komunikasi dengan stakeholder perlu diperkuat.,19
REV001622,EMP00811,2024-H2,2024-12-15,EMP00846,3,Secara keseluruhan Syahrini menunjukkan performa yang adequate. Beberapa deliverable perlu peningkatan dari sisi kualitas. Komunikasi dengan stakeholder perlu diperkuat.,19
REV001623,EMP00812,2024-H1,2024-06-15,EMP00846,3,"drg. telah bekerja dengan baik dalam tanggung jawab rutinnya. Area pengembangan utama: time management. Dengan bimbingan yang tepat, drg. berpotensi mencapai level berikutnya.",23
REV001624,EMP00812,2024-H2,2024-12-15,EMP00846,3,Secara keseluruhan drg. menunjukkan performa yang adequate. Beberapa deliverable perlu peningkatan dari sisi kualitas. Komunikasi dengan stakeholder perlu diperkuat.,19
REV001625,EMP00813,2024-H1,2024-06-15,EMP00846,3,Secara keseluruhan Drs. menunjukkan performa yang adequate. Beberapa deliverable perlu peningkatan dari sisi kualitas. Komunikasi dengan stakeholder perlu diperkuat.,19
REV001626,EMP00813,2024-H2,2024-12-15,EMP00846,3,Drs. memenuhi sebagian besar target yang ditetapkan. Perlu pengembangan lebih lanjut dalam hal komunikasi. Disarankan mengikuti pelatihan communication workshop untuk mendukung pertumbuhan karier.,23
REV001627,EMP00814,2024-H1,2024-06-15,EMP00846,3,Secara keseluruhan R. menunjukkan performa yang adequate. Beberapa deliverable perlu peningkatan dari sisi kualitas. Komunikasi dengan stakeholder perlu diperkuat.,19
REV001628,EMP00814,2024-H2,2024-12-15,EMP00846,4,Secara keseluruhan R. menunjukkan performa yang adequate. Beberapa deliverable perlu peningkatan dari sisi kualitas. Komunikasi dengan stakeholder perlu diperkuat.,19
REV001629,EMP00815,2024-H1,2024-06-15,EMP00846,5,Performa Edi luar biasa sepanjang kuartal ini. Berhasil menyelesaikan proyek optimasi pipeline data lebih awal dari jadwal dengan kualitas melebihi ekspektasi. Kontribusi pada tim sangat signifikan.,26
REV001630,EMP00815,2024-H2,2024-12-15,EMP00846,4,Performa Edi luar biasa sepanjang kuartal ini. Berhasil menyelesaikan proyek optimasi pipeline data lebih awal dari jadwal dengan kualitas melebihi ekspektasi. Kontribusi pada tim sangat signifikan.,26
REV001631,EMP00816,2024-H1,2024-06-15,EMP00846,5,Jessica beberapa kali mengekspresikan kekhawatiran terkait kompensasi dan jenjang karier. Disarankan untuk dilakukan retention conversation secepatnya.,16
REV001632,EMP00816,2024-H2,2024-12-15,EMP00846,5,Jessica menunjukkan growth mindset yang kuat. Inisiatif dalam mengembangkan proses baru berhasil meningkatkan efisiensi tim sebesar 21%. Sangat direkomendasikan untuk program fast-track.,22
REV001633,EMP00817,2024-H1,2024-06-15,EMP00846,3,Praba belum mencapai target yang ditetapkan. Perlu improvement plan yang lebih terstruktur dalam 3 bulan ke depan. Disarankan untuk diskusi 1-on-1 lebih intensif.,23
REV001634,EMP00817,2024-H2,2024-12-15,EMP00846,3,"Dalam diskusi 1-on-1, Praba menyampaikan rasa kurang puas dengan beban kerja saat ini. Perlu perhatian HRD untuk mencegah potensi turnover.",20
REV001635,EMP00818,2024-H1,2024-06-15,EMP00846,3,"Hj. telah bekerja dengan baik dalam tanggung jawab rutinnya. Area pengembangan utama: stakeholder communication. Dengan bimbingan yang tepat, Hj. berpotensi mencapai level berikutnya.",23
REV001636,EMP00818,2024-H2,2024-12-15,EMP00846,4,Hj. beberapa kali mengekspresikan kekhawatiran terkait kompensasi dan jenjang karier. Disarankan untuk dilakukan retention conversation secepatnya.,16
REV001637,EMP00819,2024-H1,2024-06-15,EMP00846,1,Tgk. belum mencapai target yang ditetapkan. Perlu improvement plan yang lebih terstruktur dalam 3 bulan ke depan. Disarankan untuk diskusi 1-on-1 lebih intensif.,23
REV001638,EMP00819,2024-H2,2024-12-15,EMP00846,2,Tgk. menghadapi tantangan dalam memenuhi ekspektasi peran saat ini. Perlu evaluasi ulang mengenai kesesuaian role dengan strengths yang dimiliki.,19
REV001639,EMP00820,2024-H1,2024-06-15,EMP00846,2,Bakiono beberapa kali mengekspresikan kekhawatiran terkait kompensasi dan jenjang karier. Disarankan untuk dilakukan retention conversation secepatnya.,16
REV001640,EMP00820,2024-H2,2024-12-15,EMP00846,2,"Dalam diskusi 1-on-1, Bakiono menyampaikan rasa kurang puas dengan beban kerja saat ini. Perlu perhatian HRD untuk mencegah potensi turnover.",20
REV001641,EMP00821,2024-H1,2024-06-15,EMP00846,3,Janet memenuhi sebagian besar target yang ditetapkan. Perlu pengembangan lebih lanjut dalam hal leadership. Disarankan mengikuti pelatihan leadership fundamental untuk mendukung pertumbuhan karier.,23
REV001642,EMP00821,2024-H2,2024-12-15,EMP00846,3,"Dalam diskusi 1-on-1, Janet menyampaikan rasa kurang puas dengan beban kerja saat ini. Perlu perhatian HRD untuk mencegah potensi turnover.",20
REV001643,EMP00822,2024-H1,2024-06-15,EMP00846,3,"Elon telah bekerja dengan baik dalam tanggung jawab rutinnya. Area pengembangan utama: technical depth. Dengan bimbingan yang tepat, Elon berpotensi mencapai level berikutnya.",23
REV001644,EMP00822,2024-H2,2024-12-15,EMP00846,3,"Elon telah bekerja dengan baik dalam tanggung jawab rutinnya. Area pengembangan utama: technical depth. Dengan bimbingan yang tepat, Elon berpotensi mencapai level berikutnya.",23
REV001645,EMP00823,2024-H1,2024-06-15,EMP00846,3,"Ivan telah bekerja dengan baik dalam tanggung jawab rutinnya. Area pengembangan utama: time management. Dengan bimbingan yang tepat, Ivan berpotensi mencapai level berikutnya.",23
REV001646,EMP00823,2024-H2,2024-12-15,EMP00846,4,Secara keseluruhan Ivan menunjukkan performa yang adequate. Beberapa deliverable perlu peningkatan dari sisi kualitas. Komunikasi dengan stakeholder perlu diperkuat.,19
REV001647,EMP00824,2024-H1,2024-06-15,EMP00846,2,Ilsa beberapa kali mengekspresikan kekhawatiran terkait kompensasi dan jenjang karier. Disarankan untuk dilakukan retention conversation secepatnya.,16
REV001648,EMP00824,2024-H2,2024-12-15,EMP00846,3,Ilsa belum mencapai target yang ditetapkan. Perlu improvement plan yang lebih terstruktur dalam 3 bulan ke depan. Disarankan untuk diskusi 1-on-1 lebih intensif.,23
REV001649,EMP00825,2024-H1,2024-06-15,,3,Secara keseluruhan Queen menunjukkan performa yang adequate. Beberapa deliverable perlu peningkatan dari sisi kualitas. Komunikasi dengan stakeholder perlu diperkuat.,19
REV001650,EMP00825,2024-H2,2024-12-15,,4,Queen memenuhi sebagian besar target yang ditetapkan. Perlu pengembangan lebih lanjut dalam hal analisis data. Disarankan mengikuti pelatihan communication workshop untuk mendukung pertumbuhan karier.,24
REV001651,EMP00826,2024-H1,2024-06-15,EMP00846,4,Gatra menunjukkan growth mindset yang kuat. Inisiatif dalam mengembangkan proses baru berhasil meningkatkan efisiensi tim sebesar 5%. Sangat direkomendasikan untuk program fast-track.,22
REV001652,EMP00826,2024-H2,2024-12-15,EMP00846,5,Gatra secara konsisten melampaui target yang ditetapkan. Kemampuan teknis dan kepemimpinan tim sangat menonjol. Rekomendasikan untuk promosi ke level berikutnya dalam 6 bulan ke depan.,25
REV001653,EMP00827,2024-H1,2024-06-15,,3,Banara memenuhi sebagian besar target yang ditetapkan. Perlu pengembangan lebih lanjut dalam hal project management. Disarankan mengikuti pelatihan agile methodology untuk mendukung pertumbuhan karier.,24
REV001654,EMP00827,2024-H2,2024-12-15,,3,Banara tampak kurang engaged dalam beberapa bulan terakhir. Absensi dalam team meeting meningkat. Perlu investigasi lebih lanjut.,17
REV001655,EMP00828,2024-H1,2024-06-15,EMP00846,3,Halim tampak kurang engaged dalam beberapa bulan terakhir. Absensi dalam team meeting meningkat. Perlu investigasi lebih lanjut.,17
REV001656,EMP00828,2024-H2,2024-12-15,EMP00846,3,Halim memenuhi sebagian besar target yang ditetapkan. Perlu pengembangan lebih lanjut dalam hal leadership. Disarankan mengikuti pelatihan communication workshop untuk mendukung pertumbuhan karier.,23
REV001657,EMP00829,2024-H1,2024-06-15,EMP00846,1,Vera beberapa kali mengekspresikan kekhawatiran terkait kompensasi dan jenjang karier. Disarankan untuk dilakukan retention conversation secepatnya.,16
REV001658,EMP00829,2024-H2,2024-12-15,EMP00846,3,Vera menghadapi tantangan dalam memenuhi ekspektasi peran saat ini. Perlu evaluasi ulang mengenai kesesuaian role dengan strengths yang dimiliki.,19
REV001659,EMP00830,2024-H1,2024-06-15,EMP00846,5,Vero menunjukkan growth mindset yang kuat. Inisiatif dalam mengembangkan proses baru berhasil meningkatkan efisiensi tim sebesar 24%. Sangat direkomendasikan untuk program fast-track.,22
REV001660,EMP00830,2024-H2,2024-12-15,EMP00846,4,Vero secara konsisten melampaui target yang ditetapkan. Kemampuan teknis dan kepemimpinan tim sangat menonjol. Rekomendasikan untuk promosi ke level berikutnya dalam 6 bulan ke depan.,25
REV001661,EMP00831,2024-H1,2024-06-15,,4,Secara keseluruhan R.A. menunjukkan performa yang adequate. Beberapa deliverable perlu peningkatan dari sisi kualitas. Komunikasi dengan stakeholder perlu diperkuat.,19
REV001662,EMP00831,2024-H2,2024-12-15,,3,Secara keseluruhan R.A. menunjukkan performa yang adequate. Beberapa deliverable perlu peningkatan dari sisi kualitas. Komunikasi dengan stakeholder perlu diperkuat.,19
REV001663,EMP00832,2024-H1,2024-06-15,EMP00846,5,Eva menunjukkan growth mindset yang kuat. Inisiatif dalam mengembangkan proses baru berhasil meningkatkan efisiensi tim sebesar 17%. Sangat direkomendasikan untuk program fast-track.,22
REV001664,EMP00832,2024-H2,2024-12-15,EMP00846,4,Eva menunjukkan growth mindset yang kuat. Inisiatif dalam mengembangkan proses baru berhasil meningkatkan efisiensi tim sebesar 17%. Sangat direkomendasikan untuk program fast-track.,22
REV001665,EMP00833,2024-H1,2024-06-15,EMP00846,5,Rachel secara konsisten melampaui target yang ditetapkan. Kemampuan teknis dan kepemimpinan tim sangat menonjol. Rekomendasikan untuk promosi ke level berikutnya dalam 6 bulan ke depan.,25
REV001666,EMP00833,2024-H2,2024-12-15,EMP00846,5,Rachel menunjukkan growth mindset yang kuat. Inisiatif dalam mengembangkan proses baru berhasil meningkatkan efisiensi tim sebesar 15%. Sangat direkomendasikan untuk program fast-track.,22
REV001667,EMP00834,2024-H1,2024-06-15,EMP00846,2,"Dalam diskusi 1-on-1, Pia menyampaikan rasa kurang puas dengan beban kerja saat ini. Perlu perhatian HRD untuk mencegah potensi turnover.",20
REV001668,EMP00834,2024-H2,2024-12-15,EMP00846,1,Pia belum mencapai target yang ditetapkan. Perlu improvement plan yang lebih terstruktur dalam 3 bulan ke depan. Disarankan untuk diskusi 1-on-1 lebih intensif.,23
REV001669,EMP00835,2024-H1,2024-06-15,EMP00846,4,Ir. secara konsisten melampaui target yang ditetapkan. Kemampuan teknis dan kepemimpinan tim sangat menonjol. Rekomendasikan untuk promosi ke level berikutnya dalam 6 bulan ke depan.,25
REV001670,EMP00835,2024-H2,2024-12-15,EMP00846,5,Performa Ir. luar biasa sepanjang kuartal ini. Berhasil menyelesaikan proyek restrukturisasi SOP lebih awal dari jadwal dengan kualitas melebihi ekspektasi. Kontribusi pada tim sangat signifikan.,25
REV001671,EMP00836,2024-H1,2024-06-15,EMP00846,5,Perkasa menunjukkan growth mindset yang kuat. Inisiatif dalam mengembangkan proses baru berhasil meningkatkan efisiensi tim sebesar 10%. Sangat direkomendasikan untuk program fast-track.,22
REV001672,EMP00836,2024-H2,2024-12-15,EMP00846,5,Performa Perkasa luar biasa sepanjang kuartal ini. Berhasil menyelesaikan proyek optimasi pipeline data lebih awal dari jadwal dengan kualitas melebihi ekspektasi. Kontribusi pada tim sangat signifikan.,26
REV001673,EMP00837,2024-H1,2024-06-15,EMP00846,4,Performa drg. luar biasa sepanjang kuartal ini. Berhasil menyelesaikan proyek optimasi pipeline data lebih awal dari jadwal dengan kualitas melebihi ekspektasi. Kontribusi pada tim sangat signifikan.,26
REV001674,EMP00837,2024-H2,2024-12-15,EMP00846,4,drg. menunjukkan growth mindset yang kuat. Inisiatif dalam mengembangkan proses baru berhasil meningkatkan efisiensi tim sebesar 13%. Sangat direkomendasikan untuk program fast-track.,22
REV001675,EMP00838,2024-H1,2024-06-15,EMP00846,4,Performa Vero luar biasa sepanjang kuartal ini. Berhasil menyelesaikan proyek restrukturisasi SOP lebih awal dari jadwal dengan kualitas melebihi ekspektasi. Kontribusi pada tim sangat signifikan.,25
REV001676,EMP00838,2024-H2,2024-12-15,EMP00846,5,Vero secara konsisten melampaui target yang ditetapkan. Kemampuan teknis dan kepemimpinan tim sangat menonjol. Rekomendasikan untuk promosi ke level berikutnya dalam 6 bulan ke depan.,25
REV001677,EMP00839,2024-H1,2024-06-15,EMP00846,3,"Dalam diskusi 1-on-1, Aswani menyampaikan rasa kurang puas dengan beban kerja saat ini. Perlu perhatian HRD untuk mencegah potensi turnover.",20
REV001678,EMP00839,2024-H2,2024-12-15,EMP00846,1,"Terdapat beberapa concern terkait performa Aswani, khususnya dalam hal dokumentasi pekerjaan. Perlu perhatian khusus dan rencana perbaikan yang konkret.",19
REV001679,EMP00840,2024-H1,2024-06-15,EMP00846,4,Secara keseluruhan Sutan menunjukkan performa yang adequate. Beberapa deliverable perlu peningkatan dari sisi kualitas. Komunikasi dengan stakeholder perlu diperkuat.,19
REV001680,EMP00840,2024-H2,2024-12-15,EMP00846,4,"Sutan telah bekerja dengan baik dalam tanggung jawab rutinnya. Area pengembangan utama: time management. Dengan bimbingan yang tepat, Sutan berpotensi mencapai level berikutnya.",23
REV001681,EMP00841,2024-H1,2024-06-15,EMP00846,4,Secara keseluruhan Catur menunjukkan performa yang adequate. Beberapa deliverable perlu peningkatan dari sisi kualitas. Komunikasi dengan stakeholder perlu diperkuat.,19
REV001682,EMP00841,2024-H2,2024-12-15,EMP00846,4,Catur beberapa kali mengekspresikan kekhawatiran terkait kompensasi dan jenjang karier. Disarankan untuk dilakukan retention conversation secepatnya.,16
REV001683,EMP00842,2024-H1,2024-06-15,EMP00846,3,Secara keseluruhan Drs. menunjukkan performa yang adequate. Beberapa deliverable perlu peningkatan dari sisi kualitas. Komunikasi dengan stakeholder perlu diperkuat.,19
REV001684,EMP00842,2024-H2,2024-12-15,EMP00846,3,Drs. memenuhi sebagian besar target yang ditetapkan. Perlu pengembangan lebih lanjut dalam hal presentasi. Disarankan mengikuti pelatihan agile methodology untuk mendukung pertumbuhan karier.,23
REV001685,EMP00843,2024-H1,2024-06-15,EMP00846,4,Secara keseluruhan Restu menunjukkan performa yang adequate. Beberapa deliverable perlu peningkatan dari sisi kualitas. Komunikasi dengan stakeholder perlu diperkuat.,19
REV001686,EMP00843,2024-H2,2024-12-15,EMP00846,4,"Restu telah bekerja dengan baik dalam tanggung jawab rutinnya. Area pengembangan utama: time management. Dengan bimbingan yang tepat, Restu berpotensi mencapai level berikutnya.",23
REV001687,EMP00844,2024-H1,2024-06-15,EMP00846,4,drg. memenuhi sebagian besar target yang ditetapkan. Perlu pengembangan lebih lanjut dalam hal leadership. Disarankan mengikuti pelatihan data analytics bootcamp untuk mendukung pertumbuhan karier.,24
REV001688,EMP00844,2024-H2,2024-12-15,EMP00846,3,drg. memenuhi sebagian besar target yang ditetapkan. Perlu pengembangan lebih lanjut dalam hal analisis data. Disarankan mengikuti pelatihan agile methodology untuk mendukung pertumbuhan karier.,24
REV001689,EMP00845,2024-H1,2024-06-15,EMP00846,3,Diah tampak kurang engaged dalam beberapa bulan terakhir. Absensi dalam team meeting meningkat. Perlu investigasi lebih lanjut.,17
REV001690,EMP00845,2024-H2,2024-12-15,EMP00846,3,Secara keseluruhan Diah menunjukkan performa yang adequate. Beberapa deliverable perlu peningkatan dari sisi kualitas. Komunikasi dengan stakeholder perlu diperkuat.,19
REV001691,EMP00846,2024-H1,2024-06-15,,3,Mutia memenuhi sebagian besar target yang ditetapkan. Perlu pengembangan lebih lanjut dalam hal project management. Disarankan mengikuti pelatihan agile methodology untuk mendukung pertumbuhan karier.,24
REV001692,EMP00846,2024-H2,2024-12-15,,3,Mutia memenuhi sebagian besar target yang ditetapkan. Perlu pengembangan lebih lanjut dalam hal project management. Disarankan mengikuti pelatihan agile methodology untuk mendukung pertumbuhan karier.,24
REV001693,EMP00847,2024-H1,2024-06-15,EMP00846,4,Kurnia menunjukkan growth mindset yang kuat. Inisiatif dalam mengembangkan proses baru berhasil meningkatkan efisiensi tim sebesar 17%. Sangat direkomendasikan untuk program fast-track.,22
REV001694,EMP00847,2024-H2,2024-12-15,EMP00846,5,Kurnia menunjukkan growth mindset yang kuat. Inisiatif dalam mengembangkan proses baru berhasil meningkatkan efisiensi tim sebesar 22%. Sangat direkomendasikan untuk program fast-track.,22
REV001695,EMP00848,2024-H1,2024-06-15,EMP00846,4,Respati memenuhi sebagian besar target yang ditetapkan. Perlu pengembangan lebih lanjut dalam hal project management. Disarankan mengikuti pelatihan leadership fundamental untuk mendukung pertumbuhan karier.,24
REV001696,EMP00848,2024-H2,2024-12-15,EMP00846,4,"Respati telah bekerja dengan baik dalam tanggung jawab rutinnya. Area pengembangan utama: time management. Dengan bimbingan yang tepat, Respati berpotensi mencapai level berikutnya.",23
REV001697,EMP00849,2024-H1,2024-06-15,EMP00846,5,Performa Hamima luar biasa sepanjang kuartal ini. Berhasil menyelesaikan proyek migrasi sistem lebih awal dari jadwal dengan kualitas melebihi ekspektasi. Kontribusi pada tim sangat signifikan.,25
REV001698,EMP00849,2024-H2,2024-12-15,EMP00846,4,Performa Hamima luar biasa sepanjang kuartal ini. Berhasil menyelesaikan proyek migrasi sistem lebih awal dari jadwal dengan kualitas melebihi ekspektasi. Kontribusi pada tim sangat signifikan.,25
REV001699,EMP00850,2024-H1,2024-06-15,EMP00846,3,Secara keseluruhan Gasti menunjukkan performa yang adequate. Beberapa deliverable perlu peningkatan dari sisi kualitas. Komunikasi dengan stakeholder perlu diperkuat.,19
REV001700,EMP00850,2024-H2,2024-12-15,EMP00846,3,Gasti memenuhi sebagian besar target yang ditetapkan. Perlu pengembangan lebih lanjut dalam hal project management. Disarankan mengikuti pelatihan agile methodology untuk mendukung pertumbuhan karier.,24
REV001701,EMP00851,2024-H1,2024-06-15,EMP00846,4,Indra memenuhi sebagian besar target yang ditetapkan. Perlu pengembangan lebih lanjut dalam hal komunikasi. Disarankan mengikuti pelatihan communication workshop untuk mendukung pertumbuhan karier.,23
REV001702,EMP00851,2024-H2,2024-12-15,EMP00846,4,"Indra telah bekerja dengan baik dalam tanggung jawab rutinnya. Area pengembangan utama: stakeholder communication. Dengan bimbingan yang tepat, Indra berpotensi mencapai level berikutnya.",23
REV001703,EMP00852,2024-H1,2024-06-15,,5,Bella beberapa kali mengekspresikan kekhawatiran terkait kompensasi dan jenjang karier. Disarankan untuk dilakukan retention conversation secepatnya.,16
REV001704,EMP00852,2024-H2,2024-12-15,,4,Bella menunjukkan growth mindset yang kuat. Inisiatif dalam mengembangkan proses baru berhasil meningkatkan efisiensi tim sebesar 9%. Sangat direkomendasikan untuk program fast-track.,22
REV001705,EMP00853,2024-H1,2024-06-15,EMP00846,4,Performa Warji luar biasa sepanjang kuartal ini. Berhasil menyelesaikan proyek optimasi pipeline data lebih awal dari jadwal dengan kualitas melebihi ekspektasi. Kontribusi pada tim sangat signifikan.,26
REV001706,EMP00853,2024-H2,2024-12-15,EMP00846,4,Warji secara konsisten melampaui target yang ditetapkan. Kemampuan teknis dan kepemimpinan tim sangat menonjol. Rekomendasikan untuk promosi ke level berikutnya dalam 6 bulan ke depan.,25
REV001707,EMP00854,2024-H1,2024-06-15,EMP00846,4,Edison tampak kurang engaged dalam beberapa bulan terakhir. Absensi dalam team meeting meningkat. Perlu investigasi lebih lanjut.,17
REV001708,EMP00854,2024-H2,2024-12-15,EMP00846,5,Edison tampak kurang engaged dalam beberapa bulan terakhir. Absensi dalam team meeting meningkat. Perlu investigasi lebih lanjut.,17
REV001709,EMP00855,2024-H1,2024-06-15,EMP00846,5,Pranawa menunjukkan growth mindset yang kuat. Inisiatif dalam mengembangkan proses baru berhasil meningkatkan efisiensi tim sebesar 6%. Sangat direkomendasikan untuk program fast-track.,22
REV001710,EMP00855,2024-H2,2024-12-15,EMP00846,5,Performa Pranawa luar biasa sepanjang kuartal ini. Berhasil menyelesaikan proyek migrasi sistem lebih awal dari jadwal dengan kualitas melebihi ekspektasi. Kontribusi pada tim sangat signifikan.,25
REV001711,EMP00856,2024-H1,2024-06-15,,4,Ir. memenuhi sebagian besar target yang ditetapkan. Perlu pengembangan lebih lanjut dalam hal presentasi. Disarankan mengikuti pelatihan leadership fundamental untuk mendukung pertumbuhan karier.,23
REV001712,EMP00856,2024-H2,2024-12-15,,3,"Dalam diskusi 1-on-1, Ir. menyampaikan rasa kurang puas dengan beban kerja saat ini. Perlu perhatian HRD untuk mencegah potensi turnover.",20
REV001713,EMP00857,2024-H1,2024-06-15,EMP00846,4,Performa Kezia luar biasa sepanjang kuartal ini. Berhasil menyelesaikan proyek peluncuran produk baru lebih awal dari jadwal dengan kualitas melebihi ekspektasi. Kontribusi pada tim sangat signifikan.,26
REV001714,EMP00857,2024-H2,2024-12-15,EMP00846,4,Performa Kezia luar biasa sepanjang kuartal ini. Berhasil menyelesaikan proyek migrasi sistem lebih awal dari jadwal dengan kualitas melebihi ekspektasi. Kontribusi pada tim sangat signifikan.,25
REV001715,EMP00858,2024-H1,2024-06-15,,3,"drg. telah bekerja dengan baik dalam tanggung jawab rutinnya. Area pengembangan utama: time management. Dengan bimbingan yang tepat, drg. berpotensi mencapai level berikutnya.",23
REV001716,EMP00858,2024-H2,2024-12-15,,4,drg. tampak kurang engaged dalam beberapa bulan terakhir. Absensi dalam team meeting meningkat. Perlu investigasi lebih lanjut.,17
REV001717,EMP00859,2024-H1,2024-06-15,EMP00846,3,Martani beberapa kali mengekspresikan kekhawatiran terkait kompensasi dan jenjang karier. Disarankan untuk dilakukan retention conversation secepatnya.,16
REV001718,EMP00859,2024-H2,2024-12-15,EMP00846,4,Martani tampak kurang engaged dalam beberapa bulan terakhir. Absensi dalam team meeting meningkat. Perlu investigasi lebih lanjut.,17
REV001719,EMP00860,2024-H1,2024-06-15,EMP00846,3,Cemani memenuhi sebagian besar target yang ditetapkan. Perlu pengembangan lebih lanjut dalam hal komunikasi. Disarankan mengikuti pelatihan agile methodology untuk mendukung pertumbuhan karier.,23
REV001720,EMP00860,2024-H2,2024-12-15,EMP00846,3,"Dalam diskusi 1-on-1, Cemani menyampaikan rasa kurang puas dengan beban kerja saat ini. Perlu perhatian HRD untuk mencegah potensi turnover.",20
REV001721,EMP00861,2024-H1,2024-06-15,EMP00925,3,Secara keseluruhan Paris menunjukkan performa yang adequate. Beberapa deliverable perlu peningkatan dari sisi kualitas. Komunikasi dengan stakeholder perlu diperkuat.,19
REV001722,EMP00861,2024-H2,2024-12-15,EMP00925,4,Secara keseluruhan Paris menunjukkan performa yang adequate. Beberapa deliverable perlu peningkatan dari sisi kualitas. Komunikasi dengan stakeholder perlu diperkuat.,19
REV001723,EMP00862,2024-H1,2024-06-15,EMP00925,3,"Genta telah bekerja dengan baik dalam tanggung jawab rutinnya. Area pengembangan utama: technical depth. Dengan bimbingan yang tepat, Genta berpotensi mencapai level berikutnya.",23
REV001724,EMP00862,2024-H2,2024-12-15,EMP00925,3,Genta beberapa kali mengekspresikan kekhawatiran terkait kompensasi dan jenjang karier. Disarankan untuk dilakukan retention conversation secepatnya.,16
REV001725,EMP00863,2024-H1,2024-06-15,EMP00925,5,Malika tampak kurang engaged dalam beberapa bulan terakhir. Absensi dalam team meeting meningkat. Perlu investigasi lebih lanjut.,17
REV001726,EMP00863,2024-H2,2024-12-15,EMP00925,5,Performa Malika luar biasa sepanjang kuartal ini. Berhasil menyelesaikan proyek restrukturisasi SOP lebih awal dari jadwal dengan kualitas melebihi ekspektasi. Kontribusi pada tim sangat signifikan.,25
REV001727,EMP00864,2024-H1,2024-06-15,EMP00925,3,Puji memenuhi sebagian besar target yang ditetapkan. Perlu pengembangan lebih lanjut dalam hal komunikasi. Disarankan mengikuti pelatihan communication workshop untuk mendukung pertumbuhan karier.,23
REV001728,EMP00864,2024-H2,2024-12-15,EMP00925,4,Secara keseluruhan Puji menunjukkan performa yang adequate. Beberapa deliverable perlu peningkatan dari sisi kualitas. Komunikasi dengan stakeholder perlu diperkuat.,19
REV001729,EMP00865,2024-H1,2024-06-15,EMP00925,4,Yuni memenuhi sebagian besar target yang ditetapkan. Perlu pengembangan lebih lanjut dalam hal analisis data. Disarankan mengikuti pelatihan data analytics bootcamp untuk mendukung pertumbuhan karier.,25
REV001730,EMP00865,2024-H2,2024-12-15,EMP00925,4,Yuni memenuhi sebagian besar target yang ditetapkan. Perlu pengembangan lebih lanjut dalam hal project management. Disarankan mengikuti pelatihan communication workshop untuk mendukung pertumbuhan karier.,24
REV001731,EMP00866,2024-H1,2024-06-15,EMP00925,4,Jagaraga memenuhi sebagian besar target yang ditetapkan. Perlu pengembangan lebih lanjut dalam hal leadership. Disarankan mengikuti pelatihan agile methodology untuk mendukung pertumbuhan karier.,23
REV001732,EMP00866,2024-H2,2024-12-15,EMP00925,3,"Jagaraga telah bekerja dengan baik dalam tanggung jawab rutinnya. Area pengembangan utama: stakeholder communication. Dengan bimbingan yang tepat, Jagaraga berpotensi mencapai level berikutnya.",23
REV001733,EMP00867,2024-H1,2024-06-15,EMP00925,5,Enteng secara konsisten melampaui target yang ditetapkan. Kemampuan teknis dan kepemimpinan tim sangat menonjol. Rekomendasikan untuk promosi ke level berikutnya dalam 6 bulan ke depan.,25
REV001734,EMP00867,2024-H2,2024-12-15,EMP00925,4,Enteng beberapa kali mengekspresikan kekhawatiran terkait kompensasi dan jenjang karier. Disarankan untuk dilakukan retention conversation secepatnya.,16
REV001735,EMP00868,2024-H1,2024-06-15,EMP00925,5,Performa Vanesa luar biasa sepanjang kuartal ini. Berhasil menyelesaikan proyek optimasi pipeline data lebih awal dari jadwal dengan kualitas melebihi ekspektasi. Kontribusi pada tim sangat signifikan.,26
REV001736,EMP00868,2024-H2,2024-12-15,EMP00925,4,Vanesa menunjukkan growth mindset yang kuat. Inisiatif dalam mengembangkan proses baru berhasil meningkatkan efisiensi tim sebesar 14%. Sangat direkomendasikan untuk program fast-track.,22
REV001737,EMP00869,2024-H1,2024-06-15,EMP00925,3,"Ir. telah bekerja dengan baik dalam tanggung jawab rutinnya. Area pengembangan utama: cross-functional collaboration. Dengan bimbingan yang tepat, Ir. berpotensi mencapai level berikutnya.",23
REV001738,EMP00869,2024-H2,2024-12-15,EMP00925,4,"Ir. telah bekerja dengan baik dalam tanggung jawab rutinnya. Area pengembangan utama: technical depth. Dengan bimbingan yang tepat, Ir. berpotensi mencapai level berikutnya.",23
REV001739,EMP00870,2024-H1,2024-06-15,EMP00925,3,Secara keseluruhan Danang menunjukkan performa yang adequate. Beberapa deliverable perlu peningkatan dari sisi kualitas. Komunikasi dengan stakeholder perlu diperkuat.,19
REV001740,EMP00870,2024-H2,2024-12-15,EMP00925,3,Danang memenuhi sebagian besar target yang ditetapkan. Perlu pengembangan lebih lanjut dalam hal presentasi. Disarankan mengikuti pelatihan data analytics bootcamp untuk mendukung pertumbuhan karier.,24
REV001741,EMP00871,2024-H1,2024-06-15,EMP00925,3,Secara keseluruhan Legawa menunjukkan performa yang adequate. Beberapa deliverable perlu peningkatan dari sisi kualitas. Komunikasi dengan stakeholder perlu diperkuat.,19
REV001742,EMP00871,2024-H2,2024-12-15,EMP00925,3,Secara keseluruhan Legawa menunjukkan performa yang adequate. Beberapa deliverable perlu peningkatan dari sisi kualitas. Komunikasi dengan stakeholder perlu diperkuat.,19
REV001743,EMP00872,2024-H1,2024-06-15,EMP00925,3,"Rahayu telah bekerja dengan baik dalam tanggung jawab rutinnya. Area pengembangan utama: cross-functional collaboration. Dengan bimbingan yang tepat, Rahayu berpotensi mencapai level berikutnya.",23
REV001744,EMP00872,2024-H2,2024-12-15,EMP00925,3,Secara keseluruhan Rahayu menunjukkan performa yang adequate. Beberapa deliverable perlu peningkatan dari sisi kualitas. Komunikasi dengan stakeholder perlu diperkuat.,19
REV001745,EMP00873,2024-H1,2024-06-15,EMP00925,3,"Alika telah bekerja dengan baik dalam tanggung jawab rutinnya. Area pengembangan utama: cross-functional collaboration. Dengan bimbingan yang tepat, Alika berpotensi mencapai level berikutnya.",23
REV001746,EMP00873,2024-H2,2024-12-15,EMP00925,3,Secara keseluruhan Alika menunjukkan performa yang adequate. Beberapa deliverable perlu peningkatan dari sisi kualitas. Komunikasi dengan stakeholder perlu diperkuat.,19
REV001747,EMP00874,2024-H1,2024-06-15,EMP00925,4,Secara keseluruhan Maida menunjukkan performa yang adequate. Beberapa deliverable perlu peningkatan dari sisi kualitas. Komunikasi dengan stakeholder perlu diperkuat.,19
REV001748,EMP00874,2024-H2,2024-12-15,EMP00925,3,"Maida telah bekerja dengan baik dalam tanggung jawab rutinnya. Area pengembangan utama: stakeholder communication. Dengan bimbingan yang tepat, Maida berpotensi mencapai level berikutnya.",23
REV001749,EMP00875,2024-H1,2024-06-15,EMP00925,3,"Dalam diskusi 1-on-1, Sutan menyampaikan rasa kurang puas dengan beban kerja saat ini. Perlu perhatian HRD untuk mencegah potensi turnover.",20
REV001750,EMP00875,2024-H2,2024-12-15,EMP00925,2,Sutan beberapa kali mengekspresikan kekhawatiran terkait kompensasi dan jenjang karier. Disarankan untuk dilakukan retention conversation secepatnya.,16
REV001751,EMP00876,2024-H1,2024-06-15,EMP00925,3,"Jefri telah bekerja dengan baik dalam tanggung jawab rutinnya. Area pengembangan utama: technical depth. Dengan bimbingan yang tepat, Jefri berpotensi mencapai level berikutnya.",23
REV001752,EMP00876,2024-H2,2024-12-15,EMP00925,3,Secara keseluruhan Jefri menunjukkan performa yang adequate. Beberapa deliverable perlu peningkatan dari sisi kualitas. Komunikasi dengan stakeholder perlu diperkuat.,19
REV001753,EMP00877,2024-H1,2024-06-15,EMP00925,3,Rahman memenuhi sebagian besar target yang ditetapkan. Perlu pengembangan lebih lanjut dalam hal leadership. Disarankan mengikuti pelatihan data analytics bootcamp untuk mendukung pertumbuhan karier.,24
REV001754,EMP00877,2024-H2,2024-12-15,EMP00925,4,Secara keseluruhan Rahman menunjukkan performa yang adequate. Beberapa deliverable perlu peningkatan dari sisi kualitas. Komunikasi dengan stakeholder perlu diperkuat.,19
REV001755,EMP00878,2024-H1,2024-06-15,EMP00925,3,Ratih memenuhi sebagian besar target yang ditetapkan. Perlu pengembangan lebih lanjut dalam hal project management. Disarankan mengikuti pelatihan data analytics bootcamp untuk mendukung pertumbuhan karier.,25
REV001756,EMP00878,2024-H2,2024-12-15,EMP00925,3,Ratih memenuhi sebagian besar target yang ditetapkan. Perlu pengembangan lebih lanjut dalam hal project management. Disarankan mengikuti pelatihan agile methodology untuk mendukung pertumbuhan karier.,24
REV001757,EMP00879,2024-H1,2024-06-15,EMP00925,3,Secara keseluruhan Ir. menunjukkan performa yang adequate. Beberapa deliverable perlu peningkatan dari sisi kualitas. Komunikasi dengan stakeholder perlu diperkuat.,19
REV001758,EMP00879,2024-H2,2024-12-15,EMP00925,3,"Ir. telah bekerja dengan baik dalam tanggung jawab rutinnya. Area pengembangan utama: cross-functional collaboration. Dengan bimbingan yang tepat, Ir. berpotensi mencapai level berikutnya.",23
REV001759,EMP00880,2024-H1,2024-06-15,EMP00925,5,Performa Dinda luar biasa sepanjang kuartal ini. Berhasil menyelesaikan proyek restrukturisasi SOP lebih awal dari jadwal dengan kualitas melebihi ekspektasi. Kontribusi pada tim sangat signifikan.,25
REV001760,EMP00880,2024-H2,2024-12-15,EMP00925,5,Dinda menunjukkan growth mindset yang kuat. Inisiatif dalam mengembangkan proses baru berhasil meningkatkan efisiensi tim sebesar 18%. Sangat direkomendasikan untuk program fast-track.,22
REV001761,EMP00881,2024-H1,2024-06-15,EMP00925,3,"Sutan telah bekerja dengan baik dalam tanggung jawab rutinnya. Area pengembangan utama: technical depth. Dengan bimbingan yang tepat, Sutan berpotensi mencapai level berikutnya.",23
REV001762,EMP00881,2024-H2,2024-12-15,EMP00925,4,"Sutan telah bekerja dengan baik dalam tanggung jawab rutinnya. Area pengembangan utama: stakeholder communication. Dengan bimbingan yang tepat, Sutan berpotensi mencapai level berikutnya.",23
REV001763,EMP00882,2024-H1,2024-06-15,,5,Almira secara konsisten melampaui target yang ditetapkan. Kemampuan teknis dan kepemimpinan tim sangat menonjol. Rekomendasikan untuk promosi ke level berikutnya dalam 6 bulan ke depan.,25
REV001764,EMP00882,2024-H2,2024-12-15,,5,Performa Almira luar biasa sepanjang kuartal ini. Berhasil menyelesaikan proyek optimasi pipeline data lebih awal dari jadwal dengan kualitas melebihi ekspektasi. Kontribusi pada tim sangat signifikan.,26
REV001765,EMP00883,2024-H1,2024-06-15,EMP00925,2,R. menghadapi tantangan dalam memenuhi ekspektasi peran saat ini. Perlu evaluasi ulang mengenai kesesuaian role dengan strengths yang dimiliki.,19
REV001766,EMP00883,2024-H2,2024-12-15,EMP00925,2,"Terdapat beberapa concern terkait performa R., khususnya dalam hal kolaborasi lintas tim. Perlu perhatian khusus dan rencana perbaikan yang konkret.",20
REV001767,EMP00884,2024-H1,2024-06-15,EMP00925,3,Secara keseluruhan Puti menunjukkan performa yang adequate. Beberapa deliverable perlu peningkatan dari sisi kualitas. Komunikasi dengan stakeholder perlu diperkuat.,19
REV001768,EMP00884,2024-H2,2024-12-15,EMP00925,4,"Puti telah bekerja dengan baik dalam tanggung jawab rutinnya. Area pengembangan utama: technical depth. Dengan bimbingan yang tepat, Puti berpotensi mencapai level berikutnya.",23
REV001769,EMP00885,2024-H1,2024-06-15,EMP00925,4,"Gangsar telah bekerja dengan baik dalam tanggung jawab rutinnya. Area pengembangan utama: stakeholder communication. Dengan bimbingan yang tepat, Gangsar berpotensi mencapai level berikutnya.",23
REV001770,EMP00885,2024-H2,2024-12-15,EMP00925,3,Gangsar memenuhi sebagian besar target yang ditetapkan. Perlu pengembangan lebih lanjut dalam hal analisis data. Disarankan mengikuti pelatihan agile methodology untuk mendukung pertumbuhan karier.,24
REV001771,EMP00886,2024-H1,2024-06-15,EMP00925,3,Harjaya beberapa kali mengekspresikan kekhawatiran terkait kompensasi dan jenjang karier. Disarankan untuk dilakukan retention conversation secepatnya.,16
REV001772,EMP00886,2024-H2,2024-12-15,EMP00925,3,"Harjaya telah bekerja dengan baik dalam tanggung jawab rutinnya. Area pengembangan utama: time management. Dengan bimbingan yang tepat, Harjaya berpotensi mencapai level berikutnya.",23
REV001773,EMP00887,2024-H1,2024-06-15,EMP00925,3,Lidya memenuhi sebagian besar target yang ditetapkan. Perlu pengembangan lebih lanjut dalam hal komunikasi. Disarankan mengikuti pelatihan leadership fundamental untuk mendukung pertumbuhan karier.,23
REV001774,EMP00887,2024-H2,2024-12-15,EMP00925,4,Secara keseluruhan Lidya menunjukkan performa yang adequate. Beberapa deliverable perlu peningkatan dari sisi kualitas. Komunikasi dengan stakeholder perlu diperkuat.,19
REV001775,EMP00888,2024-H1,2024-06-15,EMP00925,5,Keisha secara konsisten melampaui target yang ditetapkan. Kemampuan teknis dan kepemimpinan tim sangat menonjol. Rekomendasikan untuk promosi ke level berikutnya dalam 6 bulan ke depan.,25
REV001776,EMP00888,2024-H2,2024-12-15,EMP00925,5,Keisha secara konsisten melampaui target yang ditetapkan. Kemampuan teknis dan kepemimpinan tim sangat menonjol. Rekomendasikan untuk promosi ke level berikutnya dalam 6 bulan ke depan.,25
REV001777,EMP00889,2024-H1,2024-06-15,EMP00925,4,Dr. memenuhi sebagian besar target yang ditetapkan. Perlu pengembangan lebih lanjut dalam hal komunikasi. Disarankan mengikuti pelatihan data analytics bootcamp untuk mendukung pertumbuhan karier.,24
REV001778,EMP00889,2024-H2,2024-12-15,EMP00925,3,Dr. memenuhi sebagian besar target yang ditetapkan. Perlu pengembangan lebih lanjut dalam hal analisis data. Disarankan mengikuti pelatihan agile methodology untuk mendukung pertumbuhan karier.,24
REV001779,EMP00890,2024-H1,2024-06-15,EMP00925,3,Zamira menghadapi tantangan dalam memenuhi ekspektasi peran saat ini. Perlu evaluasi ulang mengenai kesesuaian role dengan strengths yang dimiliki.,19
REV001780,EMP00890,2024-H2,2024-12-15,EMP00925,2,"Terdapat beberapa concern terkait performa Zamira, khususnya dalam hal dokumentasi pekerjaan. Perlu perhatian khusus dan rencana perbaikan yang konkret.",19
REV001781,EMP00891,2024-H1,2024-06-15,EMP00925,5,drg. secara konsisten melampaui target yang ditetapkan. Kemampuan teknis dan kepemimpinan tim sangat menonjol. Rekomendasikan untuk promosi ke level berikutnya dalam 6 bulan ke depan.,25
REV001782,EMP00891,2024-H2,2024-12-15,EMP00925,5,Performa drg. luar biasa sepanjang kuartal ini. Berhasil menyelesaikan proyek restrukturisasi SOP lebih awal dari jadwal dengan kualitas melebihi ekspektasi. Kontribusi pada tim sangat signifikan.,25
REV001783,EMP00892,2024-H1,2024-06-15,EMP00925,3,Secara keseluruhan Lidya menunjukkan performa yang adequate. Beberapa deliverable perlu peningkatan dari sisi kualitas. Komunikasi dengan stakeholder perlu diperkuat.,19
REV001784,EMP00892,2024-H2,2024-12-15,EMP00925,3,"Lidya telah bekerja dengan baik dalam tanggung jawab rutinnya. Area pengembangan utama: cross-functional collaboration. Dengan bimbingan yang tepat, Lidya berpotensi mencapai level berikutnya.",23
REV001785,EMP00893,2024-H1,2024-06-15,EMP00925,3,R.M. menghadapi tantangan dalam memenuhi ekspektasi peran saat ini. Perlu evaluasi ulang mengenai kesesuaian role dengan strengths yang dimiliki.,19
REV001786,EMP00893,2024-H2,2024-12-15,EMP00925,2,R.M. menghadapi tantangan dalam memenuhi ekspektasi peran saat ini. Perlu evaluasi ulang mengenai kesesuaian role dengan strengths yang dimiliki.,19
REV001787,EMP00894,2024-H1,2024-06-15,EMP00925,5,Performa Farhunnisa luar biasa sepanjang kuartal ini. Berhasil menyelesaikan proyek migrasi sistem lebih awal dari jadwal dengan kualitas melebihi ekspektasi. Kontribusi pada tim sangat signifikan.,25
REV001788,EMP00894,2024-H2,2024-12-15,EMP00925,4,Performa Farhunnisa luar biasa sepanjang kuartal ini. Berhasil menyelesaikan proyek restrukturisasi SOP lebih awal dari jadwal dengan kualitas melebihi ekspektasi. Kontribusi pada tim sangat signifikan.,25
REV001789,EMP00895,2024-H1,2024-06-15,,5,Performa Bahuwirya luar biasa sepanjang kuartal ini. Berhasil menyelesaikan proyek peluncuran produk baru lebih awal dari jadwal dengan kualitas melebihi ekspektasi. Kontribusi pada tim sangat signifikan.,26
REV001790,EMP00895,2024-H2,2024-12-15,,5,Bahuwirya secara konsisten melampaui target yang ditetapkan. Kemampuan teknis dan kepemimpinan tim sangat menonjol. Rekomendasikan untuk promosi ke level berikutnya dalam 6 bulan ke depan.,25
REV001791,EMP00896,2024-H1,2024-06-15,EMP00925,3,Kawaca memenuhi sebagian besar target yang ditetapkan. Perlu pengembangan lebih lanjut dalam hal presentasi. Disarankan mengikuti pelatihan communication workshop untuk mendukung pertumbuhan karier.,23
REV001792,EMP00896,2024-H2,2024-12-15,EMP00925,3,"Kawaca telah bekerja dengan baik dalam tanggung jawab rutinnya. Area pengembangan utama: time management. Dengan bimbingan yang tepat, Kawaca berpotensi mencapai level berikutnya.",23
REV001793,EMP00897,2024-H1,2024-06-15,EMP00925,3,"Terdapat beberapa concern terkait performa Embuh, khususnya dalam hal ketepatan waktu deliverable. Perlu perhatian khusus dan rencana perbaikan yang konkret.",20
REV001794,EMP00897,2024-H2,2024-12-15,EMP00925,2,Embuh menghadapi tantangan dalam memenuhi ekspektasi peran saat ini. Perlu evaluasi ulang mengenai kesesuaian role dengan strengths yang dimiliki.,19
REV001795,EMP00898,2024-H1,2024-06-15,EMP00925,1,Lukita belum mencapai target yang ditetapkan. Perlu improvement plan yang lebih terstruktur dalam 3 bulan ke depan. Disarankan untuk diskusi 1-on-1 lebih intensif.,23
REV001796,EMP00898,2024-H2,2024-12-15,EMP00925,3,Lukita beberapa kali mengekspresikan kekhawatiran terkait kompensasi dan jenjang karier. Disarankan untuk dilakukan retention conversation secepatnya.,16
REV001797,EMP00899,2024-H1,2024-06-15,EMP00925,3,Puti memenuhi sebagian besar target yang ditetapkan. Perlu pengembangan lebih lanjut dalam hal analisis data. Disarankan mengikuti pelatihan agile methodology untuk mendukung pertumbuhan karier.,24
REV001798,EMP00899,2024-H2,2024-12-15,EMP00925,4,Secara keseluruhan Puti menunjukkan performa yang adequate. Beberapa deliverable perlu peningkatan dari sisi kualitas. Komunikasi dengan stakeholder perlu diperkuat.,19
REV001799,EMP00900,2024-H1,2024-06-15,EMP00925,4,Secara keseluruhan Jatmiko menunjukkan performa yang adequate. Beberapa deliverable perlu peningkatan dari sisi kualitas. Komunikasi dengan stakeholder perlu diperkuat.,19
REV001800,EMP00900,2024-H2,2024-12-15,EMP00925,3,"Jatmiko telah bekerja dengan baik dalam tanggung jawab rutinnya. Area pengembangan utama: technical depth. Dengan bimbingan yang tepat, Jatmiko berpotensi mencapai level berikutnya.",23
REV001801,EMP00901,2024-H1,2024-06-15,,4,"dr. telah bekerja dengan baik dalam tanggung jawab rutinnya. Area pengembangan utama: cross-functional collaboration. Dengan bimbingan yang tepat, dr. berpotensi mencapai level berikutnya.",23
REV001802,EMP00901,2024-H2,2024-12-15,,3,dr. memenuhi sebagian besar target yang ditetapkan. Perlu pengembangan lebih lanjut dalam hal project management. Disarankan mengikuti pelatihan data analytics bootcamp untuk mendukung pertumbuhan karier.,25
REV001803,EMP00902,2024-H1,2024-06-15,EMP00925,4,Yono memenuhi sebagian besar target yang ditetapkan. Perlu pengembangan lebih lanjut dalam hal leadership. Disarankan mengikuti pelatihan data analytics bootcamp untuk mendukung pertumbuhan karier.,24
REV001804,EMP00902,2024-H2,2024-12-15,EMP00925,3,"Yono telah bekerja dengan baik dalam tanggung jawab rutinnya. Area pengembangan utama: technical depth. Dengan bimbingan yang tepat, Yono berpotensi mencapai level berikutnya.",23
REV001805,EMP00903,2024-H1,2024-06-15,EMP00925,4,Usyi secara konsisten melampaui target yang ditetapkan. Kemampuan teknis dan kepemimpinan tim sangat menonjol. Rekomendasikan untuk promosi ke level berikutnya dalam 6 bulan ke depan.,25
REV001806,EMP00903,2024-H2,2024-12-15,EMP00925,5,Performa Usyi luar biasa sepanjang kuartal ini. Berhasil menyelesaikan proyek optimasi pipeline data lebih awal dari jadwal dengan kualitas melebihi ekspektasi. Kontribusi pada tim sangat signifikan.,26
REV001807,EMP00904,2024-H1,2024-06-15,EMP00925,3,Rahmi memenuhi sebagian besar target yang ditetapkan. Perlu pengembangan lebih lanjut dalam hal project management. Disarankan mengikuti pelatihan communication workshop untuk mendukung pertumbuhan karier.,24
REV001808,EMP00904,2024-H2,2024-12-15,EMP00925,3,Secara keseluruhan Rahmi menunjukkan performa yang adequate. Beberapa deliverable perlu peningkatan dari sisi kualitas. Komunikasi dengan stakeholder perlu diperkuat.,19
REV001809,EMP00905,2024-H1,2024-06-15,EMP00925,4,"Kusuma telah bekerja dengan baik dalam tanggung jawab rutinnya. Area pengembangan utama: time management. Dengan bimbingan yang tepat, Kusuma berpotensi mencapai level berikutnya.",23
REV001810,EMP00905,2024-H2,2024-12-15,EMP00925,3,"Dalam diskusi 1-on-1, Kusuma menyampaikan rasa kurang puas dengan beban kerja saat ini. Perlu perhatian HRD untuk mencegah potensi turnover.",20
REV001811,EMP00906,2024-H1,2024-06-15,,3,Secara keseluruhan T. menunjukkan performa yang adequate. Beberapa deliverable perlu peningkatan dari sisi kualitas. Komunikasi dengan stakeholder perlu diperkuat.,19
REV001812,EMP00906,2024-H2,2024-12-15,,4,T. tampak kurang engaged dalam beberapa bulan terakhir. Absensi dalam team meeting meningkat. Perlu investigasi lebih lanjut.,17
REV001813,EMP00907,2024-H1,2024-06-15,EMP00925,4,"Gatot telah bekerja dengan baik dalam tanggung jawab rutinnya. Area pengembangan utama: time management. Dengan bimbingan yang tepat, Gatot berpotensi mencapai level berikutnya.",23
REV001814,EMP00907,2024-H2,2024-12-15,EMP00925,3,Secara keseluruhan Gatot menunjukkan performa yang adequate. Beberapa deliverable perlu peningkatan dari sisi kualitas. Komunikasi dengan stakeholder perlu diperkuat.,19
REV001815,EMP00908,2024-H1,2024-06-15,EMP00925,3,Secara keseluruhan Oliva menunjukkan performa yang adequate. Beberapa deliverable perlu peningkatan dari sisi kualitas. Komunikasi dengan stakeholder perlu diperkuat.,19
REV001816,EMP00908,2024-H2,2024-12-15,EMP00925,3,Secara keseluruhan Oliva menunjukkan performa yang adequate. Beberapa deliverable perlu peningkatan dari sisi kualitas. Komunikasi dengan stakeholder perlu diperkuat.,19
REV001817,EMP00909,2024-H1,2024-06-15,EMP00925,3,Secara keseluruhan Cinthia menunjukkan performa yang adequate. Beberapa deliverable perlu peningkatan dari sisi kualitas. Komunikasi dengan stakeholder perlu diperkuat.,19
REV001818,EMP00909,2024-H2,2024-12-15,EMP00925,3,Cinthia memenuhi sebagian besar target yang ditetapkan. Perlu pengembangan lebih lanjut dalam hal project management. Disarankan mengikuti pelatihan agile methodology untuk mendukung pertumbuhan karier.,24
REV001819,EMP00910,2024-H1,2024-06-15,EMP00925,3,"Dalam diskusi 1-on-1, Tgk. menyampaikan rasa kurang puas dengan beban kerja saat ini. Perlu perhatian HRD untuk mencegah potensi turnover.",20
REV001820,EMP00910,2024-H2,2024-12-15,EMP00925,3,Secara keseluruhan Tgk. menunjukkan performa yang adequate. Beberapa deliverable perlu peningkatan dari sisi kualitas. Komunikasi dengan stakeholder perlu diperkuat.,19
REV001821,EMP00911,2024-H1,2024-06-15,EMP00925,3,"Dalam diskusi 1-on-1, Laras menyampaikan rasa kurang puas dengan beban kerja saat ini. Perlu perhatian HRD untuk mencegah potensi turnover.",20
REV001822,EMP00911,2024-H2,2024-12-15,EMP00925,3,Laras memenuhi sebagian besar target yang ditetapkan. Perlu pengembangan lebih lanjut dalam hal analisis data. Disarankan mengikuti pelatihan agile methodology untuk mendukung pertumbuhan karier.,24
REV001823,EMP00912,2024-H1,2024-06-15,EMP00925,5,Performa R.A. luar biasa sepanjang kuartal ini. Berhasil menyelesaikan proyek optimasi pipeline data lebih awal dari jadwal dengan kualitas melebihi ekspektasi. Kontribusi pada tim sangat signifikan.,26
REV001824,EMP00912,2024-H2,2024-12-15,EMP00925,5,R.A. secara konsisten melampaui target yang ditetapkan. Kemampuan teknis dan kepemimpinan tim sangat menonjol. Rekomendasikan untuk promosi ke level berikutnya dalam 6 bulan ke depan.,25
REV001825,EMP00913,2024-H1,2024-06-15,EMP00925,4,Elon memenuhi sebagian besar target yang ditetapkan. Perlu pengembangan lebih lanjut dalam hal leadership. Disarankan mengikuti pelatihan leadership fundamental untuk mendukung pertumbuhan karier.,23
REV001826,EMP00913,2024-H2,2024-12-15,EMP00925,3,"Elon telah bekerja dengan baik dalam tanggung jawab rutinnya. Area pengembangan utama: cross-functional collaboration. Dengan bimbingan yang tepat, Elon berpotensi mencapai level berikutnya.",23
REV001827,EMP00914,2024-H1,2024-06-15,EMP00925,4,Ir. menunjukkan growth mindset yang kuat. Inisiatif dalam mengembangkan proses baru berhasil meningkatkan efisiensi tim sebesar 9%. Sangat direkomendasikan untuk program fast-track.,22
REV001828,EMP00914,2024-H2,2024-12-15,EMP00925,5,Ir. secara konsisten melampaui target yang ditetapkan. Kemampuan teknis dan kepemimpinan tim sangat menonjol. Rekomendasikan untuk promosi ke level berikutnya dalam 6 bulan ke depan.,25
REV001829,EMP00915,2024-H1,2024-06-15,EMP00925,4,Eva secara konsisten melampaui target yang ditetapkan. Kemampuan teknis dan kepemimpinan tim sangat menonjol. Rekomendasikan untuk promosi ke level berikutnya dalam 6 bulan ke depan.,25
REV001830,EMP00915,2024-H2,2024-12-15,EMP00925,4,Performa Eva luar biasa sepanjang kuartal ini. Berhasil menyelesaikan proyek peluncuran produk baru lebih awal dari jadwal dengan kualitas melebihi ekspektasi. Kontribusi pada tim sangat signifikan.,26
REV001831,EMP00916,2024-H1,2024-06-15,EMP00925,4,Ghaliyati menunjukkan growth mindset yang kuat. Inisiatif dalam mengembangkan proses baru berhasil meningkatkan efisiensi tim sebesar 19%. Sangat direkomendasikan untuk program fast-track.,22
REV001832,EMP00916,2024-H2,2024-12-15,EMP00925,4,Ghaliyati secara konsisten melampaui target yang ditetapkan. Kemampuan teknis dan kepemimpinan tim sangat menonjol. Rekomendasikan untuk promosi ke level berikutnya dalam 6 bulan ke depan.,25
REV001833,EMP00917,2024-H1,2024-06-15,EMP00925,3,Secara keseluruhan R.A. menunjukkan performa yang adequate. Beberapa deliverable perlu peningkatan dari sisi kualitas. Komunikasi dengan stakeholder perlu diperkuat.,19
REV001834,EMP00917,2024-H2,2024-12-15,EMP00925,3,R.A. memenuhi sebagian besar target yang ditetapkan. Perlu pengembangan lebih lanjut dalam hal project management. Disarankan mengikuti pelatihan leadership fundamental untuk mendukung pertumbuhan karier.,24
REV001835,EMP00918,2024-H1,2024-06-15,EMP00925,5,Warsa secara konsisten melampaui target yang ditetapkan. Kemampuan teknis dan kepemimpinan tim sangat menonjol. Rekomendasikan untuk promosi ke level berikutnya dalam 6 bulan ke depan.,25
REV001836,EMP00918,2024-H2,2024-12-15,EMP00925,5,Performa Warsa luar biasa sepanjang kuartal ini. Berhasil menyelesaikan proyek optimasi pipeline data lebih awal dari jadwal dengan kualitas melebihi ekspektasi. Kontribusi pada tim sangat signifikan.,26
REV001837,EMP00919,2024-H1,2024-06-15,EMP00925,3,drg. memenuhi sebagian besar target yang ditetapkan. Perlu pengembangan lebih lanjut dalam hal analisis data. Disarankan mengikuti pelatihan leadership fundamental untuk mendukung pertumbuhan karier.,24
REV001838,EMP00919,2024-H2,2024-12-15,EMP00925,4,Secara keseluruhan drg. menunjukkan performa yang adequate. Beberapa deliverable perlu peningkatan dari sisi kualitas. Komunikasi dengan stakeholder perlu diperkuat.,19
REV001839,EMP00920,2024-H1,2024-06-15,EMP00925,2,Ella menghadapi tantangan dalam memenuhi ekspektasi peran saat ini. Perlu evaluasi ulang mengenai kesesuaian role dengan strengths yang dimiliki.,19
REV001840,EMP00920,2024-H2,2024-12-15,EMP00925,2,Ella tampak kurang engaged dalam beberapa bulan terakhir. Absensi dalam team meeting meningkat. Perlu investigasi lebih lanjut.,17
REV001841,EMP00921,2024-H1,2024-06-15,,4,Secara keseluruhan Cahyono menunjukkan performa yang adequate. Beberapa deliverable perlu peningkatan dari sisi kualitas. Komunikasi dengan stakeholder perlu diperkuat.,19
REV001842,EMP00921,2024-H2,2024-12-15,,3,Cahyono tampak kurang engaged dalam beberapa bulan terakhir. Absensi dalam team meeting meningkat. Perlu investigasi lebih lanjut.,17
REV001843,EMP00922,2024-H1,2024-06-15,EMP00925,3,Fitria memenuhi sebagian besar target yang ditetapkan. Perlu pengembangan lebih lanjut dalam hal komunikasi. Disarankan mengikuti pelatihan agile methodology untuk mendukung pertumbuhan karier.,23
REV001844,EMP00922,2024-H2,2024-12-15,EMP00925,3,Secara keseluruhan Fitria menunjukkan performa yang adequate. Beberapa deliverable perlu peningkatan dari sisi kualitas. Komunikasi dengan stakeholder perlu diperkuat.,19
REV001845,EMP00923,2024-H1,2024-06-15,,4,Yusuf secara konsisten melampaui target yang ditetapkan. Kemampuan teknis dan kepemimpinan tim sangat menonjol. Rekomendasikan untuk promosi ke level berikutnya dalam 6 bulan ke depan.,25
REV001846,EMP00923,2024-H2,2024-12-15,,4,Yusuf menunjukkan growth mindset yang kuat. Inisiatif dalam mengembangkan proses baru berhasil meningkatkan efisiensi tim sebesar 26%. Sangat direkomendasikan untuk program fast-track.,22
REV001847,EMP00924,2024-H1,2024-06-15,EMP00925,4,Performa Salman luar biasa sepanjang kuartal ini. Berhasil menyelesaikan proyek restrukturisasi SOP lebih awal dari jadwal dengan kualitas melebihi ekspektasi. Kontribusi pada tim sangat signifikan.,25
REV001848,EMP00924,2024-H2,2024-12-15,EMP00925,4,Salman menunjukkan growth mindset yang kuat. Inisiatif dalam mengembangkan proses baru berhasil meningkatkan efisiensi tim sebesar 25%. Sangat direkomendasikan untuk program fast-track.,22
REV001849,EMP00925,2024-H1,2024-06-15,,4,Hj. memenuhi sebagian besar target yang ditetapkan. Perlu pengembangan lebih lanjut dalam hal presentasi. Disarankan mengikuti pelatihan leadership fundamental untuk mendukung pertumbuhan karier.,23
REV001850,EMP00925,2024-H2,2024-12-15,,3,Secara keseluruhan Hj. menunjukkan performa yang adequate. Beberapa deliverable perlu peningkatan dari sisi kualitas. Komunikasi dengan stakeholder perlu diperkuat.,19
REV001851,EMP00926,2024-H1,2024-06-15,EMP00925,3,Saiful memenuhi sebagian besar target yang ditetapkan. Perlu pengembangan lebih lanjut dalam hal komunikasi. Disarankan mengikuti pelatihan agile methodology untuk mendukung pertumbuhan karier.,23
REV001852,EMP00926,2024-H2,2024-12-15,EMP00925,4,Saiful memenuhi sebagian besar target yang ditetapkan. Perlu pengembangan lebih lanjut dalam hal analisis data. Disarankan mengikuti pelatihan communication workshop untuk mendukung pertumbuhan karier.,24
REV001853,EMP00927,2024-H1,2024-06-15,EMP00925,4,"Bagas telah bekerja dengan baik dalam tanggung jawab rutinnya. Area pengembangan utama: stakeholder communication. Dengan bimbingan yang tepat, Bagas berpotensi mencapai level berikutnya.",23
REV001854,EMP00927,2024-H2,2024-12-15,EMP00925,4,Secara keseluruhan Bagas menunjukkan performa yang adequate. Beberapa deliverable perlu peningkatan dari sisi kualitas. Komunikasi dengan stakeholder perlu diperkuat.,19
REV001855,EMP00928,2024-H1,2024-06-15,EMP00925,4,Darimin memenuhi sebagian besar target yang ditetapkan. Perlu pengembangan lebih lanjut dalam hal leadership. Disarankan mengikuti pelatihan communication workshop untuk mendukung pertumbuhan karier.,23
REV001856,EMP00928,2024-H2,2024-12-15,EMP00925,4,Secara keseluruhan Darimin menunjukkan performa yang adequate. Beberapa deliverable perlu peningkatan dari sisi kualitas. Komunikasi dengan stakeholder perlu diperkuat.,19
REV001857,EMP00929,2024-H1,2024-06-15,,5,Performa Kasiyah luar biasa sepanjang kuartal ini. Berhasil menyelesaikan proyek restrukturisasi SOP lebih awal dari jadwal dengan kualitas melebihi ekspektasi. Kontribusi pada tim sangat signifikan.,25
REV001858,EMP00929,2024-H2,2024-12-15,,4,Performa Kasiyah luar biasa sepanjang kuartal ini. Berhasil menyelesaikan proyek peluncuran produk baru lebih awal dari jadwal dengan kualitas melebihi ekspektasi. Kontribusi pada tim sangat signifikan.,26
REV001859,EMP00930,2024-H1,2024-06-15,EMP00925,1,Hj. menghadapi tantangan dalam memenuhi ekspektasi peran saat ini. Perlu evaluasi ulang mengenai kesesuaian role dengan strengths yang dimiliki.,19
REV001860,EMP00930,2024-H2,2024-12-15,EMP00925,2,Hj. belum mencapai target yang ditetapkan. Perlu improvement plan yang lebih terstruktur dalam 3 bulan ke depan. Disarankan untuk diskusi 1-on-1 lebih intensif.,23
REV001861,EMP00931,2024-H1,2024-06-15,EMP00942,5,Sakura menunjukkan growth mindset yang kuat. Inisiatif dalam mengembangkan proses baru berhasil meningkatkan efisiensi tim sebesar 9%. Sangat direkomendasikan untuk program fast-track.,22
REV001862,EMP00931,2024-H2,2024-12-15,EMP00942,4,Sakura secara konsisten melampaui target yang ditetapkan. Kemampuan teknis dan kepemimpinan tim sangat menonjol. Rekomendasikan untuk promosi ke level berikutnya dalam 6 bulan ke depan.,25
REV001863,EMP00932,2024-H1,2024-06-15,EMP00942,4,Adiarja memenuhi sebagian besar target yang ditetapkan. Perlu pengembangan lebih lanjut dalam hal presentasi. Disarankan mengikuti pelatihan agile methodology untuk mendukung pertumbuhan karier.,23
REV001864,EMP00932,2024-H2,2024-12-15,EMP00942,3,Adiarja memenuhi sebagian besar target yang ditetapkan. Perlu pengembangan lebih lanjut dalam hal presentasi. Disarankan mengikuti pelatihan agile methodology untuk mendukung pertumbuhan karier.,23
REV001865,EMP00933,2024-H1,2024-06-15,EMP00942,3,Secara keseluruhan dr. menunjukkan performa yang adequate. Beberapa deliverable perlu peningkatan dari sisi kualitas. Komunikasi dengan stakeholder perlu diperkuat.,19
REV001866,EMP00933,2024-H2,2024-12-15,EMP00942,3,Secara keseluruhan dr. menunjukkan performa yang adequate. Beberapa deliverable perlu peningkatan dari sisi kualitas. Komunikasi dengan stakeholder perlu diperkuat.,19
REV001867,EMP00934,2024-H1,2024-06-15,EMP00942,3,H. tampak kurang engaged dalam beberapa bulan terakhir. Absensi dalam team meeting meningkat. Perlu investigasi lebih lanjut.,17
REV001868,EMP00934,2024-H2,2024-12-15,EMP00942,4,Secara keseluruhan H. menunjukkan performa yang adequate. Beberapa deliverable perlu peningkatan dari sisi kualitas. Komunikasi dengan stakeholder perlu diperkuat.,19
REV001869,EMP00935,2024-H1,2024-06-15,EMP00942,3,Anita beberapa kali mengekspresikan kekhawatiran terkait kompensasi dan jenjang karier. Disarankan untuk dilakukan retention conversation secepatnya.,16
REV001870,EMP00935,2024-H2,2024-12-15,EMP00942,4,"Anita telah bekerja dengan baik dalam tanggung jawab rutinnya. Area pengembangan utama: stakeholder communication. Dengan bimbingan yang tepat, Anita berpotensi mencapai level berikutnya.",23
REV001871,EMP00936,2024-H1,2024-06-15,EMP00942,3,Secara keseluruhan Hj. menunjukkan performa yang adequate. Beberapa deliverable perlu peningkatan dari sisi kualitas. Komunikasi dengan stakeholder perlu diperkuat.,19
REV001872,EMP00936,2024-H2,2024-12-15,EMP00942,4,Hj. memenuhi sebagian besar target yang ditetapkan. Perlu pengembangan lebih lanjut dalam hal komunikasi. Disarankan mengikuti pelatihan agile methodology untuk mendukung pertumbuhan karier.,23
REV001873,EMP00937,2024-H1,2024-06-15,EMP00942,3,"Karna telah bekerja dengan baik dalam tanggung jawab rutinnya. Area pengembangan utama: cross-functional collaboration. Dengan bimbingan yang tepat, Karna berpotensi mencapai level berikutnya.",23
REV001874,EMP00937,2024-H2,2024-12-15,EMP00942,3,Karna memenuhi sebagian besar target yang ditetapkan. Perlu pengembangan lebih lanjut dalam hal analisis data. Disarankan mengikuti pelatihan communication workshop untuk mendukung pertumbuhan karier.,24
REV001875,EMP00938,2024-H1,2024-06-15,EMP00942,3,"Dadi telah bekerja dengan baik dalam tanggung jawab rutinnya. Area pengembangan utama: cross-functional collaboration. Dengan bimbingan yang tepat, Dadi berpotensi mencapai level berikutnya.",23
REV001876,EMP00938,2024-H2,2024-12-15,EMP00942,4,"Dadi telah bekerja dengan baik dalam tanggung jawab rutinnya. Area pengembangan utama: technical depth. Dengan bimbingan yang tepat, Dadi berpotensi mencapai level berikutnya.",23
REV001877,EMP00939,2024-H1,2024-06-15,EMP00942,3,"T. telah bekerja dengan baik dalam tanggung jawab rutinnya. Area pengembangan utama: stakeholder communication. Dengan bimbingan yang tepat, T. berpotensi mencapai level berikutnya.",23
REV001878,EMP00939,2024-H2,2024-12-15,EMP00942,3,"T. telah bekerja dengan baik dalam tanggung jawab rutinnya. Area pengembangan utama: technical depth. Dengan bimbingan yang tepat, T. berpotensi mencapai level berikutnya.",23
REV001879,EMP00940,2024-H1,2024-06-15,,3,Secara keseluruhan Wulan menunjukkan performa yang adequate. Beberapa deliverable perlu peningkatan dari sisi kualitas. Komunikasi dengan stakeholder perlu diperkuat.,19
REV001880,EMP00940,2024-H2,2024-12-15,,3,Wulan memenuhi sebagian besar target yang ditetapkan. Perlu pengembangan lebih lanjut dalam hal leadership. Disarankan mengikuti pelatihan leadership fundamental untuk mendukung pertumbuhan karier.,23
REV001881,EMP00941,2024-H1,2024-06-15,EMP00942,4,Secara keseluruhan Hardi menunjukkan performa yang adequate. Beberapa deliverable perlu peningkatan dari sisi kualitas. Komunikasi dengan stakeholder perlu diperkuat.,19
REV001882,EMP00941,2024-H2,2024-12-15,EMP00942,3,"Dalam diskusi 1-on-1, Hardi menyampaikan rasa kurang puas dengan beban kerja saat ini. Perlu perhatian HRD untuk mencegah potensi turnover.",20
REV001883,EMP00942,2024-H1,2024-06-15,,3,"Padmi telah bekerja dengan baik dalam tanggung jawab rutinnya. Area pengembangan utama: cross-functional collaboration. Dengan bimbingan yang tepat, Padmi berpotensi mencapai level berikutnya.",23
REV001884,EMP00942,2024-H2,2024-12-15,,4,Padmi memenuhi sebagian besar target yang ditetapkan. Perlu pengembangan lebih lanjut dalam hal project management. Disarankan mengikuti pelatihan leadership fundamental untuk mendukung pertumbuhan karier.,24
REV001885,EMP00943,2024-H1,2024-06-15,EMP00942,3,Secara keseluruhan Genta menunjukkan performa yang adequate. Beberapa deliverable perlu peningkatan dari sisi kualitas. Komunikasi dengan stakeholder perlu diperkuat.,19
REV001886,EMP00943,2024-H2,2024-12-15,EMP00942,4,Genta memenuhi sebagian besar target yang ditetapkan. Perlu pengembangan lebih lanjut dalam hal leadership. Disarankan mengikuti pelatihan communication workshop untuk mendukung pertumbuhan karier.,23
REV001887,EMP00944,2024-H1,2024-06-15,EMP00942,5,Sidiq menunjukkan growth mindset yang kuat. Inisiatif dalam mengembangkan proses baru berhasil meningkatkan efisiensi tim sebesar 7%. Sangat direkomendasikan untuk program fast-track.,22
REV001888,EMP00944,2024-H2,2024-12-15,EMP00942,5,Sidiq secara konsisten melampaui target yang ditetapkan. Kemampuan teknis dan kepemimpinan tim sangat menonjol. Rekomendasikan untuk promosi ke level berikutnya dalam 6 bulan ke depan.,25
REV001889,EMP00945,2024-H1,2024-06-15,EMP00942,3,"Halim telah bekerja dengan baik dalam tanggung jawab rutinnya. Area pengembangan utama: cross-functional collaboration. Dengan bimbingan yang tepat, Halim berpotensi mencapai level berikutnya.",23
REV001890,EMP00945,2024-H2,2024-12-15,EMP00942,4,Halim beberapa kali mengekspresikan kekhawatiran terkait kompensasi dan jenjang karier. Disarankan untuk dilakukan retention conversation secepatnya.,16
REV001891,EMP00946,2024-H1,2024-06-15,EMP00942,3,"Puspa telah bekerja dengan baik dalam tanggung jawab rutinnya. Area pengembangan utama: cross-functional collaboration. Dengan bimbingan yang tepat, Puspa berpotensi mencapai level berikutnya.",23
REV001892,EMP00946,2024-H2,2024-12-15,EMP00942,3,"Puspa telah bekerja dengan baik dalam tanggung jawab rutinnya. Area pengembangan utama: technical depth. Dengan bimbingan yang tepat, Puspa berpotensi mencapai level berikutnya.",23
REV001893,EMP00947,2024-H1,2024-06-15,EMP00942,4,Makuta secara konsisten melampaui target yang ditetapkan. Kemampuan teknis dan kepemimpinan tim sangat menonjol. Rekomendasikan untuk promosi ke level berikutnya dalam 6 bulan ke depan.,25
REV001894,EMP00947,2024-H2,2024-12-15,EMP00942,4,Makuta menunjukkan growth mindset yang kuat. Inisiatif dalam mengembangkan proses baru berhasil meningkatkan efisiensi tim sebesar 5%. Sangat direkomendasikan untuk program fast-track.,22
REV001895,EMP00948,2024-H1,2024-06-15,EMP00942,3,"Ella telah bekerja dengan baik dalam tanggung jawab rutinnya. Area pengembangan utama: time management. Dengan bimbingan yang tepat, Ella berpotensi mencapai level berikutnya.",23
REV001896,EMP00948,2024-H2,2024-12-15,EMP00942,4,"Ella telah bekerja dengan baik dalam tanggung jawab rutinnya. Area pengembangan utama: stakeholder communication. Dengan bimbingan yang tepat, Ella berpotensi mencapai level berikutnya.",23
REV001897,EMP00949,2024-H1,2024-06-15,EMP00942,2,drg. tampak kurang engaged dalam beberapa bulan terakhir. Absensi dalam team meeting meningkat. Perlu investigasi lebih lanjut.,17
REV001898,EMP00949,2024-H2,2024-12-15,EMP00942,3,"Terdapat beberapa concern terkait performa drg., khususnya dalam hal proaktivitas. Perlu perhatian khusus dan rencana perbaikan yang konkret.",18
REV001899,EMP00950,2024-H1,2024-06-15,EMP00942,4,Puti beberapa kali mengekspresikan kekhawatiran terkait kompensasi dan jenjang karier. Disarankan untuk dilakukan retention conversation secepatnya.,16
REV001900,EMP00950,2024-H2,2024-12-15,EMP00942,3,Puti tampak kurang engaged dalam beberapa bulan terakhir. Absensi dalam team meeting meningkat. Perlu investigasi lebih lanjut.,17
REV001901,EMP00951,2024-H1,2024-06-15,EMP00942,2,"Dalam diskusi 1-on-1, Umay menyampaikan rasa kurang puas dengan beban kerja saat ini. Perlu perhatian HRD untuk mencegah potensi turnover.",20
REV001902,EMP00951,2024-H2,2024-12-15,EMP00942,3,"Terdapat beberapa concern terkait performa Umay, khususnya dalam hal proaktivitas. Perlu perhatian khusus dan rencana perbaikan yang konkret.",18
REV001903,EMP00952,2024-H1,2024-06-15,EMP00942,4,Secara keseluruhan Humaira menunjukkan performa yang adequate. Beberapa deliverable perlu peningkatan dari sisi kualitas. Komunikasi dengan stakeholder perlu diperkuat.,19
REV001904,EMP00952,2024-H2,2024-12-15,EMP00942,4,Secara keseluruhan Humaira menunjukkan performa yang adequate. Beberapa deliverable perlu peningkatan dari sisi kualitas. Komunikasi dengan stakeholder perlu diperkuat.,19
REV001905,EMP00953,2024-H1,2024-06-15,EMP00942,4,Secara keseluruhan Mahdi menunjukkan performa yang adequate. Beberapa deliverable perlu peningkatan dari sisi kualitas. Komunikasi dengan stakeholder perlu diperkuat.,19
REV001906,EMP00953,2024-H2,2024-12-15,EMP00942,3,Secara keseluruhan Mahdi menunjukkan performa yang adequate. Beberapa deliverable perlu peningkatan dari sisi kualitas. Komunikasi dengan stakeholder perlu diperkuat.,19
REV001907,EMP00954,2024-H1,2024-06-15,EMP00942,3,Drs. memenuhi sebagian besar target yang ditetapkan. Perlu pengembangan lebih lanjut dalam hal analisis data. Disarankan mengikuti pelatihan communication workshop untuk mendukung pertumbuhan karier.,24
REV001908,EMP00954,2024-H2,2024-12-15,EMP00942,3,"Drs. telah bekerja dengan baik dalam tanggung jawab rutinnya. Area pengembangan utama: technical depth. Dengan bimbingan yang tepat, Drs. berpotensi mencapai level berikutnya.",23
REV001909,EMP00955,2024-H1,2024-06-15,EMP00942,3,Secara keseluruhan Wisnu menunjukkan performa yang adequate. Beberapa deliverable perlu peningkatan dari sisi kualitas. Komunikasi dengan stakeholder perlu diperkuat.,19
REV001910,EMP00955,2024-H2,2024-12-15,EMP00942,3,Wisnu beberapa kali mengekspresikan kekhawatiran terkait kompensasi dan jenjang karier. Disarankan untuk dilakukan retention conversation secepatnya.,16
REV001911,EMP00956,2024-H1,2024-06-15,EMP00942,4,Yono memenuhi sebagian besar target yang ditetapkan. Perlu pengembangan lebih lanjut dalam hal project management. Disarankan mengikuti pelatihan data analytics bootcamp untuk mendukung pertumbuhan karier.,25
REV001912,EMP00956,2024-H2,2024-12-15,EMP00942,3,Yono memenuhi sebagian besar target yang ditetapkan. Perlu pengembangan lebih lanjut dalam hal presentasi. Disarankan mengikuti pelatihan data analytics bootcamp untuk mendukung pertumbuhan karier.,24
REV001913,EMP00957,2024-H1,2024-06-15,EMP00942,4,Secara keseluruhan R. menunjukkan performa yang adequate. Beberapa deliverable perlu peningkatan dari sisi kualitas. Komunikasi dengan stakeholder perlu diperkuat.,19
REV001914,EMP00957,2024-H2,2024-12-15,EMP00942,4,"R. telah bekerja dengan baik dalam tanggung jawab rutinnya. Area pengembangan utama: time management. Dengan bimbingan yang tepat, R. berpotensi mencapai level berikutnya.",23
REV001915,EMP00958,2024-H1,2024-06-15,EMP00942,4,"Eja telah bekerja dengan baik dalam tanggung jawab rutinnya. Area pengembangan utama: time management. Dengan bimbingan yang tepat, Eja berpotensi mencapai level berikutnya.",23
REV001916,EMP00958,2024-H2,2024-12-15,EMP00942,3,Secara keseluruhan Eja menunjukkan performa yang adequate. Beberapa deliverable perlu peningkatan dari sisi kualitas. Komunikasi dengan stakeholder perlu diperkuat.,19
REV001917,EMP00959,2024-H1,2024-06-15,EMP00942,5,R.A. menunjukkan growth mindset yang kuat. Inisiatif dalam mengembangkan proses baru berhasil meningkatkan efisiensi tim sebesar 11%. Sangat direkomendasikan untuk program fast-track.,22
REV001918,EMP00959,2024-H2,2024-12-15,EMP00942,5,R.A. menunjukkan growth mindset yang kuat. Inisiatif dalam mengembangkan proses baru berhasil meningkatkan efisiensi tim sebesar 28%. Sangat direkomendasikan untuk program fast-track.,22
REV001919,EMP00960,2024-H1,2024-06-15,EMP00942,3,Secara keseluruhan Usman menunjukkan performa yang adequate. Beberapa deliverable perlu peningkatan dari sisi kualitas. Komunikasi dengan stakeholder perlu diperkuat.,19
REV001920,EMP00960,2024-H2,2024-12-15,EMP00942,3,"Usman telah bekerja dengan baik dalam tanggung jawab rutinnya. Area pengembangan utama: technical depth. Dengan bimbingan yang tepat, Usman berpotensi mencapai level berikutnya.",23
REV001921,EMP00961,2024-H1,2024-06-15,EMP00942,5,Usyi menunjukkan growth mindset yang kuat. Inisiatif dalam mengembangkan proses baru berhasil meningkatkan efisiensi tim sebesar 5%. Sangat direkomendasikan untuk program fast-track.,22
REV001922,EMP00961,2024-H2,2024-12-15,EMP00942,4,Usyi menunjukkan growth mindset yang kuat. Inisiatif dalam mengembangkan proses baru berhasil meningkatkan efisiensi tim sebesar 22%. Sangat direkomendasikan untuk program fast-track.,22
REV001923,EMP00962,2024-H1,2024-06-15,,3,H. memenuhi sebagian besar target yang ditetapkan. Perlu pengembangan lebih lanjut dalam hal project management. Disarankan mengikuti pelatihan leadership fundamental untuk mendukung pertumbuhan karier.,24
REV001924,EMP00962,2024-H2,2024-12-15,,3,Secara keseluruhan H. menunjukkan performa yang adequate. Beberapa deliverable perlu peningkatan dari sisi kualitas. Komunikasi dengan stakeholder perlu diperkuat.,19
REV001925,EMP00963,2024-H1,2024-06-15,EMP00942,4,"Jelita telah bekerja dengan baik dalam tanggung jawab rutinnya. Area pengembangan utama: stakeholder communication. Dengan bimbingan yang tepat, Jelita berpotensi mencapai level berikutnya.",23
REV001926,EMP00963,2024-H2,2024-12-15,EMP00942,3,Secara keseluruhan Jelita menunjukkan performa yang adequate. Beberapa deliverable perlu peningkatan dari sisi kualitas. Komunikasi dengan stakeholder perlu diperkuat.,19
REV001927,EMP00964,2024-H1,2024-06-15,EMP00942,5,Gina secara konsisten melampaui target yang ditetapkan. Kemampuan teknis dan kepemimpinan tim sangat menonjol. Rekomendasikan untuk promosi ke level berikutnya dalam 6 bulan ke depan.,25
REV001928,EMP00964,2024-H2,2024-12-15,EMP00942,5,Gina secara konsisten melampaui target yang ditetapkan. Kemampuan teknis dan kepemimpinan tim sangat menonjol. Rekomendasikan untuk promosi ke level berikutnya dalam 6 bulan ke depan.,25
REV001929,EMP00965,2024-H1,2024-06-15,EMP00942,3,"Rahmi telah bekerja dengan baik dalam tanggung jawab rutinnya. Area pengembangan utama: time management. Dengan bimbingan yang tepat, Rahmi berpotensi mencapai level berikutnya.",23
REV001930,EMP00965,2024-H2,2024-12-15,EMP00942,3,"Rahmi telah bekerja dengan baik dalam tanggung jawab rutinnya. Area pengembangan utama: stakeholder communication. Dengan bimbingan yang tepat, Rahmi berpotensi mencapai level berikutnya.",23
REV001931,EMP00966,2024-H1,2024-06-15,EMP00942,4,drg. memenuhi sebagian besar target yang ditetapkan. Perlu pengembangan lebih lanjut dalam hal presentasi. Disarankan mengikuti pelatihan data analytics bootcamp untuk mendukung pertumbuhan karier.,24
REV001932,EMP00966,2024-H2,2024-12-15,EMP00942,4,"drg. telah bekerja dengan baik dalam tanggung jawab rutinnya. Area pengembangan utama: stakeholder communication. Dengan bimbingan yang tepat, drg. berpotensi mencapai level berikutnya.",23
REV001933,EMP00967,2024-H1,2024-06-15,EMP00942,2,Mahesa beberapa kali mengekspresikan kekhawatiran terkait kompensasi dan jenjang karier. Disarankan untuk dilakukan retention conversation secepatnya.,16
REV001934,EMP00967,2024-H2,2024-12-15,EMP00942,2,Mahesa belum mencapai target yang ditetapkan. Perlu improvement plan yang lebih terstruktur dalam 3 bulan ke depan. Disarankan untuk diskusi 1-on-1 lebih intensif.,23
REV001935,EMP00968,2024-H1,2024-06-15,EMP00942,3,drg. tampak kurang engaged dalam beberapa bulan terakhir. Absensi dalam team meeting meningkat. Perlu investigasi lebih lanjut.,17
REV001936,EMP00968,2024-H2,2024-12-15,EMP00942,4,drg. memenuhi sebagian besar target yang ditetapkan. Perlu pengembangan lebih lanjut dalam hal leadership. Disarankan mengikuti pelatihan data analytics bootcamp untuk mendukung pertumbuhan karier.,24
REV001937,EMP00969,2024-H1,2024-06-15,EMP00942,3,dr. belum mencapai target yang ditetapkan. Perlu improvement plan yang lebih terstruktur dalam 3 bulan ke depan. Disarankan untuk diskusi 1-on-1 lebih intensif.,23
REV001938,EMP00969,2024-H2,2024-12-15,EMP00942,3,dr. beberapa kali mengekspresikan kekhawatiran terkait kompensasi dan jenjang karier. Disarankan untuk dilakukan retention conversation secepatnya.,16
REV001939,EMP00970,2024-H1,2024-06-15,EMP00942,4,Lanang menunjukkan growth mindset yang kuat. Inisiatif dalam mengembangkan proses baru berhasil meningkatkan efisiensi tim sebesar 24%. Sangat direkomendasikan untuk program fast-track.,22
REV001940,EMP00970,2024-H2,2024-12-15,EMP00942,5,Lanang menunjukkan growth mindset yang kuat. Inisiatif dalam mengembangkan proses baru berhasil meningkatkan efisiensi tim sebesar 19%. Sangat direkomendasikan untuk program fast-track.,22
REV001941,EMP00971,2024-H1,2024-06-15,EMP00942,5,Prasetyo menunjukkan growth mindset yang kuat. Inisiatif dalam mengembangkan proses baru berhasil meningkatkan efisiensi tim sebesar 10%. Sangat direkomendasikan untuk program fast-track.,22
REV001942,EMP00971,2024-H2,2024-12-15,EMP00942,5,Prasetyo menunjukkan growth mindset yang kuat. Inisiatif dalam mengembangkan proses baru berhasil meningkatkan efisiensi tim sebesar 17%. Sangat direkomendasikan untuk program fast-track.,22
REV001943,EMP00972,2024-H1,2024-06-15,EMP00942,3,"Wirda telah bekerja dengan baik dalam tanggung jawab rutinnya. Area pengembangan utama: time management. Dengan bimbingan yang tepat, Wirda berpotensi mencapai level berikutnya.",23
REV001944,EMP00972,2024-H2,2024-12-15,EMP00942,3,Secara keseluruhan Wirda menunjukkan performa yang adequate. Beberapa deliverable perlu peningkatan dari sisi kualitas. Komunikasi dengan stakeholder perlu diperkuat.,19
REV001945,EMP00973,2024-H1,2024-06-15,EMP00942,3,Secara keseluruhan Belinda menunjukkan performa yang adequate. Beberapa deliverable perlu peningkatan dari sisi kualitas. Komunikasi dengan stakeholder perlu diperkuat.,19
REV001946,EMP00973,2024-H2,2024-12-15,EMP00942,3,Belinda memenuhi sebagian besar target yang ditetapkan. Perlu pengembangan lebih lanjut dalam hal analisis data. Disarankan mengikuti pelatihan agile methodology untuk mendukung pertumbuhan karier.,24
REV001947,EMP00974,2024-H1,2024-06-15,EMP00942,4,Secara keseluruhan Harjasa menunjukkan performa yang adequate. Beberapa deliverable perlu peningkatan dari sisi kualitas. Komunikasi dengan stakeholder perlu diperkuat.,19
REV001948,EMP00974,2024-H2,2024-12-15,EMP00942,4,Harjasa memenuhi sebagian besar target yang ditetapkan. Perlu pengembangan lebih lanjut dalam hal analisis data. Disarankan mengikuti pelatihan data analytics bootcamp untuk mendukung pertumbuhan karier.,25
REV001949,EMP00975,2024-H1,2024-06-15,EMP00942,4,Okta memenuhi sebagian besar target yang ditetapkan. Perlu pengembangan lebih lanjut dalam hal komunikasi. Disarankan mengikuti pelatihan communication workshop untuk mendukung pertumbuhan karier.,23
REV001950,EMP00975,2024-H2,2024-12-15,EMP00942,4,Secara keseluruhan Okta menunjukkan performa yang adequate. Beberapa deliverable perlu peningkatan dari sisi kualitas. Komunikasi dengan stakeholder perlu diperkuat.,19
REV001951,EMP00976,2024-H1,2024-06-15,EMP00942,5,Performa Karen luar biasa sepanjang kuartal ini. Berhasil menyelesaikan proyek restrukturisasi SOP lebih awal dari jadwal dengan kualitas melebihi ekspektasi. Kontribusi pada tim sangat signifikan.,25
REV001952,EMP00976,2024-H2,2024-12-15,EMP00942,5,Karen beberapa kali mengekspresikan kekhawatiran terkait kompensasi dan jenjang karier. Disarankan untuk dilakukan retention conversation secepatnya.,16
REV001953,EMP00977,2024-H1,2024-06-15,EMP00942,4,Adhiarja menunjukkan growth mindset yang kuat. Inisiatif dalam mengembangkan proses baru berhasil meningkatkan efisiensi tim sebesar 7%. Sangat direkomendasikan untuk program fast-track.,22
REV001954,EMP00977,2024-H2,2024-12-15,EMP00942,4,Adhiarja secara konsisten melampaui target yang ditetapkan. Kemampuan teknis dan kepemimpinan tim sangat menonjol. Rekomendasikan untuk promosi ke level berikutnya dalam 6 bulan ke depan.,25
REV001955,EMP00978,2024-H1,2024-06-15,EMP00942,4,Secara keseluruhan Karen menunjukkan performa yang adequate. Beberapa deliverable perlu peningkatan dari sisi kualitas. Komunikasi dengan stakeholder perlu diperkuat.,19
REV001956,EMP00978,2024-H2,2024-12-15,EMP00942,3,Karen memenuhi sebagian besar target yang ditetapkan. Perlu pengembangan lebih lanjut dalam hal project management. Disarankan mengikuti pelatihan leadership fundamental untuk mendukung pertumbuhan karier.,24
REV001957,EMP00979,2024-H1,2024-06-15,EMP00942,4,Secara keseluruhan Cahyadi menunjukkan performa yang adequate. Beberapa deliverable perlu peningkatan dari sisi kualitas. Komunikasi dengan stakeholder perlu diperkuat.,19
REV001958,EMP00979,2024-H2,2024-12-15,EMP00942,3,Secara keseluruhan Cahyadi menunjukkan performa yang adequate. Beberapa deliverable perlu peningkatan dari sisi kualitas. Komunikasi dengan stakeholder perlu diperkuat.,19
REV001959,EMP00980,2024-H1,2024-06-15,EMP00942,4,"Irfan telah bekerja dengan baik dalam tanggung jawab rutinnya. Area pengembangan utama: time management. Dengan bimbingan yang tepat, Irfan berpotensi mencapai level berikutnya.",23
REV001960,EMP00980,2024-H2,2024-12-15,EMP00942,3,"Irfan telah bekerja dengan baik dalam tanggung jawab rutinnya. Area pengembangan utama: technical depth. Dengan bimbingan yang tepat, Irfan berpotensi mencapai level berikutnya.",23
REV001961,EMP00981,2024-H1,2024-06-15,EMP00942,3,Secara keseluruhan Dr. menunjukkan performa yang adequate. Beberapa deliverable perlu peningkatan dari sisi kualitas. Komunikasi dengan stakeholder perlu diperkuat.,19
REV001962,EMP00981,2024-H2,2024-12-15,EMP00942,4,Secara keseluruhan Dr. menunjukkan performa yang adequate. Beberapa deliverable perlu peningkatan dari sisi kualitas. Komunikasi dengan stakeholder perlu diperkuat.,19
REV001963,EMP00982,2024-H1,2024-06-15,,4,Akarsana memenuhi sebagian besar target yang ditetapkan. Perlu pengembangan lebih lanjut dalam hal presentasi. Disarankan mengikuti pelatihan data analytics bootcamp untuk mendukung pertumbuhan karier.,24
REV001964,EMP00982,2024-H2,2024-12-15,,3,Secara keseluruhan Akarsana menunjukkan performa yang adequate. Beberapa deliverable perlu peningkatan dari sisi kualitas. Komunikasi dengan stakeholder perlu diperkuat.,19
REV001965,EMP00983,2024-H1,2024-06-15,,4,Puspa menunjukkan growth mindset yang kuat. Inisiatif dalam mengembangkan proses baru berhasil meningkatkan efisiensi tim sebesar 12%. Sangat direkomendasikan untuk program fast-track.,22
REV001966,EMP00983,2024-H2,2024-12-15,,5,Puspa menunjukkan growth mindset yang kuat. Inisiatif dalam mengembangkan proses baru berhasil meningkatkan efisiensi tim sebesar 17%. Sangat direkomendasikan untuk program fast-track.,22
REV001967,EMP00984,2024-H1,2024-06-15,EMP00942,3,"Ir. telah bekerja dengan baik dalam tanggung jawab rutinnya. Area pengembangan utama: time management. Dengan bimbingan yang tepat, Ir. berpotensi mencapai level berikutnya.",23
REV001968,EMP00984,2024-H2,2024-12-15,EMP00942,4,"Ir. telah bekerja dengan baik dalam tanggung jawab rutinnya. Area pengembangan utama: time management. Dengan bimbingan yang tepat, Ir. berpotensi mencapai level berikutnya.",23
REV001969,EMP00985,2024-H1,2024-06-15,EMP00942,3,drg. memenuhi sebagian besar target yang ditetapkan. Perlu pengembangan lebih lanjut dalam hal leadership. Disarankan mengikuti pelatihan communication workshop untuk mendukung pertumbuhan karier.,23
REV001970,EMP00985,2024-H2,2024-12-15,EMP00942,4,drg. memenuhi sebagian besar target yang ditetapkan. Perlu pengembangan lebih lanjut dalam hal project management. Disarankan mengikuti pelatihan agile methodology untuk mendukung pertumbuhan karier.,24
REV001971,EMP00986,2024-H1,2024-06-15,EMP00942,4,"Victoria telah bekerja dengan baik dalam tanggung jawab rutinnya. Area pengembangan utama: time management. Dengan bimbingan yang tepat, Victoria berpotensi mencapai level berikutnya.",23
REV001972,EMP00986,2024-H2,2024-12-15,EMP00942,3,Secara keseluruhan Victoria menunjukkan performa yang adequate. Beberapa deliverable perlu peningkatan dari sisi kualitas. Komunikasi dengan stakeholder perlu diperkuat.,19
REV001973,EMP00987,2024-H1,2024-06-15,EMP00942,3,"Putri telah bekerja dengan baik dalam tanggung jawab rutinnya. Area pengembangan utama: cross-functional collaboration. Dengan bimbingan yang tepat, Putri berpotensi mencapai level berikutnya.",23
REV001974,EMP00987,2024-H2,2024-12-15,EMP00942,3,"Putri telah bekerja dengan baik dalam tanggung jawab rutinnya. Area pengembangan utama: cross-functional collaboration. Dengan bimbingan yang tepat, Putri berpotensi mencapai level berikutnya.",23
REV001975,EMP00988,2024-H1,2024-06-15,EMP00942,3,"Dalam diskusi 1-on-1, R.M. menyampaikan rasa kurang puas dengan beban kerja saat ini. Perlu perhatian HRD untuk mencegah potensi turnover.",20
REV001976,EMP00988,2024-H2,2024-12-15,EMP00942,4,R.M. memenuhi sebagian besar target yang ditetapkan. Perlu pengembangan lebih lanjut dalam hal analisis data. Disarankan mengikuti pelatihan communication workshop untuk mendukung pertumbuhan karier.,24
REV001977,EMP00989,2024-H1,2024-06-15,EMP00942,4,Cahyono memenuhi sebagian besar target yang ditetapkan. Perlu pengembangan lebih lanjut dalam hal leadership. Disarankan mengikuti pelatihan communication workshop untuk mendukung pertumbuhan karier.,23
REV001978,EMP00989,2024-H2,2024-12-15,EMP00942,4,Secara keseluruhan Cahyono menunjukkan performa yang adequate. Beberapa deliverable perlu peningkatan dari sisi kualitas. Komunikasi dengan stakeholder perlu diperkuat.,19
REV001979,EMP00990,2024-H1,2024-06-15,EMP00942,4,"Hasna telah bekerja dengan baik dalam tanggung jawab rutinnya. Area pengembangan utama: technical depth. Dengan bimbingan yang tepat, Hasna berpotensi mencapai level berikutnya.",23
REV001980,EMP00990,2024-H2,2024-12-15,EMP00942,4,Hasna memenuhi sebagian besar target yang ditetapkan. Perlu pengembangan lebih lanjut dalam hal project management. Disarankan mengikuti pelatihan agile methodology untuk mendukung pertumbuhan karier.,24
REV001981,EMP00991,2024-H1,2024-06-15,,4,Secara keseluruhan Atma menunjukkan performa yang adequate. Beberapa deliverable perlu peningkatan dari sisi kualitas. Komunikasi dengan stakeholder perlu diperkuat.,19
REV001982,EMP00991,2024-H2,2024-12-15,,3,Atma memenuhi sebagian besar target yang ditetapkan. Perlu pengembangan lebih lanjut dalam hal project management. Disarankan mengikuti pelatihan leadership fundamental untuk mendukung pertumbuhan karier.,24
REV001983,EMP00992,2024-H1,2024-06-15,EMP00942,3,Ika memenuhi sebagian besar target yang ditetapkan. Perlu pengembangan lebih lanjut dalam hal project management. Disarankan mengikuti pelatihan leadership fundamental untuk mendukung pertumbuhan karier.,24
REV001984,EMP00992,2024-H2,2024-12-15,EMP00942,3,Secara keseluruhan Ika menunjukkan performa yang adequate. Beberapa deliverable perlu peningkatan dari sisi kualitas. Komunikasi dengan stakeholder perlu diperkuat.,19
REV001985,EMP00993,2024-H1,2024-06-15,EMP00942,5,"Dalam diskusi 1-on-1, Novi menyampaikan rasa kurang puas dengan beban kerja saat ini. Perlu perhatian HRD untuk mencegah potensi turnover.",20
REV001986,EMP00993,2024-H2,2024-12-15,EMP00942,5,Performa Novi luar biasa sepanjang kuartal ini. Berhasil menyelesaikan proyek peluncuran produk baru lebih awal dari jadwal dengan kualitas melebihi ekspektasi. Kontribusi pada tim sangat signifikan.,26
REV001987,EMP00994,2024-H1,2024-06-15,EMP00942,3,"Hafshah telah bekerja dengan baik dalam tanggung jawab rutinnya. Area pengembangan utama: stakeholder communication. Dengan bimbingan yang tepat, Hafshah berpotensi mencapai level berikutnya.",23
REV001988,EMP00994,2024-H2,2024-12-15,EMP00942,3,"Hafshah telah bekerja dengan baik dalam tanggung jawab rutinnya. Area pengembangan utama: technical depth. Dengan bimbingan yang tepat, Hafshah berpotensi mencapai level berikutnya.",23
REV001989,EMP00995,2024-H1,2024-06-15,EMP00942,3,Secara keseluruhan Sari menunjukkan performa yang adequate. Beberapa deliverable perlu peningkatan dari sisi kualitas. Komunikasi dengan stakeholder perlu diperkuat.,19
REV001990,EMP00995,2024-H2,2024-12-15,EMP00942,4,"Sari telah bekerja dengan baik dalam tanggung jawab rutinnya. Area pengembangan utama: stakeholder communication. Dengan bimbingan yang tepat, Sari berpotensi mencapai level berikutnya.",23
REV001991,EMP00996,2024-H1,2024-06-15,,4,R.A. memenuhi sebagian besar target yang ditetapkan. Perlu pengembangan lebih lanjut dalam hal analisis data. Disarankan mengikuti pelatihan agile methodology untuk mendukung pertumbuhan karier.,24
REV001992,EMP00996,2024-H2,2024-12-15,,3,Secara keseluruhan R.A. menunjukkan performa yang adequate. Beberapa deliverable perlu peningkatan dari sisi kualitas. Komunikasi dengan stakeholder perlu diperkuat.,19
REV001993,EMP00997,2024-H1,2024-06-15,EMP00942,3,Gadang beberapa kali mengekspresikan kekhawatiran terkait kompensasi dan jenjang karier. Disarankan untuk dilakukan retention conversation secepatnya.,16
REV001994,EMP00997,2024-H2,2024-12-15,EMP00942,4,Gadang memenuhi sebagian besar target yang ditetapkan. Perlu pengembangan lebih lanjut dalam hal project management. Disarankan mengikuti pelatihan data analytics bootcamp untuk mendukung pertumbuhan karier.,25
REV001995,EMP00998,2024-H1,2024-06-15,EMP00942,4,"Juli telah bekerja dengan baik dalam tanggung jawab rutinnya. Area pengembangan utama: time management. Dengan bimbingan yang tepat, Juli berpotensi mencapai level berikutnya.",23
REV001996,EMP00998,2024-H2,2024-12-15,EMP00942,4,"Juli telah bekerja dengan baik dalam tanggung jawab rutinnya. Area pengembangan utama: cross-functional collaboration. Dengan bimbingan yang tepat, Juli berpotensi mencapai level berikutnya.",23
REV001997,EMP00999,2024-H1,2024-06-15,EMP00942,3,"Wani telah bekerja dengan baik dalam tanggung jawab rutinnya. Area pengembangan utama: cross-functional collaboration. Dengan bimbingan yang tepat, Wani berpotensi mencapai level berikutnya.",23
REV001998,EMP00999,2024-H2,2024-12-15,EMP00942,4,Wani memenuhi sebagian besar target yang ditetapkan. Perlu pengembangan lebih lanjut dalam hal project management. Disarankan mengikuti pelatihan leadership fundamental untuk mendukung pertumbuhan karier.,24
REV001999,EMP01000,2024-H1,2024-06-15,EMP00942,4,Juli tampak kurang engaged dalam beberapa bulan terakhir. Absensi dalam team meeting meningkat. Perlu investigasi lebih lanjut.,17
REV002000,EMP01000,2024-H2,2024-12-15,EMP00942,4,Juli beberapa kali mengekspresikan kekhawatiran terkait kompensasi dan jenjang karier. Disarankan untuk dilakukan retention conversation secepatnya.,16
